<?xml version="1.0"?>
<gpx xmlns="http://www.topografix.com/GPX/1/1" xmlns:xsi="http://www.w3.org/2001/XMLSchema-instance" version="1.1" creator="AllTrails.com" xsi:schemaLocation="http://www.topografix.com/GPX/1/1 http://www.topografix.com/GPX/1/1/gpx.xsd">
  <metadata>
    <name><![CDATA[Milford Track]]></name>
    <desc><![CDATA[]]></desc>
    <link href="http://www.alltrails.com">
      <text>AllTrails, LLC</text>
    </link>
    <bounds minlat="-44.9319" minlon="167.75259" maxlat="-44.68363" maxlon="167.93088"/>
  </metadata>
  <wpt lat="-44.9321" lon="167.93017">
    <name><![CDATA[Glade Wharf]]></name>
    <desc><![CDATA[The trailhead access: take a bus or private transport to Te Anau Downs, then take a boat across Lake Te Anau to Glade Wharf. ]]></desc>
  </wpt>
  <wpt lat="-44.90578" lon="167.90827">
    <name><![CDATA[Clinton Hut]]></name>
    <desc><![CDATA[]]></desc>
  </wpt>
  <wpt lat="-44.68425" lon="167.90128">
    <name><![CDATA[Sandfly Point]]></name>
    <desc><![CDATA[The track ends at Sandfly Point: take a boat trip to Milford Sound. ]]></desc>
  </wpt>
  <wpt lat="-44.80972" lon="167.78187">
    <name><![CDATA[Mintaro Hut ]]></name>
    <desc><![CDATA[]]></desc>
  </wpt>
  <wpt lat="-44.76826" lon="167.76476">
    <name><![CDATA[Dumpling Hut]]></name>
    <desc><![CDATA[]]></desc>
  </wpt>
  <trk>
    <name><![CDATA[Milford Track]]></name>
    <src>AllTrails</src>
    <trkseg>
      <trkpt lat="-44.9319" lon="167.93023">
        <ele>216.69</ele>
      </trkpt>
      <trkpt lat="-44.93188" lon="167.93022">
        <ele>216.97</ele>
      </trkpt>
      <trkpt lat="-44.93186" lon="167.93019">
        <ele>217.14</ele>
      </trkpt>
      <trkpt lat="-44.93181" lon="167.93015">
        <ele>217.53</ele>
      </trkpt>
      <trkpt lat="-44.93176" lon="167.93011">
        <ele>217.72</ele>
      </trkpt>
      <trkpt lat="-44.93171" lon="167.93006">
        <ele>217.57</ele>
      </trkpt>
      <trkpt lat="-44.93166" lon="167.93002">
        <ele>217.4</ele>
      </trkpt>
      <trkpt lat="-44.93161" lon="167.92998">
        <ele>218.03</ele>
      </trkpt>
      <trkpt lat="-44.93157" lon="167.92992">
        <ele>218.63</ele>
      </trkpt>
      <trkpt lat="-44.93154" lon="167.92988">
        <ele>218.92</ele>
      </trkpt>
      <trkpt lat="-44.93152" lon="167.92987">
        <ele>219.12</ele>
      </trkpt>
      <trkpt lat="-44.93147" lon="167.92983">
        <ele>219.42</ele>
      </trkpt>
      <trkpt lat="-44.93143" lon="167.92977">
        <ele>219.27</ele>
      </trkpt>
      <trkpt lat="-44.93138" lon="167.92972">
        <ele>219.12</ele>
      </trkpt>
      <trkpt lat="-44.93133" lon="167.92968">
        <ele>219.6</ele>
      </trkpt>
      <trkpt lat="-44.93128" lon="167.92964">
        <ele>219.92</ele>
      </trkpt>
      <trkpt lat="-44.93124" lon="167.92958">
        <ele>219.81</ele>
      </trkpt>
      <trkpt lat="-44.93119" lon="167.92954">
        <ele>219.8</ele>
      </trkpt>
      <trkpt lat="-44.93113" lon="167.9295">
        <ele>219.69</ele>
      </trkpt>
      <trkpt lat="-44.93109" lon="167.92945">
        <ele>219.15</ele>
      </trkpt>
      <trkpt lat="-44.93104" lon="167.92939">
        <ele>218.77</ele>
      </trkpt>
      <trkpt lat="-44.93099" lon="167.92935">
        <ele>218.71</ele>
      </trkpt>
      <trkpt lat="-44.93095" lon="167.9293">
        <ele>218.62</ele>
      </trkpt>
      <trkpt lat="-44.9309" lon="167.92924">
        <ele>218.67</ele>
      </trkpt>
      <trkpt lat="-44.93086" lon="167.92918">
        <ele>218.77</ele>
      </trkpt>
      <trkpt lat="-44.93081" lon="167.92915">
        <ele>219.06</ele>
      </trkpt>
      <trkpt lat="-44.93076" lon="167.92909">
        <ele>219.12</ele>
      </trkpt>
      <trkpt lat="-44.93072" lon="167.92903">
        <ele>219.23</ele>
      </trkpt>
      <trkpt lat="-44.93067" lon="167.92899">
        <ele>219.65</ele>
      </trkpt>
      <trkpt lat="-44.93062" lon="167.92896">
        <ele>220.19</ele>
      </trkpt>
      <trkpt lat="-44.93057" lon="167.9289">
        <ele>220.8</ele>
      </trkpt>
      <trkpt lat="-44.93053" lon="167.92884">
        <ele>220.61</ele>
      </trkpt>
      <trkpt lat="-44.93048" lon="167.9288">
        <ele>220.57</ele>
      </trkpt>
      <trkpt lat="-44.93043" lon="167.92875">
        <ele>220.63</ele>
      </trkpt>
      <trkpt lat="-44.93039" lon="167.92869">
        <ele>220.73</ele>
      </trkpt>
      <trkpt lat="-44.93034" lon="167.92865">
        <ele>221.2</ele>
      </trkpt>
      <trkpt lat="-44.93028" lon="167.92861">
        <ele>221.95</ele>
      </trkpt>
      <trkpt lat="-44.93024" lon="167.92856">
        <ele>221.4</ele>
      </trkpt>
      <trkpt lat="-44.93019" lon="167.92852">
        <ele>221.2</ele>
      </trkpt>
      <trkpt lat="-44.93014" lon="167.92848">
        <ele>221.1</ele>
      </trkpt>
      <trkpt lat="-44.93009" lon="167.92842">
        <ele>220.84</ele>
      </trkpt>
      <trkpt lat="-44.93004" lon="167.92838">
        <ele>220.98</ele>
      </trkpt>
      <trkpt lat="-44.92999" lon="167.92835">
        <ele>221.19</ele>
      </trkpt>
      <trkpt lat="-44.92994" lon="167.92831">
        <ele>220.44</ele>
      </trkpt>
      <trkpt lat="-44.92989" lon="167.92829">
        <ele>219.88</ele>
      </trkpt>
      <trkpt lat="-44.92988" lon="167.92828">
        <ele>219.6</ele>
      </trkpt>
      <trkpt lat="-44.92983" lon="167.92826">
        <ele>218.93</ele>
      </trkpt>
      <trkpt lat="-44.92977" lon="167.92824">
        <ele>218.15</ele>
      </trkpt>
      <trkpt lat="-44.92972" lon="167.92822">
        <ele>217.32</ele>
      </trkpt>
      <trkpt lat="-44.92967" lon="167.92818">
        <ele>216.09</ele>
      </trkpt>
      <trkpt lat="-44.92962" lon="167.92814">
        <ele>215.17</ele>
      </trkpt>
      <trkpt lat="-44.92957" lon="167.92811">
        <ele>214.76</ele>
      </trkpt>
      <trkpt lat="-44.92952" lon="167.92807">
        <ele>214.42</ele>
      </trkpt>
      <trkpt lat="-44.92947" lon="167.92803">
        <ele>214.39</ele>
      </trkpt>
      <trkpt lat="-44.92941" lon="167.92801">
        <ele>214.98</ele>
      </trkpt>
      <trkpt lat="-44.92936" lon="167.92797">
        <ele>215.38</ele>
      </trkpt>
      <trkpt lat="-44.92929" lon="167.92798">
        <ele>216.84</ele>
      </trkpt>
      <trkpt lat="-44.92923" lon="167.92798">
        <ele>217.98</ele>
      </trkpt>
      <trkpt lat="-44.92917" lon="167.92797">
        <ele>219.01</ele>
      </trkpt>
      <trkpt lat="-44.92911" lon="167.92798">
        <ele>219.41</ele>
      </trkpt>
      <trkpt lat="-44.92905" lon="167.92795">
        <ele>219.5</ele>
      </trkpt>
      <trkpt lat="-44.929" lon="167.92793">
        <ele>219.73</ele>
      </trkpt>
      <trkpt lat="-44.92895" lon="167.92789">
        <ele>220.07</ele>
      </trkpt>
      <trkpt lat="-44.92889" lon="167.92787">
        <ele>220.66</ele>
      </trkpt>
      <trkpt lat="-44.92884" lon="167.92783">
        <ele>220.03</ele>
      </trkpt>
      <trkpt lat="-44.92877" lon="167.92784">
        <ele>218.92</ele>
      </trkpt>
      <trkpt lat="-44.92871" lon="167.92784">
        <ele>217.99</ele>
      </trkpt>
      <trkpt lat="-44.92865" lon="167.92783">
        <ele>217.0</ele>
      </trkpt>
      <trkpt lat="-44.92859" lon="167.92784">
        <ele>216.6</ele>
      </trkpt>
      <trkpt lat="-44.92853" lon="167.92781">
        <ele>216.82</ele>
      </trkpt>
      <trkpt lat="-44.92848" lon="167.92779">
        <ele>217.03</ele>
      </trkpt>
      <trkpt lat="-44.92843" lon="167.92775">
        <ele>217.44</ele>
      </trkpt>
      <trkpt lat="-44.92837" lon="167.92773">
        <ele>217.83</ele>
      </trkpt>
      <trkpt lat="-44.92832" lon="167.92769">
        <ele>218.13</ele>
      </trkpt>
      <trkpt lat="-44.92826" lon="167.9277">
        <ele>218.72</ele>
      </trkpt>
      <trkpt lat="-44.92819" lon="167.9277">
        <ele>219.4</ele>
      </trkpt>
      <trkpt lat="-44.92813" lon="167.92771">
        <ele>220.02</ele>
      </trkpt>
      <trkpt lat="-44.92807" lon="167.92771">
        <ele>220.61</ele>
      </trkpt>
      <trkpt lat="-44.92801" lon="167.92771">
        <ele>220.92</ele>
      </trkpt>
      <trkpt lat="-44.92794" lon="167.9277">
        <ele>221.19</ele>
      </trkpt>
      <trkpt lat="-44.92788" lon="167.9277">
        <ele>221.43</ele>
      </trkpt>
      <trkpt lat="-44.92782" lon="167.92769">
        <ele>221.76</ele>
      </trkpt>
      <trkpt lat="-44.92775" lon="167.92771">
        <ele>221.98</ele>
      </trkpt>
      <trkpt lat="-44.92769" lon="167.92772">
        <ele>222.44</ele>
      </trkpt>
      <trkpt lat="-44.92762" lon="167.92773">
        <ele>223.02</ele>
      </trkpt>
      <trkpt lat="-44.92756" lon="167.92775">
        <ele>223.5</ele>
      </trkpt>
      <trkpt lat="-44.92756" lon="167.92775">
        <ele>223.5</ele>
      </trkpt>
      <trkpt lat="-44.92749" lon="167.92774">
        <ele>224.31</ele>
      </trkpt>
      <trkpt lat="-44.92743" lon="167.92774">
        <ele>225.33</ele>
      </trkpt>
      <trkpt lat="-44.92737" lon="167.92774">
        <ele>226.35</ele>
      </trkpt>
      <trkpt lat="-44.92731" lon="167.92773">
        <ele>227.36</ele>
      </trkpt>
      <trkpt lat="-44.92725" lon="167.92773">
        <ele>228.36</ele>
      </trkpt>
      <trkpt lat="-44.92718" lon="167.92774">
        <ele>229.32</ele>
      </trkpt>
      <trkpt lat="-44.92712" lon="167.92776">
        <ele>230.04</ele>
      </trkpt>
      <trkpt lat="-44.92705" lon="167.92777">
        <ele>230.83</ele>
      </trkpt>
      <trkpt lat="-44.92698" lon="167.92778">
        <ele>231.64</ele>
      </trkpt>
      <trkpt lat="-44.92692" lon="167.92778">
        <ele>232.11</ele>
      </trkpt>
      <trkpt lat="-44.92686" lon="167.92778">
        <ele>232.33</ele>
      </trkpt>
      <trkpt lat="-44.9268" lon="167.92777">
        <ele>232.45</ele>
      </trkpt>
      <trkpt lat="-44.92674" lon="167.92777">
        <ele>232.65</ele>
      </trkpt>
      <trkpt lat="-44.92668" lon="167.92777">
        <ele>232.84</ele>
      </trkpt>
      <trkpt lat="-44.92662" lon="167.92776">
        <ele>232.58</ele>
      </trkpt>
      <trkpt lat="-44.92655" lon="167.92776">
        <ele>232.32</ele>
      </trkpt>
      <trkpt lat="-44.92649" lon="167.92775">
        <ele>231.96</ele>
      </trkpt>
      <trkpt lat="-44.92643" lon="167.92775">
        <ele>231.75</ele>
      </trkpt>
      <trkpt lat="-44.92637" lon="167.92775">
        <ele>231.54</ele>
      </trkpt>
      <trkpt lat="-44.9263" lon="167.92776">
        <ele>231.44</ele>
      </trkpt>
      <trkpt lat="-44.92624" lon="167.92776">
        <ele>231.24</ele>
      </trkpt>
      <trkpt lat="-44.92619" lon="167.92775">
        <ele>230.96</ele>
      </trkpt>
      <trkpt lat="-44.92618" lon="167.92775">
        <ele>230.92</ele>
      </trkpt>
      <trkpt lat="-44.92612" lon="167.92775">
        <ele>230.73</ele>
      </trkpt>
      <trkpt lat="-44.92606" lon="167.92774">
        <ele>230.62</ele>
      </trkpt>
      <trkpt lat="-44.926" lon="167.92774">
        <ele>230.65</ele>
      </trkpt>
      <trkpt lat="-44.92593" lon="167.92775">
        <ele>230.77</ele>
      </trkpt>
      <trkpt lat="-44.92586" lon="167.92777">
        <ele>230.94</ele>
      </trkpt>
      <trkpt lat="-44.9258" lon="167.92776">
        <ele>230.74</ele>
      </trkpt>
      <trkpt lat="-44.92574" lon="167.92776">
        <ele>230.51</ele>
      </trkpt>
      <trkpt lat="-44.92568" lon="167.92776">
        <ele>230.28</ele>
      </trkpt>
      <trkpt lat="-44.92562" lon="167.92775">
        <ele>229.96</ele>
      </trkpt>
      <trkpt lat="-44.92556" lon="167.92775">
        <ele>229.72</ele>
      </trkpt>
      <trkpt lat="-44.92549" lon="167.92776">
        <ele>229.85</ele>
      </trkpt>
      <trkpt lat="-44.92543" lon="167.92778">
        <ele>230.05</ele>
      </trkpt>
      <trkpt lat="-44.92536" lon="167.92779">
        <ele>230.26</ele>
      </trkpt>
      <trkpt lat="-44.9253" lon="167.92779">
        <ele>230.26</ele>
      </trkpt>
      <trkpt lat="-44.92524" lon="167.92778">
        <ele>230.72</ele>
      </trkpt>
      <trkpt lat="-44.92518" lon="167.92778">
        <ele>231.79</ele>
      </trkpt>
      <trkpt lat="-44.92511" lon="167.92777">
        <ele>232.97</ele>
      </trkpt>
      <trkpt lat="-44.92511" lon="167.92777">
        <ele>232.97</ele>
      </trkpt>
      <trkpt lat="-44.92505" lon="167.92777">
        <ele>234.03</ele>
      </trkpt>
      <trkpt lat="-44.92499" lon="167.92778">
        <ele>234.97</ele>
      </trkpt>
      <trkpt lat="-44.92492" lon="167.9278">
        <ele>234.79</ele>
      </trkpt>
      <trkpt lat="-44.92485" lon="167.92781">
        <ele>234.58</ele>
      </trkpt>
      <trkpt lat="-44.92479" lon="167.92781">
        <ele>234.36</ele>
      </trkpt>
      <trkpt lat="-44.92473" lon="167.9278">
        <ele>234.11</ele>
      </trkpt>
      <trkpt lat="-44.92467" lon="167.9278">
        <ele>233.88</ele>
      </trkpt>
      <trkpt lat="-44.92461" lon="167.92778">
        <ele>233.6</ele>
      </trkpt>
      <trkpt lat="-44.92456" lon="167.92776">
        <ele>233.12</ele>
      </trkpt>
      <trkpt lat="-44.9245" lon="167.92774">
        <ele>232.55</ele>
      </trkpt>
      <trkpt lat="-44.92445" lon="167.92772">
        <ele>231.98</ele>
      </trkpt>
      <trkpt lat="-44.9244" lon="167.92768">
        <ele>231.46</ele>
      </trkpt>
      <trkpt lat="-44.92434" lon="167.92764">
        <ele>231.08</ele>
      </trkpt>
      <trkpt lat="-44.92429" lon="167.9276">
        <ele>230.71</ele>
      </trkpt>
      <trkpt lat="-44.92424" lon="167.92756">
        <ele>230.39</ele>
      </trkpt>
      <trkpt lat="-44.92419" lon="167.92752">
        <ele>230.13</ele>
      </trkpt>
      <trkpt lat="-44.92414" lon="167.92748">
        <ele>229.96</ele>
      </trkpt>
      <trkpt lat="-44.92409" lon="167.92744">
        <ele>229.9</ele>
      </trkpt>
      <trkpt lat="-44.92404" lon="167.92741">
        <ele>229.96</ele>
      </trkpt>
      <trkpt lat="-44.92399" lon="167.92738">
        <ele>230.05</ele>
      </trkpt>
      <trkpt lat="-44.92394" lon="167.92735">
        <ele>230.18</ele>
      </trkpt>
      <trkpt lat="-44.92388" lon="167.92732">
        <ele>230.1</ele>
      </trkpt>
      <trkpt lat="-44.92382" lon="167.92732">
        <ele>228.38</ele>
      </trkpt>
      <trkpt lat="-44.92376" lon="167.92732">
        <ele>226.67</ele>
      </trkpt>
      <trkpt lat="-44.9237" lon="167.92731">
        <ele>224.84</ele>
      </trkpt>
      <trkpt lat="-44.92363" lon="167.92733">
        <ele>223.08</ele>
      </trkpt>
      <trkpt lat="-44.92356" lon="167.92734">
        <ele>221.8</ele>
      </trkpt>
      <trkpt lat="-44.92353" lon="167.92734">
        <ele>221.28</ele>
      </trkpt>
      <trkpt lat="-44.9235" lon="167.92734">
        <ele>220.76</ele>
      </trkpt>
      <trkpt lat="-44.92344" lon="167.92733">
        <ele>219.61</ele>
      </trkpt>
      <trkpt lat="-44.92338" lon="167.92733">
        <ele>218.58</ele>
      </trkpt>
      <trkpt lat="-44.92332" lon="167.92732">
        <ele>217.67</ele>
      </trkpt>
      <trkpt lat="-44.92326" lon="167.92732">
        <ele>217.53</ele>
      </trkpt>
      <trkpt lat="-44.92319" lon="167.92733">
        <ele>217.46</ele>
      </trkpt>
      <trkpt lat="-44.92312" lon="167.92735">
        <ele>217.51</ele>
      </trkpt>
      <trkpt lat="-44.92306" lon="167.92736">
        <ele>217.5</ele>
      </trkpt>
      <trkpt lat="-44.923" lon="167.92736">
        <ele>217.39</ele>
      </trkpt>
      <trkpt lat="-44.92293" lon="167.92735">
        <ele>217.14</ele>
      </trkpt>
      <trkpt lat="-44.92287" lon="167.92735">
        <ele>217.02</ele>
      </trkpt>
      <trkpt lat="-44.92281" lon="167.92735">
        <ele>216.9</ele>
      </trkpt>
      <trkpt lat="-44.92275" lon="167.92734">
        <ele>216.25</ele>
      </trkpt>
      <trkpt lat="-44.92268" lon="167.92736">
        <ele>215.4</ele>
      </trkpt>
      <trkpt lat="-44.92262" lon="167.92737">
        <ele>214.55</ele>
      </trkpt>
      <trkpt lat="-44.92256" lon="167.9274">
        <ele>213.92</ele>
      </trkpt>
      <trkpt lat="-44.92249" lon="167.92742">
        <ele>212.9</ele>
      </trkpt>
      <trkpt lat="-44.92245" lon="167.92747">
        <ele>212.45</ele>
      </trkpt>
      <trkpt lat="-44.92241" lon="167.92753">
        <ele>212.02</ele>
      </trkpt>
      <trkpt lat="-44.92236" lon="167.92759">
        <ele>211.28</ele>
      </trkpt>
      <trkpt lat="-44.92232" lon="167.92764">
        <ele>210.65</ele>
      </trkpt>
      <trkpt lat="-44.92228" lon="167.9277">
        <ele>210.05</ele>
      </trkpt>
      <trkpt lat="-44.92224" lon="167.92776">
        <ele>209.38</ele>
      </trkpt>
      <trkpt lat="-44.92219" lon="167.92782">
        <ele>209.07</ele>
      </trkpt>
      <trkpt lat="-44.92215" lon="167.92788">
        <ele>209.13</ele>
      </trkpt>
      <trkpt lat="-44.92212" lon="167.92791">
        <ele>208.97</ele>
      </trkpt>
      <trkpt lat="-44.92211" lon="167.92793">
        <ele>208.99</ele>
      </trkpt>
      <trkpt lat="-44.92207" lon="167.92799">
        <ele>208.81</ele>
      </trkpt>
      <trkpt lat="-44.92202" lon="167.92805">
        <ele>208.33</ele>
      </trkpt>
      <trkpt lat="-44.92197" lon="167.92809">
        <ele>207.72</ele>
      </trkpt>
      <trkpt lat="-44.92193" lon="167.92815">
        <ele>207.8</ele>
      </trkpt>
      <trkpt lat="-44.92188" lon="167.92819">
        <ele>208.44</ele>
      </trkpt>
      <trkpt lat="-44.92184" lon="167.92825">
        <ele>209.0</ele>
      </trkpt>
      <trkpt lat="-44.92179" lon="167.9283">
        <ele>209.45</ele>
      </trkpt>
      <trkpt lat="-44.92174" lon="167.92835">
        <ele>209.78</ele>
      </trkpt>
      <trkpt lat="-44.9217" lon="167.92841">
        <ele>209.98</ele>
      </trkpt>
      <trkpt lat="-44.92166" lon="167.92847">
        <ele>210.0</ele>
      </trkpt>
      <trkpt lat="-44.92161" lon="167.92851">
        <ele>210.06</ele>
      </trkpt>
      <trkpt lat="-44.92156" lon="167.92857">
        <ele>210.27</ele>
      </trkpt>
      <trkpt lat="-44.92151" lon="167.92861">
        <ele>210.56</ele>
      </trkpt>
      <trkpt lat="-44.92146" lon="167.92866">
        <ele>210.97</ele>
      </trkpt>
      <trkpt lat="-44.92141" lon="167.9287">
        <ele>211.27</ele>
      </trkpt>
      <trkpt lat="-44.92137" lon="167.92876">
        <ele>211.33</ele>
      </trkpt>
      <trkpt lat="-44.92132" lon="167.9288">
        <ele>210.94</ele>
      </trkpt>
      <trkpt lat="-44.92128" lon="167.92886">
        <ele>210.72</ele>
      </trkpt>
      <trkpt lat="-44.92123" lon="167.9289">
        <ele>210.35</ele>
      </trkpt>
      <trkpt lat="-44.92118" lon="167.92896">
        <ele>210.19</ele>
      </trkpt>
      <trkpt lat="-44.92113" lon="167.929">
        <ele>209.98</ele>
      </trkpt>
      <trkpt lat="-44.92109" lon="167.92906">
        <ele>210.02</ele>
      </trkpt>
      <trkpt lat="-44.92104" lon="167.9291">
        <ele>209.89</ele>
      </trkpt>
      <trkpt lat="-44.92101" lon="167.92914">
        <ele>210.01</ele>
      </trkpt>
      <trkpt lat="-44.921" lon="167.92916">
        <ele>210.13</ele>
      </trkpt>
      <trkpt lat="-44.92094" lon="167.92921">
        <ele>210.33</ele>
      </trkpt>
      <trkpt lat="-44.9209" lon="167.92926">
        <ele>210.74</ele>
      </trkpt>
      <trkpt lat="-44.92086" lon="167.92932">
        <ele>211.35</ele>
      </trkpt>
      <trkpt lat="-44.92082" lon="167.92938">
        <ele>212.01</ele>
      </trkpt>
      <trkpt lat="-44.92077" lon="167.92944">
        <ele>212.49</ele>
      </trkpt>
      <trkpt lat="-44.92073" lon="167.9295">
        <ele>212.93</ele>
      </trkpt>
      <trkpt lat="-44.92069" lon="167.92955">
        <ele>213.3</ele>
      </trkpt>
      <trkpt lat="-44.92064" lon="167.9296">
        <ele>213.68</ele>
      </trkpt>
      <trkpt lat="-44.9206" lon="167.92965">
        <ele>214.16</ele>
      </trkpt>
      <trkpt lat="-44.92054" lon="167.9297">
        <ele>214.75</ele>
      </trkpt>
      <trkpt lat="-44.9205" lon="167.92976">
        <ele>215.23</ele>
      </trkpt>
      <trkpt lat="-44.92045" lon="167.9298">
        <ele>215.23</ele>
      </trkpt>
      <trkpt lat="-44.92041" lon="167.92986">
        <ele>214.98</ele>
      </trkpt>
      <trkpt lat="-44.92036" lon="167.9299">
        <ele>214.54</ele>
      </trkpt>
      <trkpt lat="-44.92032" lon="167.92996">
        <ele>213.8</ele>
      </trkpt>
      <trkpt lat="-44.92027" lon="167.93002">
        <ele>213.25</ele>
      </trkpt>
      <trkpt lat="-44.92023" lon="167.93007">
        <ele>213.53</ele>
      </trkpt>
      <trkpt lat="-44.92023" lon="167.93007">
        <ele>213.53</ele>
      </trkpt>
      <trkpt lat="-44.92019" lon="167.93013">
        <ele>213.52</ele>
      </trkpt>
      <trkpt lat="-44.92014" lon="167.93019">
        <ele>212.87</ele>
      </trkpt>
      <trkpt lat="-44.9201" lon="167.93025">
        <ele>211.93</ele>
      </trkpt>
      <trkpt lat="-44.92005" lon="167.93029">
        <ele>210.42</ele>
      </trkpt>
      <trkpt lat="-44.92001" lon="167.93035">
        <ele>209.06</ele>
      </trkpt>
      <trkpt lat="-44.91996" lon="167.93039">
        <ele>208.65</ele>
      </trkpt>
      <trkpt lat="-44.91991" lon="167.93045">
        <ele>208.58</ele>
      </trkpt>
      <trkpt lat="-44.91986" lon="167.93049">
        <ele>208.62</ele>
      </trkpt>
      <trkpt lat="-44.91982" lon="167.93055">
        <ele>208.66</ele>
      </trkpt>
      <trkpt lat="-44.91977" lon="167.93059">
        <ele>209.24</ele>
      </trkpt>
      <trkpt lat="-44.91973" lon="167.93065">
        <ele>210.01</ele>
      </trkpt>
      <trkpt lat="-44.91968" lon="167.9307">
        <ele>211.01</ele>
      </trkpt>
      <trkpt lat="-44.91963" lon="167.93075">
        <ele>211.96</ele>
      </trkpt>
      <trkpt lat="-44.91958" lon="167.9308">
        <ele>212.79</ele>
      </trkpt>
      <trkpt lat="-44.91954" lon="167.93085">
        <ele>213.49</ele>
      </trkpt>
      <trkpt lat="-44.91948" lon="167.93088">
        <ele>214.25</ele>
      </trkpt>
      <trkpt lat="-44.91942" lon="167.93088">
        <ele>215.28</ele>
      </trkpt>
      <trkpt lat="-44.91938" lon="167.93082">
        <ele>216.06</ele>
      </trkpt>
      <trkpt lat="-44.91934" lon="167.93075">
        <ele>217.31</ele>
      </trkpt>
      <trkpt lat="-44.91931" lon="167.93067">
        <ele>218.34</ele>
      </trkpt>
      <trkpt lat="-44.91931" lon="167.93059">
        <ele>218.33</ele>
      </trkpt>
      <trkpt lat="-44.9193" lon="167.93051">
        <ele>219.2</ele>
      </trkpt>
      <trkpt lat="-44.9193" lon="167.93043">
        <ele>220.04</ele>
      </trkpt>
      <trkpt lat="-44.9193" lon="167.93035">
        <ele>220.88</ele>
      </trkpt>
      <trkpt lat="-44.9193" lon="167.93027">
        <ele>221.58</ele>
      </trkpt>
      <trkpt lat="-44.9193" lon="167.93018">
        <ele>220.89</ele>
      </trkpt>
      <trkpt lat="-44.9193" lon="167.93015">
        <ele>220.66</ele>
      </trkpt>
      <trkpt lat="-44.91931" lon="167.9301">
        <ele>220.17</ele>
      </trkpt>
      <trkpt lat="-44.91931" lon="167.93002">
        <ele>219.62</ele>
      </trkpt>
      <trkpt lat="-44.91931" lon="167.92993">
        <ele>219.11</ele>
      </trkpt>
      <trkpt lat="-44.91931" lon="167.92985">
        <ele>218.68</ele>
      </trkpt>
      <trkpt lat="-44.91931" lon="167.92977">
        <ele>218.26</ele>
      </trkpt>
      <trkpt lat="-44.91929" lon="167.92969">
        <ele>217.9</ele>
      </trkpt>
      <trkpt lat="-44.91924" lon="167.92964">
        <ele>217.84</ele>
      </trkpt>
      <trkpt lat="-44.91918" lon="167.92962">
        <ele>217.96</ele>
      </trkpt>
      <trkpt lat="-44.91913" lon="167.92958">
        <ele>217.93</ele>
      </trkpt>
      <trkpt lat="-44.91908" lon="167.92955">
        <ele>217.81</ele>
      </trkpt>
      <trkpt lat="-44.91904" lon="167.92948">
        <ele>217.6</ele>
      </trkpt>
      <trkpt lat="-44.91899" lon="167.92944">
        <ele>217.35</ele>
      </trkpt>
      <trkpt lat="-44.91894" lon="167.92939">
        <ele>217.11</ele>
      </trkpt>
      <trkpt lat="-44.9189" lon="167.92933">
        <ele>217.01</ele>
      </trkpt>
      <trkpt lat="-44.91885" lon="167.92928">
        <ele>217.53</ele>
      </trkpt>
      <trkpt lat="-44.91881" lon="167.92922">
        <ele>217.96</ele>
      </trkpt>
      <trkpt lat="-44.91877" lon="167.92915">
        <ele>218.26</ele>
      </trkpt>
      <trkpt lat="-44.91873" lon="167.92907">
        <ele>218.52</ele>
      </trkpt>
      <trkpt lat="-44.91869" lon="167.929">
        <ele>218.72</ele>
      </trkpt>
      <trkpt lat="-44.91865" lon="167.92892">
        <ele>218.82</ele>
      </trkpt>
      <trkpt lat="-44.91861" lon="167.92885">
        <ele>218.87</ele>
      </trkpt>
      <trkpt lat="-44.91857" lon="167.92878">
        <ele>218.73</ele>
      </trkpt>
      <trkpt lat="-44.91857" lon="167.92878">
        <ele>218.73</ele>
      </trkpt>
      <trkpt lat="-44.91853" lon="167.9287">
        <ele>218.31</ele>
      </trkpt>
      <trkpt lat="-44.91849" lon="167.92863">
        <ele>217.72</ele>
      </trkpt>
      <trkpt lat="-44.91846" lon="167.92855">
        <ele>217.34</ele>
      </trkpt>
      <trkpt lat="-44.91844" lon="167.92848">
        <ele>217.09</ele>
      </trkpt>
      <trkpt lat="-44.91841" lon="167.9284">
        <ele>216.73</ele>
      </trkpt>
      <trkpt lat="-44.91838" lon="167.92832">
        <ele>216.33</ele>
      </trkpt>
      <trkpt lat="-44.91836" lon="167.92825">
        <ele>216.16</ele>
      </trkpt>
      <trkpt lat="-44.91833" lon="167.92817">
        <ele>216.04</ele>
      </trkpt>
      <trkpt lat="-44.9183" lon="167.92809">
        <ele>216.28</ele>
      </trkpt>
      <trkpt lat="-44.91828" lon="167.92802">
        <ele>216.46</ele>
      </trkpt>
      <trkpt lat="-44.91826" lon="167.92794">
        <ele>216.72</ele>
      </trkpt>
      <trkpt lat="-44.91825" lon="167.92786">
        <ele>216.88</ele>
      </trkpt>
      <trkpt lat="-44.91822" lon="167.92778">
        <ele>217.0</ele>
      </trkpt>
      <trkpt lat="-44.9182" lon="167.9277">
        <ele>216.87</ele>
      </trkpt>
      <trkpt lat="-44.91817" lon="167.92763">
        <ele>216.69</ele>
      </trkpt>
      <trkpt lat="-44.91813" lon="167.92755">
        <ele>216.4</ele>
      </trkpt>
      <trkpt lat="-44.91809" lon="167.92748">
        <ele>216.19</ele>
      </trkpt>
      <trkpt lat="-44.91805" lon="167.92741">
        <ele>216.39</ele>
      </trkpt>
      <trkpt lat="-44.91801" lon="167.92733">
        <ele>217.07</ele>
      </trkpt>
      <trkpt lat="-44.91797" lon="167.92726">
        <ele>217.56</ele>
      </trkpt>
      <trkpt lat="-44.91793" lon="167.92719">
        <ele>217.8</ele>
      </trkpt>
      <trkpt lat="-44.91789" lon="167.92711">
        <ele>217.71</ele>
      </trkpt>
      <trkpt lat="-44.91785" lon="167.92704">
        <ele>217.51</ele>
      </trkpt>
      <trkpt lat="-44.91781" lon="167.92696">
        <ele>217.1</ele>
      </trkpt>
      <trkpt lat="-44.91779" lon="167.92692">
        <ele>216.92</ele>
      </trkpt>
      <trkpt lat="-44.91777" lon="167.92689">
        <ele>216.91</ele>
      </trkpt>
      <trkpt lat="-44.91775" lon="167.92681">
        <ele>216.87</ele>
      </trkpt>
      <trkpt lat="-44.91772" lon="167.92674">
        <ele>216.94</ele>
      </trkpt>
      <trkpt lat="-44.91769" lon="167.92666">
        <ele>216.91</ele>
      </trkpt>
      <trkpt lat="-44.91767" lon="167.92658">
        <ele>216.61</ele>
      </trkpt>
      <trkpt lat="-44.91764" lon="167.92651">
        <ele>216.36</ele>
      </trkpt>
      <trkpt lat="-44.9176" lon="167.92643">
        <ele>215.98</ele>
      </trkpt>
      <trkpt lat="-44.91756" lon="167.92636">
        <ele>215.78</ele>
      </trkpt>
      <trkpt lat="-44.91752" lon="167.92629">
        <ele>215.93</ele>
      </trkpt>
      <trkpt lat="-44.91748" lon="167.92621">
        <ele>216.2</ele>
      </trkpt>
      <trkpt lat="-44.91744" lon="167.92614">
        <ele>216.48</ele>
      </trkpt>
      <trkpt lat="-44.9174" lon="167.92607">
        <ele>216.76</ele>
      </trkpt>
      <trkpt lat="-44.91738" lon="167.92599">
        <ele>216.92</ele>
      </trkpt>
      <trkpt lat="-44.91735" lon="167.92591">
        <ele>217.02</ele>
      </trkpt>
      <trkpt lat="-44.91733" lon="167.92583">
        <ele>217.0</ele>
      </trkpt>
      <trkpt lat="-44.9173" lon="167.92578">
        <ele>217.0</ele>
      </trkpt>
      <trkpt lat="-44.91725" lon="167.92574">
        <ele>217.0</ele>
      </trkpt>
      <trkpt lat="-44.91721" lon="167.92568">
        <ele>217.13</ele>
      </trkpt>
      <trkpt lat="-44.91716" lon="167.92562">
        <ele>217.55</ele>
      </trkpt>
      <trkpt lat="-44.91712" lon="167.92555">
        <ele>217.71</ele>
      </trkpt>
      <trkpt lat="-44.91708" lon="167.92548">
        <ele>217.61</ele>
      </trkpt>
      <trkpt lat="-44.91704" lon="167.9254">
        <ele>217.38</ele>
      </trkpt>
      <trkpt lat="-44.917" lon="167.92533">
        <ele>217.14</ele>
      </trkpt>
      <trkpt lat="-44.91696" lon="167.92525">
        <ele>216.94</ele>
      </trkpt>
      <trkpt lat="-44.91692" lon="167.92518">
        <ele>217.11</ele>
      </trkpt>
      <trkpt lat="-44.91688" lon="167.92511">
        <ele>217.18</ele>
      </trkpt>
      <trkpt lat="-44.91688" lon="167.92509">
        <ele>217.15</ele>
      </trkpt>
      <trkpt lat="-44.91684" lon="167.92503">
        <ele>217.08</ele>
      </trkpt>
      <trkpt lat="-44.9168" lon="167.92496">
        <ele>217.0</ele>
      </trkpt>
      <trkpt lat="-44.91676" lon="167.9249">
        <ele>217.0</ele>
      </trkpt>
      <trkpt lat="-44.91671" lon="167.92485">
        <ele>217.0</ele>
      </trkpt>
      <trkpt lat="-44.91667" lon="167.92479">
        <ele>217.0</ele>
      </trkpt>
      <trkpt lat="-44.91662" lon="167.92473">
        <ele>216.51</ele>
      </trkpt>
      <trkpt lat="-44.91658" lon="167.92468">
        <ele>215.96</ele>
      </trkpt>
      <trkpt lat="-44.91654" lon="167.9246">
        <ele>215.39</ele>
      </trkpt>
      <trkpt lat="-44.9165" lon="167.92453">
        <ele>214.92</ele>
      </trkpt>
      <trkpt lat="-44.91645" lon="167.92447">
        <ele>214.46</ele>
      </trkpt>
      <trkpt lat="-44.91641" lon="167.92442">
        <ele>214.22</ele>
      </trkpt>
      <trkpt lat="-44.91636" lon="167.92436">
        <ele>214.27</ele>
      </trkpt>
      <trkpt lat="-44.91632" lon="167.9243">
        <ele>214.39</ele>
      </trkpt>
      <trkpt lat="-44.91627" lon="167.92427">
        <ele>214.36</ele>
      </trkpt>
      <trkpt lat="-44.91622" lon="167.92421">
        <ele>214.33</ele>
      </trkpt>
      <trkpt lat="-44.91618" lon="167.92415">
        <ele>214.43</ele>
      </trkpt>
      <trkpt lat="-44.91613" lon="167.92411">
        <ele>214.83</ele>
      </trkpt>
      <trkpt lat="-44.91608" lon="167.92408">
        <ele>215.44</ele>
      </trkpt>
      <trkpt lat="-44.91603" lon="167.92402">
        <ele>216.37</ele>
      </trkpt>
      <trkpt lat="-44.91599" lon="167.92396">
        <ele>216.99</ele>
      </trkpt>
      <trkpt lat="-44.91594" lon="167.92391">
        <ele>217.27</ele>
      </trkpt>
      <trkpt lat="-44.9159" lon="167.92383">
        <ele>217.51</ele>
      </trkpt>
      <trkpt lat="-44.91586" lon="167.92376">
        <ele>217.89</ele>
      </trkpt>
      <trkpt lat="-44.91584" lon="167.92368">
        <ele>218.47</ele>
      </trkpt>
      <trkpt lat="-44.91581" lon="167.92361">
        <ele>219.17</ele>
      </trkpt>
      <trkpt lat="-44.91578" lon="167.92353">
        <ele>219.62</ele>
      </trkpt>
      <trkpt lat="-44.91577" lon="167.92345">
        <ele>219.9</ele>
      </trkpt>
      <trkpt lat="-44.91573" lon="167.92338">
        <ele>220.27</ele>
      </trkpt>
      <trkpt lat="-44.91568" lon="167.92334">
        <ele>220.54</ele>
      </trkpt>
      <trkpt lat="-44.91563" lon="167.9233">
        <ele>220.95</ele>
      </trkpt>
      <trkpt lat="-44.91558" lon="167.92324">
        <ele>221.34</ele>
      </trkpt>
      <trkpt lat="-44.91556" lon="167.92317">
        <ele>221.6</ele>
      </trkpt>
      <trkpt lat="-44.91554" lon="167.92309">
        <ele>221.99</ele>
      </trkpt>
      <trkpt lat="-44.91552" lon="167.92301">
        <ele>222.54</ele>
      </trkpt>
      <trkpt lat="-44.91549" lon="167.92293">
        <ele>223.16</ele>
      </trkpt>
      <trkpt lat="-44.91545" lon="167.92286">
        <ele>223.63</ele>
      </trkpt>
      <trkpt lat="-44.91542" lon="167.92278">
        <ele>223.99</ele>
      </trkpt>
      <trkpt lat="-44.91541" lon="167.92276">
        <ele>224.05</ele>
      </trkpt>
      <trkpt lat="-44.91539" lon="167.92271">
        <ele>224.1</ele>
      </trkpt>
      <trkpt lat="-44.91539" lon="167.92263">
        <ele>224.23</ele>
      </trkpt>
      <trkpt lat="-44.91539" lon="167.92255">
        <ele>224.35</ele>
      </trkpt>
      <trkpt lat="-44.91539" lon="167.92246">
        <ele>224.16</ele>
      </trkpt>
      <trkpt lat="-44.91539" lon="167.92238">
        <ele>223.64</ele>
      </trkpt>
      <trkpt lat="-44.91539" lon="167.9223">
        <ele>223.12</ele>
      </trkpt>
      <trkpt lat="-44.91538" lon="167.92222">
        <ele>222.47</ele>
      </trkpt>
      <trkpt lat="-44.91534" lon="167.92218">
        <ele>221.91</ele>
      </trkpt>
      <trkpt lat="-44.91532" lon="167.92212">
        <ele>221.75</ele>
      </trkpt>
      <trkpt lat="-44.91527" lon="167.92208">
        <ele>221.46</ele>
      </trkpt>
      <trkpt lat="-44.91527" lon="167.922">
        <ele>221.73</ele>
      </trkpt>
      <trkpt lat="-44.91525" lon="167.92192">
        <ele>221.69</ele>
      </trkpt>
      <trkpt lat="-44.91525" lon="167.92184">
        <ele>221.66</ele>
      </trkpt>
      <trkpt lat="-44.91521" lon="167.92176">
        <ele>221.11</ele>
      </trkpt>
      <trkpt lat="-44.91519" lon="167.92169">
        <ele>220.76</ele>
      </trkpt>
      <trkpt lat="-44.91515" lon="167.92161">
        <ele>219.85</ele>
      </trkpt>
      <trkpt lat="-44.91511" lon="167.92154">
        <ele>218.95</ele>
      </trkpt>
      <trkpt lat="-44.91507" lon="167.92146">
        <ele>218.08</ele>
      </trkpt>
      <trkpt lat="-44.91502" lon="167.92141">
        <ele>217.3</ele>
      </trkpt>
      <trkpt lat="-44.91498" lon="167.92135">
        <ele>217.38</ele>
      </trkpt>
      <trkpt lat="-44.91493" lon="167.92131">
        <ele>217.79</ele>
      </trkpt>
      <trkpt lat="-44.9149" lon="167.92125">
        <ele>218.0</ele>
      </trkpt>
      <trkpt lat="-44.91488" lon="167.92117">
        <ele>218.08</ele>
      </trkpt>
      <trkpt lat="-44.91487" lon="167.92109">
        <ele>218.41</ele>
      </trkpt>
      <trkpt lat="-44.91486" lon="167.92102">
        <ele>219.47</ele>
      </trkpt>
      <trkpt lat="-44.91484" lon="167.92094">
        <ele>220.57</ele>
      </trkpt>
      <trkpt lat="-44.91483" lon="167.92086">
        <ele>221.74</ele>
      </trkpt>
      <trkpt lat="-44.91483" lon="167.92078">
        <ele>221.85</ele>
      </trkpt>
      <trkpt lat="-44.91479" lon="167.9207">
        <ele>220.89</ele>
      </trkpt>
      <trkpt lat="-44.91476" lon="167.92063">
        <ele>220.04</ele>
      </trkpt>
      <trkpt lat="-44.91472" lon="167.92055">
        <ele>218.96</ele>
      </trkpt>
      <trkpt lat="-44.9147" lon="167.92047">
        <ele>218.56</ele>
      </trkpt>
      <trkpt lat="-44.91466" lon="167.9204">
        <ele>218.12</ele>
      </trkpt>
      <trkpt lat="-44.91466" lon="167.92032">
        <ele>217.89</ele>
      </trkpt>
      <trkpt lat="-44.91464" lon="167.92024">
        <ele>217.57</ele>
      </trkpt>
      <trkpt lat="-44.91464" lon="167.92016">
        <ele>217.28</ele>
      </trkpt>
      <trkpt lat="-44.91461" lon="167.9201">
        <ele>216.96</ele>
      </trkpt>
      <trkpt lat="-44.91456" lon="167.92006">
        <ele>216.63</ele>
      </trkpt>
      <trkpt lat="-44.91452" lon="167.92">
        <ele>216.27</ele>
      </trkpt>
      <trkpt lat="-44.91447" lon="167.91995">
        <ele>216.26</ele>
      </trkpt>
      <trkpt lat="-44.91445" lon="167.91987">
        <ele>216.48</ele>
      </trkpt>
      <trkpt lat="-44.91442" lon="167.91979">
        <ele>216.67</ele>
      </trkpt>
      <trkpt lat="-44.91439" lon="167.91972">
        <ele>216.81</ele>
      </trkpt>
      <trkpt lat="-44.91438" lon="167.91967">
        <ele>216.87</ele>
      </trkpt>
      <trkpt lat="-44.91437" lon="167.91964">
        <ele>216.87</ele>
      </trkpt>
      <trkpt lat="-44.91434" lon="167.91956">
        <ele>216.77</ele>
      </trkpt>
      <trkpt lat="-44.9143" lon="167.91949">
        <ele>216.45</ele>
      </trkpt>
      <trkpt lat="-44.91426" lon="167.91942">
        <ele>216.24</ele>
      </trkpt>
      <trkpt lat="-44.91421" lon="167.91936">
        <ele>216.33</ele>
      </trkpt>
      <trkpt lat="-44.91417" lon="167.9193">
        <ele>216.59</ele>
      </trkpt>
      <trkpt lat="-44.91412" lon="167.91925">
        <ele>217.32</ele>
      </trkpt>
      <trkpt lat="-44.91408" lon="167.91919">
        <ele>218.09</ele>
      </trkpt>
      <trkpt lat="-44.91403" lon="167.91914">
        <ele>218.54</ele>
      </trkpt>
      <trkpt lat="-44.91399" lon="167.91906">
        <ele>218.57</ele>
      </trkpt>
      <trkpt lat="-44.91395" lon="167.91899">
        <ele>218.21</ele>
      </trkpt>
      <trkpt lat="-44.91391" lon="167.91893">
        <ele>217.54</ele>
      </trkpt>
      <trkpt lat="-44.91386" lon="167.91888">
        <ele>217.13</ele>
      </trkpt>
      <trkpt lat="-44.91382" lon="167.91882">
        <ele>217.37</ele>
      </trkpt>
      <trkpt lat="-44.91377" lon="167.91876">
        <ele>217.49</ele>
      </trkpt>
      <trkpt lat="-44.91372" lon="167.91872">
        <ele>217.48</ele>
      </trkpt>
      <trkpt lat="-44.91368" lon="167.91867">
        <ele>217.35</ele>
      </trkpt>
      <trkpt lat="-44.91363" lon="167.91863">
        <ele>217.13</ele>
      </trkpt>
      <trkpt lat="-44.91358" lon="167.91857">
        <ele>216.72</ele>
      </trkpt>
      <trkpt lat="-44.91356" lon="167.9185">
        <ele>216.27</ele>
      </trkpt>
      <trkpt lat="-44.91354" lon="167.91842">
        <ele>215.8</ele>
      </trkpt>
      <trkpt lat="-44.91352" lon="167.91834">
        <ele>215.37</ele>
      </trkpt>
      <trkpt lat="-44.91349" lon="167.91826">
        <ele>215.58</ele>
      </trkpt>
      <trkpt lat="-44.91346" lon="167.91819">
        <ele>215.78</ele>
      </trkpt>
      <trkpt lat="-44.91344" lon="167.91811">
        <ele>215.92</ele>
      </trkpt>
      <trkpt lat="-44.91342" lon="167.91803">
        <ele>216.18</ele>
      </trkpt>
      <trkpt lat="-44.91339" lon="167.91798">
        <ele>216.54</ele>
      </trkpt>
      <trkpt lat="-44.91339" lon="167.91798">
        <ele>216.54</ele>
      </trkpt>
      <trkpt lat="-44.91334" lon="167.91795">
        <ele>216.76</ele>
      </trkpt>
      <trkpt lat="-44.91329" lon="167.91791">
        <ele>216.5</ele>
      </trkpt>
      <trkpt lat="-44.91323" lon="167.91789">
        <ele>215.85</ele>
      </trkpt>
      <trkpt lat="-44.91317" lon="167.91787">
        <ele>215.18</ele>
      </trkpt>
      <trkpt lat="-44.91312" lon="167.91785">
        <ele>214.61</ele>
      </trkpt>
      <trkpt lat="-44.91307" lon="167.91781">
        <ele>214.09</ele>
      </trkpt>
      <trkpt lat="-44.91301" lon="167.91779">
        <ele>214.45</ele>
      </trkpt>
      <trkpt lat="-44.91296" lon="167.91775">
        <ele>215.33</ele>
      </trkpt>
      <trkpt lat="-44.91291" lon="167.91771">
        <ele>216.02</ele>
      </trkpt>
      <trkpt lat="-44.91288" lon="167.91765">
        <ele>216.45</ele>
      </trkpt>
      <trkpt lat="-44.91287" lon="167.91757">
        <ele>216.75</ele>
      </trkpt>
      <trkpt lat="-44.91285" lon="167.91749">
        <ele>216.84</ele>
      </trkpt>
      <trkpt lat="-44.91281" lon="167.91744">
        <ele>216.87</ele>
      </trkpt>
      <trkpt lat="-44.91276" lon="167.9174">
        <ele>217.31</ele>
      </trkpt>
      <trkpt lat="-44.91271" lon="167.91736">
        <ele>218.24</ele>
      </trkpt>
      <trkpt lat="-44.91267" lon="167.91729">
        <ele>219.03</ele>
      </trkpt>
      <trkpt lat="-44.91265" lon="167.91721">
        <ele>219.51</ele>
      </trkpt>
      <trkpt lat="-44.91263" lon="167.91713">
        <ele>219.82</ele>
      </trkpt>
      <trkpt lat="-44.9126" lon="167.91705">
        <ele>219.91</ele>
      </trkpt>
      <trkpt lat="-44.91259" lon="167.91698">
        <ele>219.93</ele>
      </trkpt>
      <trkpt lat="-44.91259" lon="167.91697">
        <ele>219.94</ele>
      </trkpt>
      <trkpt lat="-44.91256" lon="167.9169">
        <ele>220.22</ele>
      </trkpt>
      <trkpt lat="-44.91254" lon="167.91682">
        <ele>221.09</ele>
      </trkpt>
      <trkpt lat="-44.91251" lon="167.91676">
        <ele>221.72</ele>
      </trkpt>
      <trkpt lat="-44.91246" lon="167.91674">
        <ele>221.88</ele>
      </trkpt>
      <trkpt lat="-44.91241" lon="167.9167">
        <ele>222.11</ele>
      </trkpt>
      <trkpt lat="-44.91235" lon="167.91667">
        <ele>221.91</ele>
      </trkpt>
      <trkpt lat="-44.91231" lon="167.91662">
        <ele>221.34</ele>
      </trkpt>
      <trkpt lat="-44.91228" lon="167.91655">
        <ele>220.51</ele>
      </trkpt>
      <trkpt lat="-44.91227" lon="167.91647">
        <ele>219.71</ele>
      </trkpt>
      <trkpt lat="-44.91224" lon="167.91639">
        <ele>218.39</ele>
      </trkpt>
      <trkpt lat="-44.91223" lon="167.91631">
        <ele>218.18</ele>
      </trkpt>
      <trkpt lat="-44.91219" lon="167.91624">
        <ele>218.46</ele>
      </trkpt>
      <trkpt lat="-44.91219" lon="167.91616">
        <ele>218.46</ele>
      </trkpt>
      <trkpt lat="-44.91218" lon="167.91608">
        <ele>218.57</ele>
      </trkpt>
      <trkpt lat="-44.91216" lon="167.916">
        <ele>218.72</ele>
      </trkpt>
      <trkpt lat="-44.91215" lon="167.91592">
        <ele>218.68</ele>
      </trkpt>
      <trkpt lat="-44.91215" lon="167.91584">
        <ele>218.53</ele>
      </trkpt>
      <trkpt lat="-44.91214" lon="167.91576">
        <ele>218.67</ele>
      </trkpt>
      <trkpt lat="-44.91214" lon="167.91567">
        <ele>218.77</ele>
      </trkpt>
      <trkpt lat="-44.91214" lon="167.91559">
        <ele>218.85</ele>
      </trkpt>
      <trkpt lat="-44.91214" lon="167.91551">
        <ele>219.35</ele>
      </trkpt>
      <trkpt lat="-44.91212" lon="167.91543">
        <ele>220.25</ele>
      </trkpt>
      <trkpt lat="-44.91212" lon="167.91535">
        <ele>220.97</ele>
      </trkpt>
      <trkpt lat="-44.91211" lon="167.91527">
        <ele>221.64</ele>
      </trkpt>
      <trkpt lat="-44.91211" lon="167.91519">
        <ele>222.1</ele>
      </trkpt>
      <trkpt lat="-44.91211" lon="167.91511">
        <ele>222.56</ele>
      </trkpt>
      <trkpt lat="-44.91211" lon="167.91502">
        <ele>223.08</ele>
      </trkpt>
      <trkpt lat="-44.91211" lon="167.91494">
        <ele>223.41</ele>
      </trkpt>
      <trkpt lat="-44.91212" lon="167.91486">
        <ele>223.77</ele>
      </trkpt>
      <trkpt lat="-44.91212" lon="167.91478">
        <ele>224.06</ele>
      </trkpt>
      <trkpt lat="-44.91212" lon="167.91469">
        <ele>224.15</ele>
      </trkpt>
      <trkpt lat="-44.91214" lon="167.91461">
        <ele>224.0</ele>
      </trkpt>
      <trkpt lat="-44.91214" lon="167.91453">
        <ele>223.72</ele>
      </trkpt>
      <trkpt lat="-44.91214" lon="167.91451">
        <ele>223.64</ele>
      </trkpt>
      <trkpt lat="-44.91214" lon="167.91444">
        <ele>223.4</ele>
      </trkpt>
      <trkpt lat="-44.91214" lon="167.91436">
        <ele>223.19</ele>
      </trkpt>
      <trkpt lat="-44.91214" lon="167.91428">
        <ele>222.99</ele>
      </trkpt>
      <trkpt lat="-44.91213" lon="167.9142">
        <ele>222.75</ele>
      </trkpt>
      <trkpt lat="-44.91215" lon="167.91411">
        <ele>222.54</ele>
      </trkpt>
      <trkpt lat="-44.91217" lon="167.91403">
        <ele>222.32</ele>
      </trkpt>
      <trkpt lat="-44.91218" lon="167.91394">
        <ele>222.03</ele>
      </trkpt>
      <trkpt lat="-44.91219" lon="167.91386">
        <ele>221.88</ele>
      </trkpt>
      <trkpt lat="-44.9122" lon="167.91378">
        <ele>221.92</ele>
      </trkpt>
      <trkpt lat="-44.91222" lon="167.91371">
        <ele>221.99</ele>
      </trkpt>
      <trkpt lat="-44.91226" lon="167.91365">
        <ele>222.8</ele>
      </trkpt>
      <trkpt lat="-44.9123" lon="167.91359">
        <ele>223.76</ele>
      </trkpt>
      <trkpt lat="-44.91234" lon="167.91353">
        <ele>224.84</ele>
      </trkpt>
      <trkpt lat="-44.91239" lon="167.91348">
        <ele>226.1</ele>
      </trkpt>
      <trkpt lat="-44.91243" lon="167.91342">
        <ele>227.18</ele>
      </trkpt>
      <trkpt lat="-44.91248" lon="167.91337">
        <ele>228.44</ele>
      </trkpt>
      <trkpt lat="-44.91252" lon="167.91332">
        <ele>229.12</ele>
      </trkpt>
      <trkpt lat="-44.91256" lon="167.91326">
        <ele>229.54</ele>
      </trkpt>
      <trkpt lat="-44.91261" lon="167.9132">
        <ele>230.07</ele>
      </trkpt>
      <trkpt lat="-44.91264" lon="167.91313">
        <ele>230.6</ele>
      </trkpt>
      <trkpt lat="-44.9127" lon="167.9131">
        <ele>231.16</ele>
      </trkpt>
      <trkpt lat="-44.91271" lon="167.9131">
        <ele>231.23</ele>
      </trkpt>
      <trkpt lat="-44.91277" lon="167.91309">
        <ele>231.7</ele>
      </trkpt>
      <trkpt lat="-44.91283" lon="167.91306">
        <ele>231.79</ele>
      </trkpt>
      <trkpt lat="-44.91289" lon="167.91304">
        <ele>231.61</ele>
      </trkpt>
      <trkpt lat="-44.91293" lon="167.91299">
        <ele>231.43</ele>
      </trkpt>
      <trkpt lat="-44.91298" lon="167.91294">
        <ele>231.08</ele>
      </trkpt>
      <trkpt lat="-44.91302" lon="167.91287">
        <ele>230.63</ele>
      </trkpt>
      <trkpt lat="-44.91305" lon="167.91278">
        <ele>230.07</ele>
      </trkpt>
      <trkpt lat="-44.91305" lon="167.9127">
        <ele>230.05</ele>
      </trkpt>
      <trkpt lat="-44.91306" lon="167.91262">
        <ele>229.97</ele>
      </trkpt>
      <trkpt lat="-44.91307" lon="167.91253">
        <ele>229.86</ele>
      </trkpt>
      <trkpt lat="-44.91307" lon="167.91245">
        <ele>229.31</ele>
      </trkpt>
      <trkpt lat="-44.9131" lon="167.91236">
        <ele>228.09</ele>
      </trkpt>
      <trkpt lat="-44.91307" lon="167.91228">
        <ele>227.51</ele>
      </trkpt>
      <trkpt lat="-44.91306" lon="167.91221">
        <ele>226.79</ele>
      </trkpt>
      <trkpt lat="-44.91305" lon="167.91213">
        <ele>225.64</ele>
      </trkpt>
      <trkpt lat="-44.91303" lon="167.91205">
        <ele>224.23</ele>
      </trkpt>
      <trkpt lat="-44.91302" lon="167.91197">
        <ele>222.79</ele>
      </trkpt>
      <trkpt lat="-44.91301" lon="167.91189">
        <ele>221.36</ele>
      </trkpt>
      <trkpt lat="-44.91298" lon="167.91181">
        <ele>219.57</ele>
      </trkpt>
      <trkpt lat="-44.913" lon="167.91173">
        <ele>218.76</ele>
      </trkpt>
      <trkpt lat="-44.91302" lon="167.91164">
        <ele>218.06</ele>
      </trkpt>
      <trkpt lat="-44.91305" lon="167.91155">
        <ele>218.06</ele>
      </trkpt>
      <trkpt lat="-44.91306" lon="167.91153">
        <ele>218.03</ele>
      </trkpt>
      <trkpt lat="-44.91308" lon="167.91146">
        <ele>217.6</ele>
      </trkpt>
      <trkpt lat="-44.91309" lon="167.91138">
        <ele>217.16</ele>
      </trkpt>
      <trkpt lat="-44.91311" lon="167.91129">
        <ele>217.69</ele>
      </trkpt>
      <trkpt lat="-44.9131" lon="167.91121">
        <ele>218.01</ele>
      </trkpt>
      <trkpt lat="-44.91309" lon="167.91113">
        <ele>218.29</ele>
      </trkpt>
      <trkpt lat="-44.91308" lon="167.91105">
        <ele>218.7</ele>
      </trkpt>
      <trkpt lat="-44.91306" lon="167.91098">
        <ele>218.99</ele>
      </trkpt>
      <trkpt lat="-44.91304" lon="167.9109">
        <ele>219.18</ele>
      </trkpt>
      <trkpt lat="-44.91301" lon="167.91082">
        <ele>219.02</ele>
      </trkpt>
      <trkpt lat="-44.913" lon="167.91074">
        <ele>218.87</ele>
      </trkpt>
      <trkpt lat="-44.91297" lon="167.91067">
        <ele>218.33</ele>
      </trkpt>
      <trkpt lat="-44.91294" lon="167.91059">
        <ele>217.87</ele>
      </trkpt>
      <trkpt lat="-44.91292" lon="167.91051">
        <ele>217.56</ele>
      </trkpt>
      <trkpt lat="-44.91289" lon="167.91044">
        <ele>217.1</ele>
      </trkpt>
      <trkpt lat="-44.91285" lon="167.91036">
        <ele>216.64</ele>
      </trkpt>
      <trkpt lat="-44.91282" lon="167.91029">
        <ele>216.43</ele>
      </trkpt>
      <trkpt lat="-44.9128" lon="167.91021">
        <ele>216.24</ele>
      </trkpt>
      <trkpt lat="-44.91277" lon="167.91013">
        <ele>215.89</ele>
      </trkpt>
      <trkpt lat="-44.91275" lon="167.91006">
        <ele>215.6</ele>
      </trkpt>
      <trkpt lat="-44.91272" lon="167.90998">
        <ele>215.3</ele>
      </trkpt>
      <trkpt lat="-44.91268" lon="167.90991">
        <ele>215.13</ele>
      </trkpt>
      <trkpt lat="-44.91263" lon="167.90986">
        <ele>214.61</ele>
      </trkpt>
      <trkpt lat="-44.91257" lon="167.90985">
        <ele>213.68</ele>
      </trkpt>
      <trkpt lat="-44.91252" lon="167.90981">
        <ele>213.02</ele>
      </trkpt>
      <trkpt lat="-44.91247" lon="167.90979">
        <ele>212.67</ele>
      </trkpt>
      <trkpt lat="-44.91242" lon="167.90975">
        <ele>212.64</ele>
      </trkpt>
      <trkpt lat="-44.91237" lon="167.90971">
        <ele>212.6</ele>
      </trkpt>
      <trkpt lat="-44.91231" lon="167.90969">
        <ele>212.47</ele>
      </trkpt>
      <trkpt lat="-44.91225" lon="167.90967">
        <ele>212.31</ele>
      </trkpt>
      <trkpt lat="-44.9122" lon="167.90965">
        <ele>212.4</ele>
      </trkpt>
      <trkpt lat="-44.91214" lon="167.90963">
        <ele>212.92</ele>
      </trkpt>
      <trkpt lat="-44.91209" lon="167.90964">
        <ele>213.19</ele>
      </trkpt>
      <trkpt lat="-44.91204" lon="167.90968">
        <ele>213.11</ele>
      </trkpt>
      <trkpt lat="-44.91198" lon="167.90971">
        <ele>213.03</ele>
      </trkpt>
      <trkpt lat="-44.91193" lon="167.90975">
        <ele>212.9</ele>
      </trkpt>
      <trkpt lat="-44.91187" lon="167.90978">
        <ele>212.79</ele>
      </trkpt>
      <trkpt lat="-44.91181" lon="167.90981">
        <ele>212.68</ele>
      </trkpt>
      <trkpt lat="-44.91178" lon="167.90982">
        <ele>212.65</ele>
      </trkpt>
      <trkpt lat="-44.91175" lon="167.90984">
        <ele>212.58</ele>
      </trkpt>
      <trkpt lat="-44.91169" lon="167.90986">
        <ele>212.5</ele>
      </trkpt>
      <trkpt lat="-44.91163" lon="167.90988">
        <ele>212.37</ele>
      </trkpt>
      <trkpt lat="-44.91156" lon="167.90989">
        <ele>212.24</ele>
      </trkpt>
      <trkpt lat="-44.91149" lon="167.90991">
        <ele>212.12</ele>
      </trkpt>
      <trkpt lat="-44.91143" lon="167.90992">
        <ele>212.04</ele>
      </trkpt>
      <trkpt lat="-44.91136" lon="167.90993">
        <ele>212.03</ele>
      </trkpt>
      <trkpt lat="-44.9113" lon="167.90996">
        <ele>212.05</ele>
      </trkpt>
      <trkpt lat="-44.91124" lon="167.90999">
        <ele>212.02</ele>
      </trkpt>
      <trkpt lat="-44.91119" lon="167.91002">
        <ele>211.95</ele>
      </trkpt>
      <trkpt lat="-44.91113" lon="167.91006">
        <ele>211.8</ele>
      </trkpt>
      <trkpt lat="-44.91108" lon="167.9101">
        <ele>211.86</ele>
      </trkpt>
      <trkpt lat="-44.91103" lon="167.91015">
        <ele>212.04</ele>
      </trkpt>
      <trkpt lat="-44.91098" lon="167.91019">
        <ele>212.26</ele>
      </trkpt>
      <trkpt lat="-44.91094" lon="167.91025">
        <ele>212.33</ele>
      </trkpt>
      <trkpt lat="-44.91089" lon="167.91029">
        <ele>212.56</ele>
      </trkpt>
      <trkpt lat="-44.91085" lon="167.91035">
        <ele>212.64</ele>
      </trkpt>
      <trkpt lat="-44.9108" lon="167.91039">
        <ele>213.89</ele>
      </trkpt>
      <trkpt lat="-44.91075" lon="167.91045">
        <ele>215.42</ele>
      </trkpt>
      <trkpt lat="-44.9107" lon="167.91049">
        <ele>216.9</ele>
      </trkpt>
      <trkpt lat="-44.9107" lon="167.9105">
        <ele>216.81</ele>
      </trkpt>
      <trkpt lat="-44.91065" lon="167.91054">
        <ele>218.11</ele>
      </trkpt>
      <trkpt lat="-44.9106" lon="167.91058">
        <ele>219.28</ele>
      </trkpt>
      <trkpt lat="-44.91055" lon="167.91062">
        <ele>220.15</ele>
      </trkpt>
      <trkpt lat="-44.91049" lon="167.91065">
        <ele>220.58</ele>
      </trkpt>
      <trkpt lat="-44.91044" lon="167.9107">
        <ele>220.58</ele>
      </trkpt>
      <trkpt lat="-44.91039" lon="167.91074">
        <ele>220.73</ele>
      </trkpt>
      <trkpt lat="-44.91034" lon="167.91078">
        <ele>220.87</ele>
      </trkpt>
      <trkpt lat="-44.91028" lon="167.91081">
        <ele>221.3</ele>
      </trkpt>
      <trkpt lat="-44.91022" lon="167.9108">
        <ele>221.85</ele>
      </trkpt>
      <trkpt lat="-44.91017" lon="167.91075">
        <ele>222.74</ele>
      </trkpt>
      <trkpt lat="-44.91012" lon="167.91071">
        <ele>223.41</ele>
      </trkpt>
      <trkpt lat="-44.91007" lon="167.91067">
        <ele>223.97</ele>
      </trkpt>
      <trkpt lat="-44.91002" lon="167.91063">
        <ele>224.43</ele>
      </trkpt>
      <trkpt lat="-44.90997" lon="167.91061">
        <ele>224.0</ele>
      </trkpt>
      <trkpt lat="-44.90992" lon="167.91057">
        <ele>223.2</ele>
      </trkpt>
      <trkpt lat="-44.90986" lon="167.91055">
        <ele>222.04</ele>
      </trkpt>
      <trkpt lat="-44.90981" lon="167.91052">
        <ele>221.28</ele>
      </trkpt>
      <trkpt lat="-44.90974" lon="167.91053">
        <ele>219.66</ele>
      </trkpt>
      <trkpt lat="-44.90969" lon="167.91051">
        <ele>219.22</ele>
      </trkpt>
      <trkpt lat="-44.90962" lon="167.91052">
        <ele>218.55</ele>
      </trkpt>
      <trkpt lat="-44.90957" lon="167.91048">
        <ele>218.42</ele>
      </trkpt>
      <trkpt lat="-44.90952" lon="167.91046">
        <ele>218.08</ele>
      </trkpt>
      <trkpt lat="-44.90948" lon="167.91039">
        <ele>218.0</ele>
      </trkpt>
      <trkpt lat="-44.90943" lon="167.91033">
        <ele>217.77</ele>
      </trkpt>
      <trkpt lat="-44.90938" lon="167.91027">
        <ele>217.73</ele>
      </trkpt>
      <trkpt lat="-44.90934" lon="167.91022">
        <ele>217.34</ele>
      </trkpt>
      <trkpt lat="-44.90929" lon="167.91016">
        <ele>216.78</ele>
      </trkpt>
      <trkpt lat="-44.90924" lon="167.91012">
        <ele>216.28</ele>
      </trkpt>
      <trkpt lat="-44.9092" lon="167.91007">
        <ele>215.71</ele>
      </trkpt>
      <trkpt lat="-44.90914" lon="167.91006">
        <ele>215.14</ele>
      </trkpt>
      <trkpt lat="-44.90907" lon="167.91008">
        <ele>214.53</ele>
      </trkpt>
      <trkpt lat="-44.909" lon="167.91009">
        <ele>213.85</ele>
      </trkpt>
      <trkpt lat="-44.90894" lon="167.91008">
        <ele>213.13</ele>
      </trkpt>
      <trkpt lat="-44.9089" lon="167.91003">
        <ele>212.34</ele>
      </trkpt>
      <trkpt lat="-44.90885" lon="167.90999">
        <ele>211.52</ele>
      </trkpt>
      <trkpt lat="-44.9088" lon="167.90993">
        <ele>210.78</ele>
      </trkpt>
      <trkpt lat="-44.90875" lon="167.9099">
        <ele>210.32</ele>
      </trkpt>
      <trkpt lat="-44.9087" lon="167.90987">
        <ele>209.98</ele>
      </trkpt>
      <trkpt lat="-44.90865" lon="167.90984">
        <ele>209.75</ele>
      </trkpt>
      <trkpt lat="-44.90859" lon="167.90981">
        <ele>209.99</ele>
      </trkpt>
      <trkpt lat="-44.90853" lon="167.90981">
        <ele>210.85</ele>
      </trkpt>
      <trkpt lat="-44.90847" lon="167.90979">
        <ele>211.79</ele>
      </trkpt>
      <trkpt lat="-44.90844" lon="167.9098">
        <ele>212.18</ele>
      </trkpt>
      <trkpt lat="-44.90847" lon="167.90979">
        <ele>211.79</ele>
      </trkpt>
      <trkpt lat="-44.90853" lon="167.90981">
        <ele>210.85</ele>
      </trkpt>
      <trkpt lat="-44.90859" lon="167.90981">
        <ele>209.99</ele>
      </trkpt>
      <trkpt lat="-44.90865" lon="167.90984">
        <ele>209.75</ele>
      </trkpt>
      <trkpt lat="-44.9087" lon="167.90987">
        <ele>209.98</ele>
      </trkpt>
      <trkpt lat="-44.90875" lon="167.9099">
        <ele>210.32</ele>
      </trkpt>
      <trkpt lat="-44.9088" lon="167.90993">
        <ele>210.78</ele>
      </trkpt>
      <trkpt lat="-44.90885" lon="167.90999">
        <ele>211.52</ele>
      </trkpt>
      <trkpt lat="-44.9089" lon="167.91003">
        <ele>212.34</ele>
      </trkpt>
      <trkpt lat="-44.90894" lon="167.91008">
        <ele>213.13</ele>
      </trkpt>
      <trkpt lat="-44.909" lon="167.91009">
        <ele>213.85</ele>
      </trkpt>
      <trkpt lat="-44.90907" lon="167.91008">
        <ele>214.53</ele>
      </trkpt>
      <trkpt lat="-44.90914" lon="167.91006">
        <ele>215.14</ele>
      </trkpt>
      <trkpt lat="-44.9092" lon="167.91007">
        <ele>215.71</ele>
      </trkpt>
      <trkpt lat="-44.90924" lon="167.91012">
        <ele>216.28</ele>
      </trkpt>
      <trkpt lat="-44.90929" lon="167.91016">
        <ele>216.78</ele>
      </trkpt>
      <trkpt lat="-44.90934" lon="167.91022">
        <ele>217.34</ele>
      </trkpt>
      <trkpt lat="-44.90938" lon="167.91027">
        <ele>217.73</ele>
      </trkpt>
      <trkpt lat="-44.90943" lon="167.91033">
        <ele>217.77</ele>
      </trkpt>
      <trkpt lat="-44.90948" lon="167.91039">
        <ele>218.0</ele>
      </trkpt>
      <trkpt lat="-44.90952" lon="167.91046">
        <ele>218.08</ele>
      </trkpt>
      <trkpt lat="-44.90957" lon="167.91048">
        <ele>218.42</ele>
      </trkpt>
      <trkpt lat="-44.90962" lon="167.91052">
        <ele>218.55</ele>
      </trkpt>
      <trkpt lat="-44.90969" lon="167.91051">
        <ele>219.22</ele>
      </trkpt>
      <trkpt lat="-44.90974" lon="167.91053">
        <ele>219.66</ele>
      </trkpt>
      <trkpt lat="-44.90981" lon="167.91052">
        <ele>221.28</ele>
      </trkpt>
      <trkpt lat="-44.90986" lon="167.91055">
        <ele>222.04</ele>
      </trkpt>
      <trkpt lat="-44.90992" lon="167.91057">
        <ele>223.2</ele>
      </trkpt>
      <trkpt lat="-44.90997" lon="167.91061">
        <ele>224.0</ele>
      </trkpt>
      <trkpt lat="-44.91002" lon="167.91063">
        <ele>224.43</ele>
      </trkpt>
      <trkpt lat="-44.91007" lon="167.91067">
        <ele>223.97</ele>
      </trkpt>
      <trkpt lat="-44.91012" lon="167.91071">
        <ele>223.41</ele>
      </trkpt>
      <trkpt lat="-44.91017" lon="167.91075">
        <ele>222.74</ele>
      </trkpt>
      <trkpt lat="-44.9102" lon="167.91083">
        <ele>221.6</ele>
      </trkpt>
      <trkpt lat="-44.91019" lon="167.91091">
        <ele>220.7</ele>
      </trkpt>
      <trkpt lat="-44.91016" lon="167.911">
        <ele>219.96</ele>
      </trkpt>
      <trkpt lat="-44.91012" lon="167.91106">
        <ele>219.8</ele>
      </trkpt>
      <trkpt lat="-44.91008" lon="167.91113">
        <ele>219.74</ele>
      </trkpt>
      <trkpt lat="-44.91005" lon="167.9112">
        <ele>219.84</ele>
      </trkpt>
      <trkpt lat="-44.91001" lon="167.91128">
        <ele>220.2</ele>
      </trkpt>
      <trkpt lat="-44.90999" lon="167.91136">
        <ele>220.13</ele>
      </trkpt>
      <trkpt lat="-44.90995" lon="167.91144">
        <ele>220.16</ele>
      </trkpt>
      <trkpt lat="-44.90994" lon="167.91147">
        <ele>220.24</ele>
      </trkpt>
      <trkpt lat="-44.90992" lon="167.91151">
        <ele>220.48</ele>
      </trkpt>
      <trkpt lat="-44.90988" lon="167.91158">
        <ele>221.23</ele>
      </trkpt>
      <trkpt lat="-44.90985" lon="167.91165">
        <ele>222.14</ele>
      </trkpt>
      <trkpt lat="-44.90981" lon="167.91173">
        <ele>223.42</ele>
      </trkpt>
      <trkpt lat="-44.90978" lon="167.9118">
        <ele>224.51</ele>
      </trkpt>
      <trkpt lat="-44.90974" lon="167.91187">
        <ele>225.99</ele>
      </trkpt>
      <trkpt lat="-44.90971" lon="167.91194">
        <ele>227.1</ele>
      </trkpt>
      <trkpt lat="-44.90967" lon="167.912">
        <ele>227.33</ele>
      </trkpt>
      <trkpt lat="-44.90962" lon="167.91206">
        <ele>227.53</ele>
      </trkpt>
      <trkpt lat="-44.90958" lon="167.91212">
        <ele>227.58</ele>
      </trkpt>
      <trkpt lat="-44.90953" lon="167.91216">
        <ele>227.76</ele>
      </trkpt>
      <trkpt lat="-44.90948" lon="167.9122">
        <ele>227.89</ele>
      </trkpt>
      <trkpt lat="-44.90943" lon="167.91225">
        <ele>227.7</ele>
      </trkpt>
      <trkpt lat="-44.90937" lon="167.91228">
        <ele>226.78</ele>
      </trkpt>
      <trkpt lat="-44.90932" lon="167.91232">
        <ele>226.01</ele>
      </trkpt>
      <trkpt lat="-44.90927" lon="167.91236">
        <ele>225.3</ele>
      </trkpt>
      <trkpt lat="-44.90924" lon="167.91238">
        <ele>224.91</ele>
      </trkpt>
      <trkpt lat="-44.90921" lon="167.91239">
        <ele>224.53</ele>
      </trkpt>
      <trkpt lat="-44.90915" lon="167.91242">
        <ele>223.7</ele>
      </trkpt>
      <trkpt lat="-44.90909" lon="167.91245">
        <ele>222.62</ele>
      </trkpt>
      <trkpt lat="-44.90903" lon="167.91246">
        <ele>221.54</ele>
      </trkpt>
      <trkpt lat="-44.90896" lon="167.91248">
        <ele>220.28</ele>
      </trkpt>
      <trkpt lat="-44.90889" lon="167.91249">
        <ele>219.02</ele>
      </trkpt>
      <trkpt lat="-44.90883" lon="167.9125">
        <ele>218.79</ele>
      </trkpt>
      <trkpt lat="-44.90876" lon="167.91252">
        <ele>218.42</ele>
      </trkpt>
      <trkpt lat="-44.9087" lon="167.91251">
        <ele>218.29</ele>
      </trkpt>
      <trkpt lat="-44.90864" lon="167.91251">
        <ele>218.09</ele>
      </trkpt>
      <trkpt lat="-44.90858" lon="167.91251">
        <ele>218.2</ele>
      </trkpt>
      <trkpt lat="-44.90852" lon="167.9125">
        <ele>218.66</ele>
      </trkpt>
      <trkpt lat="-44.90845" lon="167.9125">
        <ele>219.16</ele>
      </trkpt>
      <trkpt lat="-44.90839" lon="167.91251">
        <ele>219.45</ele>
      </trkpt>
      <trkpt lat="-44.90832" lon="167.91253">
        <ele>219.63</ele>
      </trkpt>
      <trkpt lat="-44.90827" lon="167.91254">
        <ele>220.03</ele>
      </trkpt>
      <trkpt lat="-44.90825" lon="167.91254">
        <ele>220.26</ele>
      </trkpt>
      <trkpt lat="-44.90819" lon="167.91255">
        <ele>220.7</ele>
      </trkpt>
      <trkpt lat="-44.90812" lon="167.91257">
        <ele>220.84</ele>
      </trkpt>
      <trkpt lat="-44.90805" lon="167.91258">
        <ele>221.15</ele>
      </trkpt>
      <trkpt lat="-44.90799" lon="167.91259">
        <ele>221.14</ele>
      </trkpt>
      <trkpt lat="-44.90792" lon="167.91261">
        <ele>221.01</ele>
      </trkpt>
      <trkpt lat="-44.90786" lon="167.91262">
        <ele>221.2</ele>
      </trkpt>
      <trkpt lat="-44.90779" lon="167.91262">
        <ele>221.74</ele>
      </trkpt>
      <trkpt lat="-44.90773" lon="167.91261">
        <ele>220.88</ele>
      </trkpt>
      <trkpt lat="-44.90767" lon="167.91261">
        <ele>219.46</ele>
      </trkpt>
      <trkpt lat="-44.90761" lon="167.91261">
        <ele>218.03</ele>
      </trkpt>
      <trkpt lat="-44.90755" lon="167.9126">
        <ele>216.76</ele>
      </trkpt>
      <trkpt lat="-44.90748" lon="167.91262">
        <ele>215.02</ele>
      </trkpt>
      <trkpt lat="-44.90742" lon="167.91263">
        <ele>214.13</ele>
      </trkpt>
      <trkpt lat="-44.90735" lon="167.91264">
        <ele>213.09</ele>
      </trkpt>
      <trkpt lat="-44.90732" lon="167.91265">
        <ele>212.55</ele>
      </trkpt>
      <trkpt lat="-44.90728" lon="167.91266">
        <ele>211.86</ele>
      </trkpt>
      <trkpt lat="-44.90722" lon="167.91265">
        <ele>211.32</ele>
      </trkpt>
      <trkpt lat="-44.90716" lon="167.91266">
        <ele>211.53</ele>
      </trkpt>
      <trkpt lat="-44.9071" lon="167.91263">
        <ele>212.57</ele>
      </trkpt>
      <trkpt lat="-44.90705" lon="167.91261">
        <ele>213.39</ele>
      </trkpt>
      <trkpt lat="-44.90699" lon="167.91259">
        <ele>214.35</ele>
      </trkpt>
      <trkpt lat="-44.90694" lon="167.91256">
        <ele>215.49</ele>
      </trkpt>
      <trkpt lat="-44.90688" lon="167.91254">
        <ele>215.83</ele>
      </trkpt>
      <trkpt lat="-44.90682" lon="167.91254">
        <ele>215.68</ele>
      </trkpt>
      <trkpt lat="-44.90676" lon="167.91254">
        <ele>215.52</ele>
      </trkpt>
      <trkpt lat="-44.9067" lon="167.91253">
        <ele>215.34</ele>
      </trkpt>
      <trkpt lat="-44.90663" lon="167.91255">
        <ele>215.51</ele>
      </trkpt>
      <trkpt lat="-44.90658" lon="167.91256">
        <ele>215.72</ele>
      </trkpt>
      <trkpt lat="-44.90656" lon="167.91256">
        <ele>215.79</ele>
      </trkpt>
      <trkpt lat="-44.9065" lon="167.91257">
        <ele>215.95</ele>
      </trkpt>
      <trkpt lat="-44.90644" lon="167.91257">
        <ele>216.11</ele>
      </trkpt>
      <trkpt lat="-44.90637" lon="167.91257">
        <ele>216.35</ele>
      </trkpt>
      <trkpt lat="-44.90631" lon="167.91256">
        <ele>216.8</ele>
      </trkpt>
      <trkpt lat="-44.90626" lon="167.91254">
        <ele>217.36</ele>
      </trkpt>
      <trkpt lat="-44.9062" lon="167.91252">
        <ele>218.05</ele>
      </trkpt>
      <trkpt lat="-44.90614" lon="167.91252">
        <ele>218.45</ele>
      </trkpt>
      <trkpt lat="-44.90608" lon="167.91251">
        <ele>218.5</ele>
      </trkpt>
      <trkpt lat="-44.90602" lon="167.91249">
        <ele>217.94</ele>
      </trkpt>
      <trkpt lat="-44.90596" lon="167.91249">
        <ele>217.3</ele>
      </trkpt>
      <trkpt lat="-44.9059" lon="167.91248">
        <ele>216.58</ele>
      </trkpt>
      <trkpt lat="-44.90584" lon="167.91248">
        <ele>215.93</ele>
      </trkpt>
      <trkpt lat="-44.90578" lon="167.91247">
        <ele>215.61</ele>
      </trkpt>
      <trkpt lat="-44.90572" lon="167.91247">
        <ele>215.42</ele>
      </trkpt>
      <trkpt lat="-44.90565" lon="167.91248">
        <ele>215.24</ele>
      </trkpt>
      <trkpt lat="-44.9056" lon="167.91245">
        <ele>214.95</ele>
      </trkpt>
      <trkpt lat="-44.90555" lon="167.91242">
        <ele>214.75</ele>
      </trkpt>
      <trkpt lat="-44.9055" lon="167.91235">
        <ele>214.86</ele>
      </trkpt>
      <trkpt lat="-44.90546" lon="167.91229">
        <ele>214.93</ele>
      </trkpt>
      <trkpt lat="-44.90543" lon="167.91222">
        <ele>214.91</ele>
      </trkpt>
      <trkpt lat="-44.9054" lon="167.91214">
        <ele>215.42</ele>
      </trkpt>
      <trkpt lat="-44.90539" lon="167.91206">
        <ele>215.78</ele>
      </trkpt>
      <trkpt lat="-44.90539" lon="167.91198">
        <ele>216.06</ele>
      </trkpt>
      <trkpt lat="-44.90539" lon="167.9119">
        <ele>216.54</ele>
      </trkpt>
      <trkpt lat="-44.9054" lon="167.91181">
        <ele>217.15</ele>
      </trkpt>
      <trkpt lat="-44.90538" lon="167.91174">
        <ele>217.93</ele>
      </trkpt>
      <trkpt lat="-44.90534" lon="167.91166">
        <ele>219.11</ele>
      </trkpt>
      <trkpt lat="-44.90531" lon="167.91159">
        <ele>219.6</ele>
      </trkpt>
      <trkpt lat="-44.90528" lon="167.91151">
        <ele>219.98</ele>
      </trkpt>
      <trkpt lat="-44.90527" lon="167.91143">
        <ele>220.06</ele>
      </trkpt>
      <trkpt lat="-44.90526" lon="167.91135">
        <ele>220.38</ele>
      </trkpt>
      <trkpt lat="-44.90526" lon="167.91127">
        <ele>220.9</ele>
      </trkpt>
      <trkpt lat="-44.90525" lon="167.91119">
        <ele>221.42</ele>
      </trkpt>
      <trkpt lat="-44.90525" lon="167.91111">
        <ele>221.91</ele>
      </trkpt>
      <trkpt lat="-44.90524" lon="167.91103">
        <ele>222.66</ele>
      </trkpt>
      <trkpt lat="-44.90525" lon="167.91094">
        <ele>223.62</ele>
      </trkpt>
      <trkpt lat="-44.90529" lon="167.91088">
        <ele>224.23</ele>
      </trkpt>
      <trkpt lat="-44.90533" lon="167.91081">
        <ele>224.07</ele>
      </trkpt>
      <trkpt lat="-44.90536" lon="167.91074">
        <ele>224.09</ele>
      </trkpt>
      <trkpt lat="-44.9054" lon="167.91067">
        <ele>224.05</ele>
      </trkpt>
      <trkpt lat="-44.90541" lon="167.91058">
        <ele>224.84</ele>
      </trkpt>
      <trkpt lat="-44.90543" lon="167.9105">
        <ele>225.16</ele>
      </trkpt>
      <trkpt lat="-44.90542" lon="167.91042">
        <ele>225.71</ele>
      </trkpt>
      <trkpt lat="-44.90542" lon="167.91034">
        <ele>226.16</ele>
      </trkpt>
      <trkpt lat="-44.90541" lon="167.91026">
        <ele>226.53</ele>
      </trkpt>
      <trkpt lat="-44.90541" lon="167.91017">
        <ele>226.81</ele>
      </trkpt>
      <trkpt lat="-44.9054" lon="167.91009">
        <ele>226.87</ele>
      </trkpt>
      <trkpt lat="-44.90538" lon="167.91002">
        <ele>226.56</ele>
      </trkpt>
      <trkpt lat="-44.90537" lon="167.90994">
        <ele>226.18</ele>
      </trkpt>
      <trkpt lat="-44.90535" lon="167.90986">
        <ele>225.45</ele>
      </trkpt>
      <trkpt lat="-44.90536" lon="167.90977">
        <ele>225.49</ele>
      </trkpt>
      <trkpt lat="-44.90538" lon="167.90969">
        <ele>225.93</ele>
      </trkpt>
      <trkpt lat="-44.90542" lon="167.90961">
        <ele>226.88</ele>
      </trkpt>
      <trkpt lat="-44.90545" lon="167.90954">
        <ele>227.4</ele>
      </trkpt>
      <trkpt lat="-44.90549" lon="167.90947">
        <ele>227.94</ele>
      </trkpt>
      <trkpt lat="-44.90552" lon="167.9094">
        <ele>227.94</ele>
      </trkpt>
      <trkpt lat="-44.90556" lon="167.90932">
        <ele>227.56</ele>
      </trkpt>
      <trkpt lat="-44.90558" lon="167.90924">
        <ele>226.22</ele>
      </trkpt>
      <trkpt lat="-44.90561" lon="167.90915">
        <ele>224.44</ele>
      </trkpt>
      <trkpt lat="-44.90562" lon="167.90906">
        <ele>223.13</ele>
      </trkpt>
      <trkpt lat="-44.90564" lon="167.90898">
        <ele>221.65</ele>
      </trkpt>
      <trkpt lat="-44.90565" lon="167.90889">
        <ele>220.29</ele>
      </trkpt>
      <trkpt lat="-44.90565" lon="167.90881">
        <ele>219.81</ele>
      </trkpt>
      <trkpt lat="-44.90565" lon="167.90873">
        <ele>219.33</ele>
      </trkpt>
      <trkpt lat="-44.90567" lon="167.90865">
        <ele>218.34</ele>
      </trkpt>
      <trkpt lat="-44.90567" lon="167.90856">
        <ele>218.05</ele>
      </trkpt>
      <trkpt lat="-44.9057" lon="167.90849">
        <ele>217.39</ele>
      </trkpt>
      <trkpt lat="-44.90573" lon="167.90841">
        <ele>216.97</ele>
      </trkpt>
      <trkpt lat="-44.90575" lon="167.90838">
        <ele>216.77</ele>
      </trkpt>
      <trkpt lat="-44.90575" lon="167.90839">
        <ele>216.74</ele>
      </trkpt>
      <trkpt lat="-44.90575" lon="167.90838">
        <ele>216.77</ele>
      </trkpt>
      <trkpt lat="-44.90573" lon="167.90841">
        <ele>216.97</ele>
      </trkpt>
      <trkpt lat="-44.9057" lon="167.90849">
        <ele>217.39</ele>
      </trkpt>
      <trkpt lat="-44.90567" lon="167.90856">
        <ele>218.05</ele>
      </trkpt>
      <trkpt lat="-44.90567" lon="167.90865">
        <ele>218.34</ele>
      </trkpt>
      <trkpt lat="-44.90565" lon="167.90873">
        <ele>219.33</ele>
      </trkpt>
      <trkpt lat="-44.90565" lon="167.90881">
        <ele>219.81</ele>
      </trkpt>
      <trkpt lat="-44.90565" lon="167.90889">
        <ele>220.29</ele>
      </trkpt>
      <trkpt lat="-44.90564" lon="167.90898">
        <ele>221.65</ele>
      </trkpt>
      <trkpt lat="-44.90562" lon="167.90906">
        <ele>223.13</ele>
      </trkpt>
      <trkpt lat="-44.90561" lon="167.90915">
        <ele>224.44</ele>
      </trkpt>
      <trkpt lat="-44.90558" lon="167.90924">
        <ele>226.22</ele>
      </trkpt>
      <trkpt lat="-44.90556" lon="167.90932">
        <ele>227.56</ele>
      </trkpt>
      <trkpt lat="-44.90552" lon="167.9094">
        <ele>227.94</ele>
      </trkpt>
      <trkpt lat="-44.90549" lon="167.90947">
        <ele>227.94</ele>
      </trkpt>
      <trkpt lat="-44.90545" lon="167.90954">
        <ele>227.4</ele>
      </trkpt>
      <trkpt lat="-44.90542" lon="167.90961">
        <ele>226.88</ele>
      </trkpt>
      <trkpt lat="-44.90538" lon="167.90969">
        <ele>225.93</ele>
      </trkpt>
      <trkpt lat="-44.90536" lon="167.90977">
        <ele>225.49</ele>
      </trkpt>
      <trkpt lat="-44.90535" lon="167.90986">
        <ele>225.45</ele>
      </trkpt>
      <trkpt lat="-44.90537" lon="167.90994">
        <ele>226.18</ele>
      </trkpt>
      <trkpt lat="-44.90538" lon="167.91002">
        <ele>226.56</ele>
      </trkpt>
      <trkpt lat="-44.9054" lon="167.91009">
        <ele>226.87</ele>
      </trkpt>
      <trkpt lat="-44.90541" lon="167.91017">
        <ele>226.81</ele>
      </trkpt>
      <trkpt lat="-44.90541" lon="167.91026">
        <ele>226.53</ele>
      </trkpt>
      <trkpt lat="-44.90542" lon="167.91034">
        <ele>226.16</ele>
      </trkpt>
      <trkpt lat="-44.90542" lon="167.91042">
        <ele>225.71</ele>
      </trkpt>
      <trkpt lat="-44.90543" lon="167.9105">
        <ele>225.16</ele>
      </trkpt>
      <trkpt lat="-44.90541" lon="167.91058">
        <ele>224.84</ele>
      </trkpt>
      <trkpt lat="-44.9054" lon="167.91067">
        <ele>224.05</ele>
      </trkpt>
      <trkpt lat="-44.90536" lon="167.91074">
        <ele>224.09</ele>
      </trkpt>
      <trkpt lat="-44.90533" lon="167.91081">
        <ele>224.07</ele>
      </trkpt>
      <trkpt lat="-44.90528" lon="167.91086">
        <ele>224.66</ele>
      </trkpt>
      <trkpt lat="-44.90521" lon="167.91087">
        <ele>223.94</ele>
      </trkpt>
      <trkpt lat="-44.90515" lon="167.91086">
        <ele>223.42</ele>
      </trkpt>
      <trkpt lat="-44.9051" lon="167.91081">
        <ele>223.19</ele>
      </trkpt>
      <trkpt lat="-44.90508" lon="167.91073">
        <ele>223.34</ele>
      </trkpt>
      <trkpt lat="-44.90507" lon="167.9107">
        <ele>223.36</ele>
      </trkpt>
      <trkpt lat="-44.90506" lon="167.91066">
        <ele>223.41</ele>
      </trkpt>
      <trkpt lat="-44.90504" lon="167.91058">
        <ele>223.48</ele>
      </trkpt>
      <trkpt lat="-44.90501" lon="167.9105">
        <ele>223.33</ele>
      </trkpt>
      <trkpt lat="-44.90497" lon="167.91043">
        <ele>223.08</ele>
      </trkpt>
      <trkpt lat="-44.90493" lon="167.91035">
        <ele>222.8</ele>
      </trkpt>
      <trkpt lat="-44.90489" lon="167.91028">
        <ele>222.41</ele>
      </trkpt>
      <trkpt lat="-44.90486" lon="167.9102">
        <ele>221.85</ele>
      </trkpt>
      <trkpt lat="-44.90484" lon="167.91013">
        <ele>221.47</ele>
      </trkpt>
      <trkpt lat="-44.90481" lon="167.91005">
        <ele>221.0</ele>
      </trkpt>
      <trkpt lat="-44.90478" lon="167.90997">
        <ele>220.58</ele>
      </trkpt>
      <trkpt lat="-44.90476" lon="167.9099">
        <ele>220.31</ele>
      </trkpt>
      <trkpt lat="-44.90472" lon="167.90982">
        <ele>220.0</ele>
      </trkpt>
      <trkpt lat="-44.90468" lon="167.90975">
        <ele>220.02</ele>
      </trkpt>
      <trkpt lat="-44.90464" lon="167.90968">
        <ele>219.96</ele>
      </trkpt>
      <trkpt lat="-44.9046" lon="167.9096">
        <ele>219.81</ele>
      </trkpt>
      <trkpt lat="-44.90459" lon="167.9096">
        <ele>219.79</ele>
      </trkpt>
      <trkpt lat="-44.90456" lon="167.90953">
        <ele>219.6</ele>
      </trkpt>
      <trkpt lat="-44.90452" lon="167.90946">
        <ele>219.31</ele>
      </trkpt>
      <trkpt lat="-44.90448" lon="167.90938">
        <ele>219.33</ele>
      </trkpt>
      <trkpt lat="-44.90444" lon="167.90931">
        <ele>219.5</ele>
      </trkpt>
      <trkpt lat="-44.9044" lon="167.90923">
        <ele>219.84</ele>
      </trkpt>
      <trkpt lat="-44.90436" lon="167.90916">
        <ele>220.02</ele>
      </trkpt>
      <trkpt lat="-44.90431" lon="167.9091">
        <ele>220.12</ele>
      </trkpt>
      <trkpt lat="-44.90427" lon="167.90905">
        <ele>220.16</ele>
      </trkpt>
      <trkpt lat="-44.90422" lon="167.90899">
        <ele>220.12</ele>
      </trkpt>
      <trkpt lat="-44.90418" lon="167.90894">
        <ele>220.04</ele>
      </trkpt>
      <trkpt lat="-44.90413" lon="167.90888">
        <ele>220.42</ele>
      </trkpt>
      <trkpt lat="-44.90409" lon="167.90881">
        <ele>220.96</ele>
      </trkpt>
      <trkpt lat="-44.90407" lon="167.90873">
        <ele>221.22</ele>
      </trkpt>
      <trkpt lat="-44.90404" lon="167.90865">
        <ele>221.44</ele>
      </trkpt>
      <trkpt lat="-44.90401" lon="167.90858">
        <ele>221.56</ele>
      </trkpt>
      <trkpt lat="-44.904" lon="167.9085">
        <ele>221.6</ele>
      </trkpt>
      <trkpt lat="-44.90399" lon="167.90842">
        <ele>221.64</ele>
      </trkpt>
      <trkpt lat="-44.90396" lon="167.90834">
        <ele>221.74</ele>
      </trkpt>
      <trkpt lat="-44.90395" lon="167.90826">
        <ele>221.78</ele>
      </trkpt>
      <trkpt lat="-44.90394" lon="167.90818">
        <ele>221.82</ele>
      </trkpt>
      <trkpt lat="-44.90391" lon="167.90811">
        <ele>221.92</ele>
      </trkpt>
      <trkpt lat="-44.90388" lon="167.90803">
        <ele>222.21</ele>
      </trkpt>
      <trkpt lat="-44.90387" lon="167.90795">
        <ele>222.78</ele>
      </trkpt>
      <trkpt lat="-44.90384" lon="167.90787">
        <ele>223.28</ele>
      </trkpt>
      <trkpt lat="-44.90382" lon="167.9078">
        <ele>223.63</ele>
      </trkpt>
      <trkpt lat="-44.9038" lon="167.90772">
        <ele>223.96</ele>
      </trkpt>
      <trkpt lat="-44.90379" lon="167.90764">
        <ele>224.28</ele>
      </trkpt>
      <trkpt lat="-44.90376" lon="167.90756">
        <ele>224.38</ele>
      </trkpt>
      <trkpt lat="-44.90375" lon="167.90748">
        <ele>224.54</ele>
      </trkpt>
      <trkpt lat="-44.90374" lon="167.9074">
        <ele>224.56</ele>
      </trkpt>
      <trkpt lat="-44.90371" lon="167.90733">
        <ele>224.29</ele>
      </trkpt>
      <trkpt lat="-44.90368" lon="167.90725">
        <ele>223.97</ele>
      </trkpt>
      <trkpt lat="-44.90367" lon="167.90717">
        <ele>223.96</ele>
      </trkpt>
      <trkpt lat="-44.90363" lon="167.9071">
        <ele>223.65</ele>
      </trkpt>
      <trkpt lat="-44.90363" lon="167.90707">
        <ele>223.75</ele>
      </trkpt>
      <trkpt lat="-44.90363" lon="167.90702">
        <ele>223.9</ele>
      </trkpt>
      <trkpt lat="-44.90362" lon="167.90694">
        <ele>224.08</ele>
      </trkpt>
      <trkpt lat="-44.90362" lon="167.90685">
        <ele>224.38</ele>
      </trkpt>
      <trkpt lat="-44.90362" lon="167.90677">
        <ele>224.65</ele>
      </trkpt>
      <trkpt lat="-44.90362" lon="167.90669">
        <ele>224.92</ele>
      </trkpt>
      <trkpt lat="-44.90363" lon="167.90661">
        <ele>224.99</ele>
      </trkpt>
      <trkpt lat="-44.9036" lon="167.90655">
        <ele>224.97</ele>
      </trkpt>
      <trkpt lat="-44.90355" lon="167.90651">
        <ele>224.75</ele>
      </trkpt>
      <trkpt lat="-44.9035" lon="167.90647">
        <ele>224.43</ele>
      </trkpt>
      <trkpt lat="-44.90348" lon="167.90639">
        <ele>224.06</ele>
      </trkpt>
      <trkpt lat="-44.90346" lon="167.90631">
        <ele>223.89</ele>
      </trkpt>
      <trkpt lat="-44.90343" lon="167.90624">
        <ele>223.53</ele>
      </trkpt>
      <trkpt lat="-44.90341" lon="167.90616">
        <ele>223.18</ele>
      </trkpt>
      <trkpt lat="-44.90338" lon="167.90608">
        <ele>222.5</ele>
      </trkpt>
      <trkpt lat="-44.90335" lon="167.90601">
        <ele>221.58</ele>
      </trkpt>
      <trkpt lat="-44.90333" lon="167.90593">
        <ele>220.74</ele>
      </trkpt>
      <trkpt lat="-44.9033" lon="167.90585">
        <ele>220.49</ele>
      </trkpt>
      <trkpt lat="-44.90329" lon="167.90578">
        <ele>220.41</ele>
      </trkpt>
      <trkpt lat="-44.90326" lon="167.9057">
        <ele>220.54</ele>
      </trkpt>
      <trkpt lat="-44.90323" lon="167.90562">
        <ele>220.54</ele>
      </trkpt>
      <trkpt lat="-44.90321" lon="167.90555">
        <ele>220.46</ele>
      </trkpt>
      <trkpt lat="-44.90318" lon="167.90547">
        <ele>220.66</ele>
      </trkpt>
      <trkpt lat="-44.90315" lon="167.90539">
        <ele>220.67</ele>
      </trkpt>
      <trkpt lat="-44.90312" lon="167.90532">
        <ele>220.51</ele>
      </trkpt>
      <trkpt lat="-44.90311" lon="167.90524">
        <ele>220.45</ele>
      </trkpt>
      <trkpt lat="-44.9031" lon="167.90516">
        <ele>220.46</ele>
      </trkpt>
      <trkpt lat="-44.90309" lon="167.90508">
        <ele>220.42</ele>
      </trkpt>
      <trkpt lat="-44.90308" lon="167.905">
        <ele>220.35</ele>
      </trkpt>
      <trkpt lat="-44.90306" lon="167.90492">
        <ele>219.78</ele>
      </trkpt>
      <trkpt lat="-44.90304" lon="167.90484">
        <ele>219.54</ele>
      </trkpt>
      <trkpt lat="-44.90303" lon="167.90479">
        <ele>219.43</ele>
      </trkpt>
      <trkpt lat="-44.90302" lon="167.90476">
        <ele>219.39</ele>
      </trkpt>
      <trkpt lat="-44.90301" lon="167.90469">
        <ele>219.52</ele>
      </trkpt>
      <trkpt lat="-44.90298" lon="167.90461">
        <ele>220.13</ele>
      </trkpt>
      <trkpt lat="-44.90296" lon="167.90453">
        <ele>220.6</ele>
      </trkpt>
      <trkpt lat="-44.90294" lon="167.90445">
        <ele>220.98</ele>
      </trkpt>
      <trkpt lat="-44.90292" lon="167.90438">
        <ele>221.59</ele>
      </trkpt>
      <trkpt lat="-44.9029" lon="167.9043">
        <ele>222.21</ele>
      </trkpt>
      <trkpt lat="-44.90287" lon="167.90424">
        <ele>222.47</ele>
      </trkpt>
      <trkpt lat="-44.90282" lon="167.9042">
        <ele>222.28</ele>
      </trkpt>
      <trkpt lat="-44.90278" lon="167.90414">
        <ele>222.41</ele>
      </trkpt>
      <trkpt lat="-44.90273" lon="167.9041">
        <ele>222.84</ele>
      </trkpt>
      <trkpt lat="-44.90268" lon="167.90405">
        <ele>223.24</ele>
      </trkpt>
      <trkpt lat="-44.90264" lon="167.90399">
        <ele>223.6</ele>
      </trkpt>
      <trkpt lat="-44.90259" lon="167.90394">
        <ele>223.61</ele>
      </trkpt>
      <trkpt lat="-44.90254" lon="167.90388">
        <ele>223.44</ele>
      </trkpt>
      <trkpt lat="-44.90251" lon="167.90381">
        <ele>223.12</ele>
      </trkpt>
      <trkpt lat="-44.90247" lon="167.90373">
        <ele>223.06</ele>
      </trkpt>
      <trkpt lat="-44.90243" lon="167.90366">
        <ele>223.21</ele>
      </trkpt>
      <trkpt lat="-44.90239" lon="167.90358">
        <ele>223.8</ele>
      </trkpt>
      <trkpt lat="-44.90236" lon="167.90351">
        <ele>224.59</ele>
      </trkpt>
      <trkpt lat="-44.90233" lon="167.90343">
        <ele>225.13</ele>
      </trkpt>
      <trkpt lat="-44.90231" lon="167.90336">
        <ele>225.4</ele>
      </trkpt>
      <trkpt lat="-44.90228" lon="167.90328">
        <ele>226.31</ele>
      </trkpt>
      <trkpt lat="-44.90228" lon="167.90327">
        <ele>226.55</ele>
      </trkpt>
      <trkpt lat="-44.90225" lon="167.9032">
        <ele>227.52</ele>
      </trkpt>
      <trkpt lat="-44.90223" lon="167.90313">
        <ele>228.59</ele>
      </trkpt>
      <trkpt lat="-44.90219" lon="167.90305">
        <ele>229.81</ele>
      </trkpt>
      <trkpt lat="-44.90219" lon="167.90297">
        <ele>232.01</ele>
      </trkpt>
      <trkpt lat="-44.90217" lon="167.90289">
        <ele>233.87</ele>
      </trkpt>
      <trkpt lat="-44.90217" lon="167.90281">
        <ele>236.01</ele>
      </trkpt>
      <trkpt lat="-44.90213" lon="167.90273">
        <ele>236.41</ele>
      </trkpt>
      <trkpt lat="-44.90212" lon="167.90266">
        <ele>236.8</ele>
      </trkpt>
      <trkpt lat="-44.90209" lon="167.90258">
        <ele>236.91</ele>
      </trkpt>
      <trkpt lat="-44.90208" lon="167.9025">
        <ele>237.44</ele>
      </trkpt>
      <trkpt lat="-44.90205" lon="167.90242">
        <ele>238.56</ele>
      </trkpt>
      <trkpt lat="-44.90201" lon="167.90237">
        <ele>238.74</ele>
      </trkpt>
      <trkpt lat="-44.90196" lon="167.90233">
        <ele>238.41</ele>
      </trkpt>
      <trkpt lat="-44.90191" lon="167.90227">
        <ele>238.89</ele>
      </trkpt>
      <trkpt lat="-44.90186" lon="167.90223">
        <ele>239.25</ele>
      </trkpt>
      <trkpt lat="-44.90182" lon="167.90218">
        <ele>239.83</ele>
      </trkpt>
      <trkpt lat="-44.90177" lon="167.90212">
        <ele>240.16</ele>
      </trkpt>
      <trkpt lat="-44.90173" lon="167.90206">
        <ele>240.29</ele>
      </trkpt>
      <trkpt lat="-44.90168" lon="167.90203">
        <ele>239.65</ele>
      </trkpt>
      <trkpt lat="-44.90163" lon="167.90197">
        <ele>239.55</ele>
      </trkpt>
      <trkpt lat="-44.90159" lon="167.90191">
        <ele>240.44</ele>
      </trkpt>
      <trkpt lat="-44.90154" lon="167.90187">
        <ele>241.23</ele>
      </trkpt>
      <trkpt lat="-44.90154" lon="167.90187">
        <ele>241.23</ele>
      </trkpt>
      <trkpt lat="-44.90149" lon="167.90184">
        <ele>241.74</ele>
      </trkpt>
      <trkpt lat="-44.90144" lon="167.9018">
        <ele>242.53</ele>
      </trkpt>
      <trkpt lat="-44.90138" lon="167.90176">
        <ele>243.35</ele>
      </trkpt>
      <trkpt lat="-44.90132" lon="167.90177">
        <ele>243.31</ele>
      </trkpt>
      <trkpt lat="-44.90126" lon="167.90177">
        <ele>243.55</ele>
      </trkpt>
      <trkpt lat="-44.9012" lon="167.90176">
        <ele>244.21</ele>
      </trkpt>
      <trkpt lat="-44.90113" lon="167.90176">
        <ele>244.54</ele>
      </trkpt>
      <trkpt lat="-44.90107" lon="167.90176">
        <ele>244.58</ele>
      </trkpt>
      <trkpt lat="-44.90101" lon="167.90175">
        <ele>244.95</ele>
      </trkpt>
      <trkpt lat="-44.90095" lon="167.90175">
        <ele>244.87</ele>
      </trkpt>
      <trkpt lat="-44.90088" lon="167.90176">
        <ele>244.36</ele>
      </trkpt>
      <trkpt lat="-44.90082" lon="167.90178">
        <ele>243.59</ele>
      </trkpt>
      <trkpt lat="-44.90075" lon="167.90179">
        <ele>243.65</ele>
      </trkpt>
      <trkpt lat="-44.90068" lon="167.9018">
        <ele>243.78</ele>
      </trkpt>
      <trkpt lat="-44.90062" lon="167.90182">
        <ele>243.62</ele>
      </trkpt>
      <trkpt lat="-44.90056" lon="167.90185">
        <ele>243.34</ele>
      </trkpt>
      <trkpt lat="-44.9005" lon="167.90187">
        <ele>243.32</ele>
      </trkpt>
      <trkpt lat="-44.90044" lon="167.9019">
        <ele>243.17</ele>
      </trkpt>
      <trkpt lat="-44.90039" lon="167.90195">
        <ele>242.71</ele>
      </trkpt>
      <trkpt lat="-44.90034" lon="167.90199">
        <ele>242.67</ele>
      </trkpt>
      <trkpt lat="-44.90029" lon="167.90203">
        <ele>242.64</ele>
      </trkpt>
      <trkpt lat="-44.90028" lon="167.90204">
        <ele>242.6</ele>
      </trkpt>
      <trkpt lat="-44.90024" lon="167.90208">
        <ele>242.32</ele>
      </trkpt>
      <trkpt lat="-44.90019" lon="167.90212">
        <ele>242.1</ele>
      </trkpt>
      <trkpt lat="-44.90014" lon="167.90216">
        <ele>241.89</ele>
      </trkpt>
      <trkpt lat="-44.90009" lon="167.90221">
        <ele>241.53</ele>
      </trkpt>
      <trkpt lat="-44.90003" lon="167.90223">
        <ele>241.7</ele>
      </trkpt>
      <trkpt lat="-44.89997" lon="167.90226">
        <ele>241.92</ele>
      </trkpt>
      <trkpt lat="-44.89991" lon="167.90229">
        <ele>242.24</ele>
      </trkpt>
      <trkpt lat="-44.89985" lon="167.90232">
        <ele>242.56</ele>
      </trkpt>
      <trkpt lat="-44.89979" lon="167.90234">
        <ele>243.0</ele>
      </trkpt>
      <trkpt lat="-44.89974" lon="167.90239">
        <ele>243.0</ele>
      </trkpt>
      <trkpt lat="-44.89969" lon="167.90243">
        <ele>243.1</ele>
      </trkpt>
      <trkpt lat="-44.89965" lon="167.90249">
        <ele>242.89</ele>
      </trkpt>
      <trkpt lat="-44.8996" lon="167.90254">
        <ele>243.1</ele>
      </trkpt>
      <trkpt lat="-44.89955" lon="167.90259">
        <ele>243.41</ele>
      </trkpt>
      <trkpt lat="-44.89949" lon="167.90261">
        <ele>244.05</ele>
      </trkpt>
      <trkpt lat="-44.89943" lon="167.90264">
        <ele>244.7</ele>
      </trkpt>
      <trkpt lat="-44.89936" lon="167.90265">
        <ele>245.65</ele>
      </trkpt>
      <trkpt lat="-44.8993" lon="167.90266">
        <ele>246.42</ele>
      </trkpt>
      <trkpt lat="-44.89923" lon="167.90268">
        <ele>247.21</ele>
      </trkpt>
      <trkpt lat="-44.89917" lon="167.90269">
        <ele>247.9</ele>
      </trkpt>
      <trkpt lat="-44.89912" lon="167.9027">
        <ele>247.84</ele>
      </trkpt>
      <trkpt lat="-44.8991" lon="167.9027">
        <ele>247.84</ele>
      </trkpt>
      <trkpt lat="-44.89903" lon="167.90272">
        <ele>247.62</ele>
      </trkpt>
      <trkpt lat="-44.89897" lon="167.90271">
        <ele>247.73</ele>
      </trkpt>
      <trkpt lat="-44.89891" lon="167.90272">
        <ele>247.62</ele>
      </trkpt>
      <trkpt lat="-44.89885" lon="167.90269">
        <ele>247.4</ele>
      </trkpt>
      <trkpt lat="-44.8988" lon="167.90267">
        <ele>246.83</ele>
      </trkpt>
      <trkpt lat="-44.89875" lon="167.90263">
        <ele>246.3</ele>
      </trkpt>
      <trkpt lat="-44.89869" lon="167.90261">
        <ele>245.37</ele>
      </trkpt>
      <trkpt lat="-44.89864" lon="167.90259">
        <ele>244.52</ele>
      </trkpt>
      <trkpt lat="-44.89858" lon="167.90257">
        <ele>243.3</ele>
      </trkpt>
      <trkpt lat="-44.89852" lon="167.90254">
        <ele>241.98</ele>
      </trkpt>
      <trkpt lat="-44.89847" lon="167.90252">
        <ele>240.92</ele>
      </trkpt>
      <trkpt lat="-44.89841" lon="167.9025">
        <ele>239.66</ele>
      </trkpt>
      <trkpt lat="-44.89836" lon="167.90246">
        <ele>238.86</ele>
      </trkpt>
      <trkpt lat="-44.89831" lon="167.90244">
        <ele>238.38</ele>
      </trkpt>
      <trkpt lat="-44.89826" lon="167.9024">
        <ele>238.43</ele>
      </trkpt>
      <trkpt lat="-44.8982" lon="167.90238">
        <ele>238.24</ele>
      </trkpt>
      <trkpt lat="-44.89815" lon="167.90233">
        <ele>238.01</ele>
      </trkpt>
      <trkpt lat="-44.89811" lon="167.90225">
        <ele>237.63</ele>
      </trkpt>
      <trkpt lat="-44.8981" lon="167.90217">
        <ele>237.51</ele>
      </trkpt>
      <trkpt lat="-44.89807" lon="167.9021">
        <ele>237.18</ele>
      </trkpt>
      <trkpt lat="-44.89806" lon="167.90202">
        <ele>237.06</ele>
      </trkpt>
      <trkpt lat="-44.89805" lon="167.90194">
        <ele>237.03</ele>
      </trkpt>
      <trkpt lat="-44.89803" lon="167.90186">
        <ele>237.52</ele>
      </trkpt>
      <trkpt lat="-44.89803" lon="167.90178">
        <ele>238.02</ele>
      </trkpt>
      <trkpt lat="-44.89804" lon="167.90169">
        <ele>238.68</ele>
      </trkpt>
      <trkpt lat="-44.89802" lon="167.90161">
        <ele>239.2</ele>
      </trkpt>
      <trkpt lat="-44.89802" lon="167.90153">
        <ele>240.03</ele>
      </trkpt>
      <trkpt lat="-44.89801" lon="167.90145">
        <ele>240.72</ele>
      </trkpt>
      <trkpt lat="-44.89798" lon="167.90138">
        <ele>240.99</ele>
      </trkpt>
      <trkpt lat="-44.89796" lon="167.9013">
        <ele>241.48</ele>
      </trkpt>
      <trkpt lat="-44.89793" lon="167.90122">
        <ele>241.96</ele>
      </trkpt>
      <trkpt lat="-44.89788" lon="167.90117">
        <ele>242.04</ele>
      </trkpt>
      <trkpt lat="-44.89784" lon="167.90111">
        <ele>242.47</ele>
      </trkpt>
      <trkpt lat="-44.89779" lon="167.90105">
        <ele>243.61</ele>
      </trkpt>
      <trkpt lat="-44.89775" lon="167.901">
        <ele>244.34</ele>
      </trkpt>
      <trkpt lat="-44.8977" lon="167.90096">
        <ele>244.36</ele>
      </trkpt>
      <trkpt lat="-44.89766" lon="167.90089">
        <ele>244.95</ele>
      </trkpt>
      <trkpt lat="-44.8976" lon="167.90086">
        <ele>244.09</ele>
      </trkpt>
      <trkpt lat="-44.89755" lon="167.90083">
        <ele>243.34</ele>
      </trkpt>
      <trkpt lat="-44.8975" lon="167.9008">
        <ele>242.84</ele>
      </trkpt>
      <trkpt lat="-44.89745" lon="167.90077">
        <ele>243.11</ele>
      </trkpt>
      <trkpt lat="-44.89739" lon="167.90074">
        <ele>243.16</ele>
      </trkpt>
      <trkpt lat="-44.89734" lon="167.90071">
        <ele>243.19</ele>
      </trkpt>
      <trkpt lat="-44.89728" lon="167.90068">
        <ele>242.97</ele>
      </trkpt>
      <trkpt lat="-44.89723" lon="167.90065">
        <ele>242.75</ele>
      </trkpt>
      <trkpt lat="-44.89718" lon="167.90061">
        <ele>242.82</ele>
      </trkpt>
      <trkpt lat="-44.89713" lon="167.90057">
        <ele>242.83</ele>
      </trkpt>
      <trkpt lat="-44.89708" lon="167.90053">
        <ele>242.83</ele>
      </trkpt>
      <trkpt lat="-44.89703" lon="167.90049">
        <ele>242.78</ele>
      </trkpt>
      <trkpt lat="-44.89698" lon="167.90045">
        <ele>242.62</ele>
      </trkpt>
      <trkpt lat="-44.89693" lon="167.90041">
        <ele>242.42</ele>
      </trkpt>
      <trkpt lat="-44.89688" lon="167.90037">
        <ele>242.31</ele>
      </trkpt>
      <trkpt lat="-44.89683" lon="167.90034">
        <ele>242.09</ele>
      </trkpt>
      <trkpt lat="-44.89678" lon="167.90028">
        <ele>242.2</ele>
      </trkpt>
      <trkpt lat="-44.89676" lon="167.90026">
        <ele>242.18</ele>
      </trkpt>
      <trkpt lat="-44.89674" lon="167.90022">
        <ele>242.36</ele>
      </trkpt>
      <trkpt lat="-44.89669" lon="167.90018">
        <ele>242.28</ele>
      </trkpt>
      <trkpt lat="-44.89664" lon="167.90013">
        <ele>242.26</ele>
      </trkpt>
      <trkpt lat="-44.8966" lon="167.90007">
        <ele>242.46</ele>
      </trkpt>
      <trkpt lat="-44.89655" lon="167.90003">
        <ele>242.37</ele>
      </trkpt>
      <trkpt lat="-44.8965" lon="167.89999">
        <ele>242.29</ele>
      </trkpt>
      <trkpt lat="-44.89645" lon="167.89996">
        <ele>242.06</ele>
      </trkpt>
      <trkpt lat="-44.89639" lon="167.89992">
        <ele>241.87</ele>
      </trkpt>
      <trkpt lat="-44.89634" lon="167.89989">
        <ele>241.34</ele>
      </trkpt>
      <trkpt lat="-44.8963" lon="167.89982">
        <ele>241.25</ele>
      </trkpt>
      <trkpt lat="-44.89625" lon="167.89978">
        <ele>240.58</ele>
      </trkpt>
      <trkpt lat="-44.89621" lon="167.89971">
        <ele>240.25</ele>
      </trkpt>
      <trkpt lat="-44.89615" lon="167.89969">
        <ele>239.17</ele>
      </trkpt>
      <trkpt lat="-44.8961" lon="167.89965">
        <ele>238.67</ele>
      </trkpt>
      <trkpt lat="-44.89605" lon="167.89961">
        <ele>238.51</ele>
      </trkpt>
      <trkpt lat="-44.896" lon="167.89957">
        <ele>238.19</ele>
      </trkpt>
      <trkpt lat="-44.89595" lon="167.89953">
        <ele>237.71</ele>
      </trkpt>
      <trkpt lat="-44.89591" lon="167.89948">
        <ele>237.27</ele>
      </trkpt>
      <trkpt lat="-44.89586" lon="167.89944">
        <ele>236.51</ele>
      </trkpt>
      <trkpt lat="-44.8958" lon="167.8994">
        <ele>236.4</ele>
      </trkpt>
      <trkpt lat="-44.89576" lon="167.89934">
        <ele>236.82</ele>
      </trkpt>
      <trkpt lat="-44.89571" lon="167.8993">
        <ele>237.02</ele>
      </trkpt>
      <trkpt lat="-44.89566" lon="167.89927">
        <ele>237.1</ele>
      </trkpt>
      <trkpt lat="-44.89561" lon="167.89921">
        <ele>237.13</ele>
      </trkpt>
      <trkpt lat="-44.89557" lon="167.89917">
        <ele>237.05</ele>
      </trkpt>
      <trkpt lat="-44.89556" lon="167.89917">
        <ele>237.02</ele>
      </trkpt>
      <trkpt lat="-44.89551" lon="167.89913">
        <ele>237.73</ele>
      </trkpt>
      <trkpt lat="-44.89546" lon="167.89909">
        <ele>238.49</ele>
      </trkpt>
      <trkpt lat="-44.89541" lon="167.89905">
        <ele>239.19</ele>
      </trkpt>
      <trkpt lat="-44.89536" lon="167.89903">
        <ele>239.75</ele>
      </trkpt>
      <trkpt lat="-44.89532" lon="167.89896">
        <ele>240.4</ele>
      </trkpt>
      <trkpt lat="-44.89527" lon="167.8989">
        <ele>241.05</ele>
      </trkpt>
      <trkpt lat="-44.89523" lon="167.89883">
        <ele>241.87</ele>
      </trkpt>
      <trkpt lat="-44.89519" lon="167.89877">
        <ele>242.53</ele>
      </trkpt>
      <trkpt lat="-44.89514" lon="167.89872">
        <ele>243.1</ele>
      </trkpt>
      <trkpt lat="-44.89509" lon="167.89866">
        <ele>243.56</ele>
      </trkpt>
      <trkpt lat="-44.89505" lon="167.8986">
        <ele>243.87</ele>
      </trkpt>
      <trkpt lat="-44.895" lon="167.89857">
        <ele>244.15</ele>
      </trkpt>
      <trkpt lat="-44.89495" lon="167.89851">
        <ele>244.17</ele>
      </trkpt>
      <trkpt lat="-44.89491" lon="167.89845">
        <ele>244.02</ele>
      </trkpt>
      <trkpt lat="-44.89486" lon="167.89841">
        <ele>243.63</ele>
      </trkpt>
      <trkpt lat="-44.89481" lon="167.89838">
        <ele>243.12</ele>
      </trkpt>
      <trkpt lat="-44.89476" lon="167.89832">
        <ele>242.41</ele>
      </trkpt>
      <trkpt lat="-44.89472" lon="167.89826">
        <ele>242.0</ele>
      </trkpt>
      <trkpt lat="-44.89467" lon="167.89821">
        <ele>242.0</ele>
      </trkpt>
      <trkpt lat="-44.89463" lon="167.89815">
        <ele>242.0</ele>
      </trkpt>
      <trkpt lat="-44.89458" lon="167.89809">
        <ele>242.0</ele>
      </trkpt>
      <trkpt lat="-44.89454" lon="167.89804">
        <ele>241.91</ele>
      </trkpt>
      <trkpt lat="-44.89449" lon="167.89798">
        <ele>241.5</ele>
      </trkpt>
      <trkpt lat="-44.89444" lon="167.89794">
        <ele>241.13</ele>
      </trkpt>
      <trkpt lat="-44.8944" lon="167.89789">
        <ele>240.42</ele>
      </trkpt>
      <trkpt lat="-44.89438" lon="167.89786">
        <ele>240.06</ele>
      </trkpt>
      <trkpt lat="-44.89435" lon="167.89783">
        <ele>239.63</ele>
      </trkpt>
      <trkpt lat="-44.8943" lon="167.89779">
        <ele>239.03</ele>
      </trkpt>
      <trkpt lat="-44.89425" lon="167.89775">
        <ele>238.77</ele>
      </trkpt>
      <trkpt lat="-44.8942" lon="167.8977">
        <ele>238.77</ele>
      </trkpt>
      <trkpt lat="-44.89416" lon="167.89764">
        <ele>239.06</ele>
      </trkpt>
      <trkpt lat="-44.89411" lon="167.8976">
        <ele>239.83</ele>
      </trkpt>
      <trkpt lat="-44.89406" lon="167.89755">
        <ele>240.55</ele>
      </trkpt>
      <trkpt lat="-44.89402" lon="167.89749">
        <ele>241.11</ele>
      </trkpt>
      <trkpt lat="-44.89397" lon="167.89743">
        <ele>241.74</ele>
      </trkpt>
      <trkpt lat="-44.89392" lon="167.89739">
        <ele>242.22</ele>
      </trkpt>
      <trkpt lat="-44.89388" lon="167.89734">
        <ele>242.6</ele>
      </trkpt>
      <trkpt lat="-44.89383" lon="167.89728">
        <ele>242.88</ele>
      </trkpt>
      <trkpt lat="-44.89379" lon="167.89723">
        <ele>242.99</ele>
      </trkpt>
      <trkpt lat="-44.89374" lon="167.89717">
        <ele>243.52</ele>
      </trkpt>
      <trkpt lat="-44.8937" lon="167.8971">
        <ele>243.84</ele>
      </trkpt>
      <trkpt lat="-44.89366" lon="167.89702">
        <ele>243.77</ele>
      </trkpt>
      <trkpt lat="-44.89362" lon="167.89697">
        <ele>243.17</ele>
      </trkpt>
      <trkpt lat="-44.89357" lon="167.89691">
        <ele>243.13</ele>
      </trkpt>
      <trkpt lat="-44.89353" lon="167.89685">
        <ele>243.38</ele>
      </trkpt>
      <trkpt lat="-44.89348" lon="167.8968">
        <ele>243.15</ele>
      </trkpt>
      <trkpt lat="-44.89344" lon="167.89674">
        <ele>242.9</ele>
      </trkpt>
      <trkpt lat="-44.8934" lon="167.89667">
        <ele>242.43</ele>
      </trkpt>
      <trkpt lat="-44.89336" lon="167.89659">
        <ele>242.71</ele>
      </trkpt>
      <trkpt lat="-44.89331" lon="167.89654">
        <ele>242.58</ele>
      </trkpt>
      <trkpt lat="-44.89329" lon="167.89651">
        <ele>242.77</ele>
      </trkpt>
      <trkpt lat="-44.89327" lon="167.89648">
        <ele>242.93</ele>
      </trkpt>
      <trkpt lat="-44.89322" lon="167.89642">
        <ele>243.01</ele>
      </trkpt>
      <trkpt lat="-44.89318" lon="167.89637">
        <ele>243.24</ele>
      </trkpt>
      <trkpt lat="-44.89313" lon="167.89633">
        <ele>243.5</ele>
      </trkpt>
      <trkpt lat="-44.89308" lon="167.89627">
        <ele>244.31</ele>
      </trkpt>
      <trkpt lat="-44.89304" lon="167.89622">
        <ele>245.21</ele>
      </trkpt>
      <trkpt lat="-44.89298" lon="167.89618">
        <ele>245.92</ele>
      </trkpt>
      <trkpt lat="-44.89293" lon="167.89614">
        <ele>246.51</ele>
      </trkpt>
      <trkpt lat="-44.89289" lon="167.89608">
        <ele>247.68</ele>
      </trkpt>
      <trkpt lat="-44.89284" lon="167.89604">
        <ele>248.35</ele>
      </trkpt>
      <trkpt lat="-44.89279" lon="167.89601">
        <ele>248.67</ele>
      </trkpt>
      <trkpt lat="-44.89274" lon="167.89597">
        <ele>249.14</ele>
      </trkpt>
      <trkpt lat="-44.89269" lon="167.89593">
        <ele>249.42</ele>
      </trkpt>
      <trkpt lat="-44.89264" lon="167.89589">
        <ele>249.5</ele>
      </trkpt>
      <trkpt lat="-44.89259" lon="167.89585">
        <ele>249.36</ele>
      </trkpt>
      <trkpt lat="-44.89254" lon="167.89581">
        <ele>249.36</ele>
      </trkpt>
      <trkpt lat="-44.89248" lon="167.89577">
        <ele>249.14</ele>
      </trkpt>
      <trkpt lat="-44.89243" lon="167.89573">
        <ele>248.78</ele>
      </trkpt>
      <trkpt lat="-44.89238" lon="167.8957">
        <ele>247.96</ele>
      </trkpt>
      <trkpt lat="-44.89233" lon="167.89566">
        <ele>247.02</ele>
      </trkpt>
      <trkpt lat="-44.89229" lon="167.8956">
        <ele>246.29</ele>
      </trkpt>
      <trkpt lat="-44.89222" lon="167.89561">
        <ele>243.78</ele>
      </trkpt>
      <trkpt lat="-44.89217" lon="167.89559">
        <ele>243.36</ele>
      </trkpt>
      <trkpt lat="-44.8921" lon="167.89559">
        <ele>242.67</ele>
      </trkpt>
      <trkpt lat="-44.89204" lon="167.89559">
        <ele>242.07</ele>
      </trkpt>
      <trkpt lat="-44.89198" lon="167.89558">
        <ele>241.45</ele>
      </trkpt>
      <trkpt lat="-44.89193" lon="167.89556">
        <ele>240.96</ele>
      </trkpt>
      <trkpt lat="-44.89186" lon="167.89557">
        <ele>240.75</ele>
      </trkpt>
      <trkpt lat="-44.89181" lon="167.89553">
        <ele>240.66</ele>
      </trkpt>
      <trkpt lat="-44.89175" lon="167.89551">
        <ele>240.51</ele>
      </trkpt>
      <trkpt lat="-44.8917" lon="167.89547">
        <ele>240.46</ele>
      </trkpt>
      <trkpt lat="-44.89165" lon="167.89545">
        <ele>240.1</ele>
      </trkpt>
      <trkpt lat="-44.8916" lon="167.89541">
        <ele>239.45</ele>
      </trkpt>
      <trkpt lat="-44.89154" lon="167.89539">
        <ele>238.59</ele>
      </trkpt>
      <trkpt lat="-44.89149" lon="167.89535">
        <ele>238.03</ele>
      </trkpt>
      <trkpt lat="-44.89143" lon="167.89533">
        <ele>237.24</ele>
      </trkpt>
      <trkpt lat="-44.89138" lon="167.89529">
        <ele>236.91</ele>
      </trkpt>
      <trkpt lat="-44.89133" lon="167.89527">
        <ele>237.11</ele>
      </trkpt>
      <trkpt lat="-44.89128" lon="167.89523">
        <ele>237.69</ele>
      </trkpt>
      <trkpt lat="-44.89122" lon="167.89521">
        <ele>237.98</ele>
      </trkpt>
      <trkpt lat="-44.89118" lon="167.89514">
        <ele>238.98</ele>
      </trkpt>
      <trkpt lat="-44.89114" lon="167.89508">
        <ele>239.85</ele>
      </trkpt>
      <trkpt lat="-44.8911" lon="167.89501">
        <ele>240.9</ele>
      </trkpt>
      <trkpt lat="-44.89106" lon="167.89494">
        <ele>242.22</ele>
      </trkpt>
      <trkpt lat="-44.89101" lon="167.89488">
        <ele>243.37</ele>
      </trkpt>
      <trkpt lat="-44.89097" lon="167.89481">
        <ele>244.58</ele>
      </trkpt>
      <trkpt lat="-44.89092" lon="167.89478">
        <ele>245.1</ele>
      </trkpt>
      <trkpt lat="-44.89086" lon="167.89475">
        <ele>245.59</ele>
      </trkpt>
      <trkpt lat="-44.89081" lon="167.89472">
        <ele>245.94</ele>
      </trkpt>
      <trkpt lat="-44.89077" lon="167.89465">
        <ele>246.55</ele>
      </trkpt>
      <trkpt lat="-44.89072" lon="167.89461">
        <ele>246.8</ele>
      </trkpt>
      <trkpt lat="-44.89068" lon="167.89454">
        <ele>247.42</ele>
      </trkpt>
      <trkpt lat="-44.89062" lon="167.89453">
        <ele>247.31</ele>
      </trkpt>
      <trkpt lat="-44.89056" lon="167.89451">
        <ele>247.31</ele>
      </trkpt>
      <trkpt lat="-44.8905" lon="167.89451">
        <ele>246.99</ele>
      </trkpt>
      <trkpt lat="-44.89044" lon="167.89449">
        <ele>246.81</ele>
      </trkpt>
      <trkpt lat="-44.89038" lon="167.8945">
        <ele>246.39</ele>
      </trkpt>
      <trkpt lat="-44.89033" lon="167.89455">
        <ele>245.85</ele>
      </trkpt>
      <trkpt lat="-44.89027" lon="167.89457">
        <ele>245.53</ele>
      </trkpt>
      <trkpt lat="-44.89021" lon="167.8946">
        <ele>245.33</ele>
      </trkpt>
      <trkpt lat="-44.89015" lon="167.89463">
        <ele>245.18</ele>
      </trkpt>
      <trkpt lat="-44.89008" lon="167.89464">
        <ele>245.09</ele>
      </trkpt>
      <trkpt lat="-44.89006" lon="167.89465">
        <ele>245.06</ele>
      </trkpt>
      <trkpt lat="-44.89002" lon="167.89466">
        <ele>245.02</ele>
      </trkpt>
      <trkpt lat="-44.88996" lon="167.89465">
        <ele>245.18</ele>
      </trkpt>
      <trkpt lat="-44.88989" lon="167.89466">
        <ele>245.48</ele>
      </trkpt>
      <trkpt lat="-44.88984" lon="167.89463">
        <ele>245.77</ele>
      </trkpt>
      <trkpt lat="-44.88979" lon="167.89459">
        <ele>246.12</ele>
      </trkpt>
      <trkpt lat="-44.88974" lon="167.89455">
        <ele>246.52</ele>
      </trkpt>
      <trkpt lat="-44.88969" lon="167.89451">
        <ele>246.85</ele>
      </trkpt>
      <trkpt lat="-44.88964" lon="167.89446">
        <ele>246.99</ele>
      </trkpt>
      <trkpt lat="-44.8896" lon="167.8944">
        <ele>247.09</ele>
      </trkpt>
      <trkpt lat="-44.88955" lon="167.89436">
        <ele>247.12</ele>
      </trkpt>
      <trkpt lat="-44.8895" lon="167.89431">
        <ele>247.1</ele>
      </trkpt>
      <trkpt lat="-44.88946" lon="167.89425">
        <ele>247.04</ele>
      </trkpt>
      <trkpt lat="-44.88941" lon="167.89419">
        <ele>245.95</ele>
      </trkpt>
      <trkpt lat="-44.88936" lon="167.89415">
        <ele>244.39</ele>
      </trkpt>
      <trkpt lat="-44.88932" lon="167.8941">
        <ele>243.37</ele>
      </trkpt>
      <trkpt lat="-44.88927" lon="167.89404">
        <ele>241.86</ele>
      </trkpt>
      <trkpt lat="-44.88923" lon="167.89399">
        <ele>240.49</ele>
      </trkpt>
      <trkpt lat="-44.88918" lon="167.89393">
        <ele>238.55</ele>
      </trkpt>
      <trkpt lat="-44.88916" lon="167.8939">
        <ele>237.86</ele>
      </trkpt>
      <trkpt lat="-44.88913" lon="167.89387">
        <ele>237.34</ele>
      </trkpt>
      <trkpt lat="-44.88909" lon="167.89382">
        <ele>236.77</ele>
      </trkpt>
      <trkpt lat="-44.88904" lon="167.89376">
        <ele>235.98</ele>
      </trkpt>
      <trkpt lat="-44.889" lon="167.8937">
        <ele>235.35</ele>
      </trkpt>
      <trkpt lat="-44.88895" lon="167.89367">
        <ele>234.28</ele>
      </trkpt>
      <trkpt lat="-44.8889" lon="167.89361">
        <ele>233.3</ele>
      </trkpt>
      <trkpt lat="-44.88885" lon="167.89357">
        <ele>233.51</ele>
      </trkpt>
      <trkpt lat="-44.88882" lon="167.89351">
        <ele>234.09</ele>
      </trkpt>
      <trkpt lat="-44.88881" lon="167.89343">
        <ele>234.87</ele>
      </trkpt>
      <trkpt lat="-44.88878" lon="167.89336">
        <ele>235.2</ele>
      </trkpt>
      <trkpt lat="-44.88875" lon="167.89328">
        <ele>235.67</ele>
      </trkpt>
      <trkpt lat="-44.88872" lon="167.89321">
        <ele>236.27</ele>
      </trkpt>
      <trkpt lat="-44.88868" lon="167.89313">
        <ele>237.11</ele>
      </trkpt>
      <trkpt lat="-44.88864" lon="167.89306">
        <ele>238.03</ele>
      </trkpt>
      <trkpt lat="-44.8886" lon="167.89298">
        <ele>239.24</ele>
      </trkpt>
      <trkpt lat="-44.88856" lon="167.89291">
        <ele>240.74</ele>
      </trkpt>
      <trkpt lat="-44.88852" lon="167.89284">
        <ele>242.16</ele>
      </trkpt>
      <trkpt lat="-44.88848" lon="167.89276">
        <ele>243.33</ele>
      </trkpt>
      <trkpt lat="-44.88843" lon="167.89271">
        <ele>243.33</ele>
      </trkpt>
      <trkpt lat="-44.88839" lon="167.89265">
        <ele>242.74</ele>
      </trkpt>
      <trkpt lat="-44.88834" lon="167.89261">
        <ele>242.01</ele>
      </trkpt>
      <trkpt lat="-44.88829" lon="167.89256">
        <ele>241.86</ele>
      </trkpt>
      <trkpt lat="-44.88827" lon="167.89248">
        <ele>240.94</ele>
      </trkpt>
      <trkpt lat="-44.88825" lon="167.8924">
        <ele>240.53</ele>
      </trkpt>
      <trkpt lat="-44.88822" lon="167.89232">
        <ele>240.36</ele>
      </trkpt>
      <trkpt lat="-44.88821" lon="167.89224">
        <ele>239.83</ele>
      </trkpt>
      <trkpt lat="-44.88819" lon="167.89217">
        <ele>240.17</ele>
      </trkpt>
      <trkpt lat="-44.88818" lon="167.89217">
        <ele>240.34</ele>
      </trkpt>
      <trkpt lat="-44.88816" lon="167.89209">
        <ele>240.57</ele>
      </trkpt>
      <trkpt lat="-44.88813" lon="167.89201">
        <ele>240.53</ele>
      </trkpt>
      <trkpt lat="-44.8881" lon="167.89194">
        <ele>240.23</ele>
      </trkpt>
      <trkpt lat="-44.88808" lon="167.89186">
        <ele>241.33</ele>
      </trkpt>
      <trkpt lat="-44.88805" lon="167.89179">
        <ele>242.1</ele>
      </trkpt>
      <trkpt lat="-44.88803" lon="167.89171">
        <ele>242.63</ele>
      </trkpt>
      <trkpt lat="-44.888" lon="167.89163">
        <ele>242.65</ele>
      </trkpt>
      <trkpt lat="-44.88799" lon="167.89155">
        <ele>243.26</ele>
      </trkpt>
      <trkpt lat="-44.88795" lon="167.89148">
        <ele>242.5</ele>
      </trkpt>
      <trkpt lat="-44.88795" lon="167.8914">
        <ele>243.33</ele>
      </trkpt>
      <trkpt lat="-44.88793" lon="167.89132">
        <ele>242.64</ele>
      </trkpt>
      <trkpt lat="-44.88792" lon="167.89124">
        <ele>242.38</ele>
      </trkpt>
      <trkpt lat="-44.88791" lon="167.89116">
        <ele>242.22</ele>
      </trkpt>
      <trkpt lat="-44.88791" lon="167.89108">
        <ele>242.49</ele>
      </trkpt>
      <trkpt lat="-44.88789" lon="167.891">
        <ele>242.24</ele>
      </trkpt>
      <trkpt lat="-44.88789" lon="167.89092">
        <ele>242.53</ele>
      </trkpt>
      <trkpt lat="-44.88791" lon="167.89083">
        <ele>243.75</ele>
      </trkpt>
      <trkpt lat="-44.88791" lon="167.89075">
        <ele>244.6</ele>
      </trkpt>
      <trkpt lat="-44.88791" lon="167.89067">
        <ele>245.45</ele>
      </trkpt>
      <trkpt lat="-44.88791" lon="167.89059">
        <ele>246.3</ele>
      </trkpt>
      <trkpt lat="-44.88791" lon="167.8905">
        <ele>249.55</ele>
      </trkpt>
      <trkpt lat="-44.88789" lon="167.89042">
        <ele>252.59</ele>
      </trkpt>
      <trkpt lat="-44.88789" lon="167.89034">
        <ele>256.68</ele>
      </trkpt>
      <trkpt lat="-44.88785" lon="167.89027">
        <ele>257.55</ele>
      </trkpt>
      <trkpt lat="-44.88784" lon="167.89019">
        <ele>258.25</ele>
      </trkpt>
      <trkpt lat="-44.88781" lon="167.89011">
        <ele>257.85</ele>
      </trkpt>
      <trkpt lat="-44.8878" lon="167.89005">
        <ele>258.33</ele>
      </trkpt>
      <trkpt lat="-44.88779" lon="167.89004">
        <ele>257.95</ele>
      </trkpt>
      <trkpt lat="-44.88777" lon="167.88996">
        <ele>259.17</ele>
      </trkpt>
      <trkpt lat="-44.88774" lon="167.88988">
        <ele>260.31</ele>
      </trkpt>
      <trkpt lat="-44.88768" lon="167.88985">
        <ele>257.51</ele>
      </trkpt>
      <trkpt lat="-44.88764" lon="167.88979">
        <ele>255.34</ele>
      </trkpt>
      <trkpt lat="-44.88759" lon="167.88973">
        <ele>251.16</ele>
      </trkpt>
      <trkpt lat="-44.88755" lon="167.88968">
        <ele>247.98</ele>
      </trkpt>
      <trkpt lat="-44.88751" lon="167.8896">
        <ele>245.24</ele>
      </trkpt>
      <trkpt lat="-44.88748" lon="167.88953">
        <ele>244.64</ele>
      </trkpt>
      <trkpt lat="-44.88746" lon="167.88945">
        <ele>244.94</ele>
      </trkpt>
      <trkpt lat="-44.88743" lon="167.88937">
        <ele>244.57</ele>
      </trkpt>
      <trkpt lat="-44.8874" lon="167.8893">
        <ele>243.96</ele>
      </trkpt>
      <trkpt lat="-44.88739" lon="167.88922">
        <ele>243.88</ele>
      </trkpt>
      <trkpt lat="-44.88735" lon="167.88914">
        <ele>242.78</ele>
      </trkpt>
      <trkpt lat="-44.88735" lon="167.88906">
        <ele>243.31</ele>
      </trkpt>
      <trkpt lat="-44.88734" lon="167.88898">
        <ele>243.38</ele>
      </trkpt>
      <trkpt lat="-44.88734" lon="167.8889">
        <ele>243.87</ele>
      </trkpt>
      <trkpt lat="-44.88732" lon="167.88882">
        <ele>243.34</ele>
      </trkpt>
      <trkpt lat="-44.88732" lon="167.88874">
        <ele>243.81</ele>
      </trkpt>
      <trkpt lat="-44.88728" lon="167.88867">
        <ele>242.32</ele>
      </trkpt>
      <trkpt lat="-44.88726" lon="167.88859">
        <ele>241.92</ele>
      </trkpt>
      <trkpt lat="-44.88723" lon="167.88851">
        <ele>240.8</ele>
      </trkpt>
      <trkpt lat="-44.88719" lon="167.88844">
        <ele>240.11</ele>
      </trkpt>
      <trkpt lat="-44.88719" lon="167.88838">
        <ele>240.35</ele>
      </trkpt>
      <trkpt lat="-44.88719" lon="167.88836">
        <ele>240.43</ele>
      </trkpt>
      <trkpt lat="-44.88718" lon="167.88828">
        <ele>241.32</ele>
      </trkpt>
      <trkpt lat="-44.88716" lon="167.8882">
        <ele>242.4</ele>
      </trkpt>
      <trkpt lat="-44.88715" lon="167.88812">
        <ele>243.6</ele>
      </trkpt>
      <trkpt lat="-44.88714" lon="167.88804">
        <ele>244.91</ele>
      </trkpt>
      <trkpt lat="-44.88711" lon="167.88796">
        <ele>246.46</ele>
      </trkpt>
      <trkpt lat="-44.88709" lon="167.88789">
        <ele>248.05</ele>
      </trkpt>
      <trkpt lat="-44.88706" lon="167.88781">
        <ele>249.93</ele>
      </trkpt>
      <trkpt lat="-44.88702" lon="167.88774">
        <ele>251.14</ele>
      </trkpt>
      <trkpt lat="-44.88699" lon="167.88766">
        <ele>251.95</ele>
      </trkpt>
      <trkpt lat="-44.88697" lon="167.88758">
        <ele>252.65</ele>
      </trkpt>
      <trkpt lat="-44.88694" lon="167.88751">
        <ele>252.8</ele>
      </trkpt>
      <trkpt lat="-44.88693" lon="167.88743">
        <ele>251.95</ele>
      </trkpt>
      <trkpt lat="-44.88691" lon="167.88735">
        <ele>250.7</ele>
      </trkpt>
      <trkpt lat="-44.88689" lon="167.88727">
        <ele>249.5</ele>
      </trkpt>
      <trkpt lat="-44.88686" lon="167.8872">
        <ele>248.46</ele>
      </trkpt>
      <trkpt lat="-44.88683" lon="167.88712">
        <ele>247.7</ele>
      </trkpt>
      <trkpt lat="-44.88679" lon="167.88705">
        <ele>246.46</ele>
      </trkpt>
      <trkpt lat="-44.88675" lon="167.88697">
        <ele>244.87</ele>
      </trkpt>
      <trkpt lat="-44.88671" lon="167.8869">
        <ele>243.68</ele>
      </trkpt>
      <trkpt lat="-44.88669" lon="167.88682">
        <ele>243.17</ele>
      </trkpt>
      <trkpt lat="-44.8867" lon="167.88674">
        <ele>244.05</ele>
      </trkpt>
      <trkpt lat="-44.8867" lon="167.88666">
        <ele>244.51</ele>
      </trkpt>
      <trkpt lat="-44.88671" lon="167.88657">
        <ele>246.82</ele>
      </trkpt>
      <trkpt lat="-44.88672" lon="167.88654">
        <ele>248.26</ele>
      </trkpt>
      <trkpt lat="-44.88673" lon="167.88649">
        <ele>250.21</ele>
      </trkpt>
      <trkpt lat="-44.88674" lon="167.8864">
        <ele>253.2</ele>
      </trkpt>
      <trkpt lat="-44.88675" lon="167.88632">
        <ele>255.15</ele>
      </trkpt>
      <trkpt lat="-44.88678" lon="167.88623">
        <ele>258.94</ele>
      </trkpt>
      <trkpt lat="-44.88677" lon="167.88615">
        <ele>258.42</ele>
      </trkpt>
      <trkpt lat="-44.88676" lon="167.88607">
        <ele>258.43</ele>
      </trkpt>
      <trkpt lat="-44.88674" lon="167.88599">
        <ele>257.93</ele>
      </trkpt>
      <trkpt lat="-44.88673" lon="167.88591">
        <ele>258.38</ele>
      </trkpt>
      <trkpt lat="-44.8867" lon="167.88584">
        <ele>256.88</ele>
      </trkpt>
      <trkpt lat="-44.88669" lon="167.88576">
        <ele>258.15</ele>
      </trkpt>
      <trkpt lat="-44.88668" lon="167.88568">
        <ele>259.54</ele>
      </trkpt>
      <trkpt lat="-44.88665" lon="167.8856">
        <ele>260.06</ele>
      </trkpt>
      <trkpt lat="-44.88662" lon="167.88552">
        <ele>260.96</ele>
      </trkpt>
      <trkpt lat="-44.8866" lon="167.88545">
        <ele>261.82</ele>
      </trkpt>
      <trkpt lat="-44.88656" lon="167.88537">
        <ele>262.3</ele>
      </trkpt>
      <trkpt lat="-44.88652" lon="167.8853">
        <ele>262.68</ele>
      </trkpt>
      <trkpt lat="-44.88648" lon="167.88523">
        <ele>263.27</ele>
      </trkpt>
      <trkpt lat="-44.88644" lon="167.88515">
        <ele>264.05</ele>
      </trkpt>
      <trkpt lat="-44.88641" lon="167.88508">
        <ele>264.78</ele>
      </trkpt>
      <trkpt lat="-44.88637" lon="167.885">
        <ele>265.18</ele>
      </trkpt>
      <trkpt lat="-44.88637" lon="167.88492">
        <ele>266.3</ele>
      </trkpt>
      <trkpt lat="-44.88636" lon="167.88484">
        <ele>266.94</ele>
      </trkpt>
      <trkpt lat="-44.88636" lon="167.88476">
        <ele>268.03</ele>
      </trkpt>
      <trkpt lat="-44.88634" lon="167.88468">
        <ele>268.24</ele>
      </trkpt>
      <trkpt lat="-44.88634" lon="167.8846">
        <ele>269.58</ele>
      </trkpt>
      <trkpt lat="-44.88633" lon="167.88452">
        <ele>270.36</ele>
      </trkpt>
      <trkpt lat="-44.88633" lon="167.88444">
        <ele>271.68</ele>
      </trkpt>
      <trkpt lat="-44.88629" lon="167.88436">
        <ele>270.37</ele>
      </trkpt>
      <trkpt lat="-44.88628" lon="167.88428">
        <ele>270.66</ele>
      </trkpt>
      <trkpt lat="-44.88625" lon="167.88421">
        <ele>269.11</ele>
      </trkpt>
      <trkpt lat="-44.88623" lon="167.88415">
        <ele>268.14</ele>
      </trkpt>
      <trkpt lat="-44.88623" lon="167.88413">
        <ele>268.5</ele>
      </trkpt>
      <trkpt lat="-44.8862" lon="167.88405">
        <ele>267.46</ele>
      </trkpt>
      <trkpt lat="-44.88617" lon="167.88398">
        <ele>266.24</ele>
      </trkpt>
      <trkpt lat="-44.88615" lon="167.8839">
        <ele>266.02</ele>
      </trkpt>
      <trkpt lat="-44.88611" lon="167.88383">
        <ele>264.46</ele>
      </trkpt>
      <trkpt lat="-44.88611" lon="167.88375">
        <ele>266.47</ele>
      </trkpt>
      <trkpt lat="-44.88609" lon="167.88367">
        <ele>267.88</ele>
      </trkpt>
      <trkpt lat="-44.88608" lon="167.88359">
        <ele>270.1</ele>
      </trkpt>
      <trkpt lat="-44.88607" lon="167.88351">
        <ele>273.79</ele>
      </trkpt>
      <trkpt lat="-44.88605" lon="167.88343">
        <ele>276.59</ele>
      </trkpt>
      <trkpt lat="-44.88603" lon="167.88335">
        <ele>278.84</ele>
      </trkpt>
      <trkpt lat="-44.886" lon="167.88328">
        <ele>277.58</ele>
      </trkpt>
      <trkpt lat="-44.88597" lon="167.8832">
        <ele>275.78</ele>
      </trkpt>
      <trkpt lat="-44.88593" lon="167.88313">
        <ele>273.12</ele>
      </trkpt>
      <trkpt lat="-44.88589" lon="167.88307">
        <ele>270.38</ele>
      </trkpt>
      <trkpt lat="-44.88585" lon="167.883">
        <ele>268.07</ele>
      </trkpt>
      <trkpt lat="-44.88579" lon="167.88297">
        <ele>265.98</ele>
      </trkpt>
      <trkpt lat="-44.88574" lon="167.88295">
        <ele>264.83</ele>
      </trkpt>
      <trkpt lat="-44.88568" lon="167.88293">
        <ele>263.39</ele>
      </trkpt>
      <trkpt lat="-44.88563" lon="167.88291">
        <ele>262.24</ele>
      </trkpt>
      <trkpt lat="-44.88556" lon="167.88291">
        <ele>260.22</ele>
      </trkpt>
      <trkpt lat="-44.88551" lon="167.88289">
        <ele>259.53</ele>
      </trkpt>
      <trkpt lat="-44.88545" lon="167.88288">
        <ele>258.53</ele>
      </trkpt>
      <trkpt lat="-44.8854" lon="167.88283">
        <ele>258.1</ele>
      </trkpt>
      <trkpt lat="-44.88536" lon="167.88275">
        <ele>258.08</ele>
      </trkpt>
      <trkpt lat="-44.88535" lon="167.88272">
        <ele>258.18</ele>
      </trkpt>
      <trkpt lat="-44.88532" lon="167.88268">
        <ele>257.97</ele>
      </trkpt>
      <trkpt lat="-44.88528" lon="167.8826">
        <ele>257.97</ele>
      </trkpt>
      <trkpt lat="-44.88524" lon="167.88255">
        <ele>258.19</ele>
      </trkpt>
      <trkpt lat="-44.88518" lon="167.88254">
        <ele>257.86</ele>
      </trkpt>
      <trkpt lat="-44.88512" lon="167.88254">
        <ele>257.43</ele>
      </trkpt>
      <trkpt lat="-44.88507" lon="167.88248">
        <ele>257.65</ele>
      </trkpt>
      <trkpt lat="-44.88503" lon="167.88241">
        <ele>257.68</ele>
      </trkpt>
      <trkpt lat="-44.88499" lon="167.88234">
        <ele>257.44</ele>
      </trkpt>
      <trkpt lat="-44.88495" lon="167.88226">
        <ele>257.28</ele>
      </trkpt>
      <trkpt lat="-44.88491" lon="167.88219">
        <ele>257.1</ele>
      </trkpt>
      <trkpt lat="-44.88488" lon="167.88211">
        <ele>257.05</ele>
      </trkpt>
      <trkpt lat="-44.88486" lon="167.88204">
        <ele>257.15</ele>
      </trkpt>
      <trkpt lat="-44.88483" lon="167.88196">
        <ele>257.32</ele>
      </trkpt>
      <trkpt lat="-44.8848" lon="167.88188">
        <ele>257.45</ele>
      </trkpt>
      <trkpt lat="-44.88479" lon="167.8818">
        <ele>257.64</ele>
      </trkpt>
      <trkpt lat="-44.88476" lon="167.88173">
        <ele>257.8</ele>
      </trkpt>
      <trkpt lat="-44.88474" lon="167.88165">
        <ele>258.0</ele>
      </trkpt>
      <trkpt lat="-44.88472" lon="167.88157">
        <ele>257.97</ele>
      </trkpt>
      <trkpt lat="-44.88472" lon="167.88157">
        <ele>257.97</ele>
      </trkpt>
      <trkpt lat="-44.88471" lon="167.88149">
        <ele>257.88</ele>
      </trkpt>
      <trkpt lat="-44.8847" lon="167.88141">
        <ele>257.83</ele>
      </trkpt>
      <trkpt lat="-44.88468" lon="167.88133">
        <ele>257.7</ele>
      </trkpt>
      <trkpt lat="-44.88467" lon="167.88126">
        <ele>257.62</ele>
      </trkpt>
      <trkpt lat="-44.88466" lon="167.88118">
        <ele>257.55</ele>
      </trkpt>
      <trkpt lat="-44.88463" lon="167.8811">
        <ele>257.36</ele>
      </trkpt>
      <trkpt lat="-44.88465" lon="167.88101">
        <ele>257.75</ele>
      </trkpt>
      <trkpt lat="-44.88467" lon="167.88093">
        <ele>258.15</ele>
      </trkpt>
      <trkpt lat="-44.88471" lon="167.88085">
        <ele>258.81</ele>
      </trkpt>
      <trkpt lat="-44.88474" lon="167.88077">
        <ele>259.19</ele>
      </trkpt>
      <trkpt lat="-44.88478" lon="167.88072">
        <ele>259.37</ele>
      </trkpt>
      <trkpt lat="-44.88483" lon="167.88067">
        <ele>259.66</ele>
      </trkpt>
      <trkpt lat="-44.88488" lon="167.88062">
        <ele>260.07</ele>
      </trkpt>
      <trkpt lat="-44.88491" lon="167.88055">
        <ele>260.73</ele>
      </trkpt>
      <trkpt lat="-44.88492" lon="167.88047">
        <ele>261.55</ele>
      </trkpt>
      <trkpt lat="-44.88491" lon="167.88039">
        <ele>262.27</ele>
      </trkpt>
      <trkpt lat="-44.88491" lon="167.8803">
        <ele>263.14</ele>
      </trkpt>
      <trkpt lat="-44.88487" lon="167.88023">
        <ele>263.25</ele>
      </trkpt>
      <trkpt lat="-44.88485" lon="167.88015">
        <ele>263.34</ele>
      </trkpt>
      <trkpt lat="-44.88481" lon="167.88008">
        <ele>263.08</ele>
      </trkpt>
      <trkpt lat="-44.88477" lon="167.88001">
        <ele>262.68</ele>
      </trkpt>
      <trkpt lat="-44.88472" lon="167.87996">
        <ele>261.64</ele>
      </trkpt>
      <trkpt lat="-44.88466" lon="167.87995">
        <ele>259.66</ele>
      </trkpt>
      <trkpt lat="-44.8846" lon="167.87994">
        <ele>257.7</ele>
      </trkpt>
      <trkpt lat="-44.88457" lon="167.87988">
        <ele>256.44</ele>
      </trkpt>
      <trkpt lat="-44.88455" lon="167.8798">
        <ele>255.43</ele>
      </trkpt>
      <trkpt lat="-44.88454" lon="167.87973">
        <ele>254.79</ele>
      </trkpt>
      <trkpt lat="-44.88454" lon="167.87973">
        <ele>254.79</ele>
      </trkpt>
      <trkpt lat="-44.88452" lon="167.87965">
        <ele>254.32</ele>
      </trkpt>
      <trkpt lat="-44.88454" lon="167.87956">
        <ele>255.15</ele>
      </trkpt>
      <trkpt lat="-44.88454" lon="167.87948">
        <ele>255.35</ele>
      </trkpt>
      <trkpt lat="-44.88456" lon="167.87939">
        <ele>256.52</ele>
      </trkpt>
      <trkpt lat="-44.88455" lon="167.87931">
        <ele>256.65</ele>
      </trkpt>
      <trkpt lat="-44.88455" lon="167.87923">
        <ele>257.16</ele>
      </trkpt>
      <trkpt lat="-44.88454" lon="167.87915">
        <ele>257.31</ele>
      </trkpt>
      <trkpt lat="-44.88454" lon="167.87907">
        <ele>258.17</ele>
      </trkpt>
      <trkpt lat="-44.8845" lon="167.879">
        <ele>257.2</ele>
      </trkpt>
      <trkpt lat="-44.88449" lon="167.87892">
        <ele>257.63</ele>
      </trkpt>
      <trkpt lat="-44.88446" lon="167.87884">
        <ele>257.69</ele>
      </trkpt>
      <trkpt lat="-44.88444" lon="167.87876">
        <ele>258.72</ele>
      </trkpt>
      <trkpt lat="-44.88441" lon="167.87869">
        <ele>259.8</ele>
      </trkpt>
      <trkpt lat="-44.88438" lon="167.87861">
        <ele>261.09</ele>
      </trkpt>
      <trkpt lat="-44.88436" lon="167.87853">
        <ele>261.95</ele>
      </trkpt>
      <trkpt lat="-44.88433" lon="167.87846">
        <ele>262.53</ele>
      </trkpt>
      <trkpt lat="-44.88432" lon="167.87844">
        <ele>262.67</ele>
      </trkpt>
      <trkpt lat="-44.8843" lon="167.87838">
        <ele>263.25</ele>
      </trkpt>
      <trkpt lat="-44.88428" lon="167.8783">
        <ele>263.94</ele>
      </trkpt>
      <trkpt lat="-44.88425" lon="167.87823">
        <ele>264.2</ele>
      </trkpt>
      <trkpt lat="-44.88422" lon="167.87815">
        <ele>264.62</ele>
      </trkpt>
      <trkpt lat="-44.8842" lon="167.87808">
        <ele>265.11</ele>
      </trkpt>
      <trkpt lat="-44.88417" lon="167.878">
        <ele>265.24</ele>
      </trkpt>
      <trkpt lat="-44.88414" lon="167.87792">
        <ele>265.06</ele>
      </trkpt>
      <trkpt lat="-44.88412" lon="167.87785">
        <ele>264.94</ele>
      </trkpt>
      <trkpt lat="-44.88409" lon="167.87777">
        <ele>264.61</ele>
      </trkpt>
      <trkpt lat="-44.88405" lon="167.87769">
        <ele>263.77</ele>
      </trkpt>
      <trkpt lat="-44.88405" lon="167.87761">
        <ele>263.65</ele>
      </trkpt>
      <trkpt lat="-44.88404" lon="167.87753">
        <ele>263.31</ele>
      </trkpt>
      <trkpt lat="-44.88402" lon="167.87746">
        <ele>262.96</ele>
      </trkpt>
      <trkpt lat="-44.88401" lon="167.87738">
        <ele>262.94</ele>
      </trkpt>
      <trkpt lat="-44.884" lon="167.8773">
        <ele>262.83</ele>
      </trkpt>
      <trkpt lat="-44.88398" lon="167.87722">
        <ele>262.3</ele>
      </trkpt>
      <trkpt lat="-44.88397" lon="167.87714">
        <ele>262.72</ele>
      </trkpt>
      <trkpt lat="-44.88397" lon="167.87706">
        <ele>263.5</ele>
      </trkpt>
      <trkpt lat="-44.88396" lon="167.87698">
        <ele>263.95</ele>
      </trkpt>
      <trkpt lat="-44.88396" lon="167.8769">
        <ele>264.26</ele>
      </trkpt>
      <trkpt lat="-44.88396" lon="167.87681">
        <ele>264.18</ele>
      </trkpt>
      <trkpt lat="-44.88396" lon="167.87673">
        <ele>264.11</ele>
      </trkpt>
      <trkpt lat="-44.88396" lon="167.87665">
        <ele>264.21</ele>
      </trkpt>
      <trkpt lat="-44.88396" lon="167.87659">
        <ele>264.81</ele>
      </trkpt>
      <trkpt lat="-44.88396" lon="167.87657">
        <ele>265.0</ele>
      </trkpt>
      <trkpt lat="-44.88396" lon="167.87649">
        <ele>265.79</ele>
      </trkpt>
      <trkpt lat="-44.88396" lon="167.8764">
        <ele>266.68</ele>
      </trkpt>
      <trkpt lat="-44.88396" lon="167.87632">
        <ele>268.1</ele>
      </trkpt>
      <trkpt lat="-44.88396" lon="167.87624">
        <ele>269.61</ele>
      </trkpt>
      <trkpt lat="-44.88396" lon="167.87616">
        <ele>271.12</ele>
      </trkpt>
      <trkpt lat="-44.88396" lon="167.87608">
        <ele>272.02</ele>
      </trkpt>
      <trkpt lat="-44.88395" lon="167.876">
        <ele>271.67</ele>
      </trkpt>
      <trkpt lat="-44.88395" lon="167.87591">
        <ele>271.6</ele>
      </trkpt>
      <trkpt lat="-44.88393" lon="167.87584">
        <ele>271.04</ele>
      </trkpt>
      <trkpt lat="-44.88393" lon="167.87575">
        <ele>271.55</ele>
      </trkpt>
      <trkpt lat="-44.88392" lon="167.87567">
        <ele>271.83</ele>
      </trkpt>
      <trkpt lat="-44.88395" lon="167.87559">
        <ele>272.91</ele>
      </trkpt>
      <trkpt lat="-44.88395" lon="167.8755">
        <ele>273.7</ele>
      </trkpt>
      <trkpt lat="-44.88396" lon="167.87542">
        <ele>274.74</ele>
      </trkpt>
      <trkpt lat="-44.88397" lon="167.87534">
        <ele>275.79</ele>
      </trkpt>
      <trkpt lat="-44.88399" lon="167.87525">
        <ele>276.99</ele>
      </trkpt>
      <trkpt lat="-44.884" lon="167.87517">
        <ele>277.7</ele>
      </trkpt>
      <trkpt lat="-44.88403" lon="167.87508">
        <ele>278.98</ele>
      </trkpt>
      <trkpt lat="-44.88406" lon="167.87501">
        <ele>280.23</ele>
      </trkpt>
      <trkpt lat="-44.88411" lon="167.875">
        <ele>281.57</ele>
      </trkpt>
      <trkpt lat="-44.88417" lon="167.87502">
        <ele>282.87</ele>
      </trkpt>
      <trkpt lat="-44.88423" lon="167.87504">
        <ele>284.16</ele>
      </trkpt>
      <trkpt lat="-44.88429" lon="167.87502">
        <ele>285.89</ele>
      </trkpt>
      <trkpt lat="-44.88433" lon="167.87499">
        <ele>287.22</ele>
      </trkpt>
      <trkpt lat="-44.88434" lon="167.87493">
        <ele>288.12</ele>
      </trkpt>
      <trkpt lat="-44.88433" lon="167.87485">
        <ele>288.74</ele>
      </trkpt>
      <trkpt lat="-44.88431" lon="167.87477">
        <ele>289.1</ele>
      </trkpt>
      <trkpt lat="-44.88429" lon="167.8747">
        <ele>289.46</ele>
      </trkpt>
      <trkpt lat="-44.88428" lon="167.87462">
        <ele>290.48</ele>
      </trkpt>
      <trkpt lat="-44.88428" lon="167.87461">
        <ele>290.64</ele>
      </trkpt>
      <trkpt lat="-44.88428" lon="167.87453">
        <ele>291.91</ele>
      </trkpt>
      <trkpt lat="-44.88428" lon="167.87445">
        <ele>293.18</ele>
      </trkpt>
      <trkpt lat="-44.88428" lon="167.87437">
        <ele>293.27</ele>
      </trkpt>
      <trkpt lat="-44.88428" lon="167.87429">
        <ele>293.29</ele>
      </trkpt>
      <trkpt lat="-44.88428" lon="167.87421">
        <ele>293.3</ele>
      </trkpt>
      <trkpt lat="-44.88427" lon="167.87413">
        <ele>292.67</ele>
      </trkpt>
      <trkpt lat="-44.88427" lon="167.87405">
        <ele>292.32</ele>
      </trkpt>
      <trkpt lat="-44.88426" lon="167.87397">
        <ele>291.65</ele>
      </trkpt>
      <trkpt lat="-44.88425" lon="167.87388">
        <ele>291.03</ele>
      </trkpt>
      <trkpt lat="-44.88423" lon="167.87381">
        <ele>289.94</ele>
      </trkpt>
      <trkpt lat="-44.88419" lon="167.87373">
        <ele>288.02</ele>
      </trkpt>
      <trkpt lat="-44.88414" lon="167.8737">
        <ele>286.06</ele>
      </trkpt>
      <trkpt lat="-44.88409" lon="167.87364">
        <ele>283.61</ele>
      </trkpt>
      <trkpt lat="-44.88405" lon="167.87358">
        <ele>281.82</ele>
      </trkpt>
      <trkpt lat="-44.884" lon="167.87354">
        <ele>279.95</ele>
      </trkpt>
      <trkpt lat="-44.88396" lon="167.87347">
        <ele>278.31</ele>
      </trkpt>
      <trkpt lat="-44.8839" lon="167.87347">
        <ele>275.93</ele>
      </trkpt>
      <trkpt lat="-44.88384" lon="167.87346">
        <ele>275.62</ele>
      </trkpt>
      <trkpt lat="-44.88379" lon="167.87341">
        <ele>275.47</ele>
      </trkpt>
      <trkpt lat="-44.88375" lon="167.87333">
        <ele>275.02</ele>
      </trkpt>
      <trkpt lat="-44.88371" lon="167.87326">
        <ele>275.3</ele>
      </trkpt>
      <trkpt lat="-44.88367" lon="167.87319">
        <ele>275.14</ele>
      </trkpt>
      <trkpt lat="-44.88363" lon="167.87311">
        <ele>274.52</ele>
      </trkpt>
      <trkpt lat="-44.88359" lon="167.87304">
        <ele>274.53</ele>
      </trkpt>
      <trkpt lat="-44.88355" lon="167.87296">
        <ele>276.26</ele>
      </trkpt>
      <trkpt lat="-44.88351" lon="167.87289">
        <ele>277.84</ele>
      </trkpt>
      <trkpt lat="-44.88346" lon="167.87284">
        <ele>279.28</ele>
      </trkpt>
      <trkpt lat="-44.8834" lon="167.87283">
        <ele>280.29</ele>
      </trkpt>
      <trkpt lat="-44.88334" lon="167.87282">
        <ele>281.3</ele>
      </trkpt>
      <trkpt lat="-44.8833" lon="167.87277">
        <ele>282.47</ele>
      </trkpt>
      <trkpt lat="-44.88326" lon="167.8727">
        <ele>283.76</ele>
      </trkpt>
      <trkpt lat="-44.88325" lon="167.87262">
        <ele>284.83</ele>
      </trkpt>
      <trkpt lat="-44.88322" lon="167.87254">
        <ele>285.95</ele>
      </trkpt>
      <trkpt lat="-44.88321" lon="167.87246">
        <ele>287.05</ele>
      </trkpt>
      <trkpt lat="-44.88321" lon="167.87238">
        <ele>288.27</ele>
      </trkpt>
      <trkpt lat="-44.88319" lon="167.8723">
        <ele>289.35</ele>
      </trkpt>
      <trkpt lat="-44.8832" lon="167.87222">
        <ele>290.58</ele>
      </trkpt>
      <trkpt lat="-44.88317" lon="167.87214">
        <ele>290.83</ele>
      </trkpt>
      <trkpt lat="-44.88315" lon="167.87206">
        <ele>291.19</ele>
      </trkpt>
      <trkpt lat="-44.88312" lon="167.87199">
        <ele>291.37</ele>
      </trkpt>
      <trkpt lat="-44.88311" lon="167.87191">
        <ele>291.91</ele>
      </trkpt>
      <trkpt lat="-44.8831" lon="167.87183">
        <ele>292.58</ele>
      </trkpt>
      <trkpt lat="-44.8831" lon="167.87175">
        <ele>293.36</ele>
      </trkpt>
      <trkpt lat="-44.88309" lon="167.87167">
        <ele>294.09</ele>
      </trkpt>
      <trkpt lat="-44.88309" lon="167.87158">
        <ele>294.2</ele>
      </trkpt>
      <trkpt lat="-44.88307" lon="167.87151">
        <ele>294.11</ele>
      </trkpt>
      <trkpt lat="-44.88307" lon="167.87142">
        <ele>294.14</ele>
      </trkpt>
      <trkpt lat="-44.88303" lon="167.87135">
        <ele>293.61</ele>
      </trkpt>
      <trkpt lat="-44.88303" lon="167.87134">
        <ele>293.58</ele>
      </trkpt>
      <trkpt lat="-44.88302" lon="167.87127">
        <ele>293.3</ele>
      </trkpt>
      <trkpt lat="-44.88298" lon="167.8712">
        <ele>292.87</ele>
      </trkpt>
      <trkpt lat="-44.88298" lon="167.87111">
        <ele>292.72</ele>
      </trkpt>
      <trkpt lat="-44.88297" lon="167.87104">
        <ele>292.12</ele>
      </trkpt>
      <trkpt lat="-44.88297" lon="167.87095">
        <ele>291.4</ele>
      </trkpt>
      <trkpt lat="-44.88295" lon="167.87087">
        <ele>290.43</ele>
      </trkpt>
      <trkpt lat="-44.88295" lon="167.87079">
        <ele>290.28</ele>
      </trkpt>
      <trkpt lat="-44.88294" lon="167.87071">
        <ele>290.47</ele>
      </trkpt>
      <trkpt lat="-44.88293" lon="167.87063">
        <ele>290.73</ele>
      </trkpt>
      <trkpt lat="-44.88292" lon="167.87055">
        <ele>291.05</ele>
      </trkpt>
      <trkpt lat="-44.8829" lon="167.87048">
        <ele>291.27</ele>
      </trkpt>
      <trkpt lat="-44.88289" lon="167.8704">
        <ele>291.59</ele>
      </trkpt>
      <trkpt lat="-44.88288" lon="167.87032">
        <ele>291.9</ele>
      </trkpt>
      <trkpt lat="-44.88286" lon="167.87024">
        <ele>292.39</ele>
      </trkpt>
      <trkpt lat="-44.88285" lon="167.87016">
        <ele>293.37</ele>
      </trkpt>
      <trkpt lat="-44.88283" lon="167.87008">
        <ele>294.28</ele>
      </trkpt>
      <trkpt lat="-44.88284" lon="167.87">
        <ele>295.45</ele>
      </trkpt>
      <trkpt lat="-44.88286" lon="167.86991">
        <ele>296.47</ele>
      </trkpt>
      <trkpt lat="-44.88288" lon="167.86983">
        <ele>297.35</ele>
      </trkpt>
      <trkpt lat="-44.88289" lon="167.86974">
        <ele>298.24</ele>
      </trkpt>
      <trkpt lat="-44.8829" lon="167.86966">
        <ele>298.09</ele>
      </trkpt>
      <trkpt lat="-44.88292" lon="167.86957">
        <ele>297.7</ele>
      </trkpt>
      <trkpt lat="-44.88293" lon="167.86949">
        <ele>297.33</ele>
      </trkpt>
      <trkpt lat="-44.88296" lon="167.8694">
        <ele>295.98</ele>
      </trkpt>
      <trkpt lat="-44.88298" lon="167.86934">
        <ele>294.28</ele>
      </trkpt>
      <trkpt lat="-44.88298" lon="167.86931">
        <ele>293.36</ele>
      </trkpt>
      <trkpt lat="-44.883" lon="167.86923">
        <ele>290.96</ele>
      </trkpt>
      <trkpt lat="-44.88302" lon="167.86914">
        <ele>288.96</ele>
      </trkpt>
      <trkpt lat="-44.88301" lon="167.86906">
        <ele>288.81</ele>
      </trkpt>
      <trkpt lat="-44.88301" lon="167.86898">
        <ele>288.67</ele>
      </trkpt>
      <trkpt lat="-44.883" lon="167.8689">
        <ele>288.42</ele>
      </trkpt>
      <trkpt lat="-44.88302" lon="167.86881">
        <ele>289.22</ele>
      </trkpt>
      <trkpt lat="-44.88304" lon="167.86873">
        <ele>290.01</ele>
      </trkpt>
      <trkpt lat="-44.88305" lon="167.86864">
        <ele>290.75</ele>
      </trkpt>
      <trkpt lat="-44.88307" lon="167.86856">
        <ele>292.44</ele>
      </trkpt>
      <trkpt lat="-44.88306" lon="167.86848">
        <ele>293.52</ele>
      </trkpt>
      <trkpt lat="-44.88306" lon="167.86839">
        <ele>295.14</ele>
      </trkpt>
      <trkpt lat="-44.88302" lon="167.86832">
        <ele>295.54</ele>
      </trkpt>
      <trkpt lat="-44.883" lon="167.86824">
        <ele>296.82</ele>
      </trkpt>
      <trkpt lat="-44.88295" lon="167.86819">
        <ele>296.35</ele>
      </trkpt>
      <trkpt lat="-44.88291" lon="167.86813">
        <ele>296.06</ele>
      </trkpt>
      <trkpt lat="-44.88288" lon="167.8681">
        <ele>295.43</ele>
      </trkpt>
      <trkpt lat="-44.88286" lon="167.86807">
        <ele>295.08</ele>
      </trkpt>
      <trkpt lat="-44.88282" lon="167.86802">
        <ele>294.11</ele>
      </trkpt>
      <trkpt lat="-44.88277" lon="167.86796">
        <ele>293.06</ele>
      </trkpt>
      <trkpt lat="-44.88273" lon="167.86789">
        <ele>293.82</ele>
      </trkpt>
      <trkpt lat="-44.88269" lon="167.86781">
        <ele>294.45</ele>
      </trkpt>
      <trkpt lat="-44.88265" lon="167.86774">
        <ele>294.7</ele>
      </trkpt>
      <trkpt lat="-44.88261" lon="167.86767">
        <ele>294.62</ele>
      </trkpt>
      <trkpt lat="-44.88257" lon="167.86759">
        <ele>294.26</ele>
      </trkpt>
      <trkpt lat="-44.88253" lon="167.86752">
        <ele>293.58</ele>
      </trkpt>
      <trkpt lat="-44.88249" lon="167.86745">
        <ele>293.4</ele>
      </trkpt>
      <trkpt lat="-44.88245" lon="167.86737">
        <ele>293.87</ele>
      </trkpt>
      <trkpt lat="-44.88241" lon="167.8673">
        <ele>293.92</ele>
      </trkpt>
      <trkpt lat="-44.88237" lon="167.86724">
        <ele>293.62</ele>
      </trkpt>
      <trkpt lat="-44.88232" lon="167.86719">
        <ele>293.02</ele>
      </trkpt>
      <trkpt lat="-44.88228" lon="167.86713">
        <ele>292.55</ele>
      </trkpt>
      <trkpt lat="-44.88223" lon="167.86707">
        <ele>292.07</ele>
      </trkpt>
      <trkpt lat="-44.88219" lon="167.86702">
        <ele>292.41</ele>
      </trkpt>
      <trkpt lat="-44.88215" lon="167.86694">
        <ele>292.8</ele>
      </trkpt>
      <trkpt lat="-44.88211" lon="167.86687">
        <ele>293.53</ele>
      </trkpt>
      <trkpt lat="-44.88208" lon="167.86679">
        <ele>294.08</ele>
      </trkpt>
      <trkpt lat="-44.88205" lon="167.86672">
        <ele>294.47</ele>
      </trkpt>
      <trkpt lat="-44.88203" lon="167.86664">
        <ele>294.77</ele>
      </trkpt>
      <trkpt lat="-44.88201" lon="167.8666">
        <ele>294.86</ele>
      </trkpt>
      <trkpt lat="-44.882" lon="167.86656">
        <ele>294.88</ele>
      </trkpt>
      <trkpt lat="-44.88197" lon="167.86649">
        <ele>294.62</ele>
      </trkpt>
      <trkpt lat="-44.88194" lon="167.86641">
        <ele>294.09</ele>
      </trkpt>
      <trkpt lat="-44.8819" lon="167.86634">
        <ele>294.22</ele>
      </trkpt>
      <trkpt lat="-44.88186" lon="167.86627">
        <ele>294.21</ele>
      </trkpt>
      <trkpt lat="-44.88182" lon="167.86619">
        <ele>293.88</ele>
      </trkpt>
      <trkpt lat="-44.88178" lon="167.86612">
        <ele>293.27</ele>
      </trkpt>
      <trkpt lat="-44.88173" lon="167.86606">
        <ele>292.85</ele>
      </trkpt>
      <trkpt lat="-44.88169" lon="167.86601">
        <ele>292.37</ele>
      </trkpt>
      <trkpt lat="-44.88164" lon="167.86595">
        <ele>292.45</ele>
      </trkpt>
      <trkpt lat="-44.8816" lon="167.86589">
        <ele>292.92</ele>
      </trkpt>
      <trkpt lat="-44.88155" lon="167.86584">
        <ele>293.3</ele>
      </trkpt>
      <trkpt lat="-44.88151" lon="167.86576">
        <ele>293.71</ele>
      </trkpt>
      <trkpt lat="-44.88148" lon="167.86569">
        <ele>293.65</ele>
      </trkpt>
      <trkpt lat="-44.88146" lon="167.86561">
        <ele>293.26</ele>
      </trkpt>
      <trkpt lat="-44.88143" lon="167.86553">
        <ele>292.68</ele>
      </trkpt>
      <trkpt lat="-44.8814" lon="167.86546">
        <ele>292.5</ele>
      </trkpt>
      <trkpt lat="-44.88138" lon="167.86538">
        <ele>292.71</ele>
      </trkpt>
      <trkpt lat="-44.88134" lon="167.86531">
        <ele>293.14</ele>
      </trkpt>
      <trkpt lat="-44.8813" lon="167.86523">
        <ele>293.84</ele>
      </trkpt>
      <trkpt lat="-44.88126" lon="167.86516">
        <ele>294.57</ele>
      </trkpt>
      <trkpt lat="-44.88121" lon="167.8651">
        <ele>294.97</ele>
      </trkpt>
      <trkpt lat="-44.88117" lon="167.86505">
        <ele>295.13</ele>
      </trkpt>
      <trkpt lat="-44.88112" lon="167.86499">
        <ele>295.25</ele>
      </trkpt>
      <trkpt lat="-44.88107" lon="167.86495">
        <ele>295.82</ele>
      </trkpt>
      <trkpt lat="-44.88102" lon="167.86491">
        <ele>296.3</ele>
      </trkpt>
      <trkpt lat="-44.88098" lon="167.86486">
        <ele>296.81</ele>
      </trkpt>
      <trkpt lat="-44.88093" lon="167.8648">
        <ele>297.19</ele>
      </trkpt>
      <trkpt lat="-44.88088" lon="167.86476">
        <ele>297.16</ele>
      </trkpt>
      <trkpt lat="-44.88083" lon="167.86471">
        <ele>297.15</ele>
      </trkpt>
      <trkpt lat="-44.88079" lon="167.86465">
        <ele>297.93</ele>
      </trkpt>
      <trkpt lat="-44.88077" lon="167.86462">
        <ele>298.22</ele>
      </trkpt>
      <trkpt lat="-44.88074" lon="167.86459">
        <ele>298.46</ele>
      </trkpt>
      <trkpt lat="-44.8807" lon="167.86454">
        <ele>298.67</ele>
      </trkpt>
      <trkpt lat="-44.88066" lon="167.86446">
        <ele>298.72</ele>
      </trkpt>
      <trkpt lat="-44.88061" lon="167.86441">
        <ele>298.59</ele>
      </trkpt>
      <trkpt lat="-44.88057" lon="167.86435">
        <ele>298.5</ele>
      </trkpt>
      <trkpt lat="-44.88052" lon="167.8643">
        <ele>298.03</ele>
      </trkpt>
      <trkpt lat="-44.88047" lon="167.86426">
        <ele>296.73</ele>
      </trkpt>
      <trkpt lat="-44.88042" lon="167.86422">
        <ele>294.54</ele>
      </trkpt>
      <trkpt lat="-44.88038" lon="167.86416">
        <ele>291.31</ele>
      </trkpt>
      <trkpt lat="-44.88033" lon="167.86411">
        <ele>288.71</ele>
      </trkpt>
      <trkpt lat="-44.88028" lon="167.86407">
        <ele>286.72</ele>
      </trkpt>
      <trkpt lat="-44.88024" lon="167.86401">
        <ele>286.9</ele>
      </trkpt>
      <trkpt lat="-44.88019" lon="167.86395">
        <ele>287.24</ele>
      </trkpt>
      <trkpt lat="-44.88014" lon="167.86392">
        <ele>287.66</ele>
      </trkpt>
      <trkpt lat="-44.88009" lon="167.86388">
        <ele>288.0</ele>
      </trkpt>
      <trkpt lat="-44.88004" lon="167.86382">
        <ele>288.18</ele>
      </trkpt>
      <trkpt lat="-44.88" lon="167.86376">
        <ele>288.07</ele>
      </trkpt>
      <trkpt lat="-44.87995" lon="167.86371">
        <ele>288.19</ele>
      </trkpt>
      <trkpt lat="-44.87991" lon="167.86363">
        <ele>288.09</ele>
      </trkpt>
      <trkpt lat="-44.87989" lon="167.86356">
        <ele>288.0</ele>
      </trkpt>
      <trkpt lat="-44.87986" lon="167.86348">
        <ele>288.04</ele>
      </trkpt>
      <trkpt lat="-44.87984" lon="167.86341">
        <ele>288.0</ele>
      </trkpt>
      <trkpt lat="-44.87982" lon="167.86333">
        <ele>287.96</ele>
      </trkpt>
      <trkpt lat="-44.87981" lon="167.86325">
        <ele>288.54</ele>
      </trkpt>
      <trkpt lat="-44.8798" lon="167.86317">
        <ele>289.08</ele>
      </trkpt>
      <trkpt lat="-44.87978" lon="167.86309">
        <ele>289.62</ele>
      </trkpt>
      <trkpt lat="-44.87978" lon="167.86301">
        <ele>290.19</ele>
      </trkpt>
      <trkpt lat="-44.87977" lon="167.86293">
        <ele>290.89</ele>
      </trkpt>
      <trkpt lat="-44.87977" lon="167.86284">
        <ele>291.65</ele>
      </trkpt>
      <trkpt lat="-44.87977" lon="167.86276">
        <ele>292.13</ele>
      </trkpt>
      <trkpt lat="-44.87977" lon="167.86268">
        <ele>291.94</ele>
      </trkpt>
      <trkpt lat="-44.87977" lon="167.8626">
        <ele>291.75</ele>
      </trkpt>
      <trkpt lat="-44.87978" lon="167.86251">
        <ele>291.65</ele>
      </trkpt>
      <trkpt lat="-44.8798" lon="167.86243">
        <ele>292.09</ele>
      </trkpt>
      <trkpt lat="-44.8798" lon="167.86235">
        <ele>292.38</ele>
      </trkpt>
      <trkpt lat="-44.87981" lon="167.86226">
        <ele>292.81</ele>
      </trkpt>
      <trkpt lat="-44.87981" lon="167.86223">
        <ele>292.92</ele>
      </trkpt>
      <trkpt lat="-44.87982" lon="167.86218">
        <ele>292.86</ele>
      </trkpt>
      <trkpt lat="-44.87984" lon="167.86209">
        <ele>292.72</ele>
      </trkpt>
      <trkpt lat="-44.87984" lon="167.86201">
        <ele>292.39</ele>
      </trkpt>
      <trkpt lat="-44.87985" lon="167.86193">
        <ele>292.25</ele>
      </trkpt>
      <trkpt lat="-44.87986" lon="167.86184">
        <ele>292.11</ele>
      </trkpt>
      <trkpt lat="-44.87986" lon="167.86176">
        <ele>291.82</ele>
      </trkpt>
      <trkpt lat="-44.87986" lon="167.86168">
        <ele>291.54</ele>
      </trkpt>
      <trkpt lat="-44.87988" lon="167.86159">
        <ele>291.55</ele>
      </trkpt>
      <trkpt lat="-44.87988" lon="167.86151">
        <ele>291.38</ele>
      </trkpt>
      <trkpt lat="-44.87988" lon="167.86143">
        <ele>291.22</ele>
      </trkpt>
      <trkpt lat="-44.87988" lon="167.86135">
        <ele>291.22</ele>
      </trkpt>
      <trkpt lat="-44.87986" lon="167.86127">
        <ele>291.2</ele>
      </trkpt>
      <trkpt lat="-44.87985" lon="167.86119">
        <ele>291.25</ele>
      </trkpt>
      <trkpt lat="-44.87984" lon="167.86111">
        <ele>291.28</ele>
      </trkpt>
      <trkpt lat="-44.87981" lon="167.86103">
        <ele>291.24</ele>
      </trkpt>
      <trkpt lat="-44.87978" lon="167.86096">
        <ele>291.17</ele>
      </trkpt>
      <trkpt lat="-44.87976" lon="167.86088">
        <ele>291.24</ele>
      </trkpt>
      <trkpt lat="-44.87972" lon="167.86081">
        <ele>291.11</ele>
      </trkpt>
      <trkpt lat="-44.87969" lon="167.86073">
        <ele>291.59</ele>
      </trkpt>
      <trkpt lat="-44.87966" lon="167.86066">
        <ele>291.88</ele>
      </trkpt>
      <trkpt lat="-44.87965" lon="167.86057">
        <ele>291.99</ele>
      </trkpt>
      <trkpt lat="-44.87965" lon="167.86049">
        <ele>292.46</ele>
      </trkpt>
      <trkpt lat="-44.87965" lon="167.86041">
        <ele>293.03</ele>
      </trkpt>
      <trkpt lat="-44.87965" lon="167.86033">
        <ele>293.59</ele>
      </trkpt>
      <trkpt lat="-44.87965" lon="167.86025">
        <ele>294.13</ele>
      </trkpt>
      <trkpt lat="-44.87964" lon="167.86017">
        <ele>294.48</ele>
      </trkpt>
      <trkpt lat="-44.87963" lon="167.86009">
        <ele>294.8</ele>
      </trkpt>
      <trkpt lat="-44.87961" lon="167.86001">
        <ele>294.92</ele>
      </trkpt>
      <trkpt lat="-44.8796" lon="167.85993">
        <ele>294.8</ele>
      </trkpt>
      <trkpt lat="-44.87959" lon="167.85985">
        <ele>294.62</ele>
      </trkpt>
      <trkpt lat="-44.87959" lon="167.85977">
        <ele>294.62</ele>
      </trkpt>
      <trkpt lat="-44.87957" lon="167.85969">
        <ele>294.38</ele>
      </trkpt>
      <trkpt lat="-44.87957" lon="167.85961">
        <ele>294.66</ele>
      </trkpt>
      <trkpt lat="-44.87953" lon="167.85953">
        <ele>294.23</ele>
      </trkpt>
      <trkpt lat="-44.87951" lon="167.85946">
        <ele>294.12</ele>
      </trkpt>
      <trkpt lat="-44.87946" lon="167.8594">
        <ele>293.42</ele>
      </trkpt>
      <trkpt lat="-44.87942" lon="167.85933">
        <ele>293.45</ele>
      </trkpt>
      <trkpt lat="-44.87937" lon="167.85931">
        <ele>293.61</ele>
      </trkpt>
      <trkpt lat="-44.87932" lon="167.85927">
        <ele>293.91</ele>
      </trkpt>
      <trkpt lat="-44.87926" lon="167.85924">
        <ele>294.22</ele>
      </trkpt>
      <trkpt lat="-44.87922" lon="167.85917">
        <ele>294.79</ele>
      </trkpt>
      <trkpt lat="-44.87917" lon="167.85912">
        <ele>295.16</ele>
      </trkpt>
      <trkpt lat="-44.87913" lon="167.85904">
        <ele>295.66</ele>
      </trkpt>
      <trkpt lat="-44.87909" lon="167.85897">
        <ele>296.06</ele>
      </trkpt>
      <trkpt lat="-44.87906" lon="167.85889">
        <ele>296.38</ele>
      </trkpt>
      <trkpt lat="-44.87902" lon="167.85882">
        <ele>296.42</ele>
      </trkpt>
      <trkpt lat="-44.87898" lon="167.85875">
        <ele>296.68</ele>
      </trkpt>
      <trkpt lat="-44.87893" lon="167.85867">
        <ele>297.29</ele>
      </trkpt>
      <trkpt lat="-44.8789" lon="167.8586">
        <ele>297.88</ele>
      </trkpt>
      <trkpt lat="-44.87887" lon="167.85855">
        <ele>298.24</ele>
      </trkpt>
      <trkpt lat="-44.87886" lon="167.85853">
        <ele>298.3</ele>
      </trkpt>
      <trkpt lat="-44.87883" lon="167.85845">
        <ele>298.42</ele>
      </trkpt>
      <trkpt lat="-44.87879" lon="167.85838">
        <ele>298.3</ele>
      </trkpt>
      <trkpt lat="-44.87879" lon="167.85829">
        <ele>298.18</ele>
      </trkpt>
      <trkpt lat="-44.87878" lon="167.85821">
        <ele>297.87</ele>
      </trkpt>
      <trkpt lat="-44.87878" lon="167.85813">
        <ele>297.64</ele>
      </trkpt>
      <trkpt lat="-44.87876" lon="167.85805">
        <ele>297.12</ele>
      </trkpt>
      <trkpt lat="-44.87875" lon="167.85797">
        <ele>296.69</ele>
      </trkpt>
      <trkpt lat="-44.87874" lon="167.8579">
        <ele>296.3</ele>
      </trkpt>
      <trkpt lat="-44.87872" lon="167.85782">
        <ele>295.72</ele>
      </trkpt>
      <trkpt lat="-44.8787" lon="167.85774">
        <ele>294.96</ele>
      </trkpt>
      <trkpt lat="-44.87867" lon="167.85766">
        <ele>293.91</ele>
      </trkpt>
      <trkpt lat="-44.87866" lon="167.85758">
        <ele>293.15</ele>
      </trkpt>
      <trkpt lat="-44.87862" lon="167.85751">
        <ele>292.17</ele>
      </trkpt>
      <trkpt lat="-44.87862" lon="167.85743">
        <ele>291.58</ele>
      </trkpt>
      <trkpt lat="-44.8786" lon="167.85735">
        <ele>291.02</ele>
      </trkpt>
      <trkpt lat="-44.8786" lon="167.85727">
        <ele>290.46</ele>
      </trkpt>
      <trkpt lat="-44.87856" lon="167.85719">
        <ele>290.63</ele>
      </trkpt>
      <trkpt lat="-44.87854" lon="167.85712">
        <ele>290.95</ele>
      </trkpt>
      <trkpt lat="-44.87849" lon="167.85706">
        <ele>291.38</ele>
      </trkpt>
      <trkpt lat="-44.87845" lon="167.857">
        <ele>291.61</ele>
      </trkpt>
      <trkpt lat="-44.8784" lon="167.85695">
        <ele>291.77</ele>
      </trkpt>
      <trkpt lat="-44.87836" lon="167.85689">
        <ele>291.76</ele>
      </trkpt>
      <trkpt lat="-44.87831" lon="167.85684">
        <ele>291.86</ele>
      </trkpt>
      <trkpt lat="-44.87827" lon="167.85676">
        <ele>292.09</ele>
      </trkpt>
      <trkpt lat="-44.87823" lon="167.85669">
        <ele>292.51</ele>
      </trkpt>
      <trkpt lat="-44.87819" lon="167.85661">
        <ele>293.27</ele>
      </trkpt>
      <trkpt lat="-44.87815" lon="167.85654">
        <ele>294.1</ele>
      </trkpt>
      <trkpt lat="-44.87811" lon="167.85647">
        <ele>294.92</ele>
      </trkpt>
      <trkpt lat="-44.87807" lon="167.85639">
        <ele>295.79</ele>
      </trkpt>
      <trkpt lat="-44.87803" lon="167.85632">
        <ele>296.79</ele>
      </trkpt>
      <trkpt lat="-44.87799" lon="167.85625">
        <ele>297.17</ele>
      </trkpt>
      <trkpt lat="-44.87795" lon="167.85617">
        <ele>297.27</ele>
      </trkpt>
      <trkpt lat="-44.87791" lon="167.8561">
        <ele>296.84</ele>
      </trkpt>
      <trkpt lat="-44.87787" lon="167.85604">
        <ele>295.99</ele>
      </trkpt>
      <trkpt lat="-44.87783" lon="167.85597">
        <ele>295.35</ele>
      </trkpt>
      <trkpt lat="-44.87777" lon="167.85595">
        <ele>294.45</ele>
      </trkpt>
      <trkpt lat="-44.87772" lon="167.85591">
        <ele>293.74</ele>
      </trkpt>
      <trkpt lat="-44.87767" lon="167.85589">
        <ele>292.94</ele>
      </trkpt>
      <trkpt lat="-44.87762" lon="167.85585">
        <ele>292.13</ele>
      </trkpt>
      <trkpt lat="-44.87756" lon="167.85583">
        <ele>291.08</ele>
      </trkpt>
      <trkpt lat="-44.87751" lon="167.85579">
        <ele>290.32</ele>
      </trkpt>
      <trkpt lat="-44.87745" lon="167.85577">
        <ele>290.19</ele>
      </trkpt>
      <trkpt lat="-44.8774" lon="167.85573">
        <ele>290.24</ele>
      </trkpt>
      <trkpt lat="-44.87735" lon="167.8557">
        <ele>290.22</ele>
      </trkpt>
      <trkpt lat="-44.87731" lon="167.85563">
        <ele>290.23</ele>
      </trkpt>
      <trkpt lat="-44.87726" lon="167.85558">
        <ele>290.12</ele>
      </trkpt>
      <trkpt lat="-44.87722" lon="167.8555">
        <ele>290.21</ele>
      </trkpt>
      <trkpt lat="-44.87718" lon="167.85543">
        <ele>290.69</ele>
      </trkpt>
      <trkpt lat="-44.87714" lon="167.85536">
        <ele>291.09</ele>
      </trkpt>
      <trkpt lat="-44.8771" lon="167.85528">
        <ele>291.44</ele>
      </trkpt>
      <trkpt lat="-44.87706" lon="167.85521">
        <ele>291.93</ele>
      </trkpt>
      <trkpt lat="-44.87702" lon="167.85515">
        <ele>292.31</ele>
      </trkpt>
      <trkpt lat="-44.87697" lon="167.8551">
        <ele>292.61</ele>
      </trkpt>
      <trkpt lat="-44.87692" lon="167.85505">
        <ele>292.96</ele>
      </trkpt>
      <trkpt lat="-44.87689" lon="167.855">
        <ele>293.2</ele>
      </trkpt>
      <trkpt lat="-44.87689" lon="167.85492">
        <ele>292.85</ele>
      </trkpt>
      <trkpt lat="-44.87688" lon="167.85486">
        <ele>292.61</ele>
      </trkpt>
      <trkpt lat="-44.87688" lon="167.85484">
        <ele>292.52</ele>
      </trkpt>
      <trkpt lat="-44.87687" lon="167.85476">
        <ele>292.17</ele>
      </trkpt>
      <trkpt lat="-44.87684" lon="167.85468">
        <ele>292.04</ele>
      </trkpt>
      <trkpt lat="-44.87681" lon="167.85461">
        <ele>292.01</ele>
      </trkpt>
      <trkpt lat="-44.87677" lon="167.85453">
        <ele>291.82</ele>
      </trkpt>
      <trkpt lat="-44.87673" lon="167.85446">
        <ele>291.49</ele>
      </trkpt>
      <trkpt lat="-44.8767" lon="167.85438">
        <ele>291.85</ele>
      </trkpt>
      <trkpt lat="-44.87668" lon="167.8543">
        <ele>292.58</ele>
      </trkpt>
      <trkpt lat="-44.87666" lon="167.85423">
        <ele>293.33</ele>
      </trkpt>
      <trkpt lat="-44.87663" lon="167.85417">
        <ele>294.09</ele>
      </trkpt>
      <trkpt lat="-44.87658" lon="167.85413">
        <ele>294.71</ele>
      </trkpt>
      <trkpt lat="-44.87653" lon="167.85409">
        <ele>295.32</ele>
      </trkpt>
      <trkpt lat="-44.87648" lon="167.85405">
        <ele>295.93</ele>
      </trkpt>
      <trkpt lat="-44.87643" lon="167.85401">
        <ele>296.54</ele>
      </trkpt>
      <trkpt lat="-44.87638" lon="167.85397">
        <ele>296.88</ele>
      </trkpt>
      <trkpt lat="-44.87632" lon="167.85395">
        <ele>295.38</ele>
      </trkpt>
      <trkpt lat="-44.87627" lon="167.85392">
        <ele>294.05</ele>
      </trkpt>
      <trkpt lat="-44.87622" lon="167.85393">
        <ele>292.53</ele>
      </trkpt>
      <trkpt lat="-44.87617" lon="167.85397">
        <ele>291.18</ele>
      </trkpt>
      <trkpt lat="-44.87612" lon="167.85401">
        <ele>290.09</ele>
      </trkpt>
      <trkpt lat="-44.87606" lon="167.854">
        <ele>289.51</ele>
      </trkpt>
      <trkpt lat="-44.87601" lon="167.85397">
        <ele>288.96</ele>
      </trkpt>
      <trkpt lat="-44.87595" lon="167.85394">
        <ele>288.31</ele>
      </trkpt>
      <trkpt lat="-44.87591" lon="167.85387">
        <ele>287.5</ele>
      </trkpt>
      <trkpt lat="-44.87586" lon="167.85382">
        <ele>286.97</ele>
      </trkpt>
      <trkpt lat="-44.87583" lon="167.85374">
        <ele>286.52</ele>
      </trkpt>
      <trkpt lat="-44.87579" lon="167.85367">
        <ele>286.96</ele>
      </trkpt>
      <trkpt lat="-44.87575" lon="167.8536">
        <ele>287.6</ele>
      </trkpt>
      <trkpt lat="-44.87571" lon="167.85352">
        <ele>288.91</ele>
      </trkpt>
      <trkpt lat="-44.87567" lon="167.85345">
        <ele>290.0</ele>
      </trkpt>
      <trkpt lat="-44.87563" lon="167.85337">
        <ele>290.99</ele>
      </trkpt>
      <trkpt lat="-44.87559" lon="167.8533">
        <ele>291.87</ele>
      </trkpt>
      <trkpt lat="-44.87555" lon="167.85323">
        <ele>292.64</ele>
      </trkpt>
      <trkpt lat="-44.87551" lon="167.85315">
        <ele>292.71</ele>
      </trkpt>
      <trkpt lat="-44.8755" lon="167.85314">
        <ele>292.69</ele>
      </trkpt>
      <trkpt lat="-44.87547" lon="167.85308">
        <ele>293.07</ele>
      </trkpt>
      <trkpt lat="-44.87543" lon="167.85301">
        <ele>293.28</ele>
      </trkpt>
      <trkpt lat="-44.87539" lon="167.85293">
        <ele>293.17</ele>
      </trkpt>
      <trkpt lat="-44.87535" lon="167.85286">
        <ele>292.89</ele>
      </trkpt>
      <trkpt lat="-44.87532" lon="167.85278">
        <ele>292.61</ele>
      </trkpt>
      <trkpt lat="-44.87529" lon="167.85271">
        <ele>293.11</ele>
      </trkpt>
      <trkpt lat="-44.87527" lon="167.85263">
        <ele>294.18</ele>
      </trkpt>
      <trkpt lat="-44.87524" lon="167.85255">
        <ele>295.38</ele>
      </trkpt>
      <trkpt lat="-44.87523" lon="167.85247">
        <ele>296.59</ele>
      </trkpt>
      <trkpt lat="-44.87519" lon="167.8524">
        <ele>297.82</ele>
      </trkpt>
      <trkpt lat="-44.87519" lon="167.85232">
        <ele>299.27</ele>
      </trkpt>
      <trkpt lat="-44.87517" lon="167.85224">
        <ele>300.53</ele>
      </trkpt>
      <trkpt lat="-44.87517" lon="167.85216">
        <ele>301.7</ele>
      </trkpt>
      <trkpt lat="-44.87514" lon="167.8521">
        <ele>302.06</ele>
      </trkpt>
      <trkpt lat="-44.87509" lon="167.85206">
        <ele>301.71</ele>
      </trkpt>
      <trkpt lat="-44.87505" lon="167.852">
        <ele>301.57</ele>
      </trkpt>
      <trkpt lat="-44.875" lon="167.85195">
        <ele>300.96</ele>
      </trkpt>
      <trkpt lat="-44.87496" lon="167.85187">
        <ele>301.02</ele>
      </trkpt>
      <trkpt lat="-44.87492" lon="167.8518">
        <ele>301.09</ele>
      </trkpt>
      <trkpt lat="-44.87488" lon="167.85173">
        <ele>301.24</ele>
      </trkpt>
      <trkpt lat="-44.87484" lon="167.85165">
        <ele>301.54</ele>
      </trkpt>
      <trkpt lat="-44.8748" lon="167.85158">
        <ele>301.9</ele>
      </trkpt>
      <trkpt lat="-44.87476" lon="167.8515">
        <ele>302.34</ele>
      </trkpt>
      <trkpt lat="-44.87472" lon="167.85143">
        <ele>302.67</ele>
      </trkpt>
      <trkpt lat="-44.87468" lon="167.85136">
        <ele>302.42</ele>
      </trkpt>
      <trkpt lat="-44.87466" lon="167.85128">
        <ele>302.28</ele>
      </trkpt>
      <trkpt lat="-44.87462" lon="167.85121">
        <ele>302.0</ele>
      </trkpt>
      <trkpt lat="-44.87462" lon="167.85112">
        <ele>302.24</ele>
      </trkpt>
      <trkpt lat="-44.8746" lon="167.85105">
        <ele>305.93</ele>
      </trkpt>
      <trkpt lat="-44.8746" lon="167.85096">
        <ele>311.54</ele>
      </trkpt>
      <trkpt lat="-44.87457" lon="167.85091">
        <ele>316.63</ele>
      </trkpt>
      <trkpt lat="-44.87452" lon="167.85087">
        <ele>323.58</ele>
      </trkpt>
      <trkpt lat="-44.87448" lon="167.85081">
        <ele>332.15</ele>
      </trkpt>
      <trkpt lat="-44.87442" lon="167.85077">
        <ele>338.2</ele>
      </trkpt>
      <trkpt lat="-44.87438" lon="167.8507">
        <ele>342.97</ele>
      </trkpt>
      <trkpt lat="-44.87434" lon="167.85069">
        <ele>344.31</ele>
      </trkpt>
      <trkpt lat="-44.87428" lon="167.85068">
        <ele>346.0</ele>
      </trkpt>
      <trkpt lat="-44.87427" lon="167.85062">
        <ele>349.24</ele>
      </trkpt>
      <trkpt lat="-44.87423" lon="167.85055">
        <ele>353.17</ele>
      </trkpt>
      <trkpt lat="-44.8742" lon="167.85047">
        <ele>354.51</ele>
      </trkpt>
      <trkpt lat="-44.87416" lon="167.85042">
        <ele>354.87</ele>
      </trkpt>
      <trkpt lat="-44.87411" lon="167.85036">
        <ele>354.53</ele>
      </trkpt>
      <trkpt lat="-44.87407" lon="167.8503">
        <ele>354.42</ele>
      </trkpt>
      <trkpt lat="-44.87402" lon="167.85025">
        <ele>354.04</ele>
      </trkpt>
      <trkpt lat="-44.87398" lon="167.8502">
        <ele>353.78</ele>
      </trkpt>
      <trkpt lat="-44.87398" lon="167.85019">
        <ele>353.84</ele>
      </trkpt>
      <trkpt lat="-44.87394" lon="167.85012">
        <ele>353.77</ele>
      </trkpt>
      <trkpt lat="-44.8739" lon="167.85004">
        <ele>353.84</ele>
      </trkpt>
      <trkpt lat="-44.87386" lon="167.84997">
        <ele>351.79</ele>
      </trkpt>
      <trkpt lat="-44.87382" lon="167.8499">
        <ele>348.16</ele>
      </trkpt>
      <trkpt lat="-44.87378" lon="167.84982">
        <ele>345.1</ele>
      </trkpt>
      <trkpt lat="-44.87375" lon="167.84975">
        <ele>343.2</ele>
      </trkpt>
      <trkpt lat="-44.87373" lon="167.84967">
        <ele>342.47</ele>
      </trkpt>
      <trkpt lat="-44.8737" lon="167.84959">
        <ele>341.86</ele>
      </trkpt>
      <trkpt lat="-44.87367" lon="167.84952">
        <ele>340.69</ele>
      </trkpt>
      <trkpt lat="-44.87365" lon="167.84944">
        <ele>339.08</ele>
      </trkpt>
      <trkpt lat="-44.87361" lon="167.84937">
        <ele>337.45</ele>
      </trkpt>
      <trkpt lat="-44.87357" lon="167.84929">
        <ele>336.48</ele>
      </trkpt>
      <trkpt lat="-44.87353" lon="167.84922">
        <ele>335.87</ele>
      </trkpt>
      <trkpt lat="-44.87349" lon="167.84915">
        <ele>335.56</ele>
      </trkpt>
      <trkpt lat="-44.87346" lon="167.84907">
        <ele>335.49</ele>
      </trkpt>
      <trkpt lat="-44.87343" lon="167.84899">
        <ele>335.54</ele>
      </trkpt>
      <trkpt lat="-44.87341" lon="167.84892">
        <ele>335.67</ele>
      </trkpt>
      <trkpt lat="-44.87341" lon="167.84892">
        <ele>335.67</ele>
      </trkpt>
      <trkpt lat="-44.87339" lon="167.84884">
        <ele>334.88</ele>
      </trkpt>
      <trkpt lat="-44.87338" lon="167.84876">
        <ele>333.43</ele>
      </trkpt>
      <trkpt lat="-44.87335" lon="167.84868">
        <ele>332.13</ele>
      </trkpt>
      <trkpt lat="-44.87334" lon="167.8486">
        <ele>330.76</ele>
      </trkpt>
      <trkpt lat="-44.87333" lon="167.84852">
        <ele>329.27</ele>
      </trkpt>
      <trkpt lat="-44.87331" lon="167.84844">
        <ele>327.23</ele>
      </trkpt>
      <trkpt lat="-44.8733" lon="167.84836">
        <ele>325.42</ele>
      </trkpt>
      <trkpt lat="-44.8733" lon="167.84828">
        <ele>324.63</ele>
      </trkpt>
      <trkpt lat="-44.87329" lon="167.8482">
        <ele>323.94</ele>
      </trkpt>
      <trkpt lat="-44.87329" lon="167.84812">
        <ele>323.54</ele>
      </trkpt>
      <trkpt lat="-44.87327" lon="167.84804">
        <ele>322.69</ele>
      </trkpt>
      <trkpt lat="-44.87327" lon="167.84796">
        <ele>321.83</ele>
      </trkpt>
      <trkpt lat="-44.87326" lon="167.84788">
        <ele>320.78</ele>
      </trkpt>
      <trkpt lat="-44.87329" lon="167.84779">
        <ele>320.35</ele>
      </trkpt>
      <trkpt lat="-44.8733" lon="167.84771">
        <ele>318.16</ele>
      </trkpt>
      <trkpt lat="-44.87331" lon="167.84762">
        <ele>315.23</ele>
      </trkpt>
      <trkpt lat="-44.87333" lon="167.84754">
        <ele>312.45</ele>
      </trkpt>
      <trkpt lat="-44.87334" lon="167.84745">
        <ele>311.21</ele>
      </trkpt>
      <trkpt lat="-44.87336" lon="167.84737">
        <ele>311.77</ele>
      </trkpt>
      <trkpt lat="-44.87337" lon="167.84728">
        <ele>311.98</ele>
      </trkpt>
      <trkpt lat="-44.8734" lon="167.8472">
        <ele>312.64</ele>
      </trkpt>
      <trkpt lat="-44.87341" lon="167.84711">
        <ele>312.71</ele>
      </trkpt>
      <trkpt lat="-44.87343" lon="167.84703">
        <ele>312.95</ele>
      </trkpt>
      <trkpt lat="-44.87342" lon="167.84695">
        <ele>312.57</ele>
      </trkpt>
      <trkpt lat="-44.87342" lon="167.84686">
        <ele>312.37</ele>
      </trkpt>
      <trkpt lat="-44.87341" lon="167.84678">
        <ele>312.05</ele>
      </trkpt>
      <trkpt lat="-44.8734" lon="167.84671">
        <ele>311.79</ele>
      </trkpt>
      <trkpt lat="-44.87338" lon="167.84663">
        <ele>311.83</ele>
      </trkpt>
      <trkpt lat="-44.87338" lon="167.84658">
        <ele>312.29</ele>
      </trkpt>
      <trkpt lat="-44.87337" lon="167.84655">
        <ele>312.4</ele>
      </trkpt>
      <trkpt lat="-44.87336" lon="167.84647">
        <ele>312.91</ele>
      </trkpt>
      <trkpt lat="-44.87334" lon="167.84639">
        <ele>313.14</ele>
      </trkpt>
      <trkpt lat="-44.87333" lon="167.84631">
        <ele>313.55</ele>
      </trkpt>
      <trkpt lat="-44.87332" lon="167.84623">
        <ele>314.07</ele>
      </trkpt>
      <trkpt lat="-44.8733" lon="167.84615">
        <ele>314.5</ele>
      </trkpt>
      <trkpt lat="-44.87329" lon="167.84607">
        <ele>314.96</ele>
      </trkpt>
      <trkpt lat="-44.87328" lon="167.84599">
        <ele>315.4</ele>
      </trkpt>
      <trkpt lat="-44.87328" lon="167.84591">
        <ele>315.92</ele>
      </trkpt>
      <trkpt lat="-44.87326" lon="167.84583">
        <ele>316.25</ele>
      </trkpt>
      <trkpt lat="-44.87326" lon="167.84575">
        <ele>317.33</ele>
      </trkpt>
      <trkpt lat="-44.87322" lon="167.84568">
        <ele>317.76</ele>
      </trkpt>
      <trkpt lat="-44.8732" lon="167.8456">
        <ele>318.52</ele>
      </trkpt>
      <trkpt lat="-44.87317" lon="167.84552">
        <ele>319.08</ele>
      </trkpt>
      <trkpt lat="-44.87314" lon="167.84545">
        <ele>319.47</ele>
      </trkpt>
      <trkpt lat="-44.87312" lon="167.84537">
        <ele>320.09</ele>
      </trkpt>
      <trkpt lat="-44.87309" lon="167.84529">
        <ele>320.48</ele>
      </trkpt>
      <trkpt lat="-44.87308" lon="167.84521">
        <ele>321.19</ele>
      </trkpt>
      <trkpt lat="-44.87305" lon="167.84514">
        <ele>321.38</ele>
      </trkpt>
      <trkpt lat="-44.87302" lon="167.84506">
        <ele>321.61</ele>
      </trkpt>
      <trkpt lat="-44.87301" lon="167.84498">
        <ele>322.51</ele>
      </trkpt>
      <trkpt lat="-44.873" lon="167.8449">
        <ele>324.25</ele>
      </trkpt>
      <trkpt lat="-44.87298" lon="167.84482">
        <ele>325.73</ele>
      </trkpt>
      <trkpt lat="-44.87296" lon="167.84475">
        <ele>326.93</ele>
      </trkpt>
      <trkpt lat="-44.87293" lon="167.84471">
        <ele>327.1</ele>
      </trkpt>
      <trkpt lat="-44.87291" lon="167.8447">
        <ele>326.81</ele>
      </trkpt>
      <trkpt lat="-44.87286" lon="167.84465">
        <ele>326.63</ele>
      </trkpt>
      <trkpt lat="-44.87282" lon="167.8446">
        <ele>326.7</ele>
      </trkpt>
      <trkpt lat="-44.87277" lon="167.84454">
        <ele>326.72</ele>
      </trkpt>
      <trkpt lat="-44.87273" lon="167.84447">
        <ele>327.09</ele>
      </trkpt>
      <trkpt lat="-44.87269" lon="167.84439">
        <ele>327.45</ele>
      </trkpt>
      <trkpt lat="-44.87265" lon="167.84432">
        <ele>327.56</ele>
      </trkpt>
      <trkpt lat="-44.87263" lon="167.84424">
        <ele>328.42</ele>
      </trkpt>
      <trkpt lat="-44.8726" lon="167.84417">
        <ele>328.82</ele>
      </trkpt>
      <trkpt lat="-44.87257" lon="167.84409">
        <ele>328.5</ele>
      </trkpt>
      <trkpt lat="-44.87255" lon="167.84401">
        <ele>328.31</ele>
      </trkpt>
      <trkpt lat="-44.87252" lon="167.84394">
        <ele>327.57</ele>
      </trkpt>
      <trkpt lat="-44.87248" lon="167.84386">
        <ele>326.91</ele>
      </trkpt>
      <trkpt lat="-44.87244" lon="167.84379">
        <ele>326.77</ele>
      </trkpt>
      <trkpt lat="-44.8724" lon="167.84371">
        <ele>326.62</ele>
      </trkpt>
      <trkpt lat="-44.87237" lon="167.84364">
        <ele>326.5</ele>
      </trkpt>
      <trkpt lat="-44.87235" lon="167.84356">
        <ele>326.48</ele>
      </trkpt>
      <trkpt lat="-44.87232" lon="167.84349">
        <ele>326.2</ele>
      </trkpt>
      <trkpt lat="-44.87231" lon="167.84341">
        <ele>326.3</ele>
      </trkpt>
      <trkpt lat="-44.87227" lon="167.84333">
        <ele>325.98</ele>
      </trkpt>
      <trkpt lat="-44.87222" lon="167.84328">
        <ele>326.88</ele>
      </trkpt>
      <trkpt lat="-44.87217" lon="167.84326">
        <ele>326.6</ele>
      </trkpt>
      <trkpt lat="-44.87212" lon="167.84322">
        <ele>326.94</ele>
      </trkpt>
      <trkpt lat="-44.87206" lon="167.84319">
        <ele>326.64</ele>
      </trkpt>
      <trkpt lat="-44.87202" lon="167.84312">
        <ele>327.92</ele>
      </trkpt>
      <trkpt lat="-44.87197" lon="167.84307">
        <ele>328.22</ele>
      </trkpt>
      <trkpt lat="-44.87193" lon="167.84301">
        <ele>328.72</ele>
      </trkpt>
      <trkpt lat="-44.87188" lon="167.84295">
        <ele>328.72</ele>
      </trkpt>
      <trkpt lat="-44.87184" lon="167.8429">
        <ele>328.7</ele>
      </trkpt>
      <trkpt lat="-44.87179" lon="167.84284">
        <ele>328.55</ele>
      </trkpt>
      <trkpt lat="-44.87174" lon="167.8428">
        <ele>327.87</ele>
      </trkpt>
      <trkpt lat="-44.8717" lon="167.84275">
        <ele>327.62</ele>
      </trkpt>
      <trkpt lat="-44.87165" lon="167.84269">
        <ele>327.18</ele>
      </trkpt>
      <trkpt lat="-44.87161" lon="167.84263">
        <ele>327.22</ele>
      </trkpt>
      <trkpt lat="-44.87156" lon="167.84258">
        <ele>326.71</ele>
      </trkpt>
      <trkpt lat="-44.87154" lon="167.8425">
        <ele>327.35</ele>
      </trkpt>
      <trkpt lat="-44.87151" lon="167.84242">
        <ele>328.18</ele>
      </trkpt>
      <trkpt lat="-44.87148" lon="167.84235">
        <ele>328.68</ele>
      </trkpt>
      <trkpt lat="-44.87147" lon="167.84227">
        <ele>329.96</ele>
      </trkpt>
      <trkpt lat="-44.87146" lon="167.84219">
        <ele>331.2</ele>
      </trkpt>
      <trkpt lat="-44.87143" lon="167.84211">
        <ele>331.62</ele>
      </trkpt>
      <trkpt lat="-44.87142" lon="167.84203">
        <ele>332.74</ele>
      </trkpt>
      <trkpt lat="-44.8714" lon="167.84195">
        <ele>333.38</ele>
      </trkpt>
      <trkpt lat="-44.87139" lon="167.84187">
        <ele>334.12</ele>
      </trkpt>
      <trkpt lat="-44.87138" lon="167.8418">
        <ele>334.65</ele>
      </trkpt>
      <trkpt lat="-44.87137" lon="167.84171">
        <ele>335.43</ele>
      </trkpt>
      <trkpt lat="-44.87135" lon="167.84164">
        <ele>335.81</ele>
      </trkpt>
      <trkpt lat="-44.87131" lon="167.84156">
        <ele>336.1</ele>
      </trkpt>
      <trkpt lat="-44.87126" lon="167.84151">
        <ele>335.02</ele>
      </trkpt>
      <trkpt lat="-44.87121" lon="167.84149">
        <ele>333.07</ele>
      </trkpt>
      <trkpt lat="-44.87116" lon="167.84145">
        <ele>331.7</ele>
      </trkpt>
      <trkpt lat="-44.8711" lon="167.84143">
        <ele>329.22</ele>
      </trkpt>
      <trkpt lat="-44.87105" lon="167.84139">
        <ele>327.67</ele>
      </trkpt>
      <trkpt lat="-44.871" lon="167.84137">
        <ele>325.5</ele>
      </trkpt>
      <trkpt lat="-44.87095" lon="167.84133">
        <ele>323.91</ele>
      </trkpt>
      <trkpt lat="-44.87089" lon="167.84131">
        <ele>321.27</ele>
      </trkpt>
      <trkpt lat="-44.87083" lon="167.84129">
        <ele>318.86</ele>
      </trkpt>
      <trkpt lat="-44.87078" lon="167.84126">
        <ele>319.83</ele>
      </trkpt>
      <trkpt lat="-44.87073" lon="167.84123">
        <ele>320.68</ele>
      </trkpt>
      <trkpt lat="-44.87067" lon="167.8412">
        <ele>321.42</ele>
      </trkpt>
      <trkpt lat="-44.87062" lon="167.84118">
        <ele>321.82</ele>
      </trkpt>
      <trkpt lat="-44.87056" lon="167.84114">
        <ele>322.49</ele>
      </trkpt>
      <trkpt lat="-44.87051" lon="167.84112">
        <ele>322.87</ele>
      </trkpt>
      <trkpt lat="-44.87045" lon="167.84112">
        <ele>322.9</ele>
      </trkpt>
      <trkpt lat="-44.87044" lon="167.84112">
        <ele>322.91</ele>
      </trkpt>
      <trkpt lat="-44.87039" lon="167.8411">
        <ele>323.14</ele>
      </trkpt>
      <trkpt lat="-44.87034" lon="167.84108">
        <ele>323.32</ele>
      </trkpt>
      <trkpt lat="-44.87028" lon="167.84106">
        <ele>323.37</ele>
      </trkpt>
      <trkpt lat="-44.87023" lon="167.84103">
        <ele>323.43</ele>
      </trkpt>
      <trkpt lat="-44.87018" lon="167.84096">
        <ele>323.51</ele>
      </trkpt>
      <trkpt lat="-44.87014" lon="167.8409">
        <ele>323.39</ele>
      </trkpt>
      <trkpt lat="-44.8701" lon="167.84083">
        <ele>323.16</ele>
      </trkpt>
      <trkpt lat="-44.87005" lon="167.84077">
        <ele>323.99</ele>
      </trkpt>
      <trkpt lat="-44.87001" lon="167.84072">
        <ele>324.59</ele>
      </trkpt>
      <trkpt lat="-44.86996" lon="167.84066">
        <ele>325.37</ele>
      </trkpt>
      <trkpt lat="-44.86992" lon="167.84061">
        <ele>326.02</ele>
      </trkpt>
      <trkpt lat="-44.86987" lon="167.84055">
        <ele>326.72</ele>
      </trkpt>
      <trkpt lat="-44.86983" lon="167.84048">
        <ele>327.74</ele>
      </trkpt>
      <trkpt lat="-44.86979" lon="167.8404">
        <ele>328.81</ele>
      </trkpt>
      <trkpt lat="-44.86975" lon="167.84033">
        <ele>329.52</ele>
      </trkpt>
      <trkpt lat="-44.86971" lon="167.84025">
        <ele>330.27</ele>
      </trkpt>
      <trkpt lat="-44.86967" lon="167.84018">
        <ele>330.69</ele>
      </trkpt>
      <trkpt lat="-44.86963" lon="167.84012">
        <ele>330.8</ele>
      </trkpt>
      <trkpt lat="-44.86958" lon="167.84007">
        <ele>330.41</ele>
      </trkpt>
      <trkpt lat="-44.86954" lon="167.84001">
        <ele>330.28</ele>
      </trkpt>
      <trkpt lat="-44.86949" lon="167.83997">
        <ele>329.89</ele>
      </trkpt>
      <trkpt lat="-44.86944" lon="167.83994">
        <ele>329.42</ele>
      </trkpt>
      <trkpt lat="-44.86939" lon="167.83988">
        <ele>329.85</ele>
      </trkpt>
      <trkpt lat="-44.86935" lon="167.83985">
        <ele>329.74</ele>
      </trkpt>
      <trkpt lat="-44.86934" lon="167.83984">
        <ele>329.78</ele>
      </trkpt>
      <trkpt lat="-44.86929" lon="167.8398">
        <ele>329.7</ele>
      </trkpt>
      <trkpt lat="-44.86925" lon="167.83975">
        <ele>330.1</ele>
      </trkpt>
      <trkpt lat="-44.86919" lon="167.83971">
        <ele>329.77</ele>
      </trkpt>
      <trkpt lat="-44.86914" lon="167.83968">
        <ele>329.69</ele>
      </trkpt>
      <trkpt lat="-44.86909" lon="167.83965">
        <ele>329.86</ele>
      </trkpt>
      <trkpt lat="-44.86903" lon="167.83962">
        <ele>329.86</ele>
      </trkpt>
      <trkpt lat="-44.86897" lon="167.83962">
        <ele>329.27</ele>
      </trkpt>
      <trkpt lat="-44.86892" lon="167.8396">
        <ele>329.08</ele>
      </trkpt>
      <trkpt lat="-44.86886" lon="167.83956">
        <ele>329.05</ele>
      </trkpt>
      <trkpt lat="-44.86881" lon="167.83954">
        <ele>328.78</ele>
      </trkpt>
      <trkpt lat="-44.86876" lon="167.8395">
        <ele>328.62</ele>
      </trkpt>
      <trkpt lat="-44.86871" lon="167.83946">
        <ele>328.31</ele>
      </trkpt>
      <trkpt lat="-44.86871" lon="167.83946">
        <ele>328.31</ele>
      </trkpt>
      <trkpt lat="-44.86866" lon="167.83941">
        <ele>328.0</ele>
      </trkpt>
      <trkpt lat="-44.86864" lon="167.83933">
        <ele>328.33</ele>
      </trkpt>
      <trkpt lat="-44.86862" lon="167.83925">
        <ele>328.57</ele>
      </trkpt>
      <trkpt lat="-44.8686" lon="167.83917">
        <ele>328.7</ele>
      </trkpt>
      <trkpt lat="-44.86857" lon="167.8391">
        <ele>330.12</ele>
      </trkpt>
      <trkpt lat="-44.86853" lon="167.83902">
        <ele>331.71</ele>
      </trkpt>
      <trkpt lat="-44.86849" lon="167.83895">
        <ele>332.97</ele>
      </trkpt>
      <trkpt lat="-44.86844" lon="167.83889">
        <ele>333.65</ele>
      </trkpt>
      <trkpt lat="-44.8684" lon="167.83884">
        <ele>331.91</ele>
      </trkpt>
      <trkpt lat="-44.86835" lon="167.83878">
        <ele>328.64</ele>
      </trkpt>
      <trkpt lat="-44.86831" lon="167.83873">
        <ele>325.38</ele>
      </trkpt>
      <trkpt lat="-44.86826" lon="167.83867">
        <ele>321.47</ele>
      </trkpt>
      <trkpt lat="-44.86824" lon="167.83859">
        <ele>318.92</ele>
      </trkpt>
      <trkpt lat="-44.86821" lon="167.83852">
        <ele>317.6</ele>
      </trkpt>
      <trkpt lat="-44.86818" lon="167.83844">
        <ele>316.5</ele>
      </trkpt>
      <trkpt lat="-44.86817" lon="167.83839">
        <ele>316.22</ele>
      </trkpt>
      <trkpt lat="-44.86816" lon="167.83836">
        <ele>315.96</ele>
      </trkpt>
      <trkpt lat="-44.86814" lon="167.83828">
        <ele>315.58</ele>
      </trkpt>
      <trkpt lat="-44.86812" lon="167.83821">
        <ele>315.33</ele>
      </trkpt>
      <trkpt lat="-44.86809" lon="167.83813">
        <ele>315.09</ele>
      </trkpt>
      <trkpt lat="-44.86808" lon="167.83805">
        <ele>315.38</ele>
      </trkpt>
      <trkpt lat="-44.86806" lon="167.83797">
        <ele>315.38</ele>
      </trkpt>
      <trkpt lat="-44.86805" lon="167.83789">
        <ele>315.52</ele>
      </trkpt>
      <trkpt lat="-44.86804" lon="167.83781">
        <ele>315.62</ele>
      </trkpt>
      <trkpt lat="-44.86804" lon="167.83773">
        <ele>315.39</ele>
      </trkpt>
      <trkpt lat="-44.86802" lon="167.83765">
        <ele>314.5</ele>
      </trkpt>
      <trkpt lat="-44.86802" lon="167.83757">
        <ele>313.96</ele>
      </trkpt>
      <trkpt lat="-44.86798" lon="167.8375">
        <ele>312.91</ele>
      </trkpt>
      <trkpt lat="-44.86796" lon="167.83742">
        <ele>311.38</ele>
      </trkpt>
      <trkpt lat="-44.86792" lon="167.83735">
        <ele>309.88</ele>
      </trkpt>
      <trkpt lat="-44.86788" lon="167.83727">
        <ele>308.38</ele>
      </trkpt>
      <trkpt lat="-44.86784" lon="167.8372">
        <ele>307.37</ele>
      </trkpt>
      <trkpt lat="-44.8678" lon="167.83713">
        <ele>306.83</ele>
      </trkpt>
      <trkpt lat="-44.86776" lon="167.83705">
        <ele>306.13</ele>
      </trkpt>
      <trkpt lat="-44.86772" lon="167.83698">
        <ele>305.17</ele>
      </trkpt>
      <trkpt lat="-44.86768" lon="167.83691">
        <ele>304.28</ele>
      </trkpt>
      <trkpt lat="-44.86764" lon="167.83683">
        <ele>303.52</ele>
      </trkpt>
      <trkpt lat="-44.8676" lon="167.83676">
        <ele>302.61</ele>
      </trkpt>
      <trkpt lat="-44.86755" lon="167.83671">
        <ele>301.36</ele>
      </trkpt>
      <trkpt lat="-44.86749" lon="167.8367">
        <ele>300.19</ele>
      </trkpt>
      <trkpt lat="-44.86743" lon="167.83671">
        <ele>300.62</ele>
      </trkpt>
      <trkpt lat="-44.86737" lon="167.83671">
        <ele>301.02</ele>
      </trkpt>
      <trkpt lat="-44.8673" lon="167.83672">
        <ele>301.49</ele>
      </trkpt>
      <trkpt lat="-44.86725" lon="167.83668">
        <ele>301.8</ele>
      </trkpt>
      <trkpt lat="-44.86719" lon="167.83666">
        <ele>302.28</ele>
      </trkpt>
      <trkpt lat="-44.86715" lon="167.83659">
        <ele>303.07</ele>
      </trkpt>
      <trkpt lat="-44.86711" lon="167.83653">
        <ele>303.79</ele>
      </trkpt>
      <trkpt lat="-44.86706" lon="167.83648">
        <ele>304.51</ele>
      </trkpt>
      <trkpt lat="-44.86702" lon="167.83641">
        <ele>305.3</ele>
      </trkpt>
      <trkpt lat="-44.86697" lon="167.83638">
        <ele>305.75</ele>
      </trkpt>
      <trkpt lat="-44.86692" lon="167.83634">
        <ele>305.34</ele>
      </trkpt>
      <trkpt lat="-44.86686" lon="167.83632">
        <ele>304.51</ele>
      </trkpt>
      <trkpt lat="-44.86681" lon="167.83628">
        <ele>303.85</ele>
      </trkpt>
      <trkpt lat="-44.86675" lon="167.83626">
        <ele>303.25</ele>
      </trkpt>
      <trkpt lat="-44.8667" lon="167.83622">
        <ele>302.87</ele>
      </trkpt>
      <trkpt lat="-44.86665" lon="167.8362">
        <ele>303.05</ele>
      </trkpt>
      <trkpt lat="-44.8666" lon="167.83616">
        <ele>304.6</ele>
      </trkpt>
      <trkpt lat="-44.86654" lon="167.83614">
        <ele>306.57</ele>
      </trkpt>
      <trkpt lat="-44.86649" lon="167.8361">
        <ele>308.96</ele>
      </trkpt>
      <trkpt lat="-44.86643" lon="167.83608">
        <ele>311.46</ele>
      </trkpt>
      <trkpt lat="-44.86638" lon="167.83604">
        <ele>314.32</ele>
      </trkpt>
      <trkpt lat="-44.86633" lon="167.83602">
        <ele>316.19</ele>
      </trkpt>
      <trkpt lat="-44.86629" lon="167.83595">
        <ele>318.02</ele>
      </trkpt>
      <trkpt lat="-44.86624" lon="167.83591">
        <ele>318.79</ele>
      </trkpt>
      <trkpt lat="-44.86619" lon="167.83585">
        <ele>318.69</ele>
      </trkpt>
      <trkpt lat="-44.86615" lon="167.8358">
        <ele>317.68</ele>
      </trkpt>
      <trkpt lat="-44.8661" lon="167.83576">
        <ele>316.75</ele>
      </trkpt>
      <trkpt lat="-44.86604" lon="167.83572">
        <ele>316.69</ele>
      </trkpt>
      <trkpt lat="-44.866" lon="167.83566">
        <ele>316.63</ele>
      </trkpt>
      <trkpt lat="-44.86595" lon="167.83561">
        <ele>317.24</ele>
      </trkpt>
      <trkpt lat="-44.86591" lon="167.83555">
        <ele>318.06</ele>
      </trkpt>
      <trkpt lat="-44.86587" lon="167.83548">
        <ele>318.88</ele>
      </trkpt>
      <trkpt lat="-44.86583" lon="167.8354">
        <ele>319.41</ele>
      </trkpt>
      <trkpt lat="-44.86579" lon="167.83533">
        <ele>319.04</ele>
      </trkpt>
      <trkpt lat="-44.86575" lon="167.83526">
        <ele>318.96</ele>
      </trkpt>
      <trkpt lat="-44.86571" lon="167.83518">
        <ele>318.69</ele>
      </trkpt>
      <trkpt lat="-44.86567" lon="167.83511">
        <ele>318.29</ele>
      </trkpt>
      <trkpt lat="-44.86562" lon="167.83505">
        <ele>317.74</ele>
      </trkpt>
      <trkpt lat="-44.86558" lon="167.835">
        <ele>317.18</ele>
      </trkpt>
      <trkpt lat="-44.86554" lon="167.83495">
        <ele>319.38</ele>
      </trkpt>
      <trkpt lat="-44.86553" lon="167.83494">
        <ele>320.09</ele>
      </trkpt>
      <trkpt lat="-44.86549" lon="167.83488">
        <ele>323.23</ele>
      </trkpt>
      <trkpt lat="-44.86544" lon="167.83483">
        <ele>325.82</ele>
      </trkpt>
      <trkpt lat="-44.86542" lon="167.83475">
        <ele>327.9</ele>
      </trkpt>
      <trkpt lat="-44.86539" lon="167.83467">
        <ele>328.89</ele>
      </trkpt>
      <trkpt lat="-44.86536" lon="167.8346">
        <ele>329.88</ele>
      </trkpt>
      <trkpt lat="-44.86534" lon="167.83452">
        <ele>331.17</ele>
      </trkpt>
      <trkpt lat="-44.86531" lon="167.83444">
        <ele>333.19</ele>
      </trkpt>
      <trkpt lat="-44.86527" lon="167.83437">
        <ele>331.42</ele>
      </trkpt>
      <trkpt lat="-44.86523" lon="167.8343">
        <ele>328.2</ele>
      </trkpt>
      <trkpt lat="-44.86519" lon="167.83422">
        <ele>325.6</ele>
      </trkpt>
      <trkpt lat="-44.86515" lon="167.83415">
        <ele>324.45</ele>
      </trkpt>
      <trkpt lat="-44.86511" lon="167.83408">
        <ele>323.62</ele>
      </trkpt>
      <trkpt lat="-44.86507" lon="167.834">
        <ele>321.85</ele>
      </trkpt>
      <trkpt lat="-44.86504" lon="167.83393">
        <ele>319.72</ele>
      </trkpt>
      <trkpt lat="-44.86502" lon="167.83385">
        <ele>318.42</ele>
      </trkpt>
      <trkpt lat="-44.86499" lon="167.83377">
        <ele>318.94</ele>
      </trkpt>
      <trkpt lat="-44.86497" lon="167.8337">
        <ele>319.27</ele>
      </trkpt>
      <trkpt lat="-44.86494" lon="167.83362">
        <ele>318.95</ele>
      </trkpt>
      <trkpt lat="-44.8649" lon="167.83355">
        <ele>318.52</ele>
      </trkpt>
      <trkpt lat="-44.86486" lon="167.83347">
        <ele>318.5</ele>
      </trkpt>
      <trkpt lat="-44.86482" lon="167.8334">
        <ele>318.73</ele>
      </trkpt>
      <trkpt lat="-44.8648" lon="167.83337">
        <ele>318.9</ele>
      </trkpt>
      <trkpt lat="-44.86478" lon="167.83333">
        <ele>319.24</ele>
      </trkpt>
      <trkpt lat="-44.86474" lon="167.83325">
        <ele>320.15</ele>
      </trkpt>
      <trkpt lat="-44.8647" lon="167.83318">
        <ele>321.86</ele>
      </trkpt>
      <trkpt lat="-44.86466" lon="167.8331">
        <ele>324.3</ele>
      </trkpt>
      <trkpt lat="-44.86462" lon="167.83303">
        <ele>325.69</ele>
      </trkpt>
      <trkpt lat="-44.86458" lon="167.83296">
        <ele>325.19</ele>
      </trkpt>
      <trkpt lat="-44.86454" lon="167.83288">
        <ele>324.28</ele>
      </trkpt>
      <trkpt lat="-44.8645" lon="167.83281">
        <ele>323.48</ele>
      </trkpt>
      <trkpt lat="-44.86446" lon="167.83274">
        <ele>323.92</ele>
      </trkpt>
      <trkpt lat="-44.86442" lon="167.83266">
        <ele>325.71</ele>
      </trkpt>
      <trkpt lat="-44.86438" lon="167.83259">
        <ele>327.03</ele>
      </trkpt>
      <trkpt lat="-44.86434" lon="167.83251">
        <ele>327.57</ele>
      </trkpt>
      <trkpt lat="-44.8643" lon="167.83244">
        <ele>327.54</ele>
      </trkpt>
      <trkpt lat="-44.86426" lon="167.83237">
        <ele>327.56</ele>
      </trkpt>
      <trkpt lat="-44.86422" lon="167.83229">
        <ele>327.57</ele>
      </trkpt>
      <trkpt lat="-44.86419" lon="167.83222">
        <ele>327.57</ele>
      </trkpt>
      <trkpt lat="-44.86417" lon="167.83214">
        <ele>327.64</ele>
      </trkpt>
      <trkpt lat="-44.86414" lon="167.83206">
        <ele>327.77</ele>
      </trkpt>
      <trkpt lat="-44.86411" lon="167.83199">
        <ele>327.71</ele>
      </trkpt>
      <trkpt lat="-44.8641" lon="167.83191">
        <ele>327.57</ele>
      </trkpt>
      <trkpt lat="-44.86407" lon="167.83183">
        <ele>328.13</ele>
      </trkpt>
      <trkpt lat="-44.86405" lon="167.83176">
        <ele>328.68</ele>
      </trkpt>
      <trkpt lat="-44.86404" lon="167.83173">
        <ele>328.97</ele>
      </trkpt>
      <trkpt lat="-44.86402" lon="167.83168">
        <ele>329.56</ele>
      </trkpt>
      <trkpt lat="-44.86401" lon="167.8316">
        <ele>329.65</ele>
      </trkpt>
      <trkpt lat="-44.86398" lon="167.83152">
        <ele>329.82</ele>
      </trkpt>
      <trkpt lat="-44.86396" lon="167.83145">
        <ele>329.76</ele>
      </trkpt>
      <trkpt lat="-44.86393" lon="167.83137">
        <ele>329.58</ele>
      </trkpt>
      <trkpt lat="-44.86392" lon="167.83129">
        <ele>329.1</ele>
      </trkpt>
      <trkpt lat="-44.86389" lon="167.83122">
        <ele>328.78</ele>
      </trkpt>
      <trkpt lat="-44.86386" lon="167.83114">
        <ele>327.79</ele>
      </trkpt>
      <trkpt lat="-44.86385" lon="167.83106">
        <ele>327.73</ele>
      </trkpt>
      <trkpt lat="-44.86384" lon="167.83098">
        <ele>327.99</ele>
      </trkpt>
      <trkpt lat="-44.86381" lon="167.8309">
        <ele>327.74</ele>
      </trkpt>
      <trkpt lat="-44.86378" lon="167.83083">
        <ele>327.23</ele>
      </trkpt>
      <trkpt lat="-44.86376" lon="167.83075">
        <ele>326.25</ele>
      </trkpt>
      <trkpt lat="-44.86373" lon="167.83067">
        <ele>325.33</ele>
      </trkpt>
      <trkpt lat="-44.8637" lon="167.8306">
        <ele>324.74</ele>
      </trkpt>
      <trkpt lat="-44.86368" lon="167.83052">
        <ele>324.78</ele>
      </trkpt>
      <trkpt lat="-44.86365" lon="167.83044">
        <ele>325.35</ele>
      </trkpt>
      <trkpt lat="-44.86362" lon="167.83037">
        <ele>326.0</ele>
      </trkpt>
      <trkpt lat="-44.86358" lon="167.83029">
        <ele>326.3</ele>
      </trkpt>
      <trkpt lat="-44.86354" lon="167.83022">
        <ele>325.88</ele>
      </trkpt>
      <trkpt lat="-44.86352" lon="167.83014">
        <ele>325.85</ele>
      </trkpt>
      <trkpt lat="-44.86349" lon="167.83007">
        <ele>325.8</ele>
      </trkpt>
      <trkpt lat="-44.86346" lon="167.82999">
        <ele>325.85</ele>
      </trkpt>
      <trkpt lat="-44.86344" lon="167.82992">
        <ele>325.33</ele>
      </trkpt>
      <trkpt lat="-44.86341" lon="167.82984">
        <ele>324.92</ele>
      </trkpt>
      <trkpt lat="-44.86337" lon="167.82977">
        <ele>324.83</ele>
      </trkpt>
      <trkpt lat="-44.86333" lon="167.82969">
        <ele>324.88</ele>
      </trkpt>
      <trkpt lat="-44.86329" lon="167.82962">
        <ele>324.63</ele>
      </trkpt>
      <trkpt lat="-44.86328" lon="167.8296">
        <ele>324.56</ele>
      </trkpt>
      <trkpt lat="-44.86325" lon="167.82954">
        <ele>324.34</ele>
      </trkpt>
      <trkpt lat="-44.86321" lon="167.82949">
        <ele>324.16</ele>
      </trkpt>
      <trkpt lat="-44.86316" lon="167.82943">
        <ele>323.75</ele>
      </trkpt>
      <trkpt lat="-44.86312" lon="167.82938">
        <ele>322.77</ele>
      </trkpt>
      <trkpt lat="-44.86307" lon="167.82932">
        <ele>321.38</ele>
      </trkpt>
      <trkpt lat="-44.86303" lon="167.82926">
        <ele>319.89</ele>
      </trkpt>
      <trkpt lat="-44.86299" lon="167.82919">
        <ele>318.6</ele>
      </trkpt>
      <trkpt lat="-44.86295" lon="167.82912">
        <ele>318.02</ele>
      </trkpt>
      <trkpt lat="-44.8629" lon="167.82904">
        <ele>317.34</ele>
      </trkpt>
      <trkpt lat="-44.86287" lon="167.82897">
        <ele>316.54</ele>
      </trkpt>
      <trkpt lat="-44.86283" lon="167.82889">
        <ele>315.39</ele>
      </trkpt>
      <trkpt lat="-44.86279" lon="167.82882">
        <ele>315.36</ele>
      </trkpt>
      <trkpt lat="-44.86275" lon="167.82875">
        <ele>315.4</ele>
      </trkpt>
      <trkpt lat="-44.86271" lon="167.82867">
        <ele>315.4</ele>
      </trkpt>
      <trkpt lat="-44.86267" lon="167.8286">
        <ele>315.29</ele>
      </trkpt>
      <trkpt lat="-44.86263" lon="167.82853">
        <ele>315.17</ele>
      </trkpt>
      <trkpt lat="-44.86259" lon="167.82845">
        <ele>314.62</ele>
      </trkpt>
      <trkpt lat="-44.86255" lon="167.82838">
        <ele>313.59</ele>
      </trkpt>
      <trkpt lat="-44.86251" lon="167.82831">
        <ele>312.28</ele>
      </trkpt>
      <trkpt lat="-44.86247" lon="167.82823">
        <ele>311.85</ele>
      </trkpt>
      <trkpt lat="-44.86243" lon="167.82816">
        <ele>311.59</ele>
      </trkpt>
      <trkpt lat="-44.8624" lon="167.82808">
        <ele>311.31</ele>
      </trkpt>
      <trkpt lat="-44.86237" lon="167.828">
        <ele>311.3</ele>
      </trkpt>
      <trkpt lat="-44.86236" lon="167.82793">
        <ele>311.43</ele>
      </trkpt>
      <trkpt lat="-44.86233" lon="167.82787">
        <ele>311.0</ele>
      </trkpt>
      <trkpt lat="-44.86228" lon="167.82783">
        <ele>309.81</ele>
      </trkpt>
      <trkpt lat="-44.86223" lon="167.82777">
        <ele>308.28</ele>
      </trkpt>
      <trkpt lat="-44.86219" lon="167.82772">
        <ele>307.88</ele>
      </trkpt>
      <trkpt lat="-44.86215" lon="167.82764">
        <ele>307.57</ele>
      </trkpt>
      <trkpt lat="-44.86211" lon="167.82758">
        <ele>306.95</ele>
      </trkpt>
      <trkpt lat="-44.86211" lon="167.82757">
        <ele>306.97</ele>
      </trkpt>
      <trkpt lat="-44.86206" lon="167.82751">
        <ele>305.9</ele>
      </trkpt>
      <trkpt lat="-44.86202" lon="167.82746">
        <ele>304.97</ele>
      </trkpt>
      <trkpt lat="-44.86197" lon="167.82741">
        <ele>303.91</ele>
      </trkpt>
      <trkpt lat="-44.86192" lon="167.82736">
        <ele>303.5</ele>
      </trkpt>
      <trkpt lat="-44.8619" lon="167.82728">
        <ele>303.7</ele>
      </trkpt>
      <trkpt lat="-44.86188" lon="167.82721">
        <ele>303.89</ele>
      </trkpt>
      <trkpt lat="-44.86187" lon="167.82713">
        <ele>304.64</ele>
      </trkpt>
      <trkpt lat="-44.86185" lon="167.82705">
        <ele>305.31</ele>
      </trkpt>
      <trkpt lat="-44.86184" lon="167.82697">
        <ele>306.01</ele>
      </trkpt>
      <trkpt lat="-44.86183" lon="167.82689">
        <ele>306.53</ele>
      </trkpt>
      <trkpt lat="-44.86183" lon="167.82681">
        <ele>307.06</ele>
      </trkpt>
      <trkpt lat="-44.86182" lon="167.82673">
        <ele>307.57</ele>
      </trkpt>
      <trkpt lat="-44.86183" lon="167.82664">
        <ele>308.52</ele>
      </trkpt>
      <trkpt lat="-44.86186" lon="167.82655">
        <ele>310.23</ele>
      </trkpt>
      <trkpt lat="-44.86189" lon="167.82649">
        <ele>311.3</ele>
      </trkpt>
      <trkpt lat="-44.86196" lon="167.82647">
        <ele>311.5</ele>
      </trkpt>
      <trkpt lat="-44.86201" lon="167.82642">
        <ele>312.23</ele>
      </trkpt>
      <trkpt lat="-44.86207" lon="167.82641">
        <ele>312.2</ele>
      </trkpt>
      <trkpt lat="-44.86211" lon="167.82634">
        <ele>313.0</ele>
      </trkpt>
      <trkpt lat="-44.86214" lon="167.82625">
        <ele>313.94</ele>
      </trkpt>
      <trkpt lat="-44.86215" lon="167.82617">
        <ele>314.83</ele>
      </trkpt>
      <trkpt lat="-44.86212" lon="167.82609">
        <ele>315.64</ele>
      </trkpt>
      <trkpt lat="-44.86211" lon="167.82601">
        <ele>315.37</ele>
      </trkpt>
      <trkpt lat="-44.8621" lon="167.82593">
        <ele>315.15</ele>
      </trkpt>
      <trkpt lat="-44.86208" lon="167.82585">
        <ele>315.11</ele>
      </trkpt>
      <trkpt lat="-44.86208" lon="167.82577">
        <ele>315.16</ele>
      </trkpt>
      <trkpt lat="-44.86207" lon="167.82569">
        <ele>315.43</ele>
      </trkpt>
      <trkpt lat="-44.86207" lon="167.82561">
        <ele>315.56</ele>
      </trkpt>
      <trkpt lat="-44.86206" lon="167.82553">
        <ele>315.87</ele>
      </trkpt>
      <trkpt lat="-44.86208" lon="167.82544">
        <ele>315.97</ele>
      </trkpt>
      <trkpt lat="-44.86209" lon="167.8254">
        <ele>315.93</ele>
      </trkpt>
      <trkpt lat="-44.8621" lon="167.82536">
        <ele>315.86</ele>
      </trkpt>
      <trkpt lat="-44.86211" lon="167.82527">
        <ele>315.85</ele>
      </trkpt>
      <trkpt lat="-44.86213" lon="167.82519">
        <ele>315.64</ele>
      </trkpt>
      <trkpt lat="-44.86212" lon="167.82511">
        <ele>316.12</ele>
      </trkpt>
      <trkpt lat="-44.86212" lon="167.82502">
        <ele>316.41</ele>
      </trkpt>
      <trkpt lat="-44.86208" lon="167.82495">
        <ele>316.7</ele>
      </trkpt>
      <trkpt lat="-44.86206" lon="167.82487">
        <ele>316.64</ele>
      </trkpt>
      <trkpt lat="-44.86202" lon="167.8248">
        <ele>317.46</ele>
      </trkpt>
      <trkpt lat="-44.86197" lon="167.82474">
        <ele>319.05</ele>
      </trkpt>
      <trkpt lat="-44.86193" lon="167.82468">
        <ele>319.78</ele>
      </trkpt>
      <trkpt lat="-44.86188" lon="167.82465">
        <ele>320.2</ele>
      </trkpt>
      <trkpt lat="-44.86183" lon="167.82461">
        <ele>320.35</ele>
      </trkpt>
      <trkpt lat="-44.86177" lon="167.82459">
        <ele>320.82</ele>
      </trkpt>
      <trkpt lat="-44.86172" lon="167.82455">
        <ele>320.68</ele>
      </trkpt>
      <trkpt lat="-44.86167" lon="167.82451">
        <ele>320.38</ele>
      </trkpt>
      <trkpt lat="-44.86162" lon="167.82447">
        <ele>318.67</ele>
      </trkpt>
      <trkpt lat="-44.86157" lon="167.82443">
        <ele>317.18</ele>
      </trkpt>
      <trkpt lat="-44.86152" lon="167.82439">
        <ele>316.3</ele>
      </trkpt>
      <trkpt lat="-44.86146" lon="167.82436">
        <ele>315.65</ele>
      </trkpt>
      <trkpt lat="-44.86141" lon="167.82437">
        <ele>315.04</ele>
      </trkpt>
      <trkpt lat="-44.86138" lon="167.82444">
        <ele>314.14</ele>
      </trkpt>
      <trkpt lat="-44.86136" lon="167.82451">
        <ele>314.95</ele>
      </trkpt>
      <trkpt lat="-44.86135" lon="167.82453">
        <ele>315.21</ele>
      </trkpt>
      <trkpt lat="-44.86135" lon="167.82461">
        <ele>315.96</ele>
      </trkpt>
      <trkpt lat="-44.86135" lon="167.82469">
        <ele>316.7</ele>
      </trkpt>
      <trkpt lat="-44.86133" lon="167.82476">
        <ele>316.61</ele>
      </trkpt>
      <trkpt lat="-44.86128" lon="167.82481">
        <ele>315.87</ele>
      </trkpt>
      <trkpt lat="-44.86124" lon="167.82486">
        <ele>314.94</ele>
      </trkpt>
      <trkpt lat="-44.86119" lon="167.82491">
        <ele>313.71</ele>
      </trkpt>
      <trkpt lat="-44.86114" lon="167.82496">
        <ele>312.22</ele>
      </trkpt>
      <trkpt lat="-44.86108" lon="167.82498">
        <ele>312.28</ele>
      </trkpt>
      <trkpt lat="-44.86102" lon="167.82501">
        <ele>313.58</ele>
      </trkpt>
      <trkpt lat="-44.86095" lon="167.82502">
        <ele>315.53</ele>
      </trkpt>
      <trkpt lat="-44.86088" lon="167.82503">
        <ele>317.46</ele>
      </trkpt>
      <trkpt lat="-44.86082" lon="167.82505">
        <ele>318.49</ele>
      </trkpt>
      <trkpt lat="-44.86076" lon="167.82504">
        <ele>317.88</ele>
      </trkpt>
      <trkpt lat="-44.86073" lon="167.82499">
        <ele>317.91</ele>
      </trkpt>
      <trkpt lat="-44.86071" lon="167.82491">
        <ele>317.96</ele>
      </trkpt>
      <trkpt lat="-44.86068" lon="167.82483">
        <ele>318.02</ele>
      </trkpt>
      <trkpt lat="-44.86066" lon="167.82475">
        <ele>318.25</ele>
      </trkpt>
      <trkpt lat="-44.86062" lon="167.82468">
        <ele>318.43</ele>
      </trkpt>
      <trkpt lat="-44.86058" lon="167.82461">
        <ele>318.79</ele>
      </trkpt>
      <trkpt lat="-44.86055" lon="167.82453">
        <ele>319.39</ele>
      </trkpt>
      <trkpt lat="-44.86052" lon="167.82445">
        <ele>320.08</ele>
      </trkpt>
      <trkpt lat="-44.86051" lon="167.82442">
        <ele>320.15</ele>
      </trkpt>
      <trkpt lat="-44.8605" lon="167.82438">
        <ele>320.15</ele>
      </trkpt>
      <trkpt lat="-44.86047" lon="167.8243">
        <ele>320.15</ele>
      </trkpt>
      <trkpt lat="-44.86045" lon="167.82422">
        <ele>320.07</ele>
      </trkpt>
      <trkpt lat="-44.86041" lon="167.82415">
        <ele>319.82</ele>
      </trkpt>
      <trkpt lat="-44.86038" lon="167.82407">
        <ele>318.96</ele>
      </trkpt>
      <trkpt lat="-44.86035" lon="167.824">
        <ele>318.2</ele>
      </trkpt>
      <trkpt lat="-44.86033" lon="167.82392">
        <ele>317.34</ele>
      </trkpt>
      <trkpt lat="-44.8603" lon="167.82384">
        <ele>317.0</ele>
      </trkpt>
      <trkpt lat="-44.86029" lon="167.82377">
        <ele>317.0</ele>
      </trkpt>
      <trkpt lat="-44.86026" lon="167.82369">
        <ele>317.0</ele>
      </trkpt>
      <trkpt lat="-44.86023" lon="167.82361">
        <ele>317.0</ele>
      </trkpt>
      <trkpt lat="-44.86021" lon="167.82354">
        <ele>317.0</ele>
      </trkpt>
      <trkpt lat="-44.86018" lon="167.82346">
        <ele>317.0</ele>
      </trkpt>
      <trkpt lat="-44.86014" lon="167.82339">
        <ele>317.0</ele>
      </trkpt>
      <trkpt lat="-44.86011" lon="167.82331">
        <ele>317.17</ele>
      </trkpt>
      <trkpt lat="-44.86009" lon="167.82323">
        <ele>317.74</ele>
      </trkpt>
      <trkpt lat="-44.86006" lon="167.82316">
        <ele>318.25</ele>
      </trkpt>
      <trkpt lat="-44.86003" lon="167.82308">
        <ele>318.82</ele>
      </trkpt>
      <trkpt lat="-44.86001" lon="167.823">
        <ele>319.4</ele>
      </trkpt>
      <trkpt lat="-44.85997" lon="167.82293">
        <ele>319.9</ele>
      </trkpt>
      <trkpt lat="-44.85994" lon="167.82285">
        <ele>320.48</ele>
      </trkpt>
      <trkpt lat="-44.85991" lon="167.82278">
        <ele>320.98</ele>
      </trkpt>
      <trkpt lat="-44.85989" lon="167.8227">
        <ele>321.45</ele>
      </trkpt>
      <trkpt lat="-44.85987" lon="167.82262">
        <ele>321.87</ele>
      </trkpt>
      <trkpt lat="-44.85986" lon="167.82254">
        <ele>322.28</ele>
      </trkpt>
      <trkpt lat="-44.85984" lon="167.82246">
        <ele>322.65</ele>
      </trkpt>
      <trkpt lat="-44.85982" lon="167.82239">
        <ele>323.0</ele>
      </trkpt>
      <trkpt lat="-44.85977" lon="167.82233">
        <ele>323.29</ele>
      </trkpt>
      <trkpt lat="-44.85972" lon="167.82231">
        <ele>323.37</ele>
      </trkpt>
      <trkpt lat="-44.85967" lon="167.82225">
        <ele>323.8</ele>
      </trkpt>
      <trkpt lat="-44.85965" lon="167.82218">
        <ele>324.3</ele>
      </trkpt>
      <trkpt lat="-44.85963" lon="167.8221">
        <ele>324.88</ele>
      </trkpt>
      <trkpt lat="-44.85961" lon="167.82202">
        <ele>325.46</ele>
      </trkpt>
      <trkpt lat="-44.85958" lon="167.82194">
        <ele>326.03</ele>
      </trkpt>
      <trkpt lat="-44.85954" lon="167.82187">
        <ele>326.54</ele>
      </trkpt>
      <trkpt lat="-44.8595" lon="167.8218">
        <ele>327.04</ele>
      </trkpt>
      <trkpt lat="-44.85946" lon="167.82172">
        <ele>327.62</ele>
      </trkpt>
      <trkpt lat="-44.85942" lon="167.82165">
        <ele>328.17</ele>
      </trkpt>
      <trkpt lat="-44.85938" lon="167.82158">
        <ele>328.28</ele>
      </trkpt>
      <trkpt lat="-44.85934" lon="167.8215">
        <ele>327.77</ele>
      </trkpt>
      <trkpt lat="-44.8593" lon="167.82143">
        <ele>326.68</ele>
      </trkpt>
      <trkpt lat="-44.85926" lon="167.82135">
        <ele>324.7</ele>
      </trkpt>
      <trkpt lat="-44.85922" lon="167.82128">
        <ele>322.63</ele>
      </trkpt>
      <trkpt lat="-44.85918" lon="167.82121">
        <ele>320.7</ele>
      </trkpt>
      <trkpt lat="-44.85914" lon="167.82113">
        <ele>319.62</ele>
      </trkpt>
      <trkpt lat="-44.8591" lon="167.82106">
        <ele>320.53</ele>
      </trkpt>
      <trkpt lat="-44.85908" lon="167.821">
        <ele>321.25</ele>
      </trkpt>
      <trkpt lat="-44.85908" lon="167.82098">
        <ele>321.43</ele>
      </trkpt>
      <trkpt lat="-44.85905" lon="167.82091">
        <ele>321.87</ele>
      </trkpt>
      <trkpt lat="-44.85903" lon="167.82083">
        <ele>322.05</ele>
      </trkpt>
      <trkpt lat="-44.85901" lon="167.82075">
        <ele>322.1</ele>
      </trkpt>
      <trkpt lat="-44.85896" lon="167.8207">
        <ele>321.16</ele>
      </trkpt>
      <trkpt lat="-44.8589" lon="167.82069">
        <ele>319.75</ele>
      </trkpt>
      <trkpt lat="-44.85884" lon="167.82071">
        <ele>319.2</ele>
      </trkpt>
      <trkpt lat="-44.85879" lon="167.82075">
        <ele>318.99</ele>
      </trkpt>
      <trkpt lat="-44.85873" lon="167.82079">
        <ele>318.7</ele>
      </trkpt>
      <trkpt lat="-44.85868" lon="167.82082">
        <ele>318.45</ele>
      </trkpt>
      <trkpt lat="-44.85862" lon="167.82081">
        <ele>317.98</ele>
      </trkpt>
      <trkpt lat="-44.85857" lon="167.82076">
        <ele>317.29</ele>
      </trkpt>
      <trkpt lat="-44.85853" lon="167.82069">
        <ele>316.61</ele>
      </trkpt>
      <trkpt lat="-44.85849" lon="167.82061">
        <ele>315.89</ele>
      </trkpt>
      <trkpt lat="-44.85845" lon="167.82054">
        <ele>315.07</ele>
      </trkpt>
      <trkpt lat="-44.85842" lon="167.82046">
        <ele>313.8</ele>
      </trkpt>
      <trkpt lat="-44.8584" lon="167.82039">
        <ele>312.79</ele>
      </trkpt>
      <trkpt lat="-44.85838" lon="167.82031">
        <ele>311.7</ele>
      </trkpt>
      <trkpt lat="-44.85835" lon="167.82025">
        <ele>312.06</ele>
      </trkpt>
      <trkpt lat="-44.8583" lon="167.82021">
        <ele>313.38</ele>
      </trkpt>
      <trkpt lat="-44.8583" lon="167.82021">
        <ele>313.38</ele>
      </trkpt>
      <trkpt lat="-44.85826" lon="167.82015">
        <ele>315.2</ele>
      </trkpt>
      <trkpt lat="-44.85821" lon="167.82011">
        <ele>316.16</ele>
      </trkpt>
      <trkpt lat="-44.85816" lon="167.82005">
        <ele>317.18</ele>
      </trkpt>
      <trkpt lat="-44.85811" lon="167.82002">
        <ele>317.29</ele>
      </trkpt>
      <trkpt lat="-44.85806" lon="167.81998">
        <ele>317.57</ele>
      </trkpt>
      <trkpt lat="-44.85801" lon="167.81994">
        <ele>318.28</ele>
      </trkpt>
      <trkpt lat="-44.85796" lon="167.8199">
        <ele>318.93</ele>
      </trkpt>
      <trkpt lat="-44.85791" lon="167.81985">
        <ele>319.69</ele>
      </trkpt>
      <trkpt lat="-44.85785" lon="167.81986">
        <ele>319.04</ele>
      </trkpt>
      <trkpt lat="-44.85779" lon="167.81984">
        <ele>318.97</ele>
      </trkpt>
      <trkpt lat="-44.85773" lon="167.81985">
        <ele>318.5</ele>
      </trkpt>
      <trkpt lat="-44.85768" lon="167.8198">
        <ele>318.94</ele>
      </trkpt>
      <trkpt lat="-44.85763" lon="167.81975">
        <ele>319.12</ele>
      </trkpt>
      <trkpt lat="-44.85757" lon="167.81974">
        <ele>318.63</ele>
      </trkpt>
      <trkpt lat="-44.85751" lon="167.81975">
        <ele>317.99</ele>
      </trkpt>
      <trkpt lat="-44.85744" lon="167.81977">
        <ele>317.65</ele>
      </trkpt>
      <trkpt lat="-44.85738" lon="167.81976">
        <ele>317.49</ele>
      </trkpt>
      <trkpt lat="-44.85732" lon="167.81976">
        <ele>317.3</ele>
      </trkpt>
      <trkpt lat="-44.85726" lon="167.81975">
        <ele>317.12</ele>
      </trkpt>
      <trkpt lat="-44.8572" lon="167.81973">
        <ele>316.92</ele>
      </trkpt>
      <trkpt lat="-44.85714" lon="167.81971">
        <ele>316.7</ele>
      </trkpt>
      <trkpt lat="-44.85714" lon="167.81971">
        <ele>316.7</ele>
      </trkpt>
      <trkpt lat="-44.85709" lon="167.81969">
        <ele>316.52</ele>
      </trkpt>
      <trkpt lat="-44.85703" lon="167.81967">
        <ele>316.31</ele>
      </trkpt>
      <trkpt lat="-44.85698" lon="167.81965">
        <ele>316.13</ele>
      </trkpt>
      <trkpt lat="-44.85692" lon="167.81963">
        <ele>315.94</ele>
      </trkpt>
      <trkpt lat="-44.85686" lon="167.81961">
        <ele>315.75</ele>
      </trkpt>
      <trkpt lat="-44.85681" lon="167.81958">
        <ele>315.5</ele>
      </trkpt>
      <trkpt lat="-44.85675" lon="167.81956">
        <ele>315.18</ele>
      </trkpt>
      <trkpt lat="-44.8567" lon="167.81953">
        <ele>314.78</ele>
      </trkpt>
      <trkpt lat="-44.85664" lon="167.81952">
        <ele>314.71</ele>
      </trkpt>
      <trkpt lat="-44.85658" lon="167.81955">
        <ele>315.27</ele>
      </trkpt>
      <trkpt lat="-44.85653" lon="167.81959">
        <ele>315.77</ele>
      </trkpt>
      <trkpt lat="-44.85647" lon="167.81962">
        <ele>316.23</ele>
      </trkpt>
      <trkpt lat="-44.85641" lon="167.81965">
        <ele>316.64</ele>
      </trkpt>
      <trkpt lat="-44.85635" lon="167.81966">
        <ele>317.02</ele>
      </trkpt>
      <trkpt lat="-44.85628" lon="167.81968">
        <ele>317.57</ele>
      </trkpt>
      <trkpt lat="-44.85621" lon="167.81969">
        <ele>318.1</ele>
      </trkpt>
      <trkpt lat="-44.85615" lon="167.8197">
        <ele>318.57</ele>
      </trkpt>
      <trkpt lat="-44.85608" lon="167.81972">
        <ele>319.1</ele>
      </trkpt>
      <trkpt lat="-44.85605" lon="167.81972">
        <ele>319.21</ele>
      </trkpt>
      <trkpt lat="-44.85602" lon="167.81972">
        <ele>319.31</ele>
      </trkpt>
      <trkpt lat="-44.85596" lon="167.81971">
        <ele>319.48</ele>
      </trkpt>
      <trkpt lat="-44.8559" lon="167.81971">
        <ele>319.71</ele>
      </trkpt>
      <trkpt lat="-44.85584" lon="167.8197">
        <ele>319.89</ele>
      </trkpt>
      <trkpt lat="-44.85577" lon="167.8197">
        <ele>320.15</ele>
      </trkpt>
      <trkpt lat="-44.85571" lon="167.81971">
        <ele>320.4</ele>
      </trkpt>
      <trkpt lat="-44.85564" lon="167.81973">
        <ele>320.65</ele>
      </trkpt>
      <trkpt lat="-44.85557" lon="167.81974">
        <ele>320.82</ele>
      </trkpt>
      <trkpt lat="-44.85551" lon="167.81976">
        <ele>320.79</ele>
      </trkpt>
      <trkpt lat="-44.85544" lon="167.81977">
        <ele>320.87</ele>
      </trkpt>
      <trkpt lat="-44.85538" lon="167.81977">
        <ele>320.98</ele>
      </trkpt>
      <trkpt lat="-44.85532" lon="167.81976">
        <ele>321.07</ele>
      </trkpt>
      <trkpt lat="-44.85526" lon="167.81976">
        <ele>321.19</ele>
      </trkpt>
      <trkpt lat="-44.8552" lon="167.81975">
        <ele>321.35</ele>
      </trkpt>
      <trkpt lat="-44.85514" lon="167.81973">
        <ele>321.51</ele>
      </trkpt>
      <trkpt lat="-44.85508" lon="167.81973">
        <ele>321.72</ele>
      </trkpt>
      <trkpt lat="-44.85502" lon="167.81973">
        <ele>321.93</ele>
      </trkpt>
      <trkpt lat="-44.85496" lon="167.81972">
        <ele>322.0</ele>
      </trkpt>
      <trkpt lat="-44.8549" lon="167.8197">
        <ele>322.03</ele>
      </trkpt>
      <trkpt lat="-44.85485" lon="167.8197">
        <ele>322.04</ele>
      </trkpt>
      <trkpt lat="-44.85484" lon="167.8197">
        <ele>322.05</ele>
      </trkpt>
      <trkpt lat="-44.85478" lon="167.81969">
        <ele>322.09</ele>
      </trkpt>
      <trkpt lat="-44.85472" lon="167.81967">
        <ele>322.22</ele>
      </trkpt>
      <trkpt lat="-44.85467" lon="167.81965">
        <ele>322.87</ele>
      </trkpt>
      <trkpt lat="-44.8546" lon="167.81965">
        <ele>323.68</ele>
      </trkpt>
      <trkpt lat="-44.85455" lon="167.81963">
        <ele>324.19</ele>
      </trkpt>
      <trkpt lat="-44.85449" lon="167.8196">
        <ele>324.68</ele>
      </trkpt>
      <trkpt lat="-44.85444" lon="167.81958">
        <ele>324.99</ele>
      </trkpt>
      <trkpt lat="-44.85438" lon="167.81956">
        <ele>324.95</ele>
      </trkpt>
      <trkpt lat="-44.85432" lon="167.81954">
        <ele>324.72</ele>
      </trkpt>
      <trkpt lat="-44.85427" lon="167.81952">
        <ele>324.31</ele>
      </trkpt>
      <trkpt lat="-44.85421" lon="167.8195">
        <ele>323.72</ele>
      </trkpt>
      <trkpt lat="-44.85416" lon="167.81948">
        <ele>322.79</ele>
      </trkpt>
      <trkpt lat="-44.8541" lon="167.81946">
        <ele>320.19</ele>
      </trkpt>
      <trkpt lat="-44.85405" lon="167.81942">
        <ele>318.55</ele>
      </trkpt>
      <trkpt lat="-44.85399" lon="167.8194">
        <ele>316.77</ele>
      </trkpt>
      <trkpt lat="-44.85394" lon="167.81936">
        <ele>315.43</ele>
      </trkpt>
      <trkpt lat="-44.85389" lon="167.81934">
        <ele>313.79</ele>
      </trkpt>
      <trkpt lat="-44.85384" lon="167.8193">
        <ele>313.6</ele>
      </trkpt>
      <trkpt lat="-44.85378" lon="167.81928">
        <ele>313.17</ele>
      </trkpt>
      <trkpt lat="-44.85373" lon="167.81924">
        <ele>312.91</ele>
      </trkpt>
      <trkpt lat="-44.85366" lon="167.81925">
        <ele>312.18</ele>
      </trkpt>
      <trkpt lat="-44.8536" lon="167.81925">
        <ele>311.89</ele>
      </trkpt>
      <trkpt lat="-44.85354" lon="167.81926">
        <ele>312.86</ele>
      </trkpt>
      <trkpt lat="-44.85348" lon="167.81925">
        <ele>313.97</ele>
      </trkpt>
      <trkpt lat="-44.85343" lon="167.8192">
        <ele>315.48</ele>
      </trkpt>
      <trkpt lat="-44.85339" lon="167.81913">
        <ele>317.15</ele>
      </trkpt>
      <trkpt lat="-44.85335" lon="167.81905">
        <ele>318.87</ele>
      </trkpt>
      <trkpt lat="-44.85331" lon="167.81898">
        <ele>320.27</ele>
      </trkpt>
      <trkpt lat="-44.85329" lon="167.81896">
        <ele>320.63</ele>
      </trkpt>
      <trkpt lat="-44.85326" lon="167.81893">
        <ele>321.05</ele>
      </trkpt>
      <trkpt lat="-44.8532" lon="167.81892">
        <ele>321.47</ele>
      </trkpt>
      <trkpt lat="-44.85314" lon="167.81891">
        <ele>321.79</ele>
      </trkpt>
      <trkpt lat="-44.8531" lon="167.81886">
        <ele>321.7</ele>
      </trkpt>
      <trkpt lat="-44.85306" lon="167.81879">
        <ele>321.29</ele>
      </trkpt>
      <trkpt lat="-44.85303" lon="167.81871">
        <ele>320.38</ele>
      </trkpt>
      <trkpt lat="-44.853" lon="167.81863">
        <ele>319.35</ele>
      </trkpt>
      <trkpt lat="-44.85298" lon="167.81856">
        <ele>318.88</ele>
      </trkpt>
      <trkpt lat="-44.85295" lon="167.81848">
        <ele>318.55</ele>
      </trkpt>
      <trkpt lat="-44.85292" lon="167.8184">
        <ele>318.4</ele>
      </trkpt>
      <trkpt lat="-44.85288" lon="167.81833">
        <ele>318.38</ele>
      </trkpt>
      <trkpt lat="-44.85284" lon="167.81826">
        <ele>318.72</ele>
      </trkpt>
      <trkpt lat="-44.85281" lon="167.81818">
        <ele>319.45</ele>
      </trkpt>
      <trkpt lat="-44.85278" lon="167.81811">
        <ele>320.39</ele>
      </trkpt>
      <trkpt lat="-44.85274" lon="167.81803">
        <ele>318.37</ele>
      </trkpt>
      <trkpt lat="-44.85274" lon="167.81795">
        <ele>317.79</ele>
      </trkpt>
      <trkpt lat="-44.85273" lon="167.81787">
        <ele>316.57</ele>
      </trkpt>
      <trkpt lat="-44.85273" lon="167.81779">
        <ele>315.99</ele>
      </trkpt>
      <trkpt lat="-44.85271" lon="167.81771">
        <ele>313.99</ele>
      </trkpt>
      <trkpt lat="-44.8527" lon="167.81763">
        <ele>312.73</ele>
      </trkpt>
      <trkpt lat="-44.85269" lon="167.81755">
        <ele>311.59</ele>
      </trkpt>
      <trkpt lat="-44.85267" lon="167.81747">
        <ele>310.34</ele>
      </trkpt>
      <trkpt lat="-44.85265" lon="167.8174">
        <ele>309.59</ele>
      </trkpt>
      <trkpt lat="-44.85262" lon="167.81732">
        <ele>308.73</ele>
      </trkpt>
      <trkpt lat="-44.85259" lon="167.81724">
        <ele>308.18</ele>
      </trkpt>
      <trkpt lat="-44.85255" lon="167.81717">
        <ele>307.96</ele>
      </trkpt>
      <trkpt lat="-44.85253" lon="167.81709">
        <ele>308.78</ele>
      </trkpt>
      <trkpt lat="-44.8525" lon="167.81702">
        <ele>309.64</ele>
      </trkpt>
      <trkpt lat="-44.85247" lon="167.81694">
        <ele>310.09</ele>
      </trkpt>
      <trkpt lat="-44.85246" lon="167.81686">
        <ele>310.92</ele>
      </trkpt>
      <trkpt lat="-44.85245" lon="167.81678">
        <ele>311.9</ele>
      </trkpt>
      <trkpt lat="-44.85242" lon="167.81671">
        <ele>312.64</ele>
      </trkpt>
      <trkpt lat="-44.85239" lon="167.81663">
        <ele>316.37</ele>
      </trkpt>
      <trkpt lat="-44.85238" lon="167.81655">
        <ele>323.28</ele>
      </trkpt>
      <trkpt lat="-44.85235" lon="167.81647">
        <ele>330.41</ele>
      </trkpt>
      <trkpt lat="-44.85233" lon="167.8164">
        <ele>336.83</ele>
      </trkpt>
      <trkpt lat="-44.85231" lon="167.81632">
        <ele>337.2</ele>
      </trkpt>
      <trkpt lat="-44.8523" lon="167.81624">
        <ele>336.23</ele>
      </trkpt>
      <trkpt lat="-44.85227" lon="167.81616">
        <ele>335.07</ele>
      </trkpt>
      <trkpt lat="-44.85226" lon="167.81608">
        <ele>332.64</ele>
      </trkpt>
      <trkpt lat="-44.85222" lon="167.81601">
        <ele>328.96</ele>
      </trkpt>
      <trkpt lat="-44.85217" lon="167.81596">
        <ele>327.48</ele>
      </trkpt>
      <trkpt lat="-44.85211" lon="167.81595">
        <ele>328.17</ele>
      </trkpt>
      <trkpt lat="-44.85207" lon="167.81594">
        <ele>328.41</ele>
      </trkpt>
      <trkpt lat="-44.85207" lon="167.81588">
        <ele>324.91</ele>
      </trkpt>
      <trkpt lat="-44.8521" lon="167.81579">
        <ele>321.45</ele>
      </trkpt>
      <trkpt lat="-44.85214" lon="167.81572">
        <ele>320.37</ele>
      </trkpt>
      <trkpt lat="-44.85217" lon="167.81564">
        <ele>319.36</ele>
      </trkpt>
      <trkpt lat="-44.8522" lon="167.81557">
        <ele>318.42</ele>
      </trkpt>
      <trkpt lat="-44.85225" lon="167.81551">
        <ele>317.95</ele>
      </trkpt>
      <trkpt lat="-44.85229" lon="167.81546">
        <ele>318.24</ele>
      </trkpt>
      <trkpt lat="-44.85233" lon="167.81539">
        <ele>319.02</ele>
      </trkpt>
      <trkpt lat="-44.85235" lon="167.81533">
        <ele>319.8</ele>
      </trkpt>
      <trkpt lat="-44.85235" lon="167.81525">
        <ele>320.53</ele>
      </trkpt>
      <trkpt lat="-44.85235" lon="167.81516">
        <ele>321.53</ele>
      </trkpt>
      <trkpt lat="-44.85237" lon="167.81512">
        <ele>322.39</ele>
      </trkpt>
      <trkpt lat="-44.85235" lon="167.81516">
        <ele>321.53</ele>
      </trkpt>
      <trkpt lat="-44.85235" lon="167.81525">
        <ele>320.53</ele>
      </trkpt>
      <trkpt lat="-44.85235" lon="167.81533">
        <ele>319.8</ele>
      </trkpt>
      <trkpt lat="-44.85233" lon="167.81539">
        <ele>319.02</ele>
      </trkpt>
      <trkpt lat="-44.85229" lon="167.81546">
        <ele>318.24</ele>
      </trkpt>
      <trkpt lat="-44.85225" lon="167.81551">
        <ele>317.95</ele>
      </trkpt>
      <trkpt lat="-44.8522" lon="167.81557">
        <ele>318.42</ele>
      </trkpt>
      <trkpt lat="-44.85217" lon="167.81564">
        <ele>319.36</ele>
      </trkpt>
      <trkpt lat="-44.85214" lon="167.81572">
        <ele>320.37</ele>
      </trkpt>
      <trkpt lat="-44.8521" lon="167.81579">
        <ele>321.45</ele>
      </trkpt>
      <trkpt lat="-44.85207" lon="167.81588">
        <ele>324.91</ele>
      </trkpt>
      <trkpt lat="-44.85204" lon="167.81595">
        <ele>329.61</ele>
      </trkpt>
      <trkpt lat="-44.85198" lon="167.81598">
        <ele>332.72</ele>
      </trkpt>
      <trkpt lat="-44.85191" lon="167.81599">
        <ele>333.82</ele>
      </trkpt>
      <trkpt lat="-44.85185" lon="167.81601">
        <ele>334.31</ele>
      </trkpt>
      <trkpt lat="-44.85182" lon="167.81601">
        <ele>333.94</ele>
      </trkpt>
      <trkpt lat="-44.85178" lon="167.81602">
        <ele>333.89</ele>
      </trkpt>
      <trkpt lat="-44.85172" lon="167.81605">
        <ele>334.16</ele>
      </trkpt>
      <trkpt lat="-44.85166" lon="167.81607">
        <ele>333.12</ele>
      </trkpt>
      <trkpt lat="-44.85161" lon="167.81612">
        <ele>328.79</ele>
      </trkpt>
      <trkpt lat="-44.85156" lon="167.81616">
        <ele>324.64</ele>
      </trkpt>
      <trkpt lat="-44.85152" lon="167.81622">
        <ele>323.64</ele>
      </trkpt>
      <trkpt lat="-44.8515" lon="167.81623">
        <ele>322.73</ele>
      </trkpt>
      <trkpt lat="-44.85146" lon="167.81625">
        <ele>321.35</ele>
      </trkpt>
      <trkpt lat="-44.8514" lon="167.81624">
        <ele>316.78</ele>
      </trkpt>
      <trkpt lat="-44.85135" lon="167.81619">
        <ele>310.57</ele>
      </trkpt>
      <trkpt lat="-44.8513" lon="167.81615">
        <ele>306.88</ele>
      </trkpt>
      <trkpt lat="-44.85129" lon="167.81614">
        <ele>306.17</ele>
      </trkpt>
      <trkpt lat="-44.85125" lon="167.81611">
        <ele>304.51</ele>
      </trkpt>
      <trkpt lat="-44.85124" lon="167.81603">
        <ele>305.51</ele>
      </trkpt>
      <trkpt lat="-44.8512" lon="167.81599">
        <ele>305.81</ele>
      </trkpt>
      <trkpt lat="-44.85119" lon="167.81592">
        <ele>306.38</ele>
      </trkpt>
      <trkpt lat="-44.85113" lon="167.81589">
        <ele>306.0</ele>
      </trkpt>
      <trkpt lat="-44.85108" lon="167.81586">
        <ele>306.49</ele>
      </trkpt>
      <trkpt lat="-44.85102" lon="167.81585">
        <ele>307.62</ele>
      </trkpt>
      <trkpt lat="-44.85096" lon="167.81586">
        <ele>308.73</ele>
      </trkpt>
      <trkpt lat="-44.8509" lon="167.81591">
        <ele>309.94</ele>
      </trkpt>
      <trkpt lat="-44.85085" lon="167.81593">
        <ele>311.01</ele>
      </trkpt>
      <trkpt lat="-44.8508" lon="167.81598">
        <ele>312.0</ele>
      </trkpt>
      <trkpt lat="-44.85075" lon="167.81604">
        <ele>312.8</ele>
      </trkpt>
      <trkpt lat="-44.8507" lon="167.81608">
        <ele>313.44</ele>
      </trkpt>
      <trkpt lat="-44.85066" lon="167.81614">
        <ele>313.77</ele>
      </trkpt>
      <trkpt lat="-44.85063" lon="167.81617">
        <ele>313.98</ele>
      </trkpt>
      <trkpt lat="-44.85062" lon="167.81619">
        <ele>314.02</ele>
      </trkpt>
      <trkpt lat="-44.85057" lon="167.81625">
        <ele>314.34</ele>
      </trkpt>
      <trkpt lat="-44.85051" lon="167.81627">
        <ele>314.59</ele>
      </trkpt>
      <trkpt lat="-44.85045" lon="167.8163">
        <ele>314.7</ele>
      </trkpt>
      <trkpt lat="-44.85038" lon="167.81631">
        <ele>314.92</ele>
      </trkpt>
      <trkpt lat="-44.85032" lon="167.81632">
        <ele>315.1</ele>
      </trkpt>
      <trkpt lat="-44.85025" lon="167.81632">
        <ele>314.95</ele>
      </trkpt>
      <trkpt lat="-44.85019" lon="167.81632">
        <ele>314.3</ele>
      </trkpt>
      <trkpt lat="-44.85013" lon="167.81631">
        <ele>313.62</ele>
      </trkpt>
      <trkpt lat="-44.85008" lon="167.81629">
        <ele>312.92</ele>
      </trkpt>
      <trkpt lat="-44.85003" lon="167.81625">
        <ele>311.93</ele>
      </trkpt>
      <trkpt lat="-44.84997" lon="167.81623">
        <ele>311.89</ele>
      </trkpt>
      <trkpt lat="-44.84992" lon="167.81619">
        <ele>312.79</ele>
      </trkpt>
      <trkpt lat="-44.84987" lon="167.81614">
        <ele>314.13</ele>
      </trkpt>
      <trkpt lat="-44.84983" lon="167.81608">
        <ele>315.17</ele>
      </trkpt>
      <trkpt lat="-44.84978" lon="167.81602">
        <ele>315.83</ele>
      </trkpt>
      <trkpt lat="-44.84974" lon="167.81595">
        <ele>315.71</ele>
      </trkpt>
      <trkpt lat="-44.84971" lon="167.81588">
        <ele>314.79</ele>
      </trkpt>
      <trkpt lat="-44.8497" lon="167.81588">
        <ele>314.75</ele>
      </trkpt>
      <trkpt lat="-44.84966" lon="167.8158">
        <ele>313.56</ele>
      </trkpt>
      <trkpt lat="-44.84962" lon="167.81573">
        <ele>313.02</ele>
      </trkpt>
      <trkpt lat="-44.84958" lon="167.81566">
        <ele>312.56</ele>
      </trkpt>
      <trkpt lat="-44.84954" lon="167.81558">
        <ele>312.12</ele>
      </trkpt>
      <trkpt lat="-44.8495" lon="167.81551">
        <ele>312.26</ele>
      </trkpt>
      <trkpt lat="-44.84946" lon="167.81543">
        <ele>312.85</ele>
      </trkpt>
      <trkpt lat="-44.84942" lon="167.81536">
        <ele>313.77</ele>
      </trkpt>
      <trkpt lat="-44.84938" lon="167.8153">
        <ele>314.43</ele>
      </trkpt>
      <trkpt lat="-44.84933" lon="167.81525">
        <ele>314.91</ele>
      </trkpt>
      <trkpt lat="-44.84929" lon="167.81519">
        <ele>315.71</ele>
      </trkpt>
      <trkpt lat="-44.84924" lon="167.81514">
        <ele>317.04</ele>
      </trkpt>
      <trkpt lat="-44.8492" lon="167.81508">
        <ele>318.72</ele>
      </trkpt>
      <trkpt lat="-44.84915" lon="167.81502">
        <ele>320.85</ele>
      </trkpt>
      <trkpt lat="-44.84911" lon="167.81495">
        <ele>321.07</ele>
      </trkpt>
      <trkpt lat="-44.84906" lon="167.81493">
        <ele>321.16</ele>
      </trkpt>
      <trkpt lat="-44.84901" lon="167.81489">
        <ele>320.78</ele>
      </trkpt>
      <trkpt lat="-44.84896" lon="167.81485">
        <ele>320.14</ele>
      </trkpt>
      <trkpt lat="-44.84891" lon="167.81481">
        <ele>319.24</ele>
      </trkpt>
      <trkpt lat="-44.8489" lon="167.81481">
        <ele>319.23</ele>
      </trkpt>
      <trkpt lat="-44.84885" lon="167.81477">
        <ele>318.04</ele>
      </trkpt>
      <trkpt lat="-44.8488" lon="167.81473">
        <ele>317.13</ele>
      </trkpt>
      <trkpt lat="-44.84875" lon="167.8147">
        <ele>317.08</ele>
      </trkpt>
      <trkpt lat="-44.8487" lon="167.81467">
        <ele>317.12</ele>
      </trkpt>
      <trkpt lat="-44.84865" lon="167.81464">
        <ele>317.08</ele>
      </trkpt>
      <trkpt lat="-44.8486" lon="167.8146">
        <ele>317.0</ele>
      </trkpt>
      <trkpt lat="-44.84855" lon="167.81456">
        <ele>316.96</ele>
      </trkpt>
      <trkpt lat="-44.84849" lon="167.81452">
        <ele>316.8</ele>
      </trkpt>
      <trkpt lat="-44.84845" lon="167.81446">
        <ele>316.48</ele>
      </trkpt>
      <trkpt lat="-44.8484" lon="167.81441">
        <ele>316.05</ele>
      </trkpt>
      <trkpt lat="-44.84835" lon="167.81437">
        <ele>315.56</ele>
      </trkpt>
      <trkpt lat="-44.84831" lon="167.81431">
        <ele>314.66</ele>
      </trkpt>
      <trkpt lat="-44.84826" lon="167.81426">
        <ele>313.35</ele>
      </trkpt>
      <trkpt lat="-44.84822" lon="167.8142">
        <ele>311.94</ele>
      </trkpt>
      <trkpt lat="-44.84817" lon="167.81416">
        <ele>310.54</ele>
      </trkpt>
      <trkpt lat="-44.84812" lon="167.81411">
        <ele>309.89</ele>
      </trkpt>
      <trkpt lat="-44.84807" lon="167.81406">
        <ele>309.12</ele>
      </trkpt>
      <trkpt lat="-44.84804" lon="167.81401">
        <ele>309.2</ele>
      </trkpt>
      <trkpt lat="-44.84803" lon="167.81393">
        <ele>309.74</ele>
      </trkpt>
      <trkpt lat="-44.84801" lon="167.81385">
        <ele>310.65</ele>
      </trkpt>
      <trkpt lat="-44.84797" lon="167.81378">
        <ele>312.05</ele>
      </trkpt>
      <trkpt lat="-44.84793" lon="167.81372">
        <ele>313.53</ele>
      </trkpt>
      <trkpt lat="-44.84787" lon="167.81372">
        <ele>314.06</ele>
      </trkpt>
      <trkpt lat="-44.84782" lon="167.81368">
        <ele>315.56</ele>
      </trkpt>
      <trkpt lat="-44.84776" lon="167.81366">
        <ele>316.75</ele>
      </trkpt>
      <trkpt lat="-44.84771" lon="167.8136">
        <ele>318.5</ele>
      </trkpt>
      <trkpt lat="-44.84765" lon="167.81361">
        <ele>318.92</ele>
      </trkpt>
      <trkpt lat="-44.84759" lon="167.81359">
        <ele>319.27</ele>
      </trkpt>
      <trkpt lat="-44.84753" lon="167.81359">
        <ele>319.66</ele>
      </trkpt>
      <trkpt lat="-44.84747" lon="167.81359">
        <ele>320.71</ele>
      </trkpt>
      <trkpt lat="-44.84741" lon="167.81358">
        <ele>322.37</ele>
      </trkpt>
      <trkpt lat="-44.84735" lon="167.81356">
        <ele>323.95</ele>
      </trkpt>
      <trkpt lat="-44.84729" lon="167.81356">
        <ele>325.68</ele>
      </trkpt>
      <trkpt lat="-44.84723" lon="167.81355">
        <ele>327.34</ele>
      </trkpt>
      <trkpt lat="-44.84717" lon="167.81353">
        <ele>327.54</ele>
      </trkpt>
      <trkpt lat="-44.84712" lon="167.81351">
        <ele>327.3</ele>
      </trkpt>
      <trkpt lat="-44.84706" lon="167.81349">
        <ele>326.84</ele>
      </trkpt>
      <trkpt lat="-44.84701" lon="167.81347">
        <ele>326.17</ele>
      </trkpt>
      <trkpt lat="-44.84695" lon="167.81343">
        <ele>324.52</ele>
      </trkpt>
      <trkpt lat="-44.84689" lon="167.81344">
        <ele>325.87</ele>
      </trkpt>
      <trkpt lat="-44.84683" lon="167.81344">
        <ele>327.0</ele>
      </trkpt>
      <trkpt lat="-44.84676" lon="167.81345">
        <ele>328.63</ele>
      </trkpt>
      <trkpt lat="-44.84669" lon="167.81347">
        <ele>330.51</ele>
      </trkpt>
      <trkpt lat="-44.84663" lon="167.81348">
        <ele>331.22</ele>
      </trkpt>
      <trkpt lat="-44.84657" lon="167.81347">
        <ele>330.94</ele>
      </trkpt>
      <trkpt lat="-44.84652" lon="167.81342">
        <ele>329.5</ele>
      </trkpt>
      <trkpt lat="-44.84647" lon="167.81338">
        <ele>328.34</ele>
      </trkpt>
      <trkpt lat="-44.84643" lon="167.81333">
        <ele>326.99</ele>
      </trkpt>
      <trkpt lat="-44.84638" lon="167.81327">
        <ele>327.04</ele>
      </trkpt>
      <trkpt lat="-44.84633" lon="167.81321">
        <ele>327.14</ele>
      </trkpt>
      <trkpt lat="-44.84629" lon="167.81316">
        <ele>327.05</ele>
      </trkpt>
      <trkpt lat="-44.84624" lon="167.8131">
        <ele>326.72</ele>
      </trkpt>
      <trkpt lat="-44.8462" lon="167.81305">
        <ele>326.29</ele>
      </trkpt>
      <trkpt lat="-44.84615" lon="167.81301">
        <ele>326.03</ele>
      </trkpt>
      <trkpt lat="-44.8461" lon="167.81297">
        <ele>326.4</ele>
      </trkpt>
      <trkpt lat="-44.84605" lon="167.81291">
        <ele>328.33</ele>
      </trkpt>
      <trkpt lat="-44.84601" lon="167.81286">
        <ele>330.04</ele>
      </trkpt>
      <trkpt lat="-44.84596" lon="167.8128">
        <ele>332.4</ele>
      </trkpt>
      <trkpt lat="-44.84592" lon="167.81273">
        <ele>334.44</ele>
      </trkpt>
      <trkpt lat="-44.84588" lon="167.81265">
        <ele>336.67</ele>
      </trkpt>
      <trkpt lat="-44.84584" lon="167.8126">
        <ele>338.95</ele>
      </trkpt>
      <trkpt lat="-44.8458" lon="167.81253">
        <ele>340.02</ele>
      </trkpt>
      <trkpt lat="-44.84574" lon="167.8125">
        <ele>340.67</ele>
      </trkpt>
      <trkpt lat="-44.84569" lon="167.81248">
        <ele>340.89</ele>
      </trkpt>
      <trkpt lat="-44.84563" lon="167.81246">
        <ele>341.18</ele>
      </trkpt>
      <trkpt lat="-44.84557" lon="167.81245">
        <ele>341.54</ele>
      </trkpt>
      <trkpt lat="-44.84552" lon="167.8124">
        <ele>341.49</ele>
      </trkpt>
      <trkpt lat="-44.8455" lon="167.81232">
        <ele>340.97</ele>
      </trkpt>
      <trkpt lat="-44.84551" lon="167.81224">
        <ele>340.3</ele>
      </trkpt>
      <trkpt lat="-44.84554" lon="167.81215">
        <ele>339.28</ele>
      </trkpt>
      <trkpt lat="-44.84556" lon="167.81206">
        <ele>338.13</ele>
      </trkpt>
      <trkpt lat="-44.84559" lon="167.81197">
        <ele>336.01</ele>
      </trkpt>
      <trkpt lat="-44.8456" lon="167.81189">
        <ele>334.82</ele>
      </trkpt>
      <trkpt lat="-44.84563" lon="167.8118">
        <ele>332.87</ele>
      </trkpt>
      <trkpt lat="-44.84562" lon="167.81172">
        <ele>332.64</ele>
      </trkpt>
      <trkpt lat="-44.84561" lon="167.81164">
        <ele>332.65</ele>
      </trkpt>
      <trkpt lat="-44.84558" lon="167.81159">
        <ele>333.94</ele>
      </trkpt>
      <trkpt lat="-44.84553" lon="167.81156">
        <ele>335.0</ele>
      </trkpt>
      <trkpt lat="-44.84548" lon="167.81153">
        <ele>335.0</ele>
      </trkpt>
      <trkpt lat="-44.84541" lon="167.81154">
        <ele>335.0</ele>
      </trkpt>
      <trkpt lat="-44.84536" lon="167.81152">
        <ele>335.0</ele>
      </trkpt>
      <trkpt lat="-44.84529" lon="167.81153">
        <ele>335.0</ele>
      </trkpt>
      <trkpt lat="-44.84525" lon="167.81146">
        <ele>335.03</ele>
      </trkpt>
      <trkpt lat="-44.8452" lon="167.81142">
        <ele>335.03</ele>
      </trkpt>
      <trkpt lat="-44.84516" lon="167.81135">
        <ele>334.94</ele>
      </trkpt>
      <trkpt lat="-44.8451" lon="167.81134">
        <ele>334.89</ele>
      </trkpt>
      <trkpt lat="-44.84503" lon="167.81135">
        <ele>334.88</ele>
      </trkpt>
      <trkpt lat="-44.84497" lon="167.81135">
        <ele>335.08</ele>
      </trkpt>
      <trkpt lat="-44.8449" lon="167.81136">
        <ele>335.62</ele>
      </trkpt>
      <trkpt lat="-44.84485" lon="167.81132">
        <ele>335.83</ele>
      </trkpt>
      <trkpt lat="-44.8448" lon="167.8113">
        <ele>336.12</ele>
      </trkpt>
      <trkpt lat="-44.84475" lon="167.81126">
        <ele>336.34</ele>
      </trkpt>
      <trkpt lat="-44.84469" lon="167.81124">
        <ele>336.7</ele>
      </trkpt>
      <trkpt lat="-44.84464" lon="167.81121">
        <ele>336.95</ele>
      </trkpt>
      <trkpt lat="-44.84457" lon="167.81122">
        <ele>337.49</ele>
      </trkpt>
      <trkpt lat="-44.84451" lon="167.81121">
        <ele>337.88</ele>
      </trkpt>
      <trkpt lat="-44.84445" lon="167.81121">
        <ele>338.32</ele>
      </trkpt>
      <trkpt lat="-44.84438" lon="167.81122">
        <ele>338.86</ele>
      </trkpt>
      <trkpt lat="-44.84437" lon="167.81121">
        <ele>338.89</ele>
      </trkpt>
      <trkpt lat="-44.84433" lon="167.81119">
        <ele>339.11</ele>
      </trkpt>
      <trkpt lat="-44.84428" lon="167.81116">
        <ele>339.36</ele>
      </trkpt>
      <trkpt lat="-44.84423" lon="167.81111">
        <ele>339.54</ele>
      </trkpt>
      <trkpt lat="-44.84421" lon="167.81103">
        <ele>339.4</ele>
      </trkpt>
      <trkpt lat="-44.84421" lon="167.81095">
        <ele>339.11</ele>
      </trkpt>
      <trkpt lat="-44.84421" lon="167.81087">
        <ele>338.82</ele>
      </trkpt>
      <trkpt lat="-44.84421" lon="167.81079">
        <ele>338.53</ele>
      </trkpt>
      <trkpt lat="-44.84421" lon="167.8107">
        <ele>338.21</ele>
      </trkpt>
      <trkpt lat="-44.84421" lon="167.81062">
        <ele>337.92</ele>
      </trkpt>
      <trkpt lat="-44.84421" lon="167.81054">
        <ele>337.64</ele>
      </trkpt>
      <trkpt lat="-44.84419" lon="167.81046">
        <ele>337.52</ele>
      </trkpt>
      <trkpt lat="-44.84419" lon="167.81038">
        <ele>337.25</ele>
      </trkpt>
      <trkpt lat="-44.84415" lon="167.81031">
        <ele>337.23</ele>
      </trkpt>
      <trkpt lat="-44.84413" lon="167.81023">
        <ele>336.05</ele>
      </trkpt>
      <trkpt lat="-44.8441" lon="167.81015">
        <ele>334.57</ele>
      </trkpt>
      <trkpt lat="-44.84406" lon="167.81008">
        <ele>333.99</ele>
      </trkpt>
      <trkpt lat="-44.84406" lon="167.81">
        <ele>332.46</ele>
      </trkpt>
      <trkpt lat="-44.84405" lon="167.80992">
        <ele>330.81</ele>
      </trkpt>
      <trkpt lat="-44.84405" lon="167.80984">
        <ele>328.84</ele>
      </trkpt>
      <trkpt lat="-44.84403" lon="167.80976">
        <ele>327.39</ele>
      </trkpt>
      <trkpt lat="-44.84402" lon="167.80968">
        <ele>327.14</ele>
      </trkpt>
      <trkpt lat="-44.84401" lon="167.8096">
        <ele>328.21</ele>
      </trkpt>
      <trkpt lat="-44.84399" lon="167.80952">
        <ele>329.44</ele>
      </trkpt>
      <trkpt lat="-44.84397" lon="167.80944">
        <ele>330.5</ele>
      </trkpt>
      <trkpt lat="-44.84394" lon="167.80937">
        <ele>330.52</ele>
      </trkpt>
      <trkpt lat="-44.84393" lon="167.80929">
        <ele>330.21</ele>
      </trkpt>
      <trkpt lat="-44.8439" lon="167.80921">
        <ele>330.75</ele>
      </trkpt>
      <trkpt lat="-44.84389" lon="167.80919">
        <ele>331.04</ele>
      </trkpt>
      <trkpt lat="-44.84387" lon="167.80913">
        <ele>330.78</ele>
      </trkpt>
      <trkpt lat="-44.84386" lon="167.80906">
        <ele>330.26</ele>
      </trkpt>
      <trkpt lat="-44.84386" lon="167.80897">
        <ele>329.45</ele>
      </trkpt>
      <trkpt lat="-44.84385" lon="167.80889">
        <ele>328.99</ele>
      </trkpt>
      <trkpt lat="-44.84385" lon="167.80881">
        <ele>328.29</ele>
      </trkpt>
      <trkpt lat="-44.84385" lon="167.80873">
        <ele>327.6</ele>
      </trkpt>
      <trkpt lat="-44.84384" lon="167.80865">
        <ele>327.06</ele>
      </trkpt>
      <trkpt lat="-44.84381" lon="167.80857">
        <ele>326.69</ele>
      </trkpt>
      <trkpt lat="-44.84379" lon="167.8085">
        <ele>326.22</ele>
      </trkpt>
      <trkpt lat="-44.84376" lon="167.80842">
        <ele>325.79</ele>
      </trkpt>
      <trkpt lat="-44.84375" lon="167.80834">
        <ele>325.07</ele>
      </trkpt>
      <trkpt lat="-44.84375" lon="167.80826">
        <ele>324.74</ele>
      </trkpt>
      <trkpt lat="-44.84375" lon="167.80818">
        <ele>324.45</ele>
      </trkpt>
      <trkpt lat="-44.84375" lon="167.80809">
        <ele>324.12</ele>
      </trkpt>
      <trkpt lat="-44.84375" lon="167.80801">
        <ele>326.21</ele>
      </trkpt>
      <trkpt lat="-44.84375" lon="167.80793">
        <ele>330.1</ele>
      </trkpt>
      <trkpt lat="-44.84374" lon="167.80785">
        <ele>333.89</ele>
      </trkpt>
      <trkpt lat="-44.84377" lon="167.80776">
        <ele>338.38</ele>
      </trkpt>
      <trkpt lat="-44.84377" lon="167.80768">
        <ele>340.73</ele>
      </trkpt>
      <trkpt lat="-44.84378" lon="167.8076">
        <ele>343.3</ele>
      </trkpt>
      <trkpt lat="-44.84379" lon="167.80751">
        <ele>346.21</ele>
      </trkpt>
      <trkpt lat="-44.84381" lon="167.80743">
        <ele>346.4</ele>
      </trkpt>
      <trkpt lat="-44.84381" lon="167.80735">
        <ele>345.69</ele>
      </trkpt>
      <trkpt lat="-44.84382" lon="167.80726">
        <ele>344.87</ele>
      </trkpt>
      <trkpt lat="-44.84383" lon="167.80718">
        <ele>343.64</ele>
      </trkpt>
      <trkpt lat="-44.84385" lon="167.80709">
        <ele>341.2</ele>
      </trkpt>
      <trkpt lat="-44.84385" lon="167.80701">
        <ele>339.33</ele>
      </trkpt>
      <trkpt lat="-44.84387" lon="167.80692">
        <ele>336.49</ele>
      </trkpt>
      <trkpt lat="-44.84385" lon="167.80685">
        <ele>338.15</ele>
      </trkpt>
      <trkpt lat="-44.84381" lon="167.80677">
        <ele>340.69</ele>
      </trkpt>
      <trkpt lat="-44.84376" lon="167.80673">
        <ele>343.32</ele>
      </trkpt>
      <trkpt lat="-44.84371" lon="167.80668">
        <ele>345.49</ele>
      </trkpt>
      <trkpt lat="-44.84366" lon="167.80664">
        <ele>347.75</ele>
      </trkpt>
      <trkpt lat="-44.84361" lon="167.8066">
        <ele>349.77</ele>
      </trkpt>
      <trkpt lat="-44.84356" lon="167.80656">
        <ele>350.34</ele>
      </trkpt>
      <trkpt lat="-44.84351" lon="167.80652">
        <ele>351.16</ele>
      </trkpt>
      <trkpt lat="-44.84346" lon="167.80648">
        <ele>352.24</ele>
      </trkpt>
      <trkpt lat="-44.84341" lon="167.80644">
        <ele>353.59</ele>
      </trkpt>
      <trkpt lat="-44.84336" lon="167.80641">
        <ele>355.06</ele>
      </trkpt>
      <trkpt lat="-44.84331" lon="167.80637">
        <ele>356.54</ele>
      </trkpt>
      <trkpt lat="-44.84326" lon="167.80633">
        <ele>357.87</ele>
      </trkpt>
      <trkpt lat="-44.8432" lon="167.80631">
        <ele>359.06</ele>
      </trkpt>
      <trkpt lat="-44.84315" lon="167.80627">
        <ele>360.87</ele>
      </trkpt>
      <trkpt lat="-44.8431" lon="167.80623">
        <ele>362.94</ele>
      </trkpt>
      <trkpt lat="-44.84305" lon="167.80619">
        <ele>365.1</ele>
      </trkpt>
      <trkpt lat="-44.843" lon="167.80615">
        <ele>365.88</ele>
      </trkpt>
      <trkpt lat="-44.84295" lon="167.80611">
        <ele>366.51</ele>
      </trkpt>
      <trkpt lat="-44.8429" lon="167.80608">
        <ele>366.81</ele>
      </trkpt>
      <trkpt lat="-44.84284" lon="167.80605">
        <ele>367.24</ele>
      </trkpt>
      <trkpt lat="-44.84279" lon="167.80602">
        <ele>368.03</ele>
      </trkpt>
      <trkpt lat="-44.84274" lon="167.80599">
        <ele>368.93</ele>
      </trkpt>
      <trkpt lat="-44.84268" lon="167.80596">
        <ele>369.89</ele>
      </trkpt>
      <trkpt lat="-44.84263" lon="167.80593">
        <ele>371.08</ele>
      </trkpt>
      <trkpt lat="-44.84258" lon="167.8059">
        <ele>372.44</ele>
      </trkpt>
      <trkpt lat="-44.84252" lon="167.80587">
        <ele>373.93</ele>
      </trkpt>
      <trkpt lat="-44.84247" lon="167.80584">
        <ele>374.58</ele>
      </trkpt>
      <trkpt lat="-44.84242" lon="167.80581">
        <ele>374.46</ele>
      </trkpt>
      <trkpt lat="-44.84237" lon="167.80578">
        <ele>374.39</ele>
      </trkpt>
      <trkpt lat="-44.84231" lon="167.80575">
        <ele>373.96</ele>
      </trkpt>
      <trkpt lat="-44.84226" lon="167.80572">
        <ele>373.89</ele>
      </trkpt>
      <trkpt lat="-44.84221" lon="167.80568">
        <ele>374.57</ele>
      </trkpt>
      <trkpt lat="-44.84216" lon="167.80564">
        <ele>375.14</ele>
      </trkpt>
      <trkpt lat="-44.84211" lon="167.8056">
        <ele>374.67</ele>
      </trkpt>
      <trkpt lat="-44.84206" lon="167.80556">
        <ele>373.17</ele>
      </trkpt>
      <trkpt lat="-44.84201" lon="167.80552">
        <ele>374.02</ele>
      </trkpt>
      <trkpt lat="-44.84195" lon="167.8055">
        <ele>373.44</ele>
      </trkpt>
      <trkpt lat="-44.8419" lon="167.80546">
        <ele>377.73</ele>
      </trkpt>
      <trkpt lat="-44.84184" lon="167.80544">
        <ele>379.37</ele>
      </trkpt>
      <trkpt lat="-44.84179" lon="167.8054">
        <ele>381.58</ele>
      </trkpt>
      <trkpt lat="-44.84174" lon="167.80538">
        <ele>381.59</ele>
      </trkpt>
      <trkpt lat="-44.84169" lon="167.80534">
        <ele>381.53</ele>
      </trkpt>
      <trkpt lat="-44.84164" lon="167.8053">
        <ele>381.09</ele>
      </trkpt>
      <trkpt lat="-44.84158" lon="167.80527">
        <ele>380.87</ele>
      </trkpt>
      <trkpt lat="-44.84153" lon="167.80523">
        <ele>382.45</ele>
      </trkpt>
      <trkpt lat="-44.84149" lon="167.80517">
        <ele>385.84</ele>
      </trkpt>
      <trkpt lat="-44.84144" lon="167.80513">
        <ele>388.31</ele>
      </trkpt>
      <trkpt lat="-44.84139" lon="167.80509">
        <ele>391.19</ele>
      </trkpt>
      <trkpt lat="-44.84134" lon="167.80504">
        <ele>394.35</ele>
      </trkpt>
      <trkpt lat="-44.8413" lon="167.80498">
        <ele>396.53</ele>
      </trkpt>
      <trkpt lat="-44.84125" lon="167.80494">
        <ele>395.46</ele>
      </trkpt>
      <trkpt lat="-44.84121" lon="167.80487">
        <ele>394.32</ele>
      </trkpt>
      <trkpt lat="-44.84115" lon="167.80485">
        <ele>393.4</ele>
      </trkpt>
      <trkpt lat="-44.8411" lon="167.80481">
        <ele>392.54</ele>
      </trkpt>
      <trkpt lat="-44.84106" lon="167.80478">
        <ele>392.01</ele>
      </trkpt>
      <trkpt lat="-44.84105" lon="167.80477">
        <ele>391.87</ele>
      </trkpt>
      <trkpt lat="-44.841" lon="167.80473">
        <ele>391.24</ele>
      </trkpt>
      <trkpt lat="-44.84095" lon="167.80469">
        <ele>391.16</ele>
      </trkpt>
      <trkpt lat="-44.8409" lon="167.80465">
        <ele>391.33</ele>
      </trkpt>
      <trkpt lat="-44.84085" lon="167.80462">
        <ele>391.53</ele>
      </trkpt>
      <trkpt lat="-44.8408" lon="167.80458">
        <ele>391.81</ele>
      </trkpt>
      <trkpt lat="-44.84075" lon="167.80454">
        <ele>391.93</ele>
      </trkpt>
      <trkpt lat="-44.8407" lon="167.8045">
        <ele>391.95</ele>
      </trkpt>
      <trkpt lat="-44.84065" lon="167.80444">
        <ele>392.08</ele>
      </trkpt>
      <trkpt lat="-44.8406" lon="167.8044">
        <ele>392.12</ele>
      </trkpt>
      <trkpt lat="-44.84055" lon="167.80437">
        <ele>392.13</ele>
      </trkpt>
      <trkpt lat="-44.8405" lon="167.80431">
        <ele>393.25</ele>
      </trkpt>
      <trkpt lat="-44.84045" lon="167.80427">
        <ele>393.84</ele>
      </trkpt>
      <trkpt lat="-44.8404" lon="167.80423">
        <ele>394.17</ele>
      </trkpt>
      <trkpt lat="-44.84035" lon="167.80419">
        <ele>394.23</ele>
      </trkpt>
      <trkpt lat="-44.8403" lon="167.80416">
        <ele>394.08</ele>
      </trkpt>
      <trkpt lat="-44.84025" lon="167.80413">
        <ele>394.19</ele>
      </trkpt>
      <trkpt lat="-44.8402" lon="167.80408">
        <ele>394.47</ele>
      </trkpt>
      <trkpt lat="-44.84018" lon="167.804">
        <ele>394.49</ele>
      </trkpt>
      <trkpt lat="-44.84016" lon="167.80392">
        <ele>394.47</ele>
      </trkpt>
      <trkpt lat="-44.84013" lon="167.80385">
        <ele>394.89</ele>
      </trkpt>
      <trkpt lat="-44.84012" lon="167.80377">
        <ele>395.67</ele>
      </trkpt>
      <trkpt lat="-44.84009" lon="167.80369">
        <ele>396.59</ele>
      </trkpt>
      <trkpt lat="-44.84007" lon="167.80361">
        <ele>397.51</ele>
      </trkpt>
      <trkpt lat="-44.84004" lon="167.80354">
        <ele>398.74</ele>
      </trkpt>
      <trkpt lat="-44.84003" lon="167.80346">
        <ele>399.96</ele>
      </trkpt>
      <trkpt lat="-44.84" lon="167.80338">
        <ele>401.33</ele>
      </trkpt>
      <trkpt lat="-44.83997" lon="167.80331">
        <ele>402.83</ele>
      </trkpt>
      <trkpt lat="-44.83996" lon="167.80323">
        <ele>404.66</ele>
      </trkpt>
      <trkpt lat="-44.83995" lon="167.80315">
        <ele>406.5</ele>
      </trkpt>
      <trkpt lat="-44.83995" lon="167.80314">
        <ele>406.72</ele>
      </trkpt>
      <trkpt lat="-44.83992" lon="167.80307">
        <ele>408.55</ele>
      </trkpt>
      <trkpt lat="-44.83991" lon="167.80299">
        <ele>410.24</ele>
      </trkpt>
      <trkpt lat="-44.83987" lon="167.80292">
        <ele>411.88</ele>
      </trkpt>
      <trkpt lat="-44.83982" lon="167.80288">
        <ele>412.92</ele>
      </trkpt>
      <trkpt lat="-44.83977" lon="167.80282">
        <ele>414.17</ele>
      </trkpt>
      <trkpt lat="-44.83973" lon="167.80277">
        <ele>415.17</ele>
      </trkpt>
      <trkpt lat="-44.83968" lon="167.80271">
        <ele>416.4</ele>
      </trkpt>
      <trkpt lat="-44.83964" lon="167.80264">
        <ele>417.88</ele>
      </trkpt>
      <trkpt lat="-44.8396" lon="167.80256">
        <ele>419.61</ele>
      </trkpt>
      <trkpt lat="-44.83956" lon="167.80249">
        <ele>421.2</ele>
      </trkpt>
      <trkpt lat="-44.83952" lon="167.80242">
        <ele>423.69</ele>
      </trkpt>
      <trkpt lat="-44.83948" lon="167.80234">
        <ele>426.87</ele>
      </trkpt>
      <trkpt lat="-44.83944" lon="167.80227">
        <ele>429.96</ele>
      </trkpt>
      <trkpt lat="-44.8394" lon="167.80222">
        <ele>432.43</ele>
      </trkpt>
      <trkpt lat="-44.83935" lon="167.80223">
        <ele>432.32</ele>
      </trkpt>
      <trkpt lat="-44.83929" lon="167.80227">
        <ele>430.86</ele>
      </trkpt>
      <trkpt lat="-44.83924" lon="167.80231">
        <ele>429.21</ele>
      </trkpt>
      <trkpt lat="-44.83919" lon="167.80235">
        <ele>427.47</ele>
      </trkpt>
      <trkpt lat="-44.83913" lon="167.80238">
        <ele>426.18</ele>
      </trkpt>
      <trkpt lat="-44.83908" lon="167.80242">
        <ele>424.34</ele>
      </trkpt>
      <trkpt lat="-44.83903" lon="167.80247">
        <ele>422.0</ele>
      </trkpt>
      <trkpt lat="-44.83898" lon="167.80251">
        <ele>420.37</ele>
      </trkpt>
      <trkpt lat="-44.83896" lon="167.80253">
        <ele>419.83</ele>
      </trkpt>
      <trkpt lat="-44.83893" lon="167.80256">
        <ele>418.97</ele>
      </trkpt>
      <trkpt lat="-44.8389" lon="167.80264">
        <ele>416.46</ele>
      </trkpt>
      <trkpt lat="-44.83886" lon="167.8027">
        <ele>415.22</ele>
      </trkpt>
      <trkpt lat="-44.83883" lon="167.80278">
        <ele>413.44</ele>
      </trkpt>
      <trkpt lat="-44.83878" lon="167.80282">
        <ele>413.86</ele>
      </trkpt>
      <trkpt lat="-44.83871" lon="167.80283">
        <ele>415.33</ele>
      </trkpt>
      <trkpt lat="-44.83865" lon="167.80282">
        <ele>417.0</ele>
      </trkpt>
      <trkpt lat="-44.8386" lon="167.80279">
        <ele>418.65</ele>
      </trkpt>
      <trkpt lat="-44.83854" lon="167.80277">
        <ele>418.93</ele>
      </trkpt>
      <trkpt lat="-44.83849" lon="167.80273">
        <ele>419.57</ele>
      </trkpt>
      <trkpt lat="-44.83844" lon="167.80269">
        <ele>419.94</ele>
      </trkpt>
      <trkpt lat="-44.83839" lon="167.80265">
        <ele>420.05</ele>
      </trkpt>
      <trkpt lat="-44.83834" lon="167.80261">
        <ele>419.91</ele>
      </trkpt>
      <trkpt lat="-44.83829" lon="167.80256">
        <ele>420.23</ele>
      </trkpt>
      <trkpt lat="-44.83825" lon="167.8025">
        <ele>420.7</ele>
      </trkpt>
      <trkpt lat="-44.8382" lon="167.80244">
        <ele>421.39</ele>
      </trkpt>
      <trkpt lat="-44.83818" lon="167.8024">
        <ele>421.85</ele>
      </trkpt>
      <trkpt lat="-44.83816" lon="167.80237">
        <ele>422.13</ele>
      </trkpt>
      <trkpt lat="-44.83812" lon="167.8023">
        <ele>422.73</ele>
      </trkpt>
      <trkpt lat="-44.83808" lon="167.80222">
        <ele>423.31</ele>
      </trkpt>
      <trkpt lat="-44.83804" lon="167.80215">
        <ele>424.4</ele>
      </trkpt>
      <trkpt lat="-44.838" lon="167.80207">
        <ele>425.56</ele>
      </trkpt>
      <trkpt lat="-44.83796" lon="167.802">
        <ele>426.29</ele>
      </trkpt>
      <trkpt lat="-44.83792" lon="167.80193">
        <ele>426.85</ele>
      </trkpt>
      <trkpt lat="-44.8379" lon="167.80185">
        <ele>428.09</ele>
      </trkpt>
      <trkpt lat="-44.83787" lon="167.80177">
        <ele>429.22</ele>
      </trkpt>
      <trkpt lat="-44.83784" lon="167.8017">
        <ele>430.2</ele>
      </trkpt>
      <trkpt lat="-44.83783" lon="167.80162">
        <ele>431.48</ele>
      </trkpt>
      <trkpt lat="-44.83781" lon="167.80154">
        <ele>432.2</ele>
      </trkpt>
      <trkpt lat="-44.83783" lon="167.80148">
        <ele>433.65</ele>
      </trkpt>
      <trkpt lat="-44.83787" lon="167.80141">
        <ele>436.25</ele>
      </trkpt>
      <trkpt lat="-44.8379" lon="167.80134">
        <ele>437.0</ele>
      </trkpt>
      <trkpt lat="-44.83795" lon="167.80128">
        <ele>438.29</ele>
      </trkpt>
      <trkpt lat="-44.83798" lon="167.80121">
        <ele>438.84</ele>
      </trkpt>
      <trkpt lat="-44.83801" lon="167.80114">
        <ele>439.67</ele>
      </trkpt>
      <trkpt lat="-44.83805" lon="167.80107">
        <ele>440.64</ele>
      </trkpt>
      <trkpt lat="-44.83808" lon="167.80099">
        <ele>439.87</ele>
      </trkpt>
      <trkpt lat="-44.83811" lon="167.80091">
        <ele>439.44</ele>
      </trkpt>
      <trkpt lat="-44.83812" lon="167.80082">
        <ele>438.34</ele>
      </trkpt>
      <trkpt lat="-44.8381" lon="167.80074">
        <ele>436.32</ele>
      </trkpt>
      <trkpt lat="-44.8381" lon="167.80074">
        <ele>436.32</ele>
      </trkpt>
      <trkpt lat="-44.83808" lon="167.80066">
        <ele>434.1</ele>
      </trkpt>
      <trkpt lat="-44.83805" lon="167.80061">
        <ele>431.46</ele>
      </trkpt>
      <trkpt lat="-44.83803" lon="167.80054">
        <ele>429.48</ele>
      </trkpt>
      <trkpt lat="-44.83801" lon="167.80048">
        <ele>428.19</ele>
      </trkpt>
      <trkpt lat="-44.83798" lon="167.80044">
        <ele>426.46</ele>
      </trkpt>
      <trkpt lat="-44.83794" lon="167.8004">
        <ele>424.25</ele>
      </trkpt>
      <trkpt lat="-44.83791" lon="167.80034">
        <ele>422.65</ele>
      </trkpt>
      <trkpt lat="-44.83786" lon="167.8003">
        <ele>420.11</ele>
      </trkpt>
      <trkpt lat="-44.83782" lon="167.80023">
        <ele>419.4</ele>
      </trkpt>
      <trkpt lat="-44.8378" lon="167.80015">
        <ele>420.65</ele>
      </trkpt>
      <trkpt lat="-44.83778" lon="167.80007">
        <ele>422.07</ele>
      </trkpt>
      <trkpt lat="-44.83775" lon="167.8">
        <ele>421.9</ele>
      </trkpt>
      <trkpt lat="-44.83772" lon="167.79992">
        <ele>422.06</ele>
      </trkpt>
      <trkpt lat="-44.83768" lon="167.79986">
        <ele>420.99</ele>
      </trkpt>
      <trkpt lat="-44.83763" lon="167.79981">
        <ele>419.03</ele>
      </trkpt>
      <trkpt lat="-44.83759" lon="167.79975">
        <ele>418.22</ele>
      </trkpt>
      <trkpt lat="-44.83754" lon="167.7997">
        <ele>416.7</ele>
      </trkpt>
      <trkpt lat="-44.8375" lon="167.79964">
        <ele>416.85</ele>
      </trkpt>
      <trkpt lat="-44.83746" lon="167.79957">
        <ele>417.35</ele>
      </trkpt>
      <trkpt lat="-44.83745" lon="167.79955">
        <ele>417.51</ele>
      </trkpt>
      <trkpt lat="-44.83742" lon="167.79949">
        <ele>417.82</ele>
      </trkpt>
      <trkpt lat="-44.83738" lon="167.79942">
        <ele>416.82</ele>
      </trkpt>
      <trkpt lat="-44.83734" lon="167.79934">
        <ele>414.95</ele>
      </trkpt>
      <trkpt lat="-44.8373" lon="167.79927">
        <ele>413.22</ele>
      </trkpt>
      <trkpt lat="-44.83726" lon="167.7992">
        <ele>411.79</ele>
      </trkpt>
      <trkpt lat="-44.83722" lon="167.79912">
        <ele>410.81</ele>
      </trkpt>
      <trkpt lat="-44.83718" lon="167.79905">
        <ele>411.43</ele>
      </trkpt>
      <trkpt lat="-44.83714" lon="167.79898">
        <ele>411.98</ele>
      </trkpt>
      <trkpt lat="-44.8371" lon="167.7989">
        <ele>412.62</ele>
      </trkpt>
      <trkpt lat="-44.83706" lon="167.79883">
        <ele>412.22</ele>
      </trkpt>
      <trkpt lat="-44.83702" lon="167.79875">
        <ele>411.4</ele>
      </trkpt>
      <trkpt lat="-44.83698" lon="167.79868">
        <ele>410.27</ele>
      </trkpt>
      <trkpt lat="-44.83694" lon="167.79861">
        <ele>408.87</ele>
      </trkpt>
      <trkpt lat="-44.8369" lon="167.79853">
        <ele>408.77</ele>
      </trkpt>
      <trkpt lat="-44.83686" lon="167.79846">
        <ele>408.61</ele>
      </trkpt>
      <trkpt lat="-44.83682" lon="167.79839">
        <ele>408.51</ele>
      </trkpt>
      <trkpt lat="-44.8368" lon="167.79831">
        <ele>409.3</ele>
      </trkpt>
      <trkpt lat="-44.83681" lon="167.79823">
        <ele>411.18</ele>
      </trkpt>
      <trkpt lat="-44.83679" lon="167.79815">
        <ele>412.15</ele>
      </trkpt>
      <trkpt lat="-44.83679" lon="167.79806">
        <ele>413.91</ele>
      </trkpt>
      <trkpt lat="-44.83677" lon="167.79799">
        <ele>413.06</ele>
      </trkpt>
      <trkpt lat="-44.83678" lon="167.7979">
        <ele>412.71</ele>
      </trkpt>
      <trkpt lat="-44.83682" lon="167.79783">
        <ele>411.94</ele>
      </trkpt>
      <trkpt lat="-44.83687" lon="167.79779">
        <ele>410.61</ele>
      </trkpt>
      <trkpt lat="-44.83691" lon="167.79773">
        <ele>409.84</ele>
      </trkpt>
      <trkpt lat="-44.83696" lon="167.79768">
        <ele>411.28</ele>
      </trkpt>
      <trkpt lat="-44.83699" lon="167.79761">
        <ele>414.02</ele>
      </trkpt>
      <trkpt lat="-44.837" lon="167.79753">
        <ele>415.07</ele>
      </trkpt>
      <trkpt lat="-44.83697" lon="167.79747">
        <ele>413.67</ele>
      </trkpt>
      <trkpt lat="-44.83692" lon="167.79744">
        <ele>411.5</ele>
      </trkpt>
      <trkpt lat="-44.83687" lon="167.79741">
        <ele>410.26</ele>
      </trkpt>
      <trkpt lat="-44.83681" lon="167.79741">
        <ele>408.6</ele>
      </trkpt>
      <trkpt lat="-44.83675" lon="167.79744">
        <ele>406.52</ele>
      </trkpt>
      <trkpt lat="-44.8367" lon="167.79748">
        <ele>404.41</ele>
      </trkpt>
      <trkpt lat="-44.83665" lon="167.79752">
        <ele>404.15</ele>
      </trkpt>
      <trkpt lat="-44.8366" lon="167.79756">
        <ele>406.28</ele>
      </trkpt>
      <trkpt lat="-44.83654" lon="167.79759">
        <ele>407.54</ele>
      </trkpt>
      <trkpt lat="-44.8365" lon="167.79763">
        <ele>408.14</ele>
      </trkpt>
      <trkpt lat="-44.83649" lon="167.79764">
        <ele>408.19</ele>
      </trkpt>
      <trkpt lat="-44.83644" lon="167.79768">
        <ele>407.91</ele>
      </trkpt>
      <trkpt lat="-44.83638" lon="167.79771">
        <ele>406.78</ele>
      </trkpt>
      <trkpt lat="-44.83633" lon="167.79775">
        <ele>405.11</ele>
      </trkpt>
      <trkpt lat="-44.83628" lon="167.79779">
        <ele>403.42</ele>
      </trkpt>
      <trkpt lat="-44.83622" lon="167.79783">
        <ele>401.26</ele>
      </trkpt>
      <trkpt lat="-44.83617" lon="167.79784">
        <ele>399.85</ele>
      </trkpt>
      <trkpt lat="-44.83612" lon="167.79781">
        <ele>399.39</ele>
      </trkpt>
      <trkpt lat="-44.83607" lon="167.79779">
        <ele>398.97</ele>
      </trkpt>
      <trkpt lat="-44.83603" lon="167.79772">
        <ele>398.98</ele>
      </trkpt>
      <trkpt lat="-44.83598" lon="167.79768">
        <ele>398.2</ele>
      </trkpt>
      <trkpt lat="-44.83593" lon="167.79761">
        <ele>397.37</ele>
      </trkpt>
      <trkpt lat="-44.83588" lon="167.79758">
        <ele>396.2</ele>
      </trkpt>
      <trkpt lat="-44.83583" lon="167.79755">
        <ele>395.0</ele>
      </trkpt>
      <trkpt lat="-44.83578" lon="167.79759">
        <ele>394.88</ele>
      </trkpt>
      <trkpt lat="-44.83573" lon="167.79761">
        <ele>394.64</ele>
      </trkpt>
      <trkpt lat="-44.83571" lon="167.79761">
        <ele>394.56</ele>
      </trkpt>
      <trkpt lat="-44.83568" lon="167.79762">
        <ele>394.36</ele>
      </trkpt>
      <trkpt lat="-44.83563" lon="167.79757">
        <ele>394.81</ele>
      </trkpt>
      <trkpt lat="-44.83559" lon="167.79751">
        <ele>395.72</ele>
      </trkpt>
      <trkpt lat="-44.83554" lon="167.79745">
        <ele>397.08</ele>
      </trkpt>
      <trkpt lat="-44.8355" lon="167.7974">
        <ele>398.31</ele>
      </trkpt>
      <trkpt lat="-44.83545" lon="167.79736">
        <ele>399.27</ele>
      </trkpt>
      <trkpt lat="-44.8354" lon="167.79732">
        <ele>400.03</ele>
      </trkpt>
      <trkpt lat="-44.83535" lon="167.79726">
        <ele>400.72</ele>
      </trkpt>
      <trkpt lat="-44.8353" lon="167.79723">
        <ele>400.96</ele>
      </trkpt>
      <trkpt lat="-44.83525" lon="167.79719">
        <ele>401.22</ele>
      </trkpt>
      <trkpt lat="-44.83521" lon="167.79713">
        <ele>401.58</ele>
      </trkpt>
      <trkpt lat="-44.83516" lon="167.79709">
        <ele>401.75</ele>
      </trkpt>
      <trkpt lat="-44.8351" lon="167.79705">
        <ele>401.84</ele>
      </trkpt>
      <trkpt lat="-44.83506" lon="167.797">
        <ele>401.97</ele>
      </trkpt>
      <trkpt lat="-44.83501" lon="167.79696">
        <ele>401.98</ele>
      </trkpt>
      <trkpt lat="-44.835" lon="167.79695">
        <ele>401.98</ele>
      </trkpt>
      <trkpt lat="-44.83496" lon="167.79692">
        <ele>402.04</ele>
      </trkpt>
      <trkpt lat="-44.83491" lon="167.79686">
        <ele>402.38</ele>
      </trkpt>
      <trkpt lat="-44.83487" lon="167.79681">
        <ele>402.73</ele>
      </trkpt>
      <trkpt lat="-44.83482" lon="167.79677">
        <ele>403.01</ele>
      </trkpt>
      <trkpt lat="-44.83477" lon="167.79671">
        <ele>403.56</ele>
      </trkpt>
      <trkpt lat="-44.83473" lon="167.79666">
        <ele>404.1</ele>
      </trkpt>
      <trkpt lat="-44.83468" lon="167.79662">
        <ele>404.98</ele>
      </trkpt>
      <trkpt lat="-44.83463" lon="167.79658">
        <ele>405.91</ele>
      </trkpt>
      <trkpt lat="-44.83458" lon="167.79652">
        <ele>407.14</ele>
      </trkpt>
      <trkpt lat="-44.83453" lon="167.79649">
        <ele>407.93</ele>
      </trkpt>
      <trkpt lat="-44.83448" lon="167.79645">
        <ele>408.86</ele>
      </trkpt>
      <trkpt lat="-44.83443" lon="167.79641">
        <ele>409.71</ele>
      </trkpt>
      <trkpt lat="-44.83438" lon="167.79637">
        <ele>410.07</ele>
      </trkpt>
      <trkpt lat="-44.83432" lon="167.79634">
        <ele>410.18</ele>
      </trkpt>
      <trkpt lat="-44.83428" lon="167.79627">
        <ele>410.43</ele>
      </trkpt>
      <trkpt lat="-44.83423" lon="167.79624">
        <ele>410.54</ele>
      </trkpt>
      <trkpt lat="-44.83419" lon="167.79617">
        <ele>410.79</ele>
      </trkpt>
      <trkpt lat="-44.83414" lon="167.79614">
        <ele>410.89</ele>
      </trkpt>
      <trkpt lat="-44.83408" lon="167.7961">
        <ele>411.02</ele>
      </trkpt>
      <trkpt lat="-44.83403" lon="167.79608">
        <ele>411.16</ele>
      </trkpt>
      <trkpt lat="-44.83399" lon="167.79601">
        <ele>411.79</ele>
      </trkpt>
      <trkpt lat="-44.83394" lon="167.79597">
        <ele>412.56</ele>
      </trkpt>
      <trkpt lat="-44.83389" lon="167.79591">
        <ele>413.88</ele>
      </trkpt>
      <trkpt lat="-44.83385" lon="167.79586">
        <ele>413.54</ele>
      </trkpt>
      <trkpt lat="-44.8338" lon="167.79582">
        <ele>412.34</ele>
      </trkpt>
      <trkpt lat="-44.83375" lon="167.79578">
        <ele>410.81</ele>
      </trkpt>
      <trkpt lat="-44.8337" lon="167.79572">
        <ele>409.59</ele>
      </trkpt>
      <trkpt lat="-44.83366" lon="167.79567">
        <ele>408.96</ele>
      </trkpt>
      <trkpt lat="-44.83361" lon="167.79563">
        <ele>408.47</ele>
      </trkpt>
      <trkpt lat="-44.83356" lon="167.79557">
        <ele>409.27</ele>
      </trkpt>
      <trkpt lat="-44.83351" lon="167.79552">
        <ele>409.74</ele>
      </trkpt>
      <trkpt lat="-44.83347" lon="167.79546">
        <ele>410.2</ele>
      </trkpt>
      <trkpt lat="-44.83342" lon="167.7954">
        <ele>410.97</ele>
      </trkpt>
      <trkpt lat="-44.83338" lon="167.79533">
        <ele>411.88</ele>
      </trkpt>
      <trkpt lat="-44.83334" lon="167.79527">
        <ele>413.3</ele>
      </trkpt>
      <trkpt lat="-44.83329" lon="167.79522">
        <ele>416.08</ele>
      </trkpt>
      <trkpt lat="-44.83325" lon="167.79516">
        <ele>418.9</ele>
      </trkpt>
      <trkpt lat="-44.8332" lon="167.7951">
        <ele>421.24</ele>
      </trkpt>
      <trkpt lat="-44.83315" lon="167.79507">
        <ele>421.92</ele>
      </trkpt>
      <trkpt lat="-44.83311" lon="167.795">
        <ele>423.98</ele>
      </trkpt>
      <trkpt lat="-44.83305" lon="167.79499">
        <ele>423.18</ele>
      </trkpt>
      <trkpt lat="-44.83298" lon="167.795">
        <ele>423.0</ele>
      </trkpt>
      <trkpt lat="-44.83292" lon="167.79502">
        <ele>422.35</ele>
      </trkpt>
      <trkpt lat="-44.83286" lon="167.79501">
        <ele>422.68</ele>
      </trkpt>
      <trkpt lat="-44.83282" lon="167.79494">
        <ele>423.9</ele>
      </trkpt>
      <trkpt lat="-44.83277" lon="167.79488">
        <ele>424.8</ele>
      </trkpt>
      <trkpt lat="-44.83273" lon="167.79483">
        <ele>426.08</ele>
      </trkpt>
      <trkpt lat="-44.83268" lon="167.79484">
        <ele>426.52</ele>
      </trkpt>
      <trkpt lat="-44.83263" lon="167.79489">
        <ele>425.85</ele>
      </trkpt>
      <trkpt lat="-44.83259" lon="167.79495">
        <ele>424.45</ele>
      </trkpt>
      <trkpt lat="-44.83255" lon="167.79501">
        <ele>422.82</ele>
      </trkpt>
      <trkpt lat="-44.83251" lon="167.79508">
        <ele>421.8</ele>
      </trkpt>
      <trkpt lat="-44.83245" lon="167.79511">
        <ele>421.34</ele>
      </trkpt>
      <trkpt lat="-44.83239" lon="167.7951">
        <ele>421.34</ele>
      </trkpt>
      <trkpt lat="-44.83234" lon="167.79508">
        <ele>421.36</ele>
      </trkpt>
      <trkpt lat="-44.83229" lon="167.79505">
        <ele>421.31</ele>
      </trkpt>
      <trkpt lat="-44.83226" lon="167.79499">
        <ele>421.38</ele>
      </trkpt>
      <trkpt lat="-44.83225" lon="167.79491">
        <ele>422.11</ele>
      </trkpt>
      <trkpt lat="-44.83225" lon="167.79483">
        <ele>422.91</ele>
      </trkpt>
      <trkpt lat="-44.83225" lon="167.79474">
        <ele>423.82</ele>
      </trkpt>
      <trkpt lat="-44.83226" lon="167.79466">
        <ele>425.01</ele>
      </trkpt>
      <trkpt lat="-44.83224" lon="167.79458">
        <ele>425.43</ele>
      </trkpt>
      <trkpt lat="-44.8322" lon="167.79451">
        <ele>426.03</ele>
      </trkpt>
      <trkpt lat="-44.83216" lon="167.79444">
        <ele>426.79</ele>
      </trkpt>
      <trkpt lat="-44.83212" lon="167.79436">
        <ele>426.79</ele>
      </trkpt>
      <trkpt lat="-44.83208" lon="167.79429">
        <ele>426.46</ele>
      </trkpt>
      <trkpt lat="-44.83203" lon="167.79423">
        <ele>425.72</ele>
      </trkpt>
      <trkpt lat="-44.83199" lon="167.79416">
        <ele>424.8</ele>
      </trkpt>
      <trkpt lat="-44.83194" lon="167.79414">
        <ele>423.81</ele>
      </trkpt>
      <trkpt lat="-44.83189" lon="167.7941">
        <ele>423.57</ele>
      </trkpt>
      <trkpt lat="-44.83184" lon="167.79406">
        <ele>423.38</ele>
      </trkpt>
      <trkpt lat="-44.83179" lon="167.79402">
        <ele>423.24</ele>
      </trkpt>
      <trkpt lat="-44.83174" lon="167.79398">
        <ele>423.15</ele>
      </trkpt>
      <trkpt lat="-44.83172" lon="167.79396">
        <ele>423.11</ele>
      </trkpt>
      <trkpt lat="-44.83169" lon="167.79393">
        <ele>423.08</ele>
      </trkpt>
      <trkpt lat="-44.83165" lon="167.79387">
        <ele>422.54</ele>
      </trkpt>
      <trkpt lat="-44.83159" lon="167.79383">
        <ele>421.87</ele>
      </trkpt>
      <trkpt lat="-44.83155" lon="167.79376">
        <ele>420.68</ele>
      </trkpt>
      <trkpt lat="-44.8315" lon="167.79374">
        <ele>420.92</ele>
      </trkpt>
      <trkpt lat="-44.83145" lon="167.7937">
        <ele>420.99</ele>
      </trkpt>
      <trkpt lat="-44.83139" lon="167.79368">
        <ele>421.72</ele>
      </trkpt>
      <trkpt lat="-44.83134" lon="167.79364">
        <ele>422.06</ele>
      </trkpt>
      <trkpt lat="-44.83129" lon="167.79362">
        <ele>422.8</ele>
      </trkpt>
      <trkpt lat="-44.83123" lon="167.79358">
        <ele>423.24</ele>
      </trkpt>
      <trkpt lat="-44.83118" lon="167.79356">
        <ele>423.47</ele>
      </trkpt>
      <trkpt lat="-44.83113" lon="167.79352">
        <ele>422.89</ele>
      </trkpt>
      <trkpt lat="-44.83107" lon="167.7935">
        <ele>423.05</ele>
      </trkpt>
      <trkpt lat="-44.83102" lon="167.79346">
        <ele>423.3</ele>
      </trkpt>
      <trkpt lat="-44.83097" lon="167.79344">
        <ele>424.45</ele>
      </trkpt>
      <trkpt lat="-44.83091" lon="167.7934">
        <ele>426.52</ele>
      </trkpt>
      <trkpt lat="-44.83086" lon="167.79338">
        <ele>428.74</ele>
      </trkpt>
      <trkpt lat="-44.83081" lon="167.79334">
        <ele>430.42</ele>
      </trkpt>
      <trkpt lat="-44.83075" lon="167.79332">
        <ele>429.3</ele>
      </trkpt>
      <trkpt lat="-44.83074" lon="167.79331">
        <ele>429.02</ele>
      </trkpt>
      <trkpt lat="-44.8307" lon="167.7933">
        <ele>428.44</ele>
      </trkpt>
      <trkpt lat="-44.83064" lon="167.79328">
        <ele>427.93</ele>
      </trkpt>
      <trkpt lat="-44.83058" lon="167.79325">
        <ele>428.12</ele>
      </trkpt>
      <trkpt lat="-44.83052" lon="167.79325">
        <ele>427.63</ele>
      </trkpt>
      <trkpt lat="-44.83047" lon="167.79323">
        <ele>427.49</ele>
      </trkpt>
      <trkpt lat="-44.83041" lon="167.79321">
        <ele>427.24</ele>
      </trkpt>
      <trkpt lat="-44.83035" lon="167.79321">
        <ele>426.48</ele>
      </trkpt>
      <trkpt lat="-44.83029" lon="167.79318">
        <ele>426.57</ele>
      </trkpt>
      <trkpt lat="-44.83024" lon="167.79316">
        <ele>426.84</ele>
      </trkpt>
      <trkpt lat="-44.83018" lon="167.79314">
        <ele>427.05</ele>
      </trkpt>
      <trkpt lat="-44.83013" lon="167.79312">
        <ele>427.17</ele>
      </trkpt>
      <trkpt lat="-44.83008" lon="167.79308">
        <ele>427.47</ele>
      </trkpt>
      <trkpt lat="-44.83002" lon="167.79306">
        <ele>427.16</ele>
      </trkpt>
      <trkpt lat="-44.82997" lon="167.79302">
        <ele>426.86</ele>
      </trkpt>
      <trkpt lat="-44.82991" lon="167.793">
        <ele>426.49</ele>
      </trkpt>
      <trkpt lat="-44.82986" lon="167.79296">
        <ele>426.53</ele>
      </trkpt>
      <trkpt lat="-44.82981" lon="167.79292">
        <ele>426.77</ele>
      </trkpt>
      <trkpt lat="-44.82976" lon="167.79289">
        <ele>427.06</ele>
      </trkpt>
      <trkpt lat="-44.82972" lon="167.79283">
        <ele>428.03</ele>
      </trkpt>
      <trkpt lat="-44.82966" lon="167.79283">
        <ele>427.28</ele>
      </trkpt>
      <trkpt lat="-44.82959" lon="167.79284">
        <ele>426.35</ele>
      </trkpt>
      <trkpt lat="-44.82952" lon="167.79285">
        <ele>425.57</ele>
      </trkpt>
      <trkpt lat="-44.82949" lon="167.79286">
        <ele>425.32</ele>
      </trkpt>
      <trkpt lat="-44.82946" lon="167.79287">
        <ele>425.13</ele>
      </trkpt>
      <trkpt lat="-44.82939" lon="167.79288">
        <ele>425.01</ele>
      </trkpt>
      <trkpt lat="-44.82933" lon="167.79291">
        <ele>425.06</ele>
      </trkpt>
      <trkpt lat="-44.82927" lon="167.79293">
        <ele>424.9</ele>
      </trkpt>
      <trkpt lat="-44.82922" lon="167.79298">
        <ele>424.64</ele>
      </trkpt>
      <trkpt lat="-44.82917" lon="167.79302">
        <ele>424.16</ele>
      </trkpt>
      <trkpt lat="-44.82913" lon="167.79308">
        <ele>424.59</ele>
      </trkpt>
      <trkpt lat="-44.82908" lon="167.79313">
        <ele>425.35</ele>
      </trkpt>
      <trkpt lat="-44.82903" lon="167.79318">
        <ele>425.98</ele>
      </trkpt>
      <trkpt lat="-44.82898" lon="167.79321">
        <ele>426.5</ele>
      </trkpt>
      <trkpt lat="-44.82891" lon="167.79323">
        <ele>427.16</ele>
      </trkpt>
      <trkpt lat="-44.82885" lon="167.79322">
        <ele>427.52</ele>
      </trkpt>
      <trkpt lat="-44.8288" lon="167.79317">
        <ele>427.96</ele>
      </trkpt>
      <trkpt lat="-44.82876" lon="167.79309">
        <ele>428.69</ele>
      </trkpt>
      <trkpt lat="-44.82872" lon="167.79302">
        <ele>429.62</ele>
      </trkpt>
      <trkpt lat="-44.82868" lon="167.79296">
        <ele>430.45</ele>
      </trkpt>
      <trkpt lat="-44.82863" lon="167.79291">
        <ele>431.02</ele>
      </trkpt>
      <trkpt lat="-44.82859" lon="167.79285">
        <ele>431.36</ele>
      </trkpt>
      <trkpt lat="-44.82854" lon="167.79279">
        <ele>431.63</ele>
      </trkpt>
      <trkpt lat="-44.8285" lon="167.79274">
        <ele>432.25</ele>
      </trkpt>
      <trkpt lat="-44.82845" lon="167.79268">
        <ele>433.24</ele>
      </trkpt>
      <trkpt lat="-44.82841" lon="167.79261">
        <ele>434.57</ele>
      </trkpt>
      <trkpt lat="-44.82836" lon="167.79259">
        <ele>435.02</ele>
      </trkpt>
      <trkpt lat="-44.82836" lon="167.79259">
        <ele>435.02</ele>
      </trkpt>
      <trkpt lat="-44.8283" lon="167.79257">
        <ele>435.67</ele>
      </trkpt>
      <trkpt lat="-44.82824" lon="167.79254">
        <ele>436.57</ele>
      </trkpt>
      <trkpt lat="-44.82819" lon="167.79251">
        <ele>437.34</ele>
      </trkpt>
      <trkpt lat="-44.82814" lon="167.79248">
        <ele>437.86</ele>
      </trkpt>
      <trkpt lat="-44.82808" lon="167.79246">
        <ele>438.21</ele>
      </trkpt>
      <trkpt lat="-44.82803" lon="167.79242">
        <ele>438.42</ele>
      </trkpt>
      <trkpt lat="-44.82797" lon="167.7924">
        <ele>438.21</ele>
      </trkpt>
      <trkpt lat="-44.82792" lon="167.79238">
        <ele>438.1</ele>
      </trkpt>
      <trkpt lat="-44.82786" lon="167.79236">
        <ele>437.95</ele>
      </trkpt>
      <trkpt lat="-44.82781" lon="167.79232">
        <ele>438.1</ele>
      </trkpt>
      <trkpt lat="-44.82776" lon="167.7923">
        <ele>437.4</ele>
      </trkpt>
      <trkpt lat="-44.82772" lon="167.79223">
        <ele>436.24</ele>
      </trkpt>
      <trkpt lat="-44.82766" lon="167.79219">
        <ele>433.74</ele>
      </trkpt>
      <trkpt lat="-44.82762" lon="167.79213">
        <ele>432.23</ele>
      </trkpt>
      <trkpt lat="-44.82757" lon="167.79209">
        <ele>429.99</ele>
      </trkpt>
      <trkpt lat="-44.82752" lon="167.79204">
        <ele>427.69</ele>
      </trkpt>
      <trkpt lat="-44.8275" lon="167.79196">
        <ele>426.94</ele>
      </trkpt>
      <trkpt lat="-44.82748" lon="167.79188">
        <ele>428.12</ele>
      </trkpt>
      <trkpt lat="-44.82746" lon="167.79181">
        <ele>429.42</ele>
      </trkpt>
      <trkpt lat="-44.82743" lon="167.79173">
        <ele>431.0</ele>
      </trkpt>
      <trkpt lat="-44.82739" lon="167.79166">
        <ele>432.53</ele>
      </trkpt>
      <trkpt lat="-44.82735" lon="167.79158">
        <ele>434.66</ele>
      </trkpt>
      <trkpt lat="-44.82731" lon="167.79151">
        <ele>437.08</ele>
      </trkpt>
      <trkpt lat="-44.82727" lon="167.79143">
        <ele>440.32</ele>
      </trkpt>
      <trkpt lat="-44.82723" lon="167.79136">
        <ele>442.37</ele>
      </trkpt>
      <trkpt lat="-44.82719" lon="167.79129">
        <ele>441.39</ele>
      </trkpt>
      <trkpt lat="-44.82716" lon="167.79121">
        <ele>440.12</ele>
      </trkpt>
      <trkpt lat="-44.82714" lon="167.79113">
        <ele>438.96</ele>
      </trkpt>
      <trkpt lat="-44.82712" lon="167.79106">
        <ele>437.66</ele>
      </trkpt>
      <trkpt lat="-44.82709" lon="167.791">
        <ele>436.5</ele>
      </trkpt>
      <trkpt lat="-44.82704" lon="167.79096">
        <ele>435.79</ele>
      </trkpt>
      <trkpt lat="-44.827" lon="167.7909">
        <ele>434.86</ele>
      </trkpt>
      <trkpt lat="-44.82695" lon="167.79086">
        <ele>434.37</ele>
      </trkpt>
      <trkpt lat="-44.8269" lon="167.79079">
        <ele>435.5</ele>
      </trkpt>
      <trkpt lat="-44.82685" lon="167.79077">
        <ele>437.44</ele>
      </trkpt>
      <trkpt lat="-44.8268" lon="167.79073">
        <ele>439.36</ele>
      </trkpt>
      <trkpt lat="-44.82674" lon="167.79071">
        <ele>441.86</ele>
      </trkpt>
      <trkpt lat="-44.82669" lon="167.79067">
        <ele>443.98</ele>
      </trkpt>
      <trkpt lat="-44.82664" lon="167.79065">
        <ele>445.67</ele>
      </trkpt>
      <trkpt lat="-44.82659" lon="167.79061">
        <ele>447.16</ele>
      </trkpt>
      <trkpt lat="-44.82654" lon="167.79057">
        <ele>448.96</ele>
      </trkpt>
      <trkpt lat="-44.82649" lon="167.79053">
        <ele>450.36</ele>
      </trkpt>
      <trkpt lat="-44.82643" lon="167.79049">
        <ele>451.59</ele>
      </trkpt>
      <trkpt lat="-44.82638" lon="167.79046">
        <ele>452.17</ele>
      </trkpt>
      <trkpt lat="-44.82633" lon="167.79042">
        <ele>451.01</ele>
      </trkpt>
      <trkpt lat="-44.82628" lon="167.79039">
        <ele>450.3</ele>
      </trkpt>
      <trkpt lat="-44.82624" lon="167.79032">
        <ele>449.73</ele>
      </trkpt>
      <trkpt lat="-44.82619" lon="167.79027">
        <ele>449.68</ele>
      </trkpt>
      <trkpt lat="-44.82615" lon="167.79019">
        <ele>449.32</ele>
      </trkpt>
      <trkpt lat="-44.82611" lon="167.79014">
        <ele>449.02</ele>
      </trkpt>
      <trkpt lat="-44.82606" lon="167.79008">
        <ele>449.36</ele>
      </trkpt>
      <trkpt lat="-44.82602" lon="167.79002">
        <ele>449.97</ele>
      </trkpt>
      <trkpt lat="-44.82597" lon="167.78998">
        <ele>451.19</ele>
      </trkpt>
      <trkpt lat="-44.82592" lon="167.78995">
        <ele>452.49</ele>
      </trkpt>
      <trkpt lat="-44.82587" lon="167.78989">
        <ele>454.0</ele>
      </trkpt>
      <trkpt lat="-44.82582" lon="167.78985">
        <ele>455.16</ele>
      </trkpt>
      <trkpt lat="-44.82577" lon="167.78981">
        <ele>455.84</ele>
      </trkpt>
      <trkpt lat="-44.82572" lon="167.78976">
        <ele>456.79</ele>
      </trkpt>
      <trkpt lat="-44.82567" lon="167.78972">
        <ele>457.79</ele>
      </trkpt>
      <trkpt lat="-44.82564" lon="167.78969">
        <ele>458.35</ele>
      </trkpt>
      <trkpt lat="-44.82562" lon="167.78968">
        <ele>458.6</ele>
      </trkpt>
      <trkpt lat="-44.82558" lon="167.78962">
        <ele>459.23</ele>
      </trkpt>
      <trkpt lat="-44.82553" lon="167.78958">
        <ele>459.1</ele>
      </trkpt>
      <trkpt lat="-44.82548" lon="167.78955">
        <ele>458.49</ele>
      </trkpt>
      <trkpt lat="-44.82543" lon="167.78949">
        <ele>458.26</ele>
      </trkpt>
      <trkpt lat="-44.82539" lon="167.78943">
        <ele>458.51</ele>
      </trkpt>
      <trkpt lat="-44.82533" lon="167.78939">
        <ele>458.83</ele>
      </trkpt>
      <trkpt lat="-44.82529" lon="167.78934">
        <ele>459.71</ele>
      </trkpt>
      <trkpt lat="-44.82524" lon="167.78928">
        <ele>460.15</ele>
      </trkpt>
      <trkpt lat="-44.8252" lon="167.78923">
        <ele>459.9</ele>
      </trkpt>
      <trkpt lat="-44.82515" lon="167.78919">
        <ele>458.7</ele>
      </trkpt>
      <trkpt lat="-44.8251" lon="167.78913">
        <ele>457.38</ele>
      </trkpt>
      <trkpt lat="-44.82506" lon="167.78908">
        <ele>456.6</ele>
      </trkpt>
      <trkpt lat="-44.82501" lon="167.78902">
        <ele>455.94</ele>
      </trkpt>
      <trkpt lat="-44.82497" lon="167.78896">
        <ele>456.66</ele>
      </trkpt>
      <trkpt lat="-44.82493" lon="167.78889">
        <ele>457.98</ele>
      </trkpt>
      <trkpt lat="-44.8249" lon="167.78881">
        <ele>459.97</ele>
      </trkpt>
      <trkpt lat="-44.82491" lon="167.78873">
        <ele>462.02</ele>
      </trkpt>
      <trkpt lat="-44.82492" lon="167.78864">
        <ele>464.39</ele>
      </trkpt>
      <trkpt lat="-44.8249" lon="167.78857">
        <ele>466.02</ele>
      </trkpt>
      <trkpt lat="-44.82486" lon="167.78849">
        <ele>467.98</ele>
      </trkpt>
      <trkpt lat="-44.82482" lon="167.78842">
        <ele>469.97</ele>
      </trkpt>
      <trkpt lat="-44.82478" lon="167.78835">
        <ele>472.24</ele>
      </trkpt>
      <trkpt lat="-44.82474" lon="167.78827">
        <ele>474.24</ele>
      </trkpt>
      <trkpt lat="-44.82472" lon="167.78823">
        <ele>474.72</ele>
      </trkpt>
      <trkpt lat="-44.8247" lon="167.7882">
        <ele>473.93</ele>
      </trkpt>
      <trkpt lat="-44.82466" lon="167.78814">
        <ele>472.12</ele>
      </trkpt>
      <trkpt lat="-44.82461" lon="167.78809">
        <ele>469.15</ele>
      </trkpt>
      <trkpt lat="-44.82457" lon="167.78803">
        <ele>466.98</ele>
      </trkpt>
      <trkpt lat="-44.82452" lon="167.78799">
        <ele>463.85</ele>
      </trkpt>
      <trkpt lat="-44.82448" lon="167.78792">
        <ele>461.83</ele>
      </trkpt>
      <trkpt lat="-44.82446" lon="167.78784">
        <ele>461.41</ele>
      </trkpt>
      <trkpt lat="-44.82444" lon="167.78776">
        <ele>461.53</ele>
      </trkpt>
      <trkpt lat="-44.82442" lon="167.78768">
        <ele>463.87</ele>
      </trkpt>
      <trkpt lat="-44.82438" lon="167.78763">
        <ele>464.57</ele>
      </trkpt>
      <trkpt lat="-44.82432" lon="167.78761">
        <ele>463.63</ele>
      </trkpt>
      <trkpt lat="-44.82427" lon="167.78757">
        <ele>463.61</ele>
      </trkpt>
      <trkpt lat="-44.82421" lon="167.78755">
        <ele>462.6</ele>
      </trkpt>
      <trkpt lat="-44.82416" lon="167.78751">
        <ele>462.63</ele>
      </trkpt>
      <trkpt lat="-44.82411" lon="167.78749">
        <ele>462.69</ele>
      </trkpt>
      <trkpt lat="-44.82405" lon="167.78747">
        <ele>462.68</ele>
      </trkpt>
      <trkpt lat="-44.824" lon="167.78744">
        <ele>463.18</ele>
      </trkpt>
      <trkpt lat="-44.82394" lon="167.78742">
        <ele>463.77</ele>
      </trkpt>
      <trkpt lat="-44.82388" lon="167.7874">
        <ele>464.49</ele>
      </trkpt>
      <trkpt lat="-44.82383" lon="167.78738">
        <ele>464.53</ele>
      </trkpt>
      <trkpt lat="-44.82377" lon="167.78736">
        <ele>464.32</ele>
      </trkpt>
      <trkpt lat="-44.82372" lon="167.78734">
        <ele>464.14</ele>
      </trkpt>
      <trkpt lat="-44.82366" lon="167.78732">
        <ele>463.7</ele>
      </trkpt>
      <trkpt lat="-44.8236" lon="167.7873">
        <ele>463.58</ele>
      </trkpt>
      <trkpt lat="-44.82355" lon="167.78726">
        <ele>465.66</ele>
      </trkpt>
      <trkpt lat="-44.8235" lon="167.78722">
        <ele>467.86</ele>
      </trkpt>
      <trkpt lat="-44.82345" lon="167.78718">
        <ele>469.91</ele>
      </trkpt>
      <trkpt lat="-44.82341" lon="167.78712">
        <ele>471.55</ele>
      </trkpt>
      <trkpt lat="-44.82336" lon="167.78707">
        <ele>472.45</ele>
      </trkpt>
      <trkpt lat="-44.82332" lon="167.78701">
        <ele>472.46</ele>
      </trkpt>
      <trkpt lat="-44.82327" lon="167.78696">
        <ele>471.39</ele>
      </trkpt>
      <trkpt lat="-44.82323" lon="167.7869">
        <ele>471.4</ele>
      </trkpt>
      <trkpt lat="-44.82318" lon="167.78684">
        <ele>471.35</ele>
      </trkpt>
      <trkpt lat="-44.82314" lon="167.78679">
        <ele>471.25</ele>
      </trkpt>
      <trkpt lat="-44.82309" lon="167.78673">
        <ele>470.92</ele>
      </trkpt>
      <trkpt lat="-44.82305" lon="167.78666">
        <ele>471.26</ele>
      </trkpt>
      <trkpt lat="-44.82301" lon="167.78658">
        <ele>474.08</ele>
      </trkpt>
      <trkpt lat="-44.82297" lon="167.78651">
        <ele>476.25</ele>
      </trkpt>
      <trkpt lat="-44.82293" lon="167.78644">
        <ele>478.14</ele>
      </trkpt>
      <trkpt lat="-44.8229" lon="167.78636">
        <ele>480.62</ele>
      </trkpt>
      <trkpt lat="-44.82288" lon="167.78628">
        <ele>483.79</ele>
      </trkpt>
      <trkpt lat="-44.82286" lon="167.78623">
        <ele>485.39</ele>
      </trkpt>
      <trkpt lat="-44.82285" lon="167.78621">
        <ele>485.92</ele>
      </trkpt>
      <trkpt lat="-44.82282" lon="167.78613">
        <ele>487.98</ele>
      </trkpt>
      <trkpt lat="-44.8228" lon="167.78605">
        <ele>490.28</ele>
      </trkpt>
      <trkpt lat="-44.82276" lon="167.78598">
        <ele>491.88</ele>
      </trkpt>
      <trkpt lat="-44.82273" lon="167.7859">
        <ele>494.32</ele>
      </trkpt>
      <trkpt lat="-44.8227" lon="167.78583">
        <ele>496.21</ele>
      </trkpt>
      <trkpt lat="-44.82268" lon="167.78575">
        <ele>499.75</ele>
      </trkpt>
      <trkpt lat="-44.82265" lon="167.78567">
        <ele>503.24</ele>
      </trkpt>
      <trkpt lat="-44.82262" lon="167.7856">
        <ele>506.38</ele>
      </trkpt>
      <trkpt lat="-44.82258" lon="167.78552">
        <ele>509.73</ele>
      </trkpt>
      <trkpt lat="-44.82254" lon="167.78547">
        <ele>511.01</ele>
      </trkpt>
      <trkpt lat="-44.82249" lon="167.78541">
        <ele>511.73</ele>
      </trkpt>
      <trkpt lat="-44.82245" lon="167.78536">
        <ele>511.91</ele>
      </trkpt>
      <trkpt lat="-44.8224" lon="167.7853">
        <ele>512.95</ele>
      </trkpt>
      <trkpt lat="-44.82236" lon="167.78524">
        <ele>514.6</ele>
      </trkpt>
      <trkpt lat="-44.82232" lon="167.78517">
        <ele>516.93</ele>
      </trkpt>
      <trkpt lat="-44.82228" lon="167.7851">
        <ele>519.84</ele>
      </trkpt>
      <trkpt lat="-44.82224" lon="167.78502">
        <ele>523.88</ele>
      </trkpt>
      <trkpt lat="-44.8222" lon="167.78495">
        <ele>525.48</ele>
      </trkpt>
      <trkpt lat="-44.82215" lon="167.7849">
        <ele>525.27</ele>
      </trkpt>
      <trkpt lat="-44.82209" lon="167.78489">
        <ele>523.58</ele>
      </trkpt>
      <trkpt lat="-44.82202" lon="167.7849">
        <ele>520.57</ele>
      </trkpt>
      <trkpt lat="-44.82197" lon="167.78493">
        <ele>516.82</ele>
      </trkpt>
      <trkpt lat="-44.8219" lon="167.78495">
        <ele>511.1</ele>
      </trkpt>
      <trkpt lat="-44.82186" lon="167.785">
        <ele>504.92</ele>
      </trkpt>
      <trkpt lat="-44.82181" lon="167.78505">
        <ele>497.88</ele>
      </trkpt>
      <trkpt lat="-44.82176" lon="167.7851">
        <ele>491.35</ele>
      </trkpt>
      <trkpt lat="-44.82172" lon="167.7851">
        <ele>488.89</ele>
      </trkpt>
      <trkpt lat="-44.82169" lon="167.78511">
        <ele>486.47</ele>
      </trkpt>
      <trkpt lat="-44.82167" lon="167.78512">
        <ele>484.72</ele>
      </trkpt>
      <trkpt lat="-44.82162" lon="167.78512">
        <ele>483.87</ele>
      </trkpt>
      <trkpt lat="-44.82158" lon="167.78514">
        <ele>482.35</ele>
      </trkpt>
      <trkpt lat="-44.82153" lon="167.7851">
        <ele>483.53</ele>
      </trkpt>
      <trkpt lat="-44.82147" lon="167.78508">
        <ele>483.45</ele>
      </trkpt>
      <trkpt lat="-44.82142" lon="167.78504">
        <ele>484.15</ele>
      </trkpt>
      <trkpt lat="-44.82136" lon="167.78502">
        <ele>484.14</ele>
      </trkpt>
      <trkpt lat="-44.82131" lon="167.78499">
        <ele>484.76</ele>
      </trkpt>
      <trkpt lat="-44.82126" lon="167.785">
        <ele>484.07</ele>
      </trkpt>
      <trkpt lat="-44.82122" lon="167.78505">
        <ele>482.97</ele>
      </trkpt>
      <trkpt lat="-44.82117" lon="167.7851">
        <ele>482.38</ele>
      </trkpt>
      <trkpt lat="-44.82112" lon="167.78515">
        <ele>482.37</ele>
      </trkpt>
      <trkpt lat="-44.82106" lon="167.78517">
        <ele>482.74</ele>
      </trkpt>
      <trkpt lat="-44.821" lon="167.7852">
        <ele>482.84</ele>
      </trkpt>
      <trkpt lat="-44.82094" lon="167.78519">
        <ele>483.29</ele>
      </trkpt>
      <trkpt lat="-44.82088" lon="167.78519">
        <ele>483.63</ele>
      </trkpt>
      <trkpt lat="-44.82081" lon="167.78519">
        <ele>484.14</ele>
      </trkpt>
      <trkpt lat="-44.82076" lon="167.78517">
        <ele>485.16</ele>
      </trkpt>
      <trkpt lat="-44.8207" lon="167.78514">
        <ele>486.65</ele>
      </trkpt>
      <trkpt lat="-44.82065" lon="167.78514">
        <ele>487.28</ele>
      </trkpt>
      <trkpt lat="-44.82064" lon="167.78514">
        <ele>487.4</ele>
      </trkpt>
      <trkpt lat="-44.82058" lon="167.78514">
        <ele>488.16</ele>
      </trkpt>
      <trkpt lat="-44.82052" lon="167.78512">
        <ele>488.78</ele>
      </trkpt>
      <trkpt lat="-44.82046" lon="167.78511">
        <ele>488.54</ele>
      </trkpt>
      <trkpt lat="-44.8204" lon="167.78511">
        <ele>487.98</ele>
      </trkpt>
      <trkpt lat="-44.82035" lon="167.78509">
        <ele>488.1</ele>
      </trkpt>
      <trkpt lat="-44.82029" lon="167.78507">
        <ele>488.1</ele>
      </trkpt>
      <trkpt lat="-44.82023" lon="167.78506">
        <ele>487.41</ele>
      </trkpt>
      <trkpt lat="-44.82017" lon="167.78506">
        <ele>486.33</ele>
      </trkpt>
      <trkpt lat="-44.82011" lon="167.78506">
        <ele>485.25</ele>
      </trkpt>
      <trkpt lat="-44.82004" lon="167.78507">
        <ele>483.7</ele>
      </trkpt>
      <trkpt lat="-44.81997" lon="167.78508">
        <ele>483.42</ele>
      </trkpt>
      <trkpt lat="-44.81991" lon="167.7851">
        <ele>484.27</ele>
      </trkpt>
      <trkpt lat="-44.81984" lon="167.78511">
        <ele>485.64</ele>
      </trkpt>
      <trkpt lat="-44.81978" lon="167.78514">
        <ele>486.11</ele>
      </trkpt>
      <trkpt lat="-44.81972" lon="167.78517">
        <ele>486.51</ele>
      </trkpt>
      <trkpt lat="-44.81966" lon="167.7852">
        <ele>486.3</ele>
      </trkpt>
      <trkpt lat="-44.81961" lon="167.78524">
        <ele>486.15</ele>
      </trkpt>
      <trkpt lat="-44.81955" lon="167.78525">
        <ele>487.06</ele>
      </trkpt>
      <trkpt lat="-44.81949" lon="167.78525">
        <ele>488.16</ele>
      </trkpt>
      <trkpt lat="-44.81944" lon="167.78519">
        <ele>488.98</ele>
      </trkpt>
      <trkpt lat="-44.81939" lon="167.78515">
        <ele>488.86</ele>
      </trkpt>
      <trkpt lat="-44.81934" lon="167.78512">
        <ele>488.94</ele>
      </trkpt>
      <trkpt lat="-44.81929" lon="167.78508">
        <ele>489.31</ele>
      </trkpt>
      <trkpt lat="-44.81922" lon="167.78509">
        <ele>489.31</ele>
      </trkpt>
      <trkpt lat="-44.81917" lon="167.78507">
        <ele>489.73</ele>
      </trkpt>
      <trkpt lat="-44.8191" lon="167.78507">
        <ele>492.62</ele>
      </trkpt>
      <trkpt lat="-44.81904" lon="167.78506">
        <ele>495.39</ele>
      </trkpt>
      <trkpt lat="-44.81898" lon="167.78506">
        <ele>497.98</ele>
      </trkpt>
      <trkpt lat="-44.81893" lon="167.78504">
        <ele>500.5</ele>
      </trkpt>
      <trkpt lat="-44.81886" lon="167.78503">
        <ele>502.69</ele>
      </trkpt>
      <trkpt lat="-44.8188" lon="167.78503">
        <ele>503.17</ele>
      </trkpt>
      <trkpt lat="-44.81874" lon="167.78503">
        <ele>503.65</ele>
      </trkpt>
      <trkpt lat="-44.81868" lon="167.78502">
        <ele>504.25</ele>
      </trkpt>
      <trkpt lat="-44.81867" lon="167.78503">
        <ele>504.21</ele>
      </trkpt>
      <trkpt lat="-44.81862" lon="167.78505">
        <ele>504.38</ele>
      </trkpt>
      <trkpt lat="-44.81856" lon="167.78508">
        <ele>505.45</ele>
      </trkpt>
      <trkpt lat="-44.81851" lon="167.78512">
        <ele>506.14</ele>
      </trkpt>
      <trkpt lat="-44.81845" lon="167.78515">
        <ele>507.08</ele>
      </trkpt>
      <trkpt lat="-44.81839" lon="167.78514">
        <ele>508.65</ele>
      </trkpt>
      <trkpt lat="-44.81835" lon="167.78507">
        <ele>511.05</ele>
      </trkpt>
      <trkpt lat="-44.8183" lon="167.78504">
        <ele>512.84</ele>
      </trkpt>
      <trkpt lat="-44.81826" lon="167.78497">
        <ele>515.62</ele>
      </trkpt>
      <trkpt lat="-44.81821" lon="167.78494">
        <ele>517.97</ele>
      </trkpt>
      <trkpt lat="-44.81815" lon="167.78491">
        <ele>520.84</ele>
      </trkpt>
      <trkpt lat="-44.81809" lon="167.7849">
        <ele>523.03</ele>
      </trkpt>
      <trkpt lat="-44.81803" lon="167.78491">
        <ele>522.9</ele>
      </trkpt>
      <trkpt lat="-44.81797" lon="167.78494">
        <ele>520.19</ele>
      </trkpt>
      <trkpt lat="-44.81793" lon="167.785">
        <ele>517.19</ele>
      </trkpt>
      <trkpt lat="-44.81788" lon="167.78504">
        <ele>515.92</ele>
      </trkpt>
      <trkpt lat="-44.81783" lon="167.7851">
        <ele>514.69</ele>
      </trkpt>
      <trkpt lat="-44.81778" lon="167.78514">
        <ele>514.0</ele>
      </trkpt>
      <trkpt lat="-44.81774" lon="167.7852">
        <ele>513.52</ele>
      </trkpt>
      <trkpt lat="-44.81772" lon="167.78522">
        <ele>513.26</ele>
      </trkpt>
      <trkpt lat="-44.81769" lon="167.78524">
        <ele>512.9</ele>
      </trkpt>
      <trkpt lat="-44.81764" lon="167.7853">
        <ele>511.65</ele>
      </trkpt>
      <trkpt lat="-44.81759" lon="167.78533">
        <ele>510.84</ele>
      </trkpt>
      <trkpt lat="-44.81753" lon="167.78532">
        <ele>510.59</ele>
      </trkpt>
      <trkpt lat="-44.81747" lon="167.78531">
        <ele>510.25</ele>
      </trkpt>
      <trkpt lat="-44.81741" lon="167.78529">
        <ele>509.89</ele>
      </trkpt>
      <trkpt lat="-44.81736" lon="167.78526">
        <ele>509.81</ele>
      </trkpt>
      <trkpt lat="-44.8173" lon="167.78526">
        <ele>509.08</ele>
      </trkpt>
      <trkpt lat="-44.81724" lon="167.78524">
        <ele>508.52</ele>
      </trkpt>
      <trkpt lat="-44.81717" lon="167.78525">
        <ele>508.46</ele>
      </trkpt>
      <trkpt lat="-44.81712" lon="167.7853">
        <ele>508.46</ele>
      </trkpt>
      <trkpt lat="-44.81707" lon="167.78534">
        <ele>509.06</ele>
      </trkpt>
      <trkpt lat="-44.81702" lon="167.78535">
        <ele>509.6</ele>
      </trkpt>
      <trkpt lat="-44.81698" lon="167.78529">
        <ele>509.06</ele>
      </trkpt>
      <trkpt lat="-44.81693" lon="167.78524">
        <ele>509.81</ele>
      </trkpt>
      <trkpt lat="-44.81689" lon="167.78517">
        <ele>511.59</ele>
      </trkpt>
      <trkpt lat="-44.81683" lon="167.78514">
        <ele>512.79</ele>
      </trkpt>
      <trkpt lat="-44.81678" lon="167.78511">
        <ele>514.18</ele>
      </trkpt>
      <trkpt lat="-44.81672" lon="167.78512">
        <ele>514.35</ele>
      </trkpt>
      <trkpt lat="-44.81665" lon="167.78512">
        <ele>515.28</ele>
      </trkpt>
      <trkpt lat="-44.81659" lon="167.78511">
        <ele>517.4</ele>
      </trkpt>
      <trkpt lat="-44.81653" lon="167.78511">
        <ele>519.09</ele>
      </trkpt>
      <trkpt lat="-44.81648" lon="167.7851">
        <ele>521.0</ele>
      </trkpt>
      <trkpt lat="-44.81647" lon="167.7851">
        <ele>521.29</ele>
      </trkpt>
      <trkpt lat="-44.81641" lon="167.7851">
        <ele>523.0</ele>
      </trkpt>
      <trkpt lat="-44.81635" lon="167.7851">
        <ele>524.22</ele>
      </trkpt>
      <trkpt lat="-44.81628" lon="167.78511">
        <ele>524.86</ele>
      </trkpt>
      <trkpt lat="-44.81622" lon="167.78512">
        <ele>525.39</ele>
      </trkpt>
      <trkpt lat="-44.81615" lon="167.78514">
        <ele>525.75</ele>
      </trkpt>
      <trkpt lat="-44.81609" lon="167.78517">
        <ele>525.59</ele>
      </trkpt>
      <trkpt lat="-44.81606" lon="167.78524">
        <ele>523.37</ele>
      </trkpt>
      <trkpt lat="-44.816" lon="167.78528">
        <ele>522.94</ele>
      </trkpt>
      <trkpt lat="-44.81596" lon="167.78534">
        <ele>522.05</ele>
      </trkpt>
      <trkpt lat="-44.81591" lon="167.78538">
        <ele>521.94</ele>
      </trkpt>
      <trkpt lat="-44.81585" lon="167.78541">
        <ele>522.34</ele>
      </trkpt>
      <trkpt lat="-44.81579" lon="167.78544">
        <ele>522.9</ele>
      </trkpt>
      <trkpt lat="-44.81574" lon="167.78547">
        <ele>523.43</ele>
      </trkpt>
      <trkpt lat="-44.81567" lon="167.78548">
        <ele>524.97</ele>
      </trkpt>
      <trkpt lat="-44.81564" lon="167.78549">
        <ele>525.56</ele>
      </trkpt>
      <trkpt lat="-44.8156" lon="167.7855">
        <ele>526.45</ele>
      </trkpt>
      <trkpt lat="-44.81554" lon="167.78551">
        <ele>527.83</ele>
      </trkpt>
      <trkpt lat="-44.81547" lon="167.78552">
        <ele>529.23</ele>
      </trkpt>
      <trkpt lat="-44.81541" lon="167.78552">
        <ele>530.53</ele>
      </trkpt>
      <trkpt lat="-44.81535" lon="167.78552">
        <ele>531.82</ele>
      </trkpt>
      <trkpt lat="-44.81528" lon="167.78551">
        <ele>533.44</ele>
      </trkpt>
      <trkpt lat="-44.81522" lon="167.78551">
        <ele>535.89</ele>
      </trkpt>
      <trkpt lat="-44.81517" lon="167.78549">
        <ele>537.93</ele>
      </trkpt>
      <trkpt lat="-44.8151" lon="167.7855">
        <ele>540.77</ele>
      </trkpt>
      <trkpt lat="-44.81506" lon="167.78545">
        <ele>541.65</ele>
      </trkpt>
      <trkpt lat="-44.81502" lon="167.78537">
        <ele>541.49</ele>
      </trkpt>
      <trkpt lat="-44.81498" lon="167.7853">
        <ele>541.17</ele>
      </trkpt>
      <trkpt lat="-44.81493" lon="167.78525">
        <ele>542.85</ele>
      </trkpt>
      <trkpt lat="-44.81487" lon="167.78524">
        <ele>545.15</ele>
      </trkpt>
      <trkpt lat="-44.81481" lon="167.78527">
        <ele>546.94</ele>
      </trkpt>
      <trkpt lat="-44.81477" lon="167.78533">
        <ele>548.63</ele>
      </trkpt>
      <trkpt lat="-44.81473" lon="167.78538">
        <ele>550.14</ele>
      </trkpt>
      <trkpt lat="-44.81468" lon="167.78544">
        <ele>551.39</ele>
      </trkpt>
      <trkpt lat="-44.81464" lon="167.7855">
        <ele>551.87</ele>
      </trkpt>
      <trkpt lat="-44.8146" lon="167.78556">
        <ele>551.81</ele>
      </trkpt>
      <trkpt lat="-44.81455" lon="167.78561">
        <ele>551.64</ele>
      </trkpt>
      <trkpt lat="-44.81449" lon="167.78563">
        <ele>552.32</ele>
      </trkpt>
      <trkpt lat="-44.81443" lon="167.78566">
        <ele>553.23</ele>
      </trkpt>
      <trkpt lat="-44.81437" lon="167.78565">
        <ele>554.24</ele>
      </trkpt>
      <trkpt lat="-44.8143" lon="167.78566">
        <ele>555.27</ele>
      </trkpt>
      <trkpt lat="-44.81425" lon="167.78563">
        <ele>556.59</ele>
      </trkpt>
      <trkpt lat="-44.8142" lon="167.78561">
        <ele>557.95</ele>
      </trkpt>
      <trkpt lat="-44.81414" lon="167.78557">
        <ele>560.13</ele>
      </trkpt>
      <trkpt lat="-44.81408" lon="167.78557">
        <ele>561.23</ele>
      </trkpt>
      <trkpt lat="-44.81403" lon="167.7856">
        <ele>561.5</ele>
      </trkpt>
      <trkpt lat="-44.81399" lon="167.78567">
        <ele>560.82</ele>
      </trkpt>
      <trkpt lat="-44.81396" lon="167.78575">
        <ele>559.86</ele>
      </trkpt>
      <trkpt lat="-44.81394" lon="167.78584">
        <ele>558.64</ele>
      </trkpt>
      <trkpt lat="-44.8139" lon="167.78591">
        <ele>558.89</ele>
      </trkpt>
      <trkpt lat="-44.81384" lon="167.78594">
        <ele>559.8</ele>
      </trkpt>
      <trkpt lat="-44.81378" lon="167.78596">
        <ele>560.77</ele>
      </trkpt>
      <trkpt lat="-44.81372" lon="167.78595">
        <ele>562.04</ele>
      </trkpt>
      <trkpt lat="-44.81366" lon="167.78592">
        <ele>563.44</ele>
      </trkpt>
      <trkpt lat="-44.81361" lon="167.78588">
        <ele>564.66</ele>
      </trkpt>
      <trkpt lat="-44.81356" lon="167.78584">
        <ele>564.75</ele>
      </trkpt>
      <trkpt lat="-44.81351" lon="167.7858">
        <ele>564.96</ele>
      </trkpt>
      <trkpt lat="-44.81347" lon="167.78574">
        <ele>565.51</ele>
      </trkpt>
      <trkpt lat="-44.81342" lon="167.78569">
        <ele>566.05</ele>
      </trkpt>
      <trkpt lat="-44.81337" lon="167.78565">
        <ele>566.6</ele>
      </trkpt>
      <trkpt lat="-44.81333" lon="167.78559">
        <ele>567.54</ele>
      </trkpt>
      <trkpt lat="-44.81328" lon="167.78554">
        <ele>568.78</ele>
      </trkpt>
      <trkpt lat="-44.81323" lon="167.7855">
        <ele>569.77</ele>
      </trkpt>
      <trkpt lat="-44.81318" lon="167.78546">
        <ele>570.65</ele>
      </trkpt>
      <trkpt lat="-44.81313" lon="167.7854">
        <ele>571.62</ele>
      </trkpt>
      <trkpt lat="-44.81308" lon="167.78536">
        <ele>572.27</ele>
      </trkpt>
      <trkpt lat="-44.81303" lon="167.78533">
        <ele>572.68</ele>
      </trkpt>
      <trkpt lat="-44.81299" lon="167.78527">
        <ele>572.97</ele>
      </trkpt>
      <trkpt lat="-44.81294" lon="167.78521">
        <ele>572.76</ele>
      </trkpt>
      <trkpt lat="-44.8129" lon="167.78516">
        <ele>572.58</ele>
      </trkpt>
      <trkpt lat="-44.81286" lon="167.78508">
        <ele>572.29</ele>
      </trkpt>
      <trkpt lat="-44.81281" lon="167.78503">
        <ele>572.11</ele>
      </trkpt>
      <trkpt lat="-44.81277" lon="167.78497">
        <ele>572.01</ele>
      </trkpt>
      <trkpt lat="-44.81273" lon="167.78492">
        <ele>572.15</ele>
      </trkpt>
      <trkpt lat="-44.81272" lon="167.78491">
        <ele>572.2</ele>
      </trkpt>
      <trkpt lat="-44.81268" lon="167.78486">
        <ele>572.53</ele>
      </trkpt>
      <trkpt lat="-44.81263" lon="167.7848">
        <ele>573.15</ele>
      </trkpt>
      <trkpt lat="-44.81259" lon="167.78475">
        <ele>573.83</ele>
      </trkpt>
      <trkpt lat="-44.81254" lon="167.78469">
        <ele>575.03</ele>
      </trkpt>
      <trkpt lat="-44.8125" lon="167.78463">
        <ele>576.33</ele>
      </trkpt>
      <trkpt lat="-44.81245" lon="167.78458">
        <ele>577.41</ele>
      </trkpt>
      <trkpt lat="-44.8124" lon="167.78454">
        <ele>578.34</ele>
      </trkpt>
      <trkpt lat="-44.81235" lon="167.78448">
        <ele>579.57</ele>
      </trkpt>
      <trkpt lat="-44.81231" lon="167.78443">
        <ele>580.84</ele>
      </trkpt>
      <trkpt lat="-44.81226" lon="167.78437">
        <ele>583.14</ele>
      </trkpt>
      <trkpt lat="-44.81221" lon="167.78433">
        <ele>584.81</ele>
      </trkpt>
      <trkpt lat="-44.81217" lon="167.78428">
        <ele>586.82</ele>
      </trkpt>
      <trkpt lat="-44.81212" lon="167.78422">
        <ele>589.31</ele>
      </trkpt>
      <trkpt lat="-44.81208" lon="167.78416">
        <ele>591.84</ele>
      </trkpt>
      <trkpt lat="-44.81203" lon="167.78411">
        <ele>594.59</ele>
      </trkpt>
      <trkpt lat="-44.81199" lon="167.78403">
        <ele>598.49</ele>
      </trkpt>
      <trkpt lat="-44.81195" lon="167.78396">
        <ele>601.88</ele>
      </trkpt>
      <trkpt lat="-44.81191" lon="167.78389">
        <ele>605.08</ele>
      </trkpt>
      <trkpt lat="-44.81187" lon="167.78381">
        <ele>605.82</ele>
      </trkpt>
      <trkpt lat="-44.81183" lon="167.78374">
        <ele>606.14</ele>
      </trkpt>
      <trkpt lat="-44.81181" lon="167.78366">
        <ele>606.36</ele>
      </trkpt>
      <trkpt lat="-44.81178" lon="167.78359">
        <ele>606.99</ele>
      </trkpt>
      <trkpt lat="-44.81176" lon="167.78351">
        <ele>609.42</ele>
      </trkpt>
      <trkpt lat="-44.81173" lon="167.78345">
        <ele>610.49</ele>
      </trkpt>
      <trkpt lat="-44.81168" lon="167.78341">
        <ele>609.84</ele>
      </trkpt>
      <trkpt lat="-44.81164" lon="167.78335">
        <ele>610.51</ele>
      </trkpt>
      <trkpt lat="-44.81159" lon="167.78331">
        <ele>611.17</ele>
      </trkpt>
      <trkpt lat="-44.81155" lon="167.78325">
        <ele>612.53</ele>
      </trkpt>
      <trkpt lat="-44.81153" lon="167.78324">
        <ele>612.55</ele>
      </trkpt>
      <trkpt lat="-44.81149" lon="167.78322">
        <ele>612.51</ele>
      </trkpt>
      <trkpt lat="-44.81144" lon="167.7832">
        <ele>612.21</ele>
      </trkpt>
      <trkpt lat="-44.81138" lon="167.78318">
        <ele>611.82</ele>
      </trkpt>
      <trkpt lat="-44.81132" lon="167.78316">
        <ele>612.62</ele>
      </trkpt>
      <trkpt lat="-44.81127" lon="167.78314">
        <ele>613.34</ele>
      </trkpt>
      <trkpt lat="-44.81122" lon="167.7831">
        <ele>614.42</ele>
      </trkpt>
      <trkpt lat="-44.81117" lon="167.78306">
        <ele>615.5</ele>
      </trkpt>
      <trkpt lat="-44.81112" lon="167.78302">
        <ele>616.72</ele>
      </trkpt>
      <trkpt lat="-44.81106" lon="167.78298">
        <ele>618.12</ele>
      </trkpt>
      <trkpt lat="-44.81101" lon="167.78294">
        <ele>619.19</ele>
      </trkpt>
      <trkpt lat="-44.81096" lon="167.7829">
        <ele>620.01</ele>
      </trkpt>
      <trkpt lat="-44.81091" lon="167.78286">
        <ele>620.57</ele>
      </trkpt>
      <trkpt lat="-44.81086" lon="167.78284">
        <ele>620.76</ele>
      </trkpt>
      <trkpt lat="-44.81081" lon="167.78281">
        <ele>620.64</ele>
      </trkpt>
      <trkpt lat="-44.81075" lon="167.78278">
        <ele>620.09</ele>
      </trkpt>
      <trkpt lat="-44.81069" lon="167.78276">
        <ele>619.55</ele>
      </trkpt>
      <trkpt lat="-44.81064" lon="167.78274">
        <ele>619.14</ele>
      </trkpt>
      <trkpt lat="-44.81059" lon="167.7827">
        <ele>618.9</ele>
      </trkpt>
      <trkpt lat="-44.81053" lon="167.78268">
        <ele>618.92</ele>
      </trkpt>
      <trkpt lat="-44.81048" lon="167.78264">
        <ele>619.67</ele>
      </trkpt>
      <trkpt lat="-44.81043" lon="167.78262">
        <ele>620.3</ele>
      </trkpt>
      <trkpt lat="-44.81037" lon="167.78259">
        <ele>621.14</ele>
      </trkpt>
      <trkpt lat="-44.81031" lon="167.78258">
        <ele>621.82</ele>
      </trkpt>
      <trkpt lat="-44.81025" lon="167.78259">
        <ele>622.79</ele>
      </trkpt>
      <trkpt lat="-44.8102" lon="167.78264">
        <ele>623.73</ele>
      </trkpt>
      <trkpt lat="-44.81015" lon="167.78266">
        <ele>625.02</ele>
      </trkpt>
      <trkpt lat="-44.81014" lon="167.78267">
        <ele>625.24</ele>
      </trkpt>
      <trkpt lat="-44.81008" lon="167.78269">
        <ele>626.91</ele>
      </trkpt>
      <trkpt lat="-44.81002" lon="167.78272">
        <ele>628.59</ele>
      </trkpt>
      <trkpt lat="-44.80995" lon="167.78274">
        <ele>627.72</ele>
      </trkpt>
      <trkpt lat="-44.80989" lon="167.78275">
        <ele>625.97</ele>
      </trkpt>
      <trkpt lat="-44.80982" lon="167.78276">
        <ele>623.92</ele>
      </trkpt>
      <trkpt lat="-44.80976" lon="167.78276">
        <ele>622.21</ele>
      </trkpt>
      <trkpt lat="-44.80969" lon="167.78277">
        <ele>620.58</ele>
      </trkpt>
      <trkpt lat="-44.80964" lon="167.78273">
        <ele>620.01</ele>
      </trkpt>
      <trkpt lat="-44.80959" lon="167.78271">
        <ele>619.24</ele>
      </trkpt>
      <trkpt lat="-44.80955" lon="167.78264">
        <ele>618.59</ele>
      </trkpt>
      <trkpt lat="-44.8095" lon="167.78258">
        <ele>617.52</ele>
      </trkpt>
      <trkpt lat="-44.80947" lon="167.78251">
        <ele>616.67</ele>
      </trkpt>
      <trkpt lat="-44.80944" lon="167.78243">
        <ele>615.88</ele>
      </trkpt>
      <trkpt lat="-44.80943" lon="167.78235">
        <ele>615.61</ele>
      </trkpt>
      <trkpt lat="-44.80942" lon="167.78227">
        <ele>615.37</ele>
      </trkpt>
      <trkpt lat="-44.80941" lon="167.78219">
        <ele>615.02</ele>
      </trkpt>
      <trkpt lat="-44.80939" lon="167.78211">
        <ele>614.22</ele>
      </trkpt>
      <trkpt lat="-44.80938" lon="167.78204">
        <ele>613.72</ele>
      </trkpt>
      <trkpt lat="-44.80935" lon="167.78196">
        <ele>612.68</ele>
      </trkpt>
      <trkpt lat="-44.80934" lon="167.78188">
        <ele>612.63</ele>
      </trkpt>
      <trkpt lat="-44.80933" lon="167.7818">
        <ele>612.76</ele>
      </trkpt>
      <trkpt lat="-44.80931" lon="167.78172">
        <ele>612.79</ele>
      </trkpt>
      <trkpt lat="-44.8093" lon="167.78164">
        <ele>613.16</ele>
      </trkpt>
      <trkpt lat="-44.8093" lon="167.78159">
        <ele>613.62</ele>
      </trkpt>
      <trkpt lat="-44.8093" lon="167.78156">
        <ele>613.89</ele>
      </trkpt>
      <trkpt lat="-44.80926" lon="167.78149">
        <ele>614.04</ele>
      </trkpt>
      <trkpt lat="-44.80925" lon="167.78141">
        <ele>614.69</ele>
      </trkpt>
      <trkpt lat="-44.80921" lon="167.78133">
        <ele>614.39</ele>
      </trkpt>
      <trkpt lat="-44.80921" lon="167.78125">
        <ele>614.28</ele>
      </trkpt>
      <trkpt lat="-44.80919" lon="167.78117">
        <ele>613.73</ele>
      </trkpt>
      <trkpt lat="-44.80919" lon="167.78109">
        <ele>613.68</ele>
      </trkpt>
      <trkpt lat="-44.80918" lon="167.78101">
        <ele>613.73</ele>
      </trkpt>
      <trkpt lat="-44.80921" lon="167.78092">
        <ele>614.99</ele>
      </trkpt>
      <trkpt lat="-44.80921" lon="167.78084">
        <ele>615.37</ele>
      </trkpt>
      <trkpt lat="-44.80923" lon="167.78076">
        <ele>615.87</ele>
      </trkpt>
      <trkpt lat="-44.80921" lon="167.78068">
        <ele>615.15</ele>
      </trkpt>
      <trkpt lat="-44.80921" lon="167.7806">
        <ele>615.01</ele>
      </trkpt>
      <trkpt lat="-44.8092" lon="167.78052">
        <ele>614.32</ele>
      </trkpt>
      <trkpt lat="-44.8092" lon="167.78044">
        <ele>613.42</ele>
      </trkpt>
      <trkpt lat="-44.80921" lon="167.78035">
        <ele>612.6</ele>
      </trkpt>
      <trkpt lat="-44.80921" lon="167.78027">
        <ele>611.72</ele>
      </trkpt>
      <trkpt lat="-44.80924" lon="167.78018">
        <ele>611.43</ele>
      </trkpt>
      <trkpt lat="-44.80927" lon="167.78011">
        <ele>611.2</ele>
      </trkpt>
      <trkpt lat="-44.80932" lon="167.78007">
        <ele>611.44</ele>
      </trkpt>
      <trkpt lat="-44.80936" lon="167.78001">
        <ele>611.21</ele>
      </trkpt>
      <trkpt lat="-44.80941" lon="167.77996">
        <ele>611.47</ele>
      </trkpt>
      <trkpt lat="-44.80945" lon="167.77989">
        <ele>611.8</ele>
      </trkpt>
      <trkpt lat="-44.80946" lon="167.77981">
        <ele>611.9</ele>
      </trkpt>
      <trkpt lat="-44.80946" lon="167.77973">
        <ele>611.64</ele>
      </trkpt>
      <trkpt lat="-44.80948" lon="167.77964">
        <ele>612.78</ele>
      </trkpt>
      <trkpt lat="-44.80948" lon="167.77956">
        <ele>613.14</ele>
      </trkpt>
      <trkpt lat="-44.8095" lon="167.77947">
        <ele>614.47</ele>
      </trkpt>
      <trkpt lat="-44.80948" lon="167.77939">
        <ele>614.13</ele>
      </trkpt>
      <trkpt lat="-44.80946" lon="167.77932">
        <ele>613.95</ele>
      </trkpt>
      <trkpt lat="-44.80944" lon="167.77924">
        <ele>614.03</ele>
      </trkpt>
      <trkpt lat="-44.80941" lon="167.77916">
        <ele>613.52</ele>
      </trkpt>
      <trkpt lat="-44.8094" lon="167.77908">
        <ele>613.23</ele>
      </trkpt>
      <trkpt lat="-44.80937" lon="167.77901">
        <ele>612.24</ele>
      </trkpt>
      <trkpt lat="-44.80937" lon="167.77901">
        <ele>612.24</ele>
      </trkpt>
      <trkpt lat="-44.80934" lon="167.77893">
        <ele>611.45</ele>
      </trkpt>
      <trkpt lat="-44.80933" lon="167.77885">
        <ele>611.39</ele>
      </trkpt>
      <trkpt lat="-44.80932" lon="167.77877">
        <ele>611.15</ele>
      </trkpt>
      <trkpt lat="-44.8093" lon="167.77869">
        <ele>610.21</ele>
      </trkpt>
      <trkpt lat="-44.80929" lon="167.77861">
        <ele>609.59</ele>
      </trkpt>
      <trkpt lat="-44.80929" lon="167.77853">
        <ele>612.53</ele>
      </trkpt>
      <trkpt lat="-44.80928" lon="167.77845">
        <ele>614.76</ele>
      </trkpt>
      <trkpt lat="-44.80927" lon="167.77837">
        <ele>616.88</ele>
      </trkpt>
      <trkpt lat="-44.80924" lon="167.7783">
        <ele>617.9</ele>
      </trkpt>
      <trkpt lat="-44.80921" lon="167.77822">
        <ele>620.8</ele>
      </trkpt>
      <trkpt lat="-44.80917" lon="167.77815">
        <ele>622.76</ele>
      </trkpt>
      <trkpt lat="-44.80913" lon="167.77807">
        <ele>626.43</ele>
      </trkpt>
      <trkpt lat="-44.8091" lon="167.778">
        <ele>625.41</ele>
      </trkpt>
      <trkpt lat="-44.80908" lon="167.77792">
        <ele>623.73</ele>
      </trkpt>
      <trkpt lat="-44.80905" lon="167.77784">
        <ele>622.04</ele>
      </trkpt>
      <trkpt lat="-44.80904" lon="167.77777">
        <ele>621.74</ele>
      </trkpt>
      <trkpt lat="-44.80902" lon="167.77769">
        <ele>625.68</ele>
      </trkpt>
      <trkpt lat="-44.80901" lon="167.77761">
        <ele>629.35</ele>
      </trkpt>
      <trkpt lat="-44.809" lon="167.77753">
        <ele>632.53</ele>
      </trkpt>
      <trkpt lat="-44.80902" lon="167.77744">
        <ele>640.15</ele>
      </trkpt>
      <trkpt lat="-44.80902" lon="167.77736">
        <ele>645.47</ele>
      </trkpt>
      <trkpt lat="-44.80904" lon="167.77727">
        <ele>653.67</ele>
      </trkpt>
      <trkpt lat="-44.80905" lon="167.77719">
        <ele>657.85</ele>
      </trkpt>
      <trkpt lat="-44.80905" lon="167.77711">
        <ele>657.53</ele>
      </trkpt>
      <trkpt lat="-44.80905" lon="167.77703">
        <ele>657.2</ele>
      </trkpt>
      <trkpt lat="-44.80905" lon="167.77694">
        <ele>656.71</ele>
      </trkpt>
      <trkpt lat="-44.80905" lon="167.77686">
        <ele>653.95</ele>
      </trkpt>
      <trkpt lat="-44.80904" lon="167.77678">
        <ele>650.6</ele>
      </trkpt>
      <trkpt lat="-44.80904" lon="167.7767">
        <ele>647.85</ele>
      </trkpt>
      <trkpt lat="-44.80903" lon="167.77668">
        <ele>646.58</ele>
      </trkpt>
      <trkpt lat="-44.80902" lon="167.77662">
        <ele>643.62</ele>
      </trkpt>
      <trkpt lat="-44.80902" lon="167.77654">
        <ele>640.3</ele>
      </trkpt>
      <trkpt lat="-44.80901" lon="167.77646">
        <ele>636.37</ele>
      </trkpt>
      <trkpt lat="-44.80904" lon="167.77637">
        <ele>634.99</ele>
      </trkpt>
      <trkpt lat="-44.80905" lon="167.77629">
        <ele>634.55</ele>
      </trkpt>
      <trkpt lat="-44.80908" lon="167.7762">
        <ele>635.49</ele>
      </trkpt>
      <trkpt lat="-44.8091" lon="167.77611">
        <ele>635.94</ele>
      </trkpt>
      <trkpt lat="-44.80912" lon="167.77603">
        <ele>636.06</ele>
      </trkpt>
      <trkpt lat="-44.80914" lon="167.77594">
        <ele>635.96</ele>
      </trkpt>
      <trkpt lat="-44.80913" lon="167.77586">
        <ele>633.83</ele>
      </trkpt>
      <trkpt lat="-44.80913" lon="167.77578">
        <ele>632.53</ele>
      </trkpt>
      <trkpt lat="-44.80912" lon="167.7757">
        <ele>630.64</ele>
      </trkpt>
      <trkpt lat="-44.80912" lon="167.77562">
        <ele>629.45</ele>
      </trkpt>
      <trkpt lat="-44.80912" lon="167.77554">
        <ele>627.96</ele>
      </trkpt>
      <trkpt lat="-44.80912" lon="167.77546">
        <ele>625.27</ele>
      </trkpt>
      <trkpt lat="-44.80912" lon="167.77537">
        <ele>622.24</ele>
      </trkpt>
      <trkpt lat="-44.80913" lon="167.77529">
        <ele>620.16</ele>
      </trkpt>
      <trkpt lat="-44.80914" lon="167.7752">
        <ele>618.82</ele>
      </trkpt>
      <trkpt lat="-44.80914" lon="167.77512">
        <ele>617.23</ele>
      </trkpt>
      <trkpt lat="-44.80916" lon="167.77504">
        <ele>616.56</ele>
      </trkpt>
      <trkpt lat="-44.80917" lon="167.77495">
        <ele>615.82</ele>
      </trkpt>
      <trkpt lat="-44.80918" lon="167.77487">
        <ele>615.93</ele>
      </trkpt>
      <trkpt lat="-44.8092" lon="167.77478">
        <ele>616.68</ele>
      </trkpt>
      <trkpt lat="-44.80922" lon="167.7747">
        <ele>617.28</ele>
      </trkpt>
      <trkpt lat="-44.80925" lon="167.77461">
        <ele>618.06</ele>
      </trkpt>
      <trkpt lat="-44.80928" lon="167.77452">
        <ele>618.07</ele>
      </trkpt>
      <trkpt lat="-44.80929" lon="167.77446">
        <ele>617.16</ele>
      </trkpt>
      <trkpt lat="-44.80929" lon="167.77444">
        <ele>616.72</ele>
      </trkpt>
      <trkpt lat="-44.80931" lon="167.77435">
        <ele>616.49</ele>
      </trkpt>
      <trkpt lat="-44.80931" lon="167.77427">
        <ele>615.46</ele>
      </trkpt>
      <trkpt lat="-44.8093" lon="167.77419">
        <ele>614.13</ele>
      </trkpt>
      <trkpt lat="-44.80927" lon="167.77413">
        <ele>612.7</ele>
      </trkpt>
      <trkpt lat="-44.80922" lon="167.77409">
        <ele>611.1</ele>
      </trkpt>
      <trkpt lat="-44.80917" lon="167.77405">
        <ele>609.66</ele>
      </trkpt>
      <trkpt lat="-44.80912" lon="167.77401">
        <ele>608.79</ele>
      </trkpt>
      <trkpt lat="-44.80907" lon="167.77396">
        <ele>608.03</ele>
      </trkpt>
      <trkpt lat="-44.80903" lon="167.7739">
        <ele>607.52</ele>
      </trkpt>
      <trkpt lat="-44.80898" lon="167.77384">
        <ele>607.04</ele>
      </trkpt>
      <trkpt lat="-44.80894" lon="167.77377">
        <ele>606.82</ele>
      </trkpt>
      <trkpt lat="-44.8089" lon="167.77372">
        <ele>606.68</ele>
      </trkpt>
      <trkpt lat="-44.80885" lon="167.77373">
        <ele>607.15</ele>
      </trkpt>
      <trkpt lat="-44.80881" lon="167.7738">
        <ele>607.35</ele>
      </trkpt>
      <trkpt lat="-44.80877" lon="167.77386">
        <ele>607.48</ele>
      </trkpt>
      <trkpt lat="-44.80873" lon="167.77391">
        <ele>607.55</ele>
      </trkpt>
      <trkpt lat="-44.80868" lon="167.77397">
        <ele>607.52</ele>
      </trkpt>
      <trkpt lat="-44.80863" lon="167.77402">
        <ele>607.44</ele>
      </trkpt>
      <trkpt lat="-44.80859" lon="167.77407">
        <ele>607.04</ele>
      </trkpt>
      <trkpt lat="-44.80854" lon="167.77412">
        <ele>606.5</ele>
      </trkpt>
      <trkpt lat="-44.8085" lon="167.77417">
        <ele>605.99</ele>
      </trkpt>
      <trkpt lat="-44.80845" lon="167.77422">
        <ele>605.81</ele>
      </trkpt>
      <trkpt lat="-44.80839" lon="167.77426">
        <ele>605.66</ele>
      </trkpt>
      <trkpt lat="-44.80834" lon="167.7743">
        <ele>605.52</ele>
      </trkpt>
      <trkpt lat="-44.80829" lon="167.77435">
        <ele>605.13</ele>
      </trkpt>
      <trkpt lat="-44.80824" lon="167.77439">
        <ele>604.79</ele>
      </trkpt>
      <trkpt lat="-44.80822" lon="167.77441">
        <ele>604.67</ele>
      </trkpt>
      <trkpt lat="-44.80819" lon="167.77443">
        <ele>604.51</ele>
      </trkpt>
      <trkpt lat="-44.80815" lon="167.77449">
        <ele>604.5</ele>
      </trkpt>
      <trkpt lat="-44.8081" lon="167.77454">
        <ele>604.5</ele>
      </trkpt>
      <trkpt lat="-44.80805" lon="167.77459">
        <ele>604.57</ele>
      </trkpt>
      <trkpt lat="-44.808" lon="167.7746">
        <ele>605.02</ele>
      </trkpt>
      <trkpt lat="-44.80795" lon="167.77457">
        <ele>605.46</ele>
      </trkpt>
      <trkpt lat="-44.8079" lon="167.77453">
        <ele>606.03</ele>
      </trkpt>
      <trkpt lat="-44.80785" lon="167.77449">
        <ele>606.76</ele>
      </trkpt>
      <trkpt lat="-44.8078" lon="167.77445">
        <ele>607.64</ele>
      </trkpt>
      <trkpt lat="-44.80776" lon="167.77439">
        <ele>609.53</ele>
      </trkpt>
      <trkpt lat="-44.80771" lon="167.77434">
        <ele>612.11</ele>
      </trkpt>
      <trkpt lat="-44.80766" lon="167.77428">
        <ele>615.11</ele>
      </trkpt>
      <trkpt lat="-44.80762" lon="167.77421">
        <ele>618.2</ele>
      </trkpt>
      <trkpt lat="-44.8076" lon="167.77413">
        <ele>621.05</ele>
      </trkpt>
      <trkpt lat="-44.80756" lon="167.77406">
        <ele>624.61</ele>
      </trkpt>
      <trkpt lat="-44.80756" lon="167.77398">
        <ele>626.85</ele>
      </trkpt>
      <trkpt lat="-44.80755" lon="167.7739">
        <ele>629.53</ele>
      </trkpt>
      <trkpt lat="-44.80756" lon="167.77381">
        <ele>630.44</ele>
      </trkpt>
      <trkpt lat="-44.80758" lon="167.77372">
        <ele>630.89</ele>
      </trkpt>
      <trkpt lat="-44.80762" lon="167.77366">
        <ele>630.36</ele>
      </trkpt>
      <trkpt lat="-44.80767" lon="167.77361">
        <ele>629.51</ele>
      </trkpt>
      <trkpt lat="-44.80772" lon="167.77357">
        <ele>628.75</ele>
      </trkpt>
      <trkpt lat="-44.80777" lon="167.77352">
        <ele>628.5</ele>
      </trkpt>
      <trkpt lat="-44.80783" lon="167.77349">
        <ele>627.55</ele>
      </trkpt>
      <trkpt lat="-44.80785" lon="167.77342">
        <ele>628.74</ele>
      </trkpt>
      <trkpt lat="-44.80783" lon="167.77335">
        <ele>631.08</ele>
      </trkpt>
      <trkpt lat="-44.80779" lon="167.77327">
        <ele>633.34</ele>
      </trkpt>
      <trkpt lat="-44.80775" lon="167.7732">
        <ele>634.79</ele>
      </trkpt>
      <trkpt lat="-44.8077" lon="167.77315">
        <ele>635.92</ele>
      </trkpt>
      <trkpt lat="-44.80764" lon="167.77314">
        <ele>636.73</ele>
      </trkpt>
      <trkpt lat="-44.80758" lon="167.77312">
        <ele>637.61</ele>
      </trkpt>
      <trkpt lat="-44.80753" lon="167.7731">
        <ele>638.34</ele>
      </trkpt>
      <trkpt lat="-44.80747" lon="167.77309">
        <ele>639.72</ele>
      </trkpt>
      <trkpt lat="-44.80741" lon="167.77313">
        <ele>641.38</ele>
      </trkpt>
      <trkpt lat="-44.80736" lon="167.77318">
        <ele>642.64</ele>
      </trkpt>
      <trkpt lat="-44.80732" lon="167.77324">
        <ele>643.5</ele>
      </trkpt>
      <trkpt lat="-44.80728" lon="167.7733">
        <ele>644.37</ele>
      </trkpt>
      <trkpt lat="-44.80724" lon="167.77335">
        <ele>645.42</ele>
      </trkpt>
      <trkpt lat="-44.8072" lon="167.77343">
        <ele>646.99</ele>
      </trkpt>
      <trkpt lat="-44.80716" lon="167.77349">
        <ele>648.97</ele>
      </trkpt>
      <trkpt lat="-44.80712" lon="167.77354">
        <ele>651.14</ele>
      </trkpt>
      <trkpt lat="-44.80707" lon="167.7736">
        <ele>654.13</ele>
      </trkpt>
      <trkpt lat="-44.80702" lon="167.77364">
        <ele>656.6</ele>
      </trkpt>
      <trkpt lat="-44.80702" lon="167.77365">
        <ele>656.49</ele>
      </trkpt>
      <trkpt lat="-44.80697" lon="167.77369">
        <ele>658.95</ele>
      </trkpt>
      <trkpt lat="-44.80692" lon="167.77373">
        <ele>660.26</ele>
      </trkpt>
      <trkpt lat="-44.80686" lon="167.77376">
        <ele>660.19</ele>
      </trkpt>
      <trkpt lat="-44.80681" lon="167.7738">
        <ele>659.78</ele>
      </trkpt>
      <trkpt lat="-44.80676" lon="167.77385">
        <ele>658.99</ele>
      </trkpt>
      <trkpt lat="-44.80671" lon="167.77389">
        <ele>658.16</ele>
      </trkpt>
      <trkpt lat="-44.80666" lon="167.77393">
        <ele>658.95</ele>
      </trkpt>
      <trkpt lat="-44.80662" lon="167.77399">
        <ele>661.46</ele>
      </trkpt>
      <trkpt lat="-44.80657" lon="167.77403">
        <ele>663.47</ele>
      </trkpt>
      <trkpt lat="-44.80652" lon="167.77409">
        <ele>664.52</ele>
      </trkpt>
      <trkpt lat="-44.80649" lon="167.7741">
        <ele>665.08</ele>
      </trkpt>
      <trkpt lat="-44.80648" lon="167.77404">
        <ele>666.48</ele>
      </trkpt>
      <trkpt lat="-44.80647" lon="167.77396">
        <ele>668.52</ele>
      </trkpt>
      <trkpt lat="-44.80649" lon="167.77387">
        <ele>669.78</ele>
      </trkpt>
      <trkpt lat="-44.80651" lon="167.77378">
        <ele>672.81</ele>
      </trkpt>
      <trkpt lat="-44.80653" lon="167.7737">
        <ele>674.79</ele>
      </trkpt>
      <trkpt lat="-44.80656" lon="167.77361">
        <ele>675.53</ele>
      </trkpt>
      <trkpt lat="-44.80656" lon="167.7736">
        <ele>675.66</ele>
      </trkpt>
      <trkpt lat="-44.80659" lon="167.77352">
        <ele>673.5</ele>
      </trkpt>
      <trkpt lat="-44.8066" lon="167.77344">
        <ele>673.52</ele>
      </trkpt>
      <trkpt lat="-44.80661" lon="167.77335">
        <ele>673.69</ele>
      </trkpt>
      <trkpt lat="-44.80663" lon="167.77327">
        <ele>673.08</ele>
      </trkpt>
      <trkpt lat="-44.80663" lon="167.77319">
        <ele>674.65</ele>
      </trkpt>
      <trkpt lat="-44.80663" lon="167.7731">
        <ele>676.42</ele>
      </trkpt>
      <trkpt lat="-44.80664" lon="167.77302">
        <ele>677.11</ele>
      </trkpt>
      <trkpt lat="-44.80664" lon="167.77294">
        <ele>678.7</ele>
      </trkpt>
      <trkpt lat="-44.80664" lon="167.77286">
        <ele>680.29</ele>
      </trkpt>
      <trkpt lat="-44.80664" lon="167.77277">
        <ele>682.02</ele>
      </trkpt>
      <trkpt lat="-44.80664" lon="167.77269">
        <ele>683.05</ele>
      </trkpt>
      <trkpt lat="-44.80664" lon="167.77261">
        <ele>684.08</ele>
      </trkpt>
      <trkpt lat="-44.80664" lon="167.77253">
        <ele>685.11</ele>
      </trkpt>
      <trkpt lat="-44.80664" lon="167.77245">
        <ele>686.58</ele>
      </trkpt>
      <trkpt lat="-44.80665" lon="167.77236">
        <ele>687.58</ele>
      </trkpt>
      <trkpt lat="-44.80667" lon="167.77228">
        <ele>687.62</ele>
      </trkpt>
      <trkpt lat="-44.80668" lon="167.77219">
        <ele>689.03</ele>
      </trkpt>
      <trkpt lat="-44.80669" lon="167.77211">
        <ele>689.96</ele>
      </trkpt>
      <trkpt lat="-44.80671" lon="167.77202">
        <ele>690.47</ele>
      </trkpt>
      <trkpt lat="-44.80672" lon="167.77194">
        <ele>691.29</ele>
      </trkpt>
      <trkpt lat="-44.80673" lon="167.77185">
        <ele>694.26</ele>
      </trkpt>
      <trkpt lat="-44.80675" lon="167.77177">
        <ele>696.66</ele>
      </trkpt>
      <trkpt lat="-44.80677" lon="167.77168">
        <ele>699.82</ele>
      </trkpt>
      <trkpt lat="-44.80679" lon="167.7716">
        <ele>703.41</ele>
      </trkpt>
      <trkpt lat="-44.80681" lon="167.77151">
        <ele>707.18</ele>
      </trkpt>
      <trkpt lat="-44.8068" lon="167.77143">
        <ele>711.77</ele>
      </trkpt>
      <trkpt lat="-44.8068" lon="167.77135">
        <ele>713.53</ele>
      </trkpt>
      <trkpt lat="-44.80679" lon="167.77127">
        <ele>713.47</ele>
      </trkpt>
      <trkpt lat="-44.80679" lon="167.77119">
        <ele>712.73</ele>
      </trkpt>
      <trkpt lat="-44.80678" lon="167.77111">
        <ele>712.69</ele>
      </trkpt>
      <trkpt lat="-44.8068" lon="167.77102">
        <ele>714.38</ele>
      </trkpt>
      <trkpt lat="-44.80681" lon="167.77094">
        <ele>716.71</ele>
      </trkpt>
      <trkpt lat="-44.80684" lon="167.77085">
        <ele>719.45</ele>
      </trkpt>
      <trkpt lat="-44.80685" lon="167.77076">
        <ele>720.94</ele>
      </trkpt>
      <trkpt lat="-44.80687" lon="167.77068">
        <ele>720.85</ele>
      </trkpt>
      <trkpt lat="-44.80688" lon="167.77059">
        <ele>720.66</ele>
      </trkpt>
      <trkpt lat="-44.80689" lon="167.77051">
        <ele>720.89</ele>
      </trkpt>
      <trkpt lat="-44.80691" lon="167.77042">
        <ele>721.4</ele>
      </trkpt>
      <trkpt lat="-44.80692" lon="167.77034">
        <ele>722.73</ele>
      </trkpt>
      <trkpt lat="-44.80693" lon="167.77026">
        <ele>724.34</ele>
      </trkpt>
      <trkpt lat="-44.80695" lon="167.77017">
        <ele>725.62</ele>
      </trkpt>
      <trkpt lat="-44.80696" lon="167.77009">
        <ele>727.3</ele>
      </trkpt>
      <trkpt lat="-44.80697" lon="167.77">
        <ele>729.62</ele>
      </trkpt>
      <trkpt lat="-44.80699" lon="167.76992">
        <ele>735.45</ele>
      </trkpt>
      <trkpt lat="-44.807" lon="167.76983">
        <ele>742.69</ele>
      </trkpt>
      <trkpt lat="-44.80701" lon="167.76975">
        <ele>749.06</ele>
      </trkpt>
      <trkpt lat="-44.80703" lon="167.76966">
        <ele>755.93</ele>
      </trkpt>
      <trkpt lat="-44.80704" lon="167.76958">
        <ele>762.45</ele>
      </trkpt>
      <trkpt lat="-44.80705" lon="167.76949">
        <ele>769.77</ele>
      </trkpt>
      <trkpt lat="-44.80708" lon="167.76941">
        <ele>777.51</ele>
      </trkpt>
      <trkpt lat="-44.80707" lon="167.76933">
        <ele>791.22</ele>
      </trkpt>
      <trkpt lat="-44.80707" lon="167.76925">
        <ele>804.37</ele>
      </trkpt>
      <trkpt lat="-44.80706" lon="167.76916">
        <ele>818.51</ele>
      </trkpt>
      <trkpt lat="-44.80708" lon="167.76908">
        <ele>828.24</ele>
      </trkpt>
      <trkpt lat="-44.80708" lon="167.769">
        <ele>837.33</ele>
      </trkpt>
      <trkpt lat="-44.8071" lon="167.76891">
        <ele>847.87</ele>
      </trkpt>
      <trkpt lat="-44.80709" lon="167.76883">
        <ele>856.09</ele>
      </trkpt>
      <trkpt lat="-44.80708" lon="167.76875">
        <ele>864.26</ele>
      </trkpt>
      <trkpt lat="-44.80707" lon="167.76867">
        <ele>872.61</ele>
      </trkpt>
      <trkpt lat="-44.80707" lon="167.76859">
        <ele>879.22</ele>
      </trkpt>
      <trkpt lat="-44.80705" lon="167.76851">
        <ele>881.25</ele>
      </trkpt>
      <trkpt lat="-44.80705" lon="167.76843">
        <ele>882.95</ele>
      </trkpt>
      <trkpt lat="-44.80705" lon="167.76841">
        <ele>883.37</ele>
      </trkpt>
      <trkpt lat="-44.80705" lon="167.76835">
        <ele>884.65</ele>
      </trkpt>
      <trkpt lat="-44.80705" lon="167.76826">
        <ele>883.03</ele>
      </trkpt>
      <trkpt lat="-44.80705" lon="167.76818">
        <ele>880.87</ele>
      </trkpt>
      <trkpt lat="-44.80705" lon="167.7681">
        <ele>878.72</ele>
      </trkpt>
      <trkpt lat="-44.80704" lon="167.76802">
        <ele>876.71</ele>
      </trkpt>
      <trkpt lat="-44.80704" lon="167.76794">
        <ele>875.22</ele>
      </trkpt>
      <trkpt lat="-44.80704" lon="167.76786">
        <ele>873.72</ele>
      </trkpt>
      <trkpt lat="-44.80703" lon="167.76778">
        <ele>872.72</ele>
      </trkpt>
      <trkpt lat="-44.80704" lon="167.76769">
        <ele>862.7</ele>
      </trkpt>
      <trkpt lat="-44.80702" lon="167.76766">
        <ele>860.47</ele>
      </trkpt>
      <trkpt lat="-44.80698" lon="167.76769">
        <ele>865.73</ele>
      </trkpt>
      <trkpt lat="-44.80693" lon="167.76774">
        <ele>872.85</ele>
      </trkpt>
      <trkpt lat="-44.80689" lon="167.76779">
        <ele>876.21</ele>
      </trkpt>
      <trkpt lat="-44.80683" lon="167.76783">
        <ele>875.47</ele>
      </trkpt>
      <trkpt lat="-44.80679" lon="167.76789">
        <ele>875.27</ele>
      </trkpt>
      <trkpt lat="-44.80676" lon="167.7679">
        <ele>875.07</ele>
      </trkpt>
      <trkpt lat="-44.80672" lon="167.76787">
        <ele>874.51</ele>
      </trkpt>
      <trkpt lat="-44.80667" lon="167.76787">
        <ele>874.03</ele>
      </trkpt>
      <trkpt lat="-44.80665" lon="167.76786">
        <ele>873.47</ele>
      </trkpt>
      <trkpt lat="-44.80659" lon="167.76781">
        <ele>871.6</ele>
      </trkpt>
      <trkpt lat="-44.80654" lon="167.76779">
        <ele>870.34</ele>
      </trkpt>
      <trkpt lat="-44.80648" lon="167.76788">
        <ele>869.33</ele>
      </trkpt>
      <trkpt lat="-44.8064" lon="167.76821">
        <ele>864.22</ele>
      </trkpt>
      <trkpt lat="-44.80633" lon="167.76838">
        <ele>857.04</ele>
      </trkpt>
      <trkpt lat="-44.80633" lon="167.7684">
        <ele>855.98</ele>
      </trkpt>
      <trkpt lat="-44.80629" lon="167.76847">
        <ele>851.69</ele>
      </trkpt>
      <trkpt lat="-44.80626" lon="167.76854">
        <ele>847.92</ele>
      </trkpt>
      <trkpt lat="-44.80622" lon="167.76862">
        <ele>844.01</ele>
      </trkpt>
      <trkpt lat="-44.80619" lon="167.76869">
        <ele>840.83</ele>
      </trkpt>
      <trkpt lat="-44.80616" lon="167.76878">
        <ele>836.59</ele>
      </trkpt>
      <trkpt lat="-44.80613" lon="167.76885">
        <ele>833.06</ele>
      </trkpt>
      <trkpt lat="-44.80609" lon="167.76892">
        <ele>828.64</ele>
      </trkpt>
      <trkpt lat="-44.80606" lon="167.76899">
        <ele>824.13</ele>
      </trkpt>
      <trkpt lat="-44.80602" lon="167.76907">
        <ele>820.29</ele>
      </trkpt>
      <trkpt lat="-44.80599" lon="167.76914">
        <ele>817.84</ele>
      </trkpt>
      <trkpt lat="-44.80596" lon="167.76923">
        <ele>813.79</ele>
      </trkpt>
      <trkpt lat="-44.80593" lon="167.76932">
        <ele>808.96</ele>
      </trkpt>
      <trkpt lat="-44.80591" lon="167.7694">
        <ele>804.15</ele>
      </trkpt>
      <trkpt lat="-44.80587" lon="167.76948">
        <ele>801.77</ele>
      </trkpt>
      <trkpt lat="-44.80584" lon="167.76955">
        <ele>801.76</ele>
      </trkpt>
      <trkpt lat="-44.8058" lon="167.76962">
        <ele>804.04</ele>
      </trkpt>
      <trkpt lat="-44.80576" lon="167.76968">
        <ele>806.85</ele>
      </trkpt>
      <trkpt lat="-44.80572" lon="167.76974">
        <ele>809.18</ele>
      </trkpt>
      <trkpt lat="-44.80568" lon="167.76979">
        <ele>810.55</ele>
      </trkpt>
      <trkpt lat="-44.80562" lon="167.76984">
        <ele>813.44</ele>
      </trkpt>
      <trkpt lat="-44.80557" lon="167.76988">
        <ele>815.66</ele>
      </trkpt>
      <trkpt lat="-44.80552" lon="167.76993">
        <ele>815.95</ele>
      </trkpt>
      <trkpt lat="-44.80546" lon="167.76995">
        <ele>818.04</ele>
      </trkpt>
      <trkpt lat="-44.80541" lon="167.76998">
        <ele>819.01</ele>
      </trkpt>
      <trkpt lat="-44.80536" lon="167.77003">
        <ele>819.99</ele>
      </trkpt>
      <trkpt lat="-44.80529" lon="167.77004">
        <ele>823.61</ele>
      </trkpt>
      <trkpt lat="-44.80526" lon="167.77013">
        <ele>824.33</ele>
      </trkpt>
      <trkpt lat="-44.80522" lon="167.77019">
        <ele>826.91</ele>
      </trkpt>
      <trkpt lat="-44.80518" lon="167.77026">
        <ele>829.17</ele>
      </trkpt>
      <trkpt lat="-44.80515" lon="167.77033">
        <ele>830.69</ele>
      </trkpt>
      <trkpt lat="-44.80512" lon="167.7704">
        <ele>832.07</ele>
      </trkpt>
      <trkpt lat="-44.80511" lon="167.77042">
        <ele>832.53</ele>
      </trkpt>
      <trkpt lat="-44.8051" lon="167.77042">
        <ele>833.34</ele>
      </trkpt>
      <trkpt lat="-44.80508" lon="167.77048">
        <ele>833.75</ele>
      </trkpt>
      <trkpt lat="-44.80505" lon="167.77054">
        <ele>834.74</ele>
      </trkpt>
      <trkpt lat="-44.80503" lon="167.7706">
        <ele>835.98</ele>
      </trkpt>
      <trkpt lat="-44.80501" lon="167.77066">
        <ele>837.64</ele>
      </trkpt>
      <trkpt lat="-44.80499" lon="167.77068">
        <ele>840.13</ele>
      </trkpt>
      <trkpt lat="-44.80499" lon="167.77068">
        <ele>840.13</ele>
      </trkpt>
      <trkpt lat="-44.80494" lon="167.77069">
        <ele>848.62</ele>
      </trkpt>
      <trkpt lat="-44.80492" lon="167.77063">
        <ele>851.54</ele>
      </trkpt>
      <trkpt lat="-44.80491" lon="167.77058">
        <ele>852.78</ele>
      </trkpt>
      <trkpt lat="-44.80491" lon="167.77058">
        <ele>852.78</ele>
      </trkpt>
      <trkpt lat="-44.80491" lon="167.77051">
        <ele>853.57</ele>
      </trkpt>
      <trkpt lat="-44.80492" lon="167.77043">
        <ele>853.73</ele>
      </trkpt>
      <trkpt lat="-44.80494" lon="167.77037">
        <ele>851.96</ele>
      </trkpt>
      <trkpt lat="-44.80494" lon="167.77031">
        <ele>853.34</ele>
      </trkpt>
      <trkpt lat="-44.80495" lon="167.77024">
        <ele>853.56</ele>
      </trkpt>
      <trkpt lat="-44.80495" lon="167.77018">
        <ele>855.15</ele>
      </trkpt>
      <trkpt lat="-44.80495" lon="167.77011">
        <ele>857.01</ele>
      </trkpt>
      <trkpt lat="-44.80496" lon="167.77008">
        <ele>856.24</ele>
      </trkpt>
      <trkpt lat="-44.80496" lon="167.77008">
        <ele>856.24</ele>
      </trkpt>
      <trkpt lat="-44.80496" lon="167.77001">
        <ele>858.07</ele>
      </trkpt>
      <trkpt lat="-44.80496" lon="167.77001">
        <ele>858.07</ele>
      </trkpt>
      <trkpt lat="-44.80497" lon="167.76999">
        <ele>856.97</ele>
      </trkpt>
      <trkpt lat="-44.80497" lon="167.76992">
        <ele>858.52</ele>
      </trkpt>
      <trkpt lat="-44.80497" lon="167.76984">
        <ele>860.29</ele>
      </trkpt>
      <trkpt lat="-44.80498" lon="167.76977">
        <ele>860.49</ele>
      </trkpt>
      <trkpt lat="-44.80499" lon="167.7697">
        <ele>861.23</ele>
      </trkpt>
      <trkpt lat="-44.805" lon="167.76964">
        <ele>862.55</ele>
      </trkpt>
      <trkpt lat="-44.80503" lon="167.76958">
        <ele>862.98</ele>
      </trkpt>
      <trkpt lat="-44.80507" lon="167.76954">
        <ele>861.67</ele>
      </trkpt>
      <trkpt lat="-44.80511" lon="167.7695">
        <ele>860.2</ele>
      </trkpt>
      <trkpt lat="-44.80515" lon="167.76947">
        <ele>858.21</ele>
      </trkpt>
      <trkpt lat="-44.80515" lon="167.76946">
        <ele>858.57</ele>
      </trkpt>
      <trkpt lat="-44.80515" lon="167.76946">
        <ele>858.57</ele>
      </trkpt>
      <trkpt lat="-44.80519" lon="167.76939">
        <ele>857.14</ele>
      </trkpt>
      <trkpt lat="-44.80522" lon="167.76933">
        <ele>856.2</ele>
      </trkpt>
      <trkpt lat="-44.80524" lon="167.76927">
        <ele>856.13</ele>
      </trkpt>
      <trkpt lat="-44.80525" lon="167.76919">
        <ele>857.34</ele>
      </trkpt>
      <trkpt lat="-44.80526" lon="167.76911">
        <ele>859.0</ele>
      </trkpt>
      <trkpt lat="-44.80526" lon="167.76904">
        <ele>861.2</ele>
      </trkpt>
      <trkpt lat="-44.80526" lon="167.769">
        <ele>862.46</ele>
      </trkpt>
      <trkpt lat="-44.80526" lon="167.769">
        <ele>862.46</ele>
      </trkpt>
      <trkpt lat="-44.80526" lon="167.76892">
        <ele>864.98</ele>
      </trkpt>
      <trkpt lat="-44.80526" lon="167.76886">
        <ele>866.47</ele>
      </trkpt>
      <trkpt lat="-44.80527" lon="167.76879">
        <ele>867.18</ele>
      </trkpt>
      <trkpt lat="-44.80529" lon="167.76873">
        <ele>867.14</ele>
      </trkpt>
      <trkpt lat="-44.8053" lon="167.76867">
        <ele>867.52</ele>
      </trkpt>
      <trkpt lat="-44.8053" lon="167.76867">
        <ele>867.52</ele>
      </trkpt>
      <trkpt lat="-44.80532" lon="167.76859">
        <ele>867.5</ele>
      </trkpt>
      <trkpt lat="-44.80533" lon="167.76852">
        <ele>868.17</ele>
      </trkpt>
      <trkpt lat="-44.80535" lon="167.76845">
        <ele>868.44</ele>
      </trkpt>
      <trkpt lat="-44.80536" lon="167.7684">
        <ele>868.99</ele>
      </trkpt>
      <trkpt lat="-44.80536" lon="167.76839">
        <ele>869.21</ele>
      </trkpt>
      <trkpt lat="-44.80536" lon="167.76833">
        <ele>870.51</ele>
      </trkpt>
      <trkpt lat="-44.80537" lon="167.76826">
        <ele>871.33</ele>
      </trkpt>
      <trkpt lat="-44.80536" lon="167.76823">
        <ele>872.27</ele>
      </trkpt>
      <trkpt lat="-44.80534" lon="167.76823">
        <ele>873.05</ele>
      </trkpt>
      <trkpt lat="-44.80529" lon="167.76825">
        <ele>874.71</ele>
      </trkpt>
      <trkpt lat="-44.80526" lon="167.7683">
        <ele>875.23</ele>
      </trkpt>
      <trkpt lat="-44.80523" lon="167.76836">
        <ele>875.7</ele>
      </trkpt>
      <trkpt lat="-44.80521" lon="167.76842">
        <ele>875.76</ele>
      </trkpt>
      <trkpt lat="-44.80518" lon="167.76847">
        <ele>876.43</ele>
      </trkpt>
      <trkpt lat="-44.80514" lon="167.76854">
        <ele>877.35</ele>
      </trkpt>
      <trkpt lat="-44.80512" lon="167.7686">
        <ele>877.52</ele>
      </trkpt>
      <trkpt lat="-44.80512" lon="167.7686">
        <ele>877.52</ele>
      </trkpt>
      <trkpt lat="-44.80512" lon="167.7686">
        <ele>877.52</ele>
      </trkpt>
      <trkpt lat="-44.80509" lon="167.76865">
        <ele>878.28</ele>
      </trkpt>
      <trkpt lat="-44.80506" lon="167.7687">
        <ele>879.09</ele>
      </trkpt>
      <trkpt lat="-44.80503" lon="167.76875">
        <ele>879.99</ele>
      </trkpt>
      <trkpt lat="-44.80499" lon="167.7688">
        <ele>881.69</ele>
      </trkpt>
      <trkpt lat="-44.80496" lon="167.76885">
        <ele>883.32</ele>
      </trkpt>
      <trkpt lat="-44.80492" lon="167.76883">
        <ele>886.46</ele>
      </trkpt>
      <trkpt lat="-44.8049" lon="167.76877">
        <ele>888.64</ele>
      </trkpt>
      <trkpt lat="-44.8049" lon="167.7687">
        <ele>889.48</ele>
      </trkpt>
      <trkpt lat="-44.80489" lon="167.76864">
        <ele>890.96</ele>
      </trkpt>
      <trkpt lat="-44.80489" lon="167.76864">
        <ele>890.96</ele>
      </trkpt>
      <trkpt lat="-44.80495" lon="167.76836">
        <ele>889.17</ele>
      </trkpt>
      <trkpt lat="-44.80495" lon="167.76836">
        <ele>889.17</ele>
      </trkpt>
      <trkpt lat="-44.80498" lon="167.76827">
        <ele>887.87</ele>
      </trkpt>
      <trkpt lat="-44.805" lon="167.7682">
        <ele>886.96</ele>
      </trkpt>
      <trkpt lat="-44.80501" lon="167.76814">
        <ele>887.01</ele>
      </trkpt>
      <trkpt lat="-44.80502" lon="167.76808">
        <ele>887.09</ele>
      </trkpt>
      <trkpt lat="-44.80503" lon="167.76801">
        <ele>887.85</ele>
      </trkpt>
      <trkpt lat="-44.80504" lon="167.76794">
        <ele>888.88</ele>
      </trkpt>
      <trkpt lat="-44.80504" lon="167.76787">
        <ele>890.28</ele>
      </trkpt>
      <trkpt lat="-44.80505" lon="167.76781">
        <ele>891.03</ele>
      </trkpt>
      <trkpt lat="-44.80506" lon="167.76774">
        <ele>893.79</ele>
      </trkpt>
      <trkpt lat="-44.80507" lon="167.76767">
        <ele>897.89</ele>
      </trkpt>
      <trkpt lat="-44.80507" lon="167.76767">
        <ele>897.89</ele>
      </trkpt>
      <trkpt lat="-44.80507" lon="167.76767">
        <ele>897.89</ele>
      </trkpt>
      <trkpt lat="-44.80507" lon="167.76758">
        <ele>903.87</ele>
      </trkpt>
      <trkpt lat="-44.80507" lon="167.76751">
        <ele>908.52</ele>
      </trkpt>
      <trkpt lat="-44.80507" lon="167.76743">
        <ele>911.15</ele>
      </trkpt>
      <trkpt lat="-44.80507" lon="167.76734">
        <ele>913.68</ele>
      </trkpt>
      <trkpt lat="-44.80506" lon="167.76727">
        <ele>916.07</ele>
      </trkpt>
      <trkpt lat="-44.80505" lon="167.76721">
        <ele>917.9</ele>
      </trkpt>
      <trkpt lat="-44.80506" lon="167.76721">
        <ele>917.6</ele>
      </trkpt>
      <trkpt lat="-44.80505" lon="167.76714">
        <ele>919.82</ele>
      </trkpt>
      <trkpt lat="-44.80504" lon="167.76707">
        <ele>922.07</ele>
      </trkpt>
      <trkpt lat="-44.80503" lon="167.767">
        <ele>924.36</ele>
      </trkpt>
      <trkpt lat="-44.80503" lon="167.76694">
        <ele>925.9</ele>
      </trkpt>
      <trkpt lat="-44.80505" lon="167.76689">
        <ele>924.97</ele>
      </trkpt>
      <trkpt lat="-44.80505" lon="167.76689">
        <ele>924.97</ele>
      </trkpt>
      <trkpt lat="-44.80507" lon="167.76682">
        <ele>923.92</ele>
      </trkpt>
      <trkpt lat="-44.80509" lon="167.76676">
        <ele>922.88</ele>
      </trkpt>
      <trkpt lat="-44.80511" lon="167.76669">
        <ele>921.76</ele>
      </trkpt>
      <trkpt lat="-44.80513" lon="167.76662">
        <ele>921.41</ele>
      </trkpt>
      <trkpt lat="-44.80515" lon="167.76654">
        <ele>921.75</ele>
      </trkpt>
      <trkpt lat="-44.80516" lon="167.76648">
        <ele>922.27</ele>
      </trkpt>
      <trkpt lat="-44.80518" lon="167.76641">
        <ele>922.79</ele>
      </trkpt>
      <trkpt lat="-44.80519" lon="167.76639">
        <ele>922.88</ele>
      </trkpt>
      <trkpt lat="-44.80519" lon="167.76639">
        <ele>922.88</ele>
      </trkpt>
      <trkpt lat="-44.80521" lon="167.76631">
        <ele>923.71</ele>
      </trkpt>
      <trkpt lat="-44.80522" lon="167.76624">
        <ele>924.25</ele>
      </trkpt>
      <trkpt lat="-44.80522" lon="167.76616">
        <ele>925.33</ele>
      </trkpt>
      <trkpt lat="-44.80522" lon="167.76616">
        <ele>925.33</ele>
      </trkpt>
      <trkpt lat="-44.80521" lon="167.76614">
        <ele>926.4</ele>
      </trkpt>
      <trkpt lat="-44.80519" lon="167.76607">
        <ele>929.43</ele>
      </trkpt>
      <trkpt lat="-44.80517" lon="167.766">
        <ele>932.56</ele>
      </trkpt>
      <trkpt lat="-44.80515" lon="167.76597">
        <ele>934.85</ele>
      </trkpt>
      <trkpt lat="-44.80514" lon="167.76596">
        <ele>935.9</ele>
      </trkpt>
      <trkpt lat="-44.80511" lon="167.7659">
        <ele>939.6</ele>
      </trkpt>
      <trkpt lat="-44.80508" lon="167.76586">
        <ele>942.87</ele>
      </trkpt>
      <trkpt lat="-44.80505" lon="167.76579">
        <ele>945.96</ele>
      </trkpt>
      <trkpt lat="-44.80504" lon="167.76572">
        <ele>946.81</ele>
      </trkpt>
      <trkpt lat="-44.80504" lon="167.76565">
        <ele>946.88</ele>
      </trkpt>
      <trkpt lat="-44.80507" lon="167.76559">
        <ele>945.31</ele>
      </trkpt>
      <trkpt lat="-44.80507" lon="167.76559">
        <ele>945.31</ele>
      </trkpt>
      <trkpt lat="-44.80507" lon="167.76558">
        <ele>945.36</ele>
      </trkpt>
      <trkpt lat="-44.80508" lon="167.76552">
        <ele>944.99</ele>
      </trkpt>
      <trkpt lat="-44.80511" lon="167.76543">
        <ele>943.72</ele>
      </trkpt>
      <trkpt lat="-44.80512" lon="167.76536">
        <ele>943.46</ele>
      </trkpt>
      <trkpt lat="-44.80513" lon="167.76529">
        <ele>943.28</ele>
      </trkpt>
      <trkpt lat="-44.80516" lon="167.76523">
        <ele>942.7</ele>
      </trkpt>
      <trkpt lat="-44.80518" lon="167.76517">
        <ele>942.45</ele>
      </trkpt>
      <trkpt lat="-44.80519" lon="167.76511">
        <ele>942.53</ele>
      </trkpt>
      <trkpt lat="-44.80521" lon="167.76504">
        <ele>942.13</ele>
      </trkpt>
      <trkpt lat="-44.80522" lon="167.76498">
        <ele>942.06</ele>
      </trkpt>
      <trkpt lat="-44.80524" lon="167.76492">
        <ele>941.39</ele>
      </trkpt>
      <trkpt lat="-44.80525" lon="167.76486">
        <ele>941.16</ele>
      </trkpt>
      <trkpt lat="-44.80526" lon="167.76485">
        <ele>940.61</ele>
      </trkpt>
      <trkpt lat="-44.80526" lon="167.76485">
        <ele>940.61</ele>
      </trkpt>
      <trkpt lat="-44.80528" lon="167.76476">
        <ele>939.8</ele>
      </trkpt>
      <trkpt lat="-44.80529" lon="167.76469">
        <ele>938.47</ele>
      </trkpt>
      <trkpt lat="-44.8053" lon="167.76462">
        <ele>935.75</ele>
      </trkpt>
      <trkpt lat="-44.8053" lon="167.76455">
        <ele>933.33</ele>
      </trkpt>
      <trkpt lat="-44.8053" lon="167.76448">
        <ele>930.91</ele>
      </trkpt>
      <trkpt lat="-44.80529" lon="167.76443">
        <ele>929.9</ele>
      </trkpt>
      <trkpt lat="-44.80529" lon="167.76443">
        <ele>929.9</ele>
      </trkpt>
      <trkpt lat="-44.80527" lon="167.76433">
        <ele>931.34</ele>
      </trkpt>
      <trkpt lat="-44.80524" lon="167.76425">
        <ele>935.85</ele>
      </trkpt>
      <trkpt lat="-44.80522" lon="167.76419">
        <ele>939.56</ele>
      </trkpt>
      <trkpt lat="-44.80522" lon="167.76417">
        <ele>939.89</ele>
      </trkpt>
      <trkpt lat="-44.80521" lon="167.76416">
        <ele>941.64</ele>
      </trkpt>
      <trkpt lat="-44.8052" lon="167.76409">
        <ele>944.73</ele>
      </trkpt>
      <trkpt lat="-44.80519" lon="167.76403">
        <ele>947.67</ele>
      </trkpt>
      <trkpt lat="-44.80518" lon="167.76401">
        <ele>949.75</ele>
      </trkpt>
      <trkpt lat="-44.80518" lon="167.764">
        <ele>949.98</ele>
      </trkpt>
      <trkpt lat="-44.80516" lon="167.76394">
        <ele>954.7</ele>
      </trkpt>
      <trkpt lat="-44.80512" lon="167.76394">
        <ele>961.36</ele>
      </trkpt>
      <trkpt lat="-44.80509" lon="167.76399">
        <ele>964.97</ele>
      </trkpt>
      <trkpt lat="-44.80508" lon="167.76406">
        <ele>964.63</ele>
      </trkpt>
      <trkpt lat="-44.80508" lon="167.76413">
        <ele>962.65</ele>
      </trkpt>
      <trkpt lat="-44.80508" lon="167.7642">
        <ele>960.04</ele>
      </trkpt>
      <trkpt lat="-44.80508" lon="167.76426">
        <ele>957.21</ele>
      </trkpt>
      <trkpt lat="-44.80509" lon="167.76433">
        <ele>952.72</ele>
      </trkpt>
      <trkpt lat="-44.80509" lon="167.7644">
        <ele>949.57</ele>
      </trkpt>
      <trkpt lat="-44.80509" lon="167.76447">
        <ele>948.06</ele>
      </trkpt>
      <trkpt lat="-44.80505" lon="167.76451">
        <ele>952.33</ele>
      </trkpt>
      <trkpt lat="-44.80502" lon="167.76448">
        <ele>954.58</ele>
      </trkpt>
      <trkpt lat="-44.80499" lon="167.76443">
        <ele>958.22</ele>
      </trkpt>
      <trkpt lat="-44.80496" lon="167.76436">
        <ele>966.26</ele>
      </trkpt>
      <trkpt lat="-44.80494" lon="167.7643">
        <ele>972.13</ele>
      </trkpt>
      <trkpt lat="-44.80493" lon="167.76429">
        <ele>973.82</ele>
      </trkpt>
      <trkpt lat="-44.80493" lon="167.76429">
        <ele>973.82</ele>
      </trkpt>
      <trkpt lat="-44.80491" lon="167.76423">
        <ele>979.31</ele>
      </trkpt>
      <trkpt lat="-44.80488" lon="167.76416">
        <ele>985.71</ele>
      </trkpt>
      <trkpt lat="-44.80487" lon="167.7641">
        <ele>987.0</ele>
      </trkpt>
      <trkpt lat="-44.80487" lon="167.76409">
        <ele>987.05</ele>
      </trkpt>
      <trkpt lat="-44.80486" lon="167.76409">
        <ele>987.87</ele>
      </trkpt>
      <trkpt lat="-44.80484" lon="167.76402">
        <ele>989.44</ele>
      </trkpt>
      <trkpt lat="-44.80483" lon="167.76399">
        <ele>990.02</ele>
      </trkpt>
      <trkpt lat="-44.80483" lon="167.76399">
        <ele>990.02</ele>
      </trkpt>
      <trkpt lat="-44.80484" lon="167.76392">
        <ele>989.36</ele>
      </trkpt>
      <trkpt lat="-44.80484" lon="167.76386">
        <ele>989.45</ele>
      </trkpt>
      <trkpt lat="-44.80484" lon="167.76385">
        <ele>989.49</ele>
      </trkpt>
      <trkpt lat="-44.80484" lon="167.76385">
        <ele>989.49</ele>
      </trkpt>
      <trkpt lat="-44.80482" lon="167.7638">
        <ele>990.37</ele>
      </trkpt>
      <trkpt lat="-44.80482" lon="167.7638">
        <ele>990.37</ele>
      </trkpt>
      <trkpt lat="-44.80478" lon="167.76384">
        <ele>991.72</ele>
      </trkpt>
      <trkpt lat="-44.80476" lon="167.7639">
        <ele>992.7</ele>
      </trkpt>
      <trkpt lat="-44.80474" lon="167.76396">
        <ele>994.83</ele>
      </trkpt>
      <trkpt lat="-44.80473" lon="167.76403">
        <ele>997.02</ele>
      </trkpt>
      <trkpt lat="-44.80473" lon="167.7641">
        <ele>998.67</ele>
      </trkpt>
      <trkpt lat="-44.80473" lon="167.76418">
        <ele>999.8</ele>
      </trkpt>
      <trkpt lat="-44.80473" lon="167.76418">
        <ele>999.8</ele>
      </trkpt>
      <trkpt lat="-44.80473" lon="167.76418">
        <ele>999.8</ele>
      </trkpt>
      <trkpt lat="-44.80473" lon="167.76425">
        <ele>997.47</ele>
      </trkpt>
      <trkpt lat="-44.80473" lon="167.76432">
        <ele>995.14</ele>
      </trkpt>
      <trkpt lat="-44.80473" lon="167.76439">
        <ele>992.81</ele>
      </trkpt>
      <trkpt lat="-44.80471" lon="167.76445">
        <ele>992.49</ele>
      </trkpt>
      <trkpt lat="-44.80467" lon="167.76446">
        <ele>994.47</ele>
      </trkpt>
      <trkpt lat="-44.80463" lon="167.76441">
        <ele>998.26</ele>
      </trkpt>
      <trkpt lat="-44.8046" lon="167.76435">
        <ele>1001.5</ele>
      </trkpt>
      <trkpt lat="-44.80458" lon="167.76428">
        <ele>1004.31</ele>
      </trkpt>
      <trkpt lat="-44.80458" lon="167.76421">
        <ele>1006.06</ele>
      </trkpt>
      <trkpt lat="-44.80458" lon="167.76421">
        <ele>1006.06</ele>
      </trkpt>
      <trkpt lat="-44.80458" lon="167.76421">
        <ele>1006.06</ele>
      </trkpt>
      <trkpt lat="-44.80457" lon="167.76415">
        <ele>1007.39</ele>
      </trkpt>
      <trkpt lat="-44.80456" lon="167.76408">
        <ele>1007.1</ele>
      </trkpt>
      <trkpt lat="-44.80455" lon="167.76401">
        <ele>1006.94</ele>
      </trkpt>
      <trkpt lat="-44.80453" lon="167.76395">
        <ele>1007.62</ele>
      </trkpt>
      <trkpt lat="-44.8045" lon="167.76388">
        <ele>1009.12</ele>
      </trkpt>
      <trkpt lat="-44.80449" lon="167.7638">
        <ele>1009.03</ele>
      </trkpt>
      <trkpt lat="-44.80447" lon="167.76373">
        <ele>1009.64</ele>
      </trkpt>
      <trkpt lat="-44.80446" lon="167.76366">
        <ele>1009.56</ele>
      </trkpt>
      <trkpt lat="-44.80445" lon="167.7636">
        <ele>1009.78</ele>
      </trkpt>
      <trkpt lat="-44.80443" lon="167.76358">
        <ele>1011.47</ele>
      </trkpt>
      <trkpt lat="-44.80443" lon="167.76357">
        <ele>1011.58</ele>
      </trkpt>
      <trkpt lat="-44.80443" lon="167.7635">
        <ele>1012.32</ele>
      </trkpt>
      <trkpt lat="-44.80443" lon="167.76343">
        <ele>1013.07</ele>
      </trkpt>
      <trkpt lat="-44.80442" lon="167.76336">
        <ele>1014.57</ele>
      </trkpt>
      <trkpt lat="-44.80442" lon="167.76329">
        <ele>1014.28</ele>
      </trkpt>
      <trkpt lat="-44.80443" lon="167.76327">
        <ele>1013.23</ele>
      </trkpt>
      <trkpt lat="-44.80443" lon="167.76327">
        <ele>1013.23</ele>
      </trkpt>
      <trkpt lat="-44.80443" lon="167.76319">
        <ele>1012.14</ele>
      </trkpt>
      <trkpt lat="-44.80442" lon="167.76316">
        <ele>1012.57</ele>
      </trkpt>
      <trkpt lat="-44.80442" lon="167.76316">
        <ele>1012.57</ele>
      </trkpt>
      <trkpt lat="-44.80437" lon="167.76317">
        <ele>1016.91</ele>
      </trkpt>
      <trkpt lat="-44.80433" lon="167.7632">
        <ele>1020.52</ele>
      </trkpt>
      <trkpt lat="-44.8043" lon="167.76325">
        <ele>1023.34</ele>
      </trkpt>
      <trkpt lat="-44.80427" lon="167.76331">
        <ele>1026.06</ele>
      </trkpt>
      <trkpt lat="-44.80426" lon="167.76337">
        <ele>1026.64</ele>
      </trkpt>
      <trkpt lat="-44.80427" lon="167.76344">
        <ele>1025.28</ele>
      </trkpt>
      <trkpt lat="-44.80427" lon="167.76345">
        <ele>1025.19</ele>
      </trkpt>
      <trkpt lat="-44.80427" lon="167.76345">
        <ele>1025.19</ele>
      </trkpt>
      <trkpt lat="-44.80426" lon="167.76352">
        <ele>1025.37</ele>
      </trkpt>
      <trkpt lat="-44.80424" lon="167.76358">
        <ele>1026.45</ele>
      </trkpt>
      <trkpt lat="-44.80423" lon="167.76364">
        <ele>1026.97</ele>
      </trkpt>
      <trkpt lat="-44.80423" lon="167.76371">
        <ele>1026.95</ele>
      </trkpt>
      <trkpt lat="-44.80424" lon="167.76375">
        <ele>1026.22</ele>
      </trkpt>
      <trkpt lat="-44.80424" lon="167.76375">
        <ele>1026.22</ele>
      </trkpt>
      <trkpt lat="-44.80424" lon="167.76375">
        <ele>1026.22</ele>
      </trkpt>
      <trkpt lat="-44.80426" lon="167.76397">
        <ele>1024.18</ele>
      </trkpt>
      <trkpt lat="-44.80426" lon="167.76411">
        <ele>1022.84</ele>
      </trkpt>
      <trkpt lat="-44.80426" lon="167.76411">
        <ele>1022.84</ele>
      </trkpt>
      <trkpt lat="-44.80424" lon="167.76417">
        <ele>1023.26</ele>
      </trkpt>
      <trkpt lat="-44.80422" lon="167.76422">
        <ele>1023.66</ele>
      </trkpt>
      <trkpt lat="-44.80419" lon="167.76428">
        <ele>1024.53</ele>
      </trkpt>
      <trkpt lat="-44.80416" lon="167.76435">
        <ele>1025.24</ele>
      </trkpt>
      <trkpt lat="-44.80415" lon="167.76439">
        <ele>1025.13</ele>
      </trkpt>
      <trkpt lat="-44.80408" lon="167.76455">
        <ele>1026.9</ele>
      </trkpt>
      <trkpt lat="-44.80402" lon="167.76476">
        <ele>1030.06</ele>
      </trkpt>
      <trkpt lat="-44.80398" lon="167.76485">
        <ele>1032.35</ele>
      </trkpt>
      <trkpt lat="-44.80393" lon="167.76505">
        <ele>1035.69</ele>
      </trkpt>
      <trkpt lat="-44.80392" lon="167.76506">
        <ele>1036.18</ele>
      </trkpt>
      <trkpt lat="-44.8039" lon="167.76515">
        <ele>1037.69</ele>
      </trkpt>
      <trkpt lat="-44.80386" lon="167.76522">
        <ele>1039.48</ele>
      </trkpt>
      <trkpt lat="-44.80383" lon="167.7653">
        <ele>1040.99</ele>
      </trkpt>
      <trkpt lat="-44.80379" lon="167.76536">
        <ele>1042.7</ele>
      </trkpt>
      <trkpt lat="-44.80377" lon="167.76542">
        <ele>1043.67</ele>
      </trkpt>
      <trkpt lat="-44.80376" lon="167.76551">
        <ele>1044.56</ele>
      </trkpt>
      <trkpt lat="-44.80375" lon="167.76559">
        <ele>1045.37</ele>
      </trkpt>
      <trkpt lat="-44.80374" lon="167.76568">
        <ele>1046.38</ele>
      </trkpt>
      <trkpt lat="-44.8037" lon="167.76575">
        <ele>1047.21</ele>
      </trkpt>
      <trkpt lat="-44.80367" lon="167.76582">
        <ele>1047.88</ele>
      </trkpt>
      <trkpt lat="-44.80363" lon="167.76589">
        <ele>1047.66</ele>
      </trkpt>
      <trkpt lat="-44.80359" lon="167.76595">
        <ele>1048.13</ele>
      </trkpt>
      <trkpt lat="-44.80355" lon="167.76602">
        <ele>1049.09</ele>
      </trkpt>
      <trkpt lat="-44.8035" lon="167.76605">
        <ele>1050.56</ele>
      </trkpt>
      <trkpt lat="-44.80343" lon="167.76607">
        <ele>1052.73</ele>
      </trkpt>
      <trkpt lat="-44.80336" lon="167.76608">
        <ele>1054.94</ele>
      </trkpt>
      <trkpt lat="-44.8033" lon="167.76607">
        <ele>1056.29</ele>
      </trkpt>
      <trkpt lat="-44.80326" lon="167.76602">
        <ele>1056.58</ele>
      </trkpt>
      <trkpt lat="-44.80321" lon="167.76597">
        <ele>1056.98</ele>
      </trkpt>
      <trkpt lat="-44.80315" lon="167.76596">
        <ele>1057.85</ele>
      </trkpt>
      <trkpt lat="-44.8031" lon="167.76601">
        <ele>1059.17</ele>
      </trkpt>
      <trkpt lat="-44.80305" lon="167.76604">
        <ele>1060.3</ele>
      </trkpt>
      <trkpt lat="-44.803" lon="167.76606">
        <ele>1061.08</ele>
      </trkpt>
      <trkpt lat="-44.80294" lon="167.76602">
        <ele>1061.4</ele>
      </trkpt>
      <trkpt lat="-44.80289" lon="167.766">
        <ele>1061.83</ele>
      </trkpt>
      <trkpt lat="-44.80284" lon="167.76596">
        <ele>1062.12</ele>
      </trkpt>
      <trkpt lat="-44.80278" lon="167.76594">
        <ele>1062.74</ele>
      </trkpt>
      <trkpt lat="-44.80273" lon="167.76592">
        <ele>1059.97</ele>
      </trkpt>
      <trkpt lat="-44.80267" lon="167.7659">
        <ele>1057.25</ele>
      </trkpt>
      <trkpt lat="-44.80261" lon="167.76588">
        <ele>1055.37</ele>
      </trkpt>
      <trkpt lat="-44.80256" lon="167.76586">
        <ele>1054.67</ele>
      </trkpt>
      <trkpt lat="-44.80252" lon="167.76587">
        <ele>1052.46</ele>
      </trkpt>
      <trkpt lat="-44.80252" lon="167.76593">
        <ele>1047.48</ele>
      </trkpt>
      <trkpt lat="-44.80253" lon="167.76601">
        <ele>1041.71</ele>
      </trkpt>
      <trkpt lat="-44.80256" lon="167.76608">
        <ele>1039.49</ele>
      </trkpt>
      <trkpt lat="-44.80259" lon="167.76616">
        <ele>1041.07</ele>
      </trkpt>
      <trkpt lat="-44.80263" lon="167.76623">
        <ele>1046.11</ele>
      </trkpt>
      <trkpt lat="-44.80267" lon="167.76631">
        <ele>1051.25</ele>
      </trkpt>
      <trkpt lat="-44.8027" lon="167.76636">
        <ele>1055.13</ele>
      </trkpt>
      <trkpt lat="-44.80271" lon="167.76638">
        <ele>1056.44</ele>
      </trkpt>
      <trkpt lat="-44.80275" lon="167.76645">
        <ele>1062.6</ele>
      </trkpt>
      <trkpt lat="-44.80277" lon="167.76653">
        <ele>1065.46</ele>
      </trkpt>
      <trkpt lat="-44.80276" lon="167.76662">
        <ele>1066.02</ele>
      </trkpt>
      <trkpt lat="-44.80278" lon="167.76669">
        <ele>1067.13</ele>
      </trkpt>
      <trkpt lat="-44.80278" lon="167.76678">
        <ele>1067.77</ele>
      </trkpt>
      <trkpt lat="-44.80278" lon="167.76686">
        <ele>1068.34</ele>
      </trkpt>
      <trkpt lat="-44.80279" lon="167.76694">
        <ele>1068.66</ele>
      </trkpt>
      <trkpt lat="-44.80279" lon="167.76702">
        <ele>1068.47</ele>
      </trkpt>
      <trkpt lat="-44.80278" lon="167.7671">
        <ele>1068.4</ele>
      </trkpt>
      <trkpt lat="-44.80276" lon="167.76719">
        <ele>1066.49</ele>
      </trkpt>
      <trkpt lat="-44.80275" lon="167.76727">
        <ele>1065.63</ele>
      </trkpt>
      <trkpt lat="-44.80271" lon="167.76735">
        <ele>1061.99</ele>
      </trkpt>
      <trkpt lat="-44.80268" lon="167.76742">
        <ele>1059.03</ele>
      </trkpt>
      <trkpt lat="-44.80264" lon="167.76748">
        <ele>1054.59</ele>
      </trkpt>
      <trkpt lat="-44.8026" lon="167.76755">
        <ele>1053.84</ele>
      </trkpt>
      <trkpt lat="-44.80259" lon="167.76763">
        <ele>1059.41</ele>
      </trkpt>
      <trkpt lat="-44.80259" lon="167.76772">
        <ele>1066.83</ele>
      </trkpt>
      <trkpt lat="-44.80258" lon="167.7678">
        <ele>1071.49</ele>
      </trkpt>
      <trkpt lat="-44.80256" lon="167.76789">
        <ele>1071.62</ele>
      </trkpt>
      <trkpt lat="-44.80256" lon="167.76795">
        <ele>1072.1</ele>
      </trkpt>
      <trkpt lat="-44.8026" lon="167.76796">
        <ele>1073.43</ele>
      </trkpt>
      <trkpt lat="-44.80266" lon="167.76793">
        <ele>1075.02</ele>
      </trkpt>
      <trkpt lat="-44.80271" lon="167.76788">
        <ele>1076.06</ele>
      </trkpt>
      <trkpt lat="-44.80276" lon="167.76787">
        <ele>1077.46</ele>
      </trkpt>
      <trkpt lat="-44.80281" lon="167.7679">
        <ele>1078.47</ele>
      </trkpt>
      <trkpt lat="-44.80286" lon="167.76793">
        <ele>1079.13</ele>
      </trkpt>
      <trkpt lat="-44.80289" lon="167.76798">
        <ele>1080.07</ele>
      </trkpt>
      <trkpt lat="-44.80288" lon="167.76807">
        <ele>1081.53</ele>
      </trkpt>
      <trkpt lat="-44.80285" lon="167.76813">
        <ele>1083.05</ele>
      </trkpt>
      <trkpt lat="-44.80278" lon="167.76815">
        <ele>1083.08</ele>
      </trkpt>
      <trkpt lat="-44.80273" lon="167.7682">
        <ele>1082.68</ele>
      </trkpt>
      <trkpt lat="-44.80267" lon="167.76821">
        <ele>1080.43</ele>
      </trkpt>
      <trkpt lat="-44.80263" lon="167.76828">
        <ele>1080.33</ele>
      </trkpt>
      <trkpt lat="-44.80262" lon="167.76836">
        <ele>1081.03</ele>
      </trkpt>
      <trkpt lat="-44.80266" lon="167.76844">
        <ele>1083.12</ele>
      </trkpt>
      <trkpt lat="-44.80267" lon="167.76852">
        <ele>1083.72</ele>
      </trkpt>
      <trkpt lat="-44.80271" lon="167.76859">
        <ele>1086.06</ele>
      </trkpt>
      <trkpt lat="-44.8027" lon="167.76868">
        <ele>1088.89</ele>
      </trkpt>
      <trkpt lat="-44.80267" lon="167.76876">
        <ele>1090.79</ele>
      </trkpt>
      <trkpt lat="-44.80263" lon="167.76882">
        <ele>1090.77</ele>
      </trkpt>
      <trkpt lat="-44.8026" lon="167.76888">
        <ele>1091.18</ele>
      </trkpt>
      <trkpt lat="-44.80259" lon="167.76889">
        <ele>1090.83</ele>
      </trkpt>
      <trkpt lat="-44.80256" lon="167.76897">
        <ele>1090.35</ele>
      </trkpt>
      <trkpt lat="-44.80252" lon="167.76904">
        <ele>1088.82</ele>
      </trkpt>
      <trkpt lat="-44.8025" lon="167.76913">
        <ele>1089.21</ele>
      </trkpt>
      <trkpt lat="-44.80247" lon="167.76922">
        <ele>1087.84</ele>
      </trkpt>
      <trkpt lat="-44.80244" lon="167.7693">
        <ele>1086.54</ele>
      </trkpt>
      <trkpt lat="-44.80243" lon="167.76939">
        <ele>1087.68</ele>
      </trkpt>
      <trkpt lat="-44.80241" lon="167.76947">
        <ele>1087.59</ele>
      </trkpt>
      <trkpt lat="-44.80242" lon="167.76955">
        <ele>1089.56</ele>
      </trkpt>
      <trkpt lat="-44.80242" lon="167.76964">
        <ele>1090.81</ele>
      </trkpt>
      <trkpt lat="-44.80243" lon="167.76972">
        <ele>1092.68</ele>
      </trkpt>
      <trkpt lat="-44.8024" lon="167.7698">
        <ele>1092.62</ele>
      </trkpt>
      <trkpt lat="-44.8024" lon="167.76988">
        <ele>1094.87</ele>
      </trkpt>
      <trkpt lat="-44.80238" lon="167.76997">
        <ele>1096.21</ele>
      </trkpt>
      <trkpt lat="-44.80239" lon="167.77005">
        <ele>1098.74</ele>
      </trkpt>
      <trkpt lat="-44.80239" lon="167.77013">
        <ele>1100.47</ele>
      </trkpt>
      <trkpt lat="-44.8024" lon="167.77021">
        <ele>1102.78</ele>
      </trkpt>
      <trkpt lat="-44.80241" lon="167.77024">
        <ele>1104.0</ele>
      </trkpt>
      <trkpt lat="-44.80241" lon="167.77031">
        <ele>1105.51</ele>
      </trkpt>
      <trkpt lat="-44.80241" lon="167.77032">
        <ele>1105.73</ele>
      </trkpt>
      <trkpt lat="-44.80241" lon="167.77033">
        <ele>1105.94</ele>
      </trkpt>
      <trkpt lat="-44.8024" lon="167.7704">
        <ele>1106.88</ele>
      </trkpt>
      <trkpt lat="-44.8024" lon="167.77047">
        <ele>1108.39</ele>
      </trkpt>
      <trkpt lat="-44.8024" lon="167.77053">
        <ele>1109.69</ele>
      </trkpt>
      <trkpt lat="-44.80241" lon="167.7706">
        <ele>1112.0</ele>
      </trkpt>
      <trkpt lat="-44.80243" lon="167.77063">
        <ele>1114.11</ele>
      </trkpt>
      <trkpt lat="-44.80243" lon="167.77063">
        <ele>1114.11</ele>
      </trkpt>
      <trkpt lat="-44.80245" lon="167.7707">
        <ele>1117.57</ele>
      </trkpt>
      <trkpt lat="-44.80246" lon="167.77076">
        <ele>1120.21</ele>
      </trkpt>
      <trkpt lat="-44.80246" lon="167.77084">
        <ele>1122.55</ele>
      </trkpt>
      <trkpt lat="-44.80245" lon="167.77087">
        <ele>1121.74</ele>
      </trkpt>
      <trkpt lat="-44.80245" lon="167.77087">
        <ele>1121.74</ele>
      </trkpt>
      <trkpt lat="-44.80244" lon="167.77094">
        <ele>1121.1</ele>
      </trkpt>
      <trkpt lat="-44.80242" lon="167.77101">
        <ele>1119.92</ele>
      </trkpt>
      <trkpt lat="-44.8024" lon="167.77108">
        <ele>1119.03</ele>
      </trkpt>
      <trkpt lat="-44.80238" lon="167.77114">
        <ele>1118.49</ele>
      </trkpt>
      <trkpt lat="-44.80238" lon="167.77121">
        <ele>1119.46</ele>
      </trkpt>
      <trkpt lat="-44.80238" lon="167.77128">
        <ele>1120.44</ele>
      </trkpt>
      <trkpt lat="-44.80239" lon="167.77136">
        <ele>1122.06</ele>
      </trkpt>
      <trkpt lat="-44.8024" lon="167.77141">
        <ele>1123.2</ele>
      </trkpt>
      <trkpt lat="-44.8024" lon="167.77141">
        <ele>1123.2</ele>
      </trkpt>
      <trkpt lat="-44.80242" lon="167.77147">
        <ele>1124.76</ele>
      </trkpt>
      <trkpt lat="-44.80245" lon="167.77155">
        <ele>1126.69</ele>
      </trkpt>
      <trkpt lat="-44.80247" lon="167.77161">
        <ele>1127.8</ele>
      </trkpt>
      <trkpt lat="-44.80248" lon="167.77168">
        <ele>1128.38</ele>
      </trkpt>
      <trkpt lat="-44.80249" lon="167.77175">
        <ele>1128.43</ele>
      </trkpt>
      <trkpt lat="-44.8025" lon="167.77182">
        <ele>1128.45</ele>
      </trkpt>
      <trkpt lat="-44.80253" lon="167.77188">
        <ele>1128.45</ele>
      </trkpt>
      <trkpt lat="-44.80254" lon="167.7719">
        <ele>1128.45</ele>
      </trkpt>
      <trkpt lat="-44.80254" lon="167.7719">
        <ele>1128.45</ele>
      </trkpt>
      <trkpt lat="-44.80258" lon="167.77194">
        <ele>1128.59</ele>
      </trkpt>
      <trkpt lat="-44.80262" lon="167.77198">
        <ele>1128.15</ele>
      </trkpt>
      <trkpt lat="-44.80266" lon="167.77202">
        <ele>1127.68</ele>
      </trkpt>
      <trkpt lat="-44.80269" lon="167.77206">
        <ele>1127.16</ele>
      </trkpt>
      <trkpt lat="-44.80274" lon="167.7721">
        <ele>1126.85</ele>
      </trkpt>
      <trkpt lat="-44.80279" lon="167.77211">
        <ele>1127.08</ele>
      </trkpt>
      <trkpt lat="-44.80284" lon="167.77213">
        <ele>1127.03</ele>
      </trkpt>
      <trkpt lat="-44.80287" lon="167.77213">
        <ele>1127.22</ele>
      </trkpt>
      <trkpt lat="-44.80288" lon="167.77213">
        <ele>1127.28</ele>
      </trkpt>
      <trkpt lat="-44.80293" lon="167.77213">
        <ele>1127.58</ele>
      </trkpt>
      <trkpt lat="-44.80298" lon="167.77212">
        <ele>1127.95</ele>
      </trkpt>
      <trkpt lat="-44.80303" lon="167.77212">
        <ele>1128.23</ele>
      </trkpt>
      <trkpt lat="-44.80308" lon="167.77212">
        <ele>1128.3</ele>
      </trkpt>
      <trkpt lat="-44.80311" lon="167.77214">
        <ele>1128.18</ele>
      </trkpt>
      <trkpt lat="-44.80311" lon="167.77214">
        <ele>1128.18</ele>
      </trkpt>
      <trkpt lat="-44.80315" lon="167.77219">
        <ele>1128.04</ele>
      </trkpt>
      <trkpt lat="-44.80317" lon="167.77224">
        <ele>1127.69</ele>
      </trkpt>
      <trkpt lat="-44.80318" lon="167.77231">
        <ele>1126.45</ele>
      </trkpt>
      <trkpt lat="-44.80316" lon="167.77239">
        <ele>1125.13</ele>
      </trkpt>
      <trkpt lat="-44.80315" lon="167.77246">
        <ele>1123.99</ele>
      </trkpt>
      <trkpt lat="-44.80314" lon="167.77249">
        <ele>1123.56</ele>
      </trkpt>
      <trkpt lat="-44.80314" lon="167.77249">
        <ele>1123.56</ele>
      </trkpt>
      <trkpt lat="-44.8031" lon="167.77255">
        <ele>1123.32</ele>
      </trkpt>
      <trkpt lat="-44.80307" lon="167.77261">
        <ele>1123.1</ele>
      </trkpt>
      <trkpt lat="-44.80304" lon="167.77266">
        <ele>1122.88</ele>
      </trkpt>
      <trkpt lat="-44.80302" lon="167.77272">
        <ele>1122.52</ele>
      </trkpt>
      <trkpt lat="-44.803" lon="167.77278">
        <ele>1122.21</ele>
      </trkpt>
      <trkpt lat="-44.80298" lon="167.77282">
        <ele>1122.38</ele>
      </trkpt>
      <trkpt lat="-44.80298" lon="167.77282">
        <ele>1122.38</ele>
      </trkpt>
      <trkpt lat="-44.80294" lon="167.77285">
        <ele>1122.57</ele>
      </trkpt>
      <trkpt lat="-44.8029" lon="167.77288">
        <ele>1122.72</ele>
      </trkpt>
      <trkpt lat="-44.80287" lon="167.77293">
        <ele>1122.85</ele>
      </trkpt>
      <trkpt lat="-44.80287" lon="167.77299">
        <ele>1122.92</ele>
      </trkpt>
      <trkpt lat="-44.80286" lon="167.77306">
        <ele>1122.97</ele>
      </trkpt>
      <trkpt lat="-44.80284" lon="167.77312">
        <ele>1122.66</ele>
      </trkpt>
      <trkpt lat="-44.80281" lon="167.77318">
        <ele>1122.45</ele>
      </trkpt>
      <trkpt lat="-44.80281" lon="167.7732">
        <ele>1122.36</ele>
      </trkpt>
      <trkpt lat="-44.80273" lon="167.77347">
        <ele>1120.35</ele>
      </trkpt>
      <trkpt lat="-44.80272" lon="167.77351">
        <ele>1119.94</ele>
      </trkpt>
      <trkpt lat="-44.80271" lon="167.77359">
        <ele>1119.19</ele>
      </trkpt>
      <trkpt lat="-44.80268" lon="167.77368">
        <ele>1117.93</ele>
      </trkpt>
      <trkpt lat="-44.80269" lon="167.77376">
        <ele>1116.66</ele>
      </trkpt>
      <trkpt lat="-44.8027" lon="167.77384">
        <ele>1115.34</ele>
      </trkpt>
      <trkpt lat="-44.80273" lon="167.77391">
        <ele>1113.86</ele>
      </trkpt>
      <trkpt lat="-44.80276" lon="167.77399">
        <ele>1111.9</ele>
      </trkpt>
      <trkpt lat="-44.80277" lon="167.77405">
        <ele>1110.54</ele>
      </trkpt>
      <trkpt lat="-44.80274" lon="167.77411">
        <ele>1109.28</ele>
      </trkpt>
      <trkpt lat="-44.80273" lon="167.77418">
        <ele>1107.72</ele>
      </trkpt>
      <trkpt lat="-44.8027" lon="167.77425">
        <ele>1106.28</ele>
      </trkpt>
      <trkpt lat="-44.80271" lon="167.77433">
        <ele>1104.62</ele>
      </trkpt>
      <trkpt lat="-44.80271" lon="167.77441">
        <ele>1102.96</ele>
      </trkpt>
      <trkpt lat="-44.80272" lon="167.77449">
        <ele>1102.04</ele>
      </trkpt>
      <trkpt lat="-44.80271" lon="167.77457">
        <ele>1101.79</ele>
      </trkpt>
      <trkpt lat="-44.80267" lon="167.77464">
        <ele>1101.68</ele>
      </trkpt>
      <trkpt lat="-44.80261" lon="167.77467">
        <ele>1101.79</ele>
      </trkpt>
      <trkpt lat="-44.80256" lon="167.77472">
        <ele>1101.79</ele>
      </trkpt>
      <trkpt lat="-44.80251" lon="167.77476">
        <ele>1102.24</ele>
      </trkpt>
      <trkpt lat="-44.80246" lon="167.77481">
        <ele>1102.68</ele>
      </trkpt>
      <trkpt lat="-44.80244" lon="167.77489">
        <ele>1103.16</ele>
      </trkpt>
      <trkpt lat="-44.8024" lon="167.77496">
        <ele>1103.46</ele>
      </trkpt>
      <trkpt lat="-44.80237" lon="167.77505">
        <ele>1103.53</ele>
      </trkpt>
      <trkpt lat="-44.80235" lon="167.77514">
        <ele>1103.46</ele>
      </trkpt>
      <trkpt lat="-44.80234" lon="167.77522">
        <ele>1103.42</ele>
      </trkpt>
      <trkpt lat="-44.80236" lon="167.7753">
        <ele>1103.46</ele>
      </trkpt>
      <trkpt lat="-44.80238" lon="167.77538">
        <ele>1103.41</ele>
      </trkpt>
      <trkpt lat="-44.80236" lon="167.77544">
        <ele>1103.2</ele>
      </trkpt>
      <trkpt lat="-44.80231" lon="167.77548">
        <ele>1102.82</ele>
      </trkpt>
      <trkpt lat="-44.80225" lon="167.77551">
        <ele>1102.35</ele>
      </trkpt>
      <trkpt lat="-44.80222" lon="167.77559">
        <ele>1101.89</ele>
      </trkpt>
      <trkpt lat="-44.80218" lon="167.77565">
        <ele>1101.92</ele>
      </trkpt>
      <trkpt lat="-44.80214" lon="167.77572">
        <ele>1102.05</ele>
      </trkpt>
      <trkpt lat="-44.80211" lon="167.77579">
        <ele>1102.24</ele>
      </trkpt>
      <trkpt lat="-44.80208" lon="167.77587">
        <ele>1103.0</ele>
      </trkpt>
      <trkpt lat="-44.80203" lon="167.77592">
        <ele>1104.23</ele>
      </trkpt>
      <trkpt lat="-44.802" lon="167.776">
        <ele>1105.68</ele>
      </trkpt>
      <trkpt lat="-44.80196" lon="167.77607">
        <ele>1107.19</ele>
      </trkpt>
      <trkpt lat="-44.80193" lon="167.77614">
        <ele>1108.16</ele>
      </trkpt>
      <trkpt lat="-44.80189" lon="167.77622">
        <ele>1108.59</ele>
      </trkpt>
      <trkpt lat="-44.80188" lon="167.77624">
        <ele>1108.7</ele>
      </trkpt>
      <trkpt lat="-44.80186" lon="167.77629">
        <ele>1109.06</ele>
      </trkpt>
      <trkpt lat="-44.80183" lon="167.77637">
        <ele>1109.67</ele>
      </trkpt>
      <trkpt lat="-44.80178" lon="167.77642">
        <ele>1109.67</ele>
      </trkpt>
      <trkpt lat="-44.80174" lon="167.77648">
        <ele>1110.2</ele>
      </trkpt>
      <trkpt lat="-44.80169" lon="167.77652">
        <ele>1110.21</ele>
      </trkpt>
      <trkpt lat="-44.80164" lon="167.77656">
        <ele>1110.7</ele>
      </trkpt>
      <trkpt lat="-44.80159" lon="167.77661">
        <ele>1111.78</ele>
      </trkpt>
      <trkpt lat="-44.80154" lon="167.77665">
        <ele>1112.64</ele>
      </trkpt>
      <trkpt lat="-44.80148" lon="167.77668">
        <ele>1113.35</ele>
      </trkpt>
      <trkpt lat="-44.80142" lon="167.77671">
        <ele>1114.11</ele>
      </trkpt>
      <trkpt lat="-44.80136" lon="167.77674">
        <ele>1114.38</ele>
      </trkpt>
      <trkpt lat="-44.8013" lon="167.77673">
        <ele>1113.17</ele>
      </trkpt>
      <trkpt lat="-44.80123" lon="167.77674">
        <ele>1112.26</ele>
      </trkpt>
      <trkpt lat="-44.80118" lon="167.77671">
        <ele>1110.85</ele>
      </trkpt>
      <trkpt lat="-44.80113" lon="167.77668">
        <ele>1109.52</ele>
      </trkpt>
      <trkpt lat="-44.80109" lon="167.77661">
        <ele>1108.05</ele>
      </trkpt>
      <trkpt lat="-44.80104" lon="167.77656">
        <ele>1106.81</ele>
      </trkpt>
      <trkpt lat="-44.801" lon="167.77648">
        <ele>1104.84</ele>
      </trkpt>
      <trkpt lat="-44.80095" lon="167.77643">
        <ele>1103.04</ele>
      </trkpt>
      <trkpt lat="-44.80089" lon="167.77642">
        <ele>1101.82</ele>
      </trkpt>
      <trkpt lat="-44.80084" lon="167.77646">
        <ele>1102.14</ele>
      </trkpt>
      <trkpt lat="-44.80079" lon="167.77649">
        <ele>1102.68</ele>
      </trkpt>
      <trkpt lat="-44.80073" lon="167.77652">
        <ele>1103.07</ele>
      </trkpt>
      <trkpt lat="-44.80069" lon="167.77654">
        <ele>1103.23</ele>
      </trkpt>
      <trkpt lat="-44.80067" lon="167.77655">
        <ele>1103.28</ele>
      </trkpt>
      <trkpt lat="-44.8006" lon="167.77657">
        <ele>1103.03</ele>
      </trkpt>
      <trkpt lat="-44.80053" lon="167.77658">
        <ele>1101.92</ele>
      </trkpt>
      <trkpt lat="-44.80048" lon="167.77661">
        <ele>1100.74</ele>
      </trkpt>
      <trkpt lat="-44.80042" lon="167.77664">
        <ele>1099.22</ele>
      </trkpt>
      <trkpt lat="-44.80036" lon="167.77667">
        <ele>1097.72</ele>
      </trkpt>
      <trkpt lat="-44.8003" lon="167.77669">
        <ele>1096.06</ele>
      </trkpt>
      <trkpt lat="-44.80025" lon="167.77674">
        <ele>1094.46</ele>
      </trkpt>
      <trkpt lat="-44.80019" lon="167.77675">
        <ele>1091.14</ele>
      </trkpt>
      <trkpt lat="-44.80014" lon="167.77681">
        <ele>1089.13</ele>
      </trkpt>
      <trkpt lat="-44.80009" lon="167.77685">
        <ele>1086.82</ele>
      </trkpt>
      <trkpt lat="-44.80005" lon="167.77691">
        <ele>1085.38</ele>
      </trkpt>
      <trkpt lat="-44.8" lon="167.77696">
        <ele>1083.28</ele>
      </trkpt>
      <trkpt lat="-44.79997" lon="167.77704">
        <ele>1083.14</ele>
      </trkpt>
      <trkpt lat="-44.79993" lon="167.77711">
        <ele>1082.35</ele>
      </trkpt>
      <trkpt lat="-44.79991" lon="167.7772">
        <ele>1083.04</ele>
      </trkpt>
      <trkpt lat="-44.79988" lon="167.77729">
        <ele>1084.01</ele>
      </trkpt>
      <trkpt lat="-44.79986" lon="167.77738">
        <ele>1085.77</ele>
      </trkpt>
      <trkpt lat="-44.79983" lon="167.77746">
        <ele>1086.8</ele>
      </trkpt>
      <trkpt lat="-44.7998" lon="167.77755">
        <ele>1088.26</ele>
      </trkpt>
      <trkpt lat="-44.79977" lon="167.77764">
        <ele>1089.77</ele>
      </trkpt>
      <trkpt lat="-44.79975" lon="167.77773">
        <ele>1091.75</ele>
      </trkpt>
      <trkpt lat="-44.79971" lon="167.7778">
        <ele>1092.18</ele>
      </trkpt>
      <trkpt lat="-44.79968" lon="167.77788">
        <ele>1093.38</ele>
      </trkpt>
      <trkpt lat="-44.79964" lon="167.77793">
        <ele>1093.06</ele>
      </trkpt>
      <trkpt lat="-44.79959" lon="167.77798">
        <ele>1092.15</ele>
      </trkpt>
      <trkpt lat="-44.79953" lon="167.778">
        <ele>1089.79</ele>
      </trkpt>
      <trkpt lat="-44.7995" lon="167.77802">
        <ele>1088.85</ele>
      </trkpt>
      <trkpt lat="-44.79947" lon="167.77803">
        <ele>1087.63</ele>
      </trkpt>
      <trkpt lat="-44.79941" lon="167.77806">
        <ele>1085.51</ele>
      </trkpt>
      <trkpt lat="-44.79935" lon="167.77808">
        <ele>1083.25</ele>
      </trkpt>
      <trkpt lat="-44.7993" lon="167.77813">
        <ele>1082.24</ele>
      </trkpt>
      <trkpt lat="-44.79925" lon="167.77817">
        <ele>1080.91</ele>
      </trkpt>
      <trkpt lat="-44.79921" lon="167.77823">
        <ele>1080.52</ele>
      </trkpt>
      <trkpt lat="-44.79916" lon="167.77827">
        <ele>1079.2</ele>
      </trkpt>
      <trkpt lat="-44.79911" lon="167.77833">
        <ele>1079.08</ele>
      </trkpt>
      <trkpt lat="-44.79905" lon="167.77835">
        <ele>1077.75</ele>
      </trkpt>
      <trkpt lat="-44.79899" lon="167.77837">
        <ele>1076.31</ele>
      </trkpt>
      <trkpt lat="-44.79892" lon="167.77839">
        <ele>1074.35</ele>
      </trkpt>
      <trkpt lat="-44.79886" lon="167.77838">
        <ele>1072.16</ele>
      </trkpt>
      <trkpt lat="-44.79879" lon="167.77839">
        <ele>1070.3</ele>
      </trkpt>
      <trkpt lat="-44.79874" lon="167.77836">
        <ele>1068.24</ele>
      </trkpt>
      <trkpt lat="-44.79869" lon="167.77834">
        <ele>1066.4</ele>
      </trkpt>
      <trkpt lat="-44.79864" lon="167.7783">
        <ele>1064.34</ele>
      </trkpt>
      <trkpt lat="-44.79859" lon="167.77831">
        <ele>1062.54</ele>
      </trkpt>
      <trkpt lat="-44.79855" lon="167.77838">
        <ele>1061.5</ele>
      </trkpt>
      <trkpt lat="-44.79852" lon="167.77847">
        <ele>1061.38</ele>
      </trkpt>
      <trkpt lat="-44.7985" lon="167.77856">
        <ele>1061.75</ele>
      </trkpt>
      <trkpt lat="-44.79846" lon="167.77863">
        <ele>1060.87</ele>
      </trkpt>
      <trkpt lat="-44.79843" lon="167.7787">
        <ele>1061.24</ele>
      </trkpt>
      <trkpt lat="-44.79839" lon="167.77878">
        <ele>1061.25</ele>
      </trkpt>
      <trkpt lat="-44.79835" lon="167.77883">
        <ele>1060.31</ele>
      </trkpt>
      <trkpt lat="-44.7983" lon="167.77888">
        <ele>1057.77</ele>
      </trkpt>
      <trkpt lat="-44.79826" lon="167.77894">
        <ele>1055.48</ele>
      </trkpt>
      <trkpt lat="-44.7982" lon="167.77897">
        <ele>1050.21</ele>
      </trkpt>
      <trkpt lat="-44.79817" lon="167.77905">
        <ele>1048.21</ele>
      </trkpt>
      <trkpt lat="-44.79813" lon="167.77911">
        <ele>1044.41</ele>
      </trkpt>
      <trkpt lat="-44.79809" lon="167.77918">
        <ele>1040.53</ele>
      </trkpt>
      <trkpt lat="-44.79806" lon="167.77926">
        <ele>1039.56</ele>
      </trkpt>
      <trkpt lat="-44.79802" lon="167.77931">
        <ele>1037.37</ele>
      </trkpt>
      <trkpt lat="-44.79798" lon="167.77938">
        <ele>1035.61</ele>
      </trkpt>
      <trkpt lat="-44.79795" lon="167.77939">
        <ele>1032.97</ele>
      </trkpt>
      <trkpt lat="-44.79793" lon="167.77933">
        <ele>1029.57</ele>
      </trkpt>
      <trkpt lat="-44.79793" lon="167.77925">
        <ele>1027.63</ele>
      </trkpt>
      <trkpt lat="-44.79794" lon="167.77917">
        <ele>1026.52</ele>
      </trkpt>
      <trkpt lat="-44.79794" lon="167.77908">
        <ele>1026.17</ele>
      </trkpt>
      <trkpt lat="-44.79794" lon="167.779">
        <ele>1025.93</ele>
      </trkpt>
      <trkpt lat="-44.79794" lon="167.77892">
        <ele>1025.69</ele>
      </trkpt>
      <trkpt lat="-44.79794" lon="167.77884">
        <ele>1025.28</ele>
      </trkpt>
      <trkpt lat="-44.79794" lon="167.77876">
        <ele>1024.75</ele>
      </trkpt>
      <trkpt lat="-44.79795" lon="167.77867">
        <ele>1025.11</ele>
      </trkpt>
      <trkpt lat="-44.79792" lon="167.77862">
        <ele>1021.89</ele>
      </trkpt>
      <trkpt lat="-44.79787" lon="167.77863">
        <ele>1017.12</ele>
      </trkpt>
      <trkpt lat="-44.79782" lon="167.77868">
        <ele>1012.77</ele>
      </trkpt>
      <trkpt lat="-44.79777" lon="167.77869">
        <ele>1008.38</ele>
      </trkpt>
      <trkpt lat="-44.79772" lon="167.77864">
        <ele>1004.78</ele>
      </trkpt>
      <trkpt lat="-44.79768" lon="167.77856">
        <ele>1001.95</ele>
      </trkpt>
      <trkpt lat="-44.79764" lon="167.77849">
        <ele>999.35</ele>
      </trkpt>
      <trkpt lat="-44.7976" lon="167.77842">
        <ele>996.68</ele>
      </trkpt>
      <trkpt lat="-44.79758" lon="167.77834">
        <ele>995.2</ele>
      </trkpt>
      <trkpt lat="-44.79759" lon="167.77826">
        <ele>995.84</ele>
      </trkpt>
      <trkpt lat="-44.7976" lon="167.77817">
        <ele>996.43</ele>
      </trkpt>
      <trkpt lat="-44.79758" lon="167.77809">
        <ele>995.3</ele>
      </trkpt>
      <trkpt lat="-44.79754" lon="167.77802">
        <ele>992.81</ele>
      </trkpt>
      <trkpt lat="-44.7975" lon="167.77795">
        <ele>989.86</ele>
      </trkpt>
      <trkpt lat="-44.79745" lon="167.7779">
        <ele>986.18</ele>
      </trkpt>
      <trkpt lat="-44.79742" lon="167.7779">
        <ele>984.3</ele>
      </trkpt>
      <trkpt lat="-44.79741" lon="167.77796">
        <ele>984.25</ele>
      </trkpt>
      <trkpt lat="-44.79739" lon="167.77805">
        <ele>983.82</ele>
      </trkpt>
      <trkpt lat="-44.79738" lon="167.77814">
        <ele>983.05</ele>
      </trkpt>
      <trkpt lat="-44.79735" lon="167.77822">
        <ele>981.01</ele>
      </trkpt>
      <trkpt lat="-44.79732" lon="167.77831">
        <ele>979.01</ele>
      </trkpt>
      <trkpt lat="-44.7973" lon="167.7784">
        <ele>977.14</ele>
      </trkpt>
      <trkpt lat="-44.79727" lon="167.77849">
        <ele>974.15</ele>
      </trkpt>
      <trkpt lat="-44.79726" lon="167.77857">
        <ele>972.48</ele>
      </trkpt>
      <trkpt lat="-44.79724" lon="167.77865">
        <ele>971.22</ele>
      </trkpt>
      <trkpt lat="-44.79724" lon="167.77874">
        <ele>973.1</ele>
      </trkpt>
      <trkpt lat="-44.79723" lon="167.77882">
        <ele>974.06</ele>
      </trkpt>
      <trkpt lat="-44.79719" lon="167.77889">
        <ele>972.83</ele>
      </trkpt>
      <trkpt lat="-44.79715" lon="167.77894">
        <ele>971.54</ele>
      </trkpt>
      <trkpt lat="-44.7971" lon="167.77899">
        <ele>969.83</ele>
      </trkpt>
      <trkpt lat="-44.79707" lon="167.779">
        <ele>968.26</ele>
      </trkpt>
      <trkpt lat="-44.79707" lon="167.77894">
        <ele>966.28</ele>
      </trkpt>
      <trkpt lat="-44.79708" lon="167.77885">
        <ele>964.5</ele>
      </trkpt>
      <trkpt lat="-44.79711" lon="167.77876">
        <ele>964.73</ele>
      </trkpt>
      <trkpt lat="-44.79708" lon="167.77869">
        <ele>961.34</ele>
      </trkpt>
      <trkpt lat="-44.79705" lon="167.77865">
        <ele>958.59</ele>
      </trkpt>
      <trkpt lat="-44.79702" lon="167.7787">
        <ele>957.58</ele>
      </trkpt>
      <trkpt lat="-44.79697" lon="167.77876">
        <ele>955.39</ele>
      </trkpt>
      <trkpt lat="-44.79694" lon="167.77883">
        <ele>954.64</ele>
      </trkpt>
      <trkpt lat="-44.7969" lon="167.7789">
        <ele>953.57</ele>
      </trkpt>
      <trkpt lat="-44.79688" lon="167.77896">
        <ele>954.7</ele>
      </trkpt>
      <trkpt lat="-44.79683" lon="167.77907">
        <ele>956.02</ele>
      </trkpt>
      <trkpt lat="-44.79672" lon="167.77911">
        <ele>950.86</ele>
      </trkpt>
      <trkpt lat="-44.79672" lon="167.77911">
        <ele>950.86</ele>
      </trkpt>
      <trkpt lat="-44.79665" lon="167.77913">
        <ele>947.13</ele>
      </trkpt>
      <trkpt lat="-44.79661" lon="167.77918">
        <ele>946.3</ele>
      </trkpt>
      <trkpt lat="-44.79657" lon="167.77924">
        <ele>946.56</ele>
      </trkpt>
      <trkpt lat="-44.79652" lon="167.7793">
        <ele>945.78</ele>
      </trkpt>
      <trkpt lat="-44.79648" lon="167.77935">
        <ele>945.11</ele>
      </trkpt>
      <trkpt lat="-44.79644" lon="167.77941">
        <ele>944.8</ele>
      </trkpt>
      <trkpt lat="-44.79639" lon="167.77945">
        <ele>942.46</ele>
      </trkpt>
      <trkpt lat="-44.79634" lon="167.7795">
        <ele>942.19</ele>
      </trkpt>
      <trkpt lat="-44.79629" lon="167.77954">
        <ele>941.18</ele>
      </trkpt>
      <trkpt lat="-44.79623" lon="167.77957">
        <ele>938.75</ele>
      </trkpt>
      <trkpt lat="-44.79617" lon="167.7796">
        <ele>936.23</ele>
      </trkpt>
      <trkpt lat="-44.79611" lon="167.77963">
        <ele>933.63</ele>
      </trkpt>
      <trkpt lat="-44.79604" lon="167.77964">
        <ele>930.29</ele>
      </trkpt>
      <trkpt lat="-44.79599" lon="167.77967">
        <ele>928.99</ele>
      </trkpt>
      <trkpt lat="-44.79595" lon="167.77974">
        <ele>929.8</ele>
      </trkpt>
      <trkpt lat="-44.79591" lon="167.7798">
        <ele>929.44</ele>
      </trkpt>
      <trkpt lat="-44.79587" lon="167.77987">
        <ele>929.24</ele>
      </trkpt>
      <trkpt lat="-44.79583" lon="167.77993">
        <ele>928.53</ele>
      </trkpt>
      <trkpt lat="-44.79579" lon="167.77999">
        <ele>928.17</ele>
      </trkpt>
      <trkpt lat="-44.79574" lon="167.78005">
        <ele>927.31</ele>
      </trkpt>
      <trkpt lat="-44.7957" lon="167.7801">
        <ele>926.89</ele>
      </trkpt>
      <trkpt lat="-44.79566" lon="167.78016">
        <ele>927.06</ele>
      </trkpt>
      <trkpt lat="-44.79562" lon="167.78022">
        <ele>927.48</ele>
      </trkpt>
      <trkpt lat="-44.79557" lon="167.78028">
        <ele>927.75</ele>
      </trkpt>
      <trkpt lat="-44.79553" lon="167.78034">
        <ele>928.89</ele>
      </trkpt>
      <trkpt lat="-44.79549" lon="167.78039">
        <ele>929.28</ele>
      </trkpt>
      <trkpt lat="-44.79542" lon="167.78041">
        <ele>926.33</ele>
      </trkpt>
      <trkpt lat="-44.79537" lon="167.78045">
        <ele>925.61</ele>
      </trkpt>
      <trkpt lat="-44.79531" lon="167.78047">
        <ele>923.24</ele>
      </trkpt>
      <trkpt lat="-44.79526" lon="167.78052">
        <ele>922.75</ele>
      </trkpt>
      <trkpt lat="-44.79521" lon="167.78057">
        <ele>921.63</ele>
      </trkpt>
      <trkpt lat="-44.79517" lon="167.78062">
        <ele>921.41</ele>
      </trkpt>
      <trkpt lat="-44.79512" lon="167.78067">
        <ele>920.83</ele>
      </trkpt>
      <trkpt lat="-44.79507" lon="167.78071">
        <ele>920.02</ele>
      </trkpt>
      <trkpt lat="-44.79502" lon="167.78075">
        <ele>919.51</ele>
      </trkpt>
      <trkpt lat="-44.79497" lon="167.7808">
        <ele>919.52</ele>
      </trkpt>
      <trkpt lat="-44.79492" lon="167.78084">
        <ele>918.37</ele>
      </trkpt>
      <trkpt lat="-44.79487" lon="167.7809">
        <ele>918.17</ele>
      </trkpt>
      <trkpt lat="-44.79483" lon="167.78096">
        <ele>918.42</ele>
      </trkpt>
      <trkpt lat="-44.79479" lon="167.78101">
        <ele>917.8</ele>
      </trkpt>
      <trkpt lat="-44.79475" lon="167.78109">
        <ele>918.5</ele>
      </trkpt>
      <trkpt lat="-44.79472" lon="167.78116">
        <ele>919.72</ele>
      </trkpt>
      <trkpt lat="-44.79468" lon="167.78123">
        <ele>919.04</ele>
      </trkpt>
      <trkpt lat="-44.79466" lon="167.78132">
        <ele>922.0</ele>
      </trkpt>
      <trkpt lat="-44.79463" lon="167.78141">
        <ele>923.7</ele>
      </trkpt>
      <trkpt lat="-44.7946" lon="167.78148">
        <ele>924.32</ele>
      </trkpt>
      <trkpt lat="-44.79457" lon="167.78156">
        <ele>925.63</ele>
      </trkpt>
      <trkpt lat="-44.79452" lon="167.78161">
        <ele>922.63</ele>
      </trkpt>
      <trkpt lat="-44.79447" lon="167.78165">
        <ele>919.05</ele>
      </trkpt>
      <trkpt lat="-44.79446" lon="167.78166">
        <ele>918.47</ele>
      </trkpt>
      <trkpt lat="-44.79442" lon="167.7817">
        <ele>915.94</ele>
      </trkpt>
      <trkpt lat="-44.79437" lon="167.78174">
        <ele>912.97</ele>
      </trkpt>
      <trkpt lat="-44.79431" lon="167.78178">
        <ele>909.52</ele>
      </trkpt>
      <trkpt lat="-44.79427" lon="167.78183">
        <ele>908.84</ele>
      </trkpt>
      <trkpt lat="-44.79425" lon="167.7819">
        <ele>911.34</ele>
      </trkpt>
      <trkpt lat="-44.79424" lon="167.78198">
        <ele>915.19</ele>
      </trkpt>
      <trkpt lat="-44.79424" lon="167.78206">
        <ele>919.5</ele>
      </trkpt>
      <trkpt lat="-44.79424" lon="167.78214">
        <ele>923.81</ele>
      </trkpt>
      <trkpt lat="-44.79424" lon="167.78222">
        <ele>928.12</ele>
      </trkpt>
      <trkpt lat="-44.79424" lon="167.78231">
        <ele>937.12</ele>
      </trkpt>
      <trkpt lat="-44.79425" lon="167.78239">
        <ele>946.65</ele>
      </trkpt>
      <trkpt lat="-44.79423" lon="167.78245">
        <ele>949.8</ele>
      </trkpt>
      <trkpt lat="-44.79419" lon="167.78251">
        <ele>949.37</ele>
      </trkpt>
      <trkpt lat="-44.79415" lon="167.78257">
        <ele>948.76</ele>
      </trkpt>
      <trkpt lat="-44.7941" lon="167.78262">
        <ele>947.41</ele>
      </trkpt>
      <trkpt lat="-44.79406" lon="167.78267">
        <ele>947.18</ele>
      </trkpt>
      <trkpt lat="-44.79405" lon="167.78268">
        <ele>946.93</ele>
      </trkpt>
      <trkpt lat="-44.79401" lon="167.78272">
        <ele>945.95</ele>
      </trkpt>
      <trkpt lat="-44.79395" lon="167.78274">
        <ele>941.28</ele>
      </trkpt>
      <trkpt lat="-44.79389" lon="167.78277">
        <ele>937.47</ele>
      </trkpt>
      <trkpt lat="-44.79383" lon="167.7828">
        <ele>934.02</ele>
      </trkpt>
      <trkpt lat="-44.79376" lon="167.78282">
        <ele>928.75</ele>
      </trkpt>
      <trkpt lat="-44.7937" lon="167.78284">
        <ele>924.42</ele>
      </trkpt>
      <trkpt lat="-44.79364" lon="167.78286">
        <ele>920.05</ele>
      </trkpt>
      <trkpt lat="-44.7936" lon="167.78292">
        <ele>920.75</ele>
      </trkpt>
      <trkpt lat="-44.79354" lon="167.78296">
        <ele>918.38</ele>
      </trkpt>
      <trkpt lat="-44.79349" lon="167.783">
        <ele>916.9</ele>
      </trkpt>
      <trkpt lat="-44.79344" lon="167.78305">
        <ele>916.18</ele>
      </trkpt>
      <trkpt lat="-44.79339" lon="167.78309">
        <ele>914.28</ele>
      </trkpt>
      <trkpt lat="-44.79333" lon="167.78312">
        <ele>910.9</ele>
      </trkpt>
      <trkpt lat="-44.79328" lon="167.78316">
        <ele>909.28</ele>
      </trkpt>
      <trkpt lat="-44.79323" lon="167.7832">
        <ele>907.61</ele>
      </trkpt>
      <trkpt lat="-44.79318" lon="167.78325">
        <ele>906.52</ele>
      </trkpt>
      <trkpt lat="-44.79313" lon="167.78329">
        <ele>904.74</ele>
      </trkpt>
      <trkpt lat="-44.79308" lon="167.78333">
        <ele>902.91</ele>
      </trkpt>
      <trkpt lat="-44.79304" lon="167.78337">
        <ele>900.8</ele>
      </trkpt>
      <trkpt lat="-44.79303" lon="167.78338">
        <ele>900.24</ele>
      </trkpt>
      <trkpt lat="-44.79298" lon="167.78342">
        <ele>897.18</ele>
      </trkpt>
      <trkpt lat="-44.79293" lon="167.78346">
        <ele>894.22</ele>
      </trkpt>
      <trkpt lat="-44.79288" lon="167.78351">
        <ele>891.73</ele>
      </trkpt>
      <trkpt lat="-44.79284" lon="167.78356">
        <ele>890.21</ele>
      </trkpt>
      <trkpt lat="-44.79279" lon="167.78362">
        <ele>888.11</ele>
      </trkpt>
      <trkpt lat="-44.79275" lon="167.78368">
        <ele>886.19</ele>
      </trkpt>
      <trkpt lat="-44.79271" lon="167.78374">
        <ele>884.92</ele>
      </trkpt>
      <trkpt lat="-44.79267" lon="167.7838">
        <ele>884.03</ele>
      </trkpt>
      <trkpt lat="-44.79263" lon="167.78387">
        <ele>883.73</ele>
      </trkpt>
      <trkpt lat="-44.79262" lon="167.78395">
        <ele>885.67</ele>
      </trkpt>
      <trkpt lat="-44.79263" lon="167.78403">
        <ele>888.65</ele>
      </trkpt>
      <trkpt lat="-44.79263" lon="167.78412">
        <ele>891.53</ele>
      </trkpt>
      <trkpt lat="-44.79264" lon="167.7842">
        <ele>894.76</ele>
      </trkpt>
      <trkpt lat="-44.79263" lon="167.78428">
        <ele>897.07</ele>
      </trkpt>
      <trkpt lat="-44.79259" lon="167.78435">
        <ele>897.23</ele>
      </trkpt>
      <trkpt lat="-44.79254" lon="167.78438">
        <ele>895.29</ele>
      </trkpt>
      <trkpt lat="-44.79248" lon="167.78437">
        <ele>891.74</ele>
      </trkpt>
      <trkpt lat="-44.79242" lon="167.78436">
        <ele>888.9</ele>
      </trkpt>
      <trkpt lat="-44.79236" lon="167.78433">
        <ele>885.45</ele>
      </trkpt>
      <trkpt lat="-44.7923" lon="167.78433">
        <ele>882.95</ele>
      </trkpt>
      <trkpt lat="-44.79226" lon="167.78426">
        <ele>879.23</ele>
      </trkpt>
      <trkpt lat="-44.79221" lon="167.78422">
        <ele>876.11</ele>
      </trkpt>
      <trkpt lat="-44.79217" lon="167.78415">
        <ele>872.74</ele>
      </trkpt>
      <trkpt lat="-44.79212" lon="167.78412">
        <ele>870.19</ele>
      </trkpt>
      <trkpt lat="-44.79206" lon="167.78409">
        <ele>867.47</ele>
      </trkpt>
      <trkpt lat="-44.792" lon="167.78408">
        <ele>865.43</ele>
      </trkpt>
      <trkpt lat="-44.79195" lon="167.78411">
        <ele>864.74</ele>
      </trkpt>
      <trkpt lat="-44.79191" lon="167.78418">
        <ele>865.61</ele>
      </trkpt>
      <trkpt lat="-44.79187" lon="167.78424">
        <ele>865.91</ele>
      </trkpt>
      <trkpt lat="-44.79183" lon="167.7843">
        <ele>866.14</ele>
      </trkpt>
      <trkpt lat="-44.79179" lon="167.78434">
        <ele>865.99</ele>
      </trkpt>
      <trkpt lat="-44.79178" lon="167.78435">
        <ele>865.95</ele>
      </trkpt>
      <trkpt lat="-44.79172" lon="167.78439">
        <ele>865.33</ele>
      </trkpt>
      <trkpt lat="-44.79166" lon="167.7844">
        <ele>864.32</ele>
      </trkpt>
      <trkpt lat="-44.7916" lon="167.78439">
        <ele>863.83</ele>
      </trkpt>
      <trkpt lat="-44.79155" lon="167.78434">
        <ele>862.97</ele>
      </trkpt>
      <trkpt lat="-44.79153" lon="167.78426">
        <ele>862.01</ele>
      </trkpt>
      <trkpt lat="-44.79151" lon="167.78418">
        <ele>861.14</ele>
      </trkpt>
      <trkpt lat="-44.7915" lon="167.7841">
        <ele>859.7</ele>
      </trkpt>
      <trkpt lat="-44.79146" lon="167.78403">
        <ele>858.41</ele>
      </trkpt>
      <trkpt lat="-44.79142" lon="167.784">
        <ele>857.93</ele>
      </trkpt>
      <trkpt lat="-44.79138" lon="167.78403">
        <ele>858.25</ele>
      </trkpt>
      <trkpt lat="-44.79132" lon="167.78406">
        <ele>856.79</ele>
      </trkpt>
      <trkpt lat="-44.79127" lon="167.7841">
        <ele>855.73</ele>
      </trkpt>
      <trkpt lat="-44.79121" lon="167.78413">
        <ele>854.07</ele>
      </trkpt>
      <trkpt lat="-44.79116" lon="167.78416">
        <ele>852.68</ele>
      </trkpt>
      <trkpt lat="-44.79111" lon="167.7842">
        <ele>851.46</ele>
      </trkpt>
      <trkpt lat="-44.79104" lon="167.78422">
        <ele>850.74</ele>
      </trkpt>
      <trkpt lat="-44.79099" lon="167.78427">
        <ele>850.74</ele>
      </trkpt>
      <trkpt lat="-44.79095" lon="167.78432">
        <ele>850.89</ele>
      </trkpt>
      <trkpt lat="-44.79095" lon="167.7844">
        <ele>852.04</ele>
      </trkpt>
      <trkpt lat="-44.79093" lon="167.78447">
        <ele>853.04</ele>
      </trkpt>
      <trkpt lat="-44.79092" lon="167.78451">
        <ele>853.9</ele>
      </trkpt>
      <trkpt lat="-44.79091" lon="167.78453">
        <ele>854.26</ele>
      </trkpt>
      <trkpt lat="-44.79086" lon="167.78456">
        <ele>854.3</ele>
      </trkpt>
      <trkpt lat="-44.79081" lon="167.78461">
        <ele>855.0</ele>
      </trkpt>
      <trkpt lat="-44.79075" lon="167.78465">
        <ele>855.58</ele>
      </trkpt>
      <trkpt lat="-44.7907" lon="167.78466">
        <ele>855.47</ele>
      </trkpt>
      <trkpt lat="-44.79065" lon="167.78462">
        <ele>854.1</ele>
      </trkpt>
      <trkpt lat="-44.7906" lon="167.7846">
        <ele>853.24</ele>
      </trkpt>
      <trkpt lat="-44.79054" lon="167.78458">
        <ele>852.55</ele>
      </trkpt>
      <trkpt lat="-44.79048" lon="167.78456">
        <ele>852.52</ele>
      </trkpt>
      <trkpt lat="-44.79043" lon="167.78454">
        <ele>852.33</ele>
      </trkpt>
      <trkpt lat="-44.79037" lon="167.78452">
        <ele>852.12</ele>
      </trkpt>
      <trkpt lat="-44.79032" lon="167.78449">
        <ele>851.41</ele>
      </trkpt>
      <trkpt lat="-44.79027" lon="167.78444">
        <ele>850.1</ele>
      </trkpt>
      <trkpt lat="-44.79023" lon="167.78437">
        <ele>849.96</ele>
      </trkpt>
      <trkpt lat="-44.79021" lon="167.78429">
        <ele>849.24</ele>
      </trkpt>
      <trkpt lat="-44.7902" lon="167.78421">
        <ele>848.3</ele>
      </trkpt>
      <trkpt lat="-44.7902" lon="167.78413">
        <ele>847.42</ele>
      </trkpt>
      <trkpt lat="-44.7902" lon="167.78404">
        <ele>846.77</ele>
      </trkpt>
      <trkpt lat="-44.7902" lon="167.78396">
        <ele>846.19</ele>
      </trkpt>
      <trkpt lat="-44.79022" lon="167.78388">
        <ele>845.15</ele>
      </trkpt>
      <trkpt lat="-44.79022" lon="167.7838">
        <ele>844.29</ele>
      </trkpt>
      <trkpt lat="-44.79022" lon="167.78371">
        <ele>843.32</ele>
      </trkpt>
      <trkpt lat="-44.79023" lon="167.78363">
        <ele>842.24</ele>
      </trkpt>
      <trkpt lat="-44.79025" lon="167.78355">
        <ele>841.29</ele>
      </trkpt>
      <trkpt lat="-44.79025" lon="167.78346">
        <ele>840.84</ele>
      </trkpt>
      <trkpt lat="-44.79025" lon="167.78344">
        <ele>840.74</ele>
      </trkpt>
      <trkpt lat="-44.79026" lon="167.78338">
        <ele>840.34</ele>
      </trkpt>
      <trkpt lat="-44.79027" lon="167.78329">
        <ele>839.74</ele>
      </trkpt>
      <trkpt lat="-44.79027" lon="167.78321">
        <ele>839.17</ele>
      </trkpt>
      <trkpt lat="-44.79027" lon="167.78313">
        <ele>838.59</ele>
      </trkpt>
      <trkpt lat="-44.79028" lon="167.78305">
        <ele>837.97</ele>
      </trkpt>
      <trkpt lat="-44.7903" lon="167.78296">
        <ele>837.78</ele>
      </trkpt>
      <trkpt lat="-44.79031" lon="167.78288">
        <ele>837.72</ele>
      </trkpt>
      <trkpt lat="-44.79033" lon="167.78279">
        <ele>837.29</ele>
      </trkpt>
      <trkpt lat="-44.79035" lon="167.7827">
        <ele>836.04</ele>
      </trkpt>
      <trkpt lat="-44.79034" lon="167.78262">
        <ele>835.66</ele>
      </trkpt>
      <trkpt lat="-44.79034" lon="167.78254">
        <ele>834.99</ele>
      </trkpt>
      <trkpt lat="-44.79034" lon="167.78246">
        <ele>834.51</ele>
      </trkpt>
      <trkpt lat="-44.79034" lon="167.78238">
        <ele>834.22</ele>
      </trkpt>
      <trkpt lat="-44.79035" lon="167.78229">
        <ele>833.68</ele>
      </trkpt>
      <trkpt lat="-44.79031" lon="167.78222">
        <ele>834.27</ele>
      </trkpt>
      <trkpt lat="-44.7903" lon="167.78214">
        <ele>833.09</ele>
      </trkpt>
      <trkpt lat="-44.79027" lon="167.78207">
        <ele>832.46</ele>
      </trkpt>
      <trkpt lat="-44.79025" lon="167.78199">
        <ele>831.59</ele>
      </trkpt>
      <trkpt lat="-44.79023" lon="167.78191">
        <ele>830.84</ele>
      </trkpt>
      <trkpt lat="-44.79022" lon="167.78183">
        <ele>829.95</ele>
      </trkpt>
      <trkpt lat="-44.79019" lon="167.78175">
        <ele>829.91</ele>
      </trkpt>
      <trkpt lat="-44.79018" lon="167.78168">
        <ele>829.4</ele>
      </trkpt>
      <trkpt lat="-44.79017" lon="167.7816">
        <ele>829.8</ele>
      </trkpt>
      <trkpt lat="-44.79015" lon="167.78152">
        <ele>830.81</ele>
      </trkpt>
      <trkpt lat="-44.79014" lon="167.78144">
        <ele>831.36</ele>
      </trkpt>
      <trkpt lat="-44.79016" lon="167.78136">
        <ele>830.46</ele>
      </trkpt>
      <trkpt lat="-44.79017" lon="167.78135">
        <ele>829.99</ele>
      </trkpt>
      <trkpt lat="-44.79018" lon="167.78127">
        <ele>829.02</ele>
      </trkpt>
      <trkpt lat="-44.79021" lon="167.78118">
        <ele>827.18</ele>
      </trkpt>
      <trkpt lat="-44.79023" lon="167.78109">
        <ele>825.53</ele>
      </trkpt>
      <trkpt lat="-44.79026" lon="167.781">
        <ele>822.73</ele>
      </trkpt>
      <trkpt lat="-44.79029" lon="167.78092">
        <ele>820.22</ele>
      </trkpt>
      <trkpt lat="-44.79031" lon="167.78083">
        <ele>818.02</ele>
      </trkpt>
      <trkpt lat="-44.79035" lon="167.78076">
        <ele>815.8</ele>
      </trkpt>
      <trkpt lat="-44.79038" lon="167.78068">
        <ele>813.64</ele>
      </trkpt>
      <trkpt lat="-44.79042" lon="167.78062">
        <ele>811.44</ele>
      </trkpt>
      <trkpt lat="-44.79046" lon="167.78055">
        <ele>809.08</ele>
      </trkpt>
      <trkpt lat="-44.79047" lon="167.78047">
        <ele>808.58</ele>
      </trkpt>
      <trkpt lat="-44.79045" lon="167.78039">
        <ele>808.97</ele>
      </trkpt>
      <trkpt lat="-44.79042" lon="167.78031">
        <ele>809.53</ele>
      </trkpt>
      <trkpt lat="-44.79045" lon="167.78023">
        <ele>807.33</ele>
      </trkpt>
      <trkpt lat="-44.79045" lon="167.78015">
        <ele>805.11</ele>
      </trkpt>
      <trkpt lat="-44.79046" lon="167.78006">
        <ele>802.19</ele>
      </trkpt>
      <trkpt lat="-44.79047" lon="167.77998">
        <ele>799.84</ele>
      </trkpt>
      <trkpt lat="-44.79047" lon="167.77989">
        <ele>799.12</ele>
      </trkpt>
      <trkpt lat="-44.79048" lon="167.77981">
        <ele>798.11</ele>
      </trkpt>
      <trkpt lat="-44.79045" lon="167.77976">
        <ele>798.76</ele>
      </trkpt>
      <trkpt lat="-44.79042" lon="167.77971">
        <ele>799.22</ele>
      </trkpt>
      <trkpt lat="-44.79037" lon="167.77967">
        <ele>800.2</ele>
      </trkpt>
      <trkpt lat="-44.79037" lon="167.77959">
        <ele>798.95</ele>
      </trkpt>
      <trkpt lat="-44.79035" lon="167.77951">
        <ele>798.24</ele>
      </trkpt>
      <trkpt lat="-44.79035" lon="167.77943">
        <ele>796.9</ele>
      </trkpt>
      <trkpt lat="-44.79034" lon="167.77935">
        <ele>795.54</ele>
      </trkpt>
      <trkpt lat="-44.79036" lon="167.77928">
        <ele>793.73</ele>
      </trkpt>
      <trkpt lat="-44.79042" lon="167.77925">
        <ele>791.93</ele>
      </trkpt>
      <trkpt lat="-44.79047" lon="167.77921">
        <ele>790.26</ele>
      </trkpt>
      <trkpt lat="-44.7905" lon="167.77919">
        <ele>789.37</ele>
      </trkpt>
      <trkpt lat="-44.79053" lon="167.77918">
        <ele>788.66</ele>
      </trkpt>
      <trkpt lat="-44.79058" lon="167.77914">
        <ele>787.45</ele>
      </trkpt>
      <trkpt lat="-44.79063" lon="167.77909">
        <ele>786.3</ele>
      </trkpt>
      <trkpt lat="-44.79068" lon="167.77905">
        <ele>785.18</ele>
      </trkpt>
      <trkpt lat="-44.79073" lon="167.779">
        <ele>783.91</ele>
      </trkpt>
      <trkpt lat="-44.79076" lon="167.77892">
        <ele>782.63</ele>
      </trkpt>
      <trkpt lat="-44.79079" lon="167.77885">
        <ele>781.36</ele>
      </trkpt>
      <trkpt lat="-44.79082" lon="167.77876">
        <ele>779.85</ele>
      </trkpt>
      <trkpt lat="-44.79085" lon="167.77867">
        <ele>778.55</ele>
      </trkpt>
      <trkpt lat="-44.79087" lon="167.77858">
        <ele>777.77</ele>
      </trkpt>
      <trkpt lat="-44.79091" lon="167.77851">
        <ele>777.46</ele>
      </trkpt>
      <trkpt lat="-44.79094" lon="167.77843">
        <ele>777.21</ele>
      </trkpt>
      <trkpt lat="-44.79098" lon="167.77838">
        <ele>777.08</ele>
      </trkpt>
      <trkpt lat="-44.79103" lon="167.77832">
        <ele>776.56</ele>
      </trkpt>
      <trkpt lat="-44.79108" lon="167.77827">
        <ele>774.8</ele>
      </trkpt>
      <trkpt lat="-44.7911" lon="167.77819">
        <ele>771.9</ele>
      </trkpt>
      <trkpt lat="-44.79114" lon="167.77812">
        <ele>769.12</ele>
      </trkpt>
      <trkpt lat="-44.79117" lon="167.77803">
        <ele>766.53</ele>
      </trkpt>
      <trkpt lat="-44.79118" lon="167.77795">
        <ele>765.71</ele>
      </trkpt>
      <trkpt lat="-44.79119" lon="167.77786">
        <ele>764.8</ele>
      </trkpt>
      <trkpt lat="-44.79121" lon="167.77778">
        <ele>764.02</ele>
      </trkpt>
      <trkpt lat="-44.79121" lon="167.77769">
        <ele>763.89</ele>
      </trkpt>
      <trkpt lat="-44.79123" lon="167.77761">
        <ele>763.74</ele>
      </trkpt>
      <trkpt lat="-44.79128" lon="167.77755">
        <ele>763.5</ele>
      </trkpt>
      <trkpt lat="-44.79132" lon="167.77749">
        <ele>763.16</ele>
      </trkpt>
      <trkpt lat="-44.79134" lon="167.77742">
        <ele>762.5</ele>
      </trkpt>
      <trkpt lat="-44.79134" lon="167.77734">
        <ele>761.82</ele>
      </trkpt>
      <trkpt lat="-44.79134" lon="167.77726">
        <ele>761.14</ele>
      </trkpt>
      <trkpt lat="-44.79138" lon="167.77719">
        <ele>761.08</ele>
      </trkpt>
      <trkpt lat="-44.79144" lon="167.77717">
        <ele>759.76</ele>
      </trkpt>
      <trkpt lat="-44.79149" lon="167.77713">
        <ele>758.3</ele>
      </trkpt>
      <trkpt lat="-44.79156" lon="167.77711">
        <ele>756.1</ele>
      </trkpt>
      <trkpt lat="-44.7916" lon="167.77706">
        <ele>754.49</ele>
      </trkpt>
      <trkpt lat="-44.79165" lon="167.77701">
        <ele>752.31</ele>
      </trkpt>
      <trkpt lat="-44.7917" lon="167.77696">
        <ele>750.45</ele>
      </trkpt>
      <trkpt lat="-44.79176" lon="167.77694">
        <ele>748.94</ele>
      </trkpt>
      <trkpt lat="-44.79182" lon="167.77691">
        <ele>747.38</ele>
      </trkpt>
      <trkpt lat="-44.79189" lon="167.7769">
        <ele>745.82</ele>
      </trkpt>
      <trkpt lat="-44.79194" lon="167.77687">
        <ele>744.56</ele>
      </trkpt>
      <trkpt lat="-44.79199" lon="167.77685">
        <ele>743.94</ele>
      </trkpt>
      <trkpt lat="-44.79212" lon="167.77673">
        <ele>741.7</ele>
      </trkpt>
      <trkpt lat="-44.79221" lon="167.77672">
        <ele>740.7</ele>
      </trkpt>
      <trkpt lat="-44.79224" lon="167.77675">
        <ele>740.79</ele>
      </trkpt>
      <trkpt lat="-44.79228" lon="167.77675">
        <ele>740.55</ele>
      </trkpt>
      <trkpt lat="-44.79233" lon="167.77671">
        <ele>739.75</ele>
      </trkpt>
      <trkpt lat="-44.79236" lon="167.77667">
        <ele>739.05</ele>
      </trkpt>
      <trkpt lat="-44.7924" lon="167.77661">
        <ele>737.99</ele>
      </trkpt>
      <trkpt lat="-44.79245" lon="167.77657">
        <ele>736.87</ele>
      </trkpt>
      <trkpt lat="-44.7925" lon="167.77653">
        <ele>735.54</ele>
      </trkpt>
      <trkpt lat="-44.79254" lon="167.77647">
        <ele>733.68</ele>
      </trkpt>
      <trkpt lat="-44.79259" lon="167.77642">
        <ele>731.69</ele>
      </trkpt>
      <trkpt lat="-44.79264" lon="167.77637">
        <ele>729.53</ele>
      </trkpt>
      <trkpt lat="-44.79268" lon="167.7763">
        <ele>726.8</ele>
      </trkpt>
      <trkpt lat="-44.79271" lon="167.77624">
        <ele>724.29</ele>
      </trkpt>
      <trkpt lat="-44.79272" lon="167.77615">
        <ele>721.4</ele>
      </trkpt>
      <trkpt lat="-44.79273" lon="167.77607">
        <ele>719.18</ele>
      </trkpt>
      <trkpt lat="-44.79274" lon="167.77599">
        <ele>717.38</ele>
      </trkpt>
      <trkpt lat="-44.79275" lon="167.7759">
        <ele>715.38</ele>
      </trkpt>
      <trkpt lat="-44.79278" lon="167.77581">
        <ele>712.7</ele>
      </trkpt>
      <trkpt lat="-44.79281" lon="167.77573">
        <ele>711.1</ele>
      </trkpt>
      <trkpt lat="-44.79284" lon="167.77565">
        <ele>709.38</ele>
      </trkpt>
      <trkpt lat="-44.79287" lon="167.77557">
        <ele>707.53</ele>
      </trkpt>
      <trkpt lat="-44.79292" lon="167.77552">
        <ele>704.62</ele>
      </trkpt>
      <trkpt lat="-44.79296" lon="167.77546">
        <ele>701.1</ele>
      </trkpt>
      <trkpt lat="-44.79301" lon="167.77542">
        <ele>697.78</ele>
      </trkpt>
      <trkpt lat="-44.79303" lon="167.7754">
        <ele>696.22</ele>
      </trkpt>
      <trkpt lat="-44.79305" lon="167.77536">
        <ele>693.77</ele>
      </trkpt>
      <trkpt lat="-44.7931" lon="167.7753">
        <ele>689.85</ele>
      </trkpt>
      <trkpt lat="-44.79314" lon="167.77525">
        <ele>687.08</ele>
      </trkpt>
      <trkpt lat="-44.79318" lon="167.77518">
        <ele>683.93</ele>
      </trkpt>
      <trkpt lat="-44.79324" lon="167.77516">
        <ele>681.54</ele>
      </trkpt>
      <trkpt lat="-44.79329" lon="167.77512">
        <ele>678.68</ele>
      </trkpt>
      <trkpt lat="-44.79336" lon="167.7751">
        <ele>675.81</ele>
      </trkpt>
      <trkpt lat="-44.79339" lon="167.77503">
        <ele>672.15</ele>
      </trkpt>
      <trkpt lat="-44.79344" lon="167.77497">
        <ele>668.3</ele>
      </trkpt>
      <trkpt lat="-44.79348" lon="167.77491">
        <ele>665.13</ele>
      </trkpt>
      <trkpt lat="-44.79352" lon="167.77486">
        <ele>662.25</ele>
      </trkpt>
      <trkpt lat="-44.79357" lon="167.77481">
        <ele>659.01</ele>
      </trkpt>
      <trkpt lat="-44.7936" lon="167.77473">
        <ele>655.62</ele>
      </trkpt>
      <trkpt lat="-44.79364" lon="167.77467">
        <ele>653.04</ele>
      </trkpt>
      <trkpt lat="-44.79367" lon="167.77458">
        <ele>650.23</ele>
      </trkpt>
      <trkpt lat="-44.79373" lon="167.77455">
        <ele>647.86</ele>
      </trkpt>
      <trkpt lat="-44.79378" lon="167.77451">
        <ele>645.55</ele>
      </trkpt>
      <trkpt lat="-44.79383" lon="167.77447">
        <ele>643.25</ele>
      </trkpt>
      <trkpt lat="-44.79388" lon="167.77442">
        <ele>641.32</ele>
      </trkpt>
      <trkpt lat="-44.79392" lon="167.77436">
        <ele>641.04</ele>
      </trkpt>
      <trkpt lat="-44.79397" lon="167.77432">
        <ele>640.3</ele>
      </trkpt>
      <trkpt lat="-44.79402" lon="167.77427">
        <ele>638.84</ele>
      </trkpt>
      <trkpt lat="-44.79408" lon="167.77425">
        <ele>637.09</ele>
      </trkpt>
      <trkpt lat="-44.79414" lon="167.77422">
        <ele>634.68</ele>
      </trkpt>
      <trkpt lat="-44.79421" lon="167.77421">
        <ele>633.8</ele>
      </trkpt>
      <trkpt lat="-44.79426" lon="167.77417">
        <ele>632.78</ele>
      </trkpt>
      <trkpt lat="-44.7943" lon="167.77411">
        <ele>631.75</ele>
      </trkpt>
      <trkpt lat="-44.79433" lon="167.77402">
        <ele>629.82</ele>
      </trkpt>
      <trkpt lat="-44.79435" lon="167.77393">
        <ele>627.66</ele>
      </trkpt>
      <trkpt lat="-44.79438" lon="167.77384">
        <ele>626.36</ele>
      </trkpt>
      <trkpt lat="-44.79439" lon="167.77376">
        <ele>626.01</ele>
      </trkpt>
      <trkpt lat="-44.79441" lon="167.77367">
        <ele>625.26</ele>
      </trkpt>
      <trkpt lat="-44.79441" lon="167.77359">
        <ele>624.78</ele>
      </trkpt>
      <trkpt lat="-44.79443" lon="167.77353">
        <ele>623.57</ele>
      </trkpt>
      <trkpt lat="-44.79447" lon="167.77346">
        <ele>621.99</ele>
      </trkpt>
      <trkpt lat="-44.79451" lon="167.77341">
        <ele>620.78</ele>
      </trkpt>
      <trkpt lat="-44.79452" lon="167.77332">
        <ele>619.59</ele>
      </trkpt>
      <trkpt lat="-44.79451" lon="167.77324">
        <ele>619.48</ele>
      </trkpt>
      <trkpt lat="-44.79451" lon="167.77316">
        <ele>619.2</ele>
      </trkpt>
      <trkpt lat="-44.79451" lon="167.77314">
        <ele>619.12</ele>
      </trkpt>
      <trkpt lat="-44.79451" lon="167.77308">
        <ele>618.91</ele>
      </trkpt>
      <trkpt lat="-44.79451" lon="167.773">
        <ele>617.66</ele>
      </trkpt>
      <trkpt lat="-44.79451" lon="167.77291">
        <ele>615.77</ele>
      </trkpt>
      <trkpt lat="-44.79451" lon="167.77283">
        <ele>614.09</ele>
      </trkpt>
      <trkpt lat="-44.7945" lon="167.77275">
        <ele>613.3</ele>
      </trkpt>
      <trkpt lat="-44.79449" lon="167.77267">
        <ele>614.23</ele>
      </trkpt>
      <trkpt lat="-44.79447" lon="167.77259">
        <ele>615.39</ele>
      </trkpt>
      <trkpt lat="-44.79446" lon="167.77252">
        <ele>616.45</ele>
      </trkpt>
      <trkpt lat="-44.79445" lon="167.77244">
        <ele>616.69</ele>
      </trkpt>
      <trkpt lat="-44.79447" lon="167.77235">
        <ele>616.05</ele>
      </trkpt>
      <trkpt lat="-44.79447" lon="167.77227">
        <ele>615.79</ele>
      </trkpt>
      <trkpt lat="-44.7945" lon="167.77218">
        <ele>614.17</ele>
      </trkpt>
      <trkpt lat="-44.79449" lon="167.7721">
        <ele>612.26</ele>
      </trkpt>
      <trkpt lat="-44.79448" lon="167.77202">
        <ele>610.22</ele>
      </trkpt>
      <trkpt lat="-44.79445" lon="167.77194">
        <ele>608.01</ele>
      </trkpt>
      <trkpt lat="-44.79442" lon="167.77187">
        <ele>607.78</ele>
      </trkpt>
      <trkpt lat="-44.79439" lon="167.77179">
        <ele>607.69</ele>
      </trkpt>
      <trkpt lat="-44.79437" lon="167.77172">
        <ele>607.62</ele>
      </trkpt>
      <trkpt lat="-44.79434" lon="167.77164">
        <ele>607.76</ele>
      </trkpt>
      <trkpt lat="-44.79433" lon="167.77156">
        <ele>607.61</ele>
      </trkpt>
      <trkpt lat="-44.79431" lon="167.77148">
        <ele>607.73</ele>
      </trkpt>
      <trkpt lat="-44.7943" lon="167.7714">
        <ele>607.68</ele>
      </trkpt>
      <trkpt lat="-44.79429" lon="167.77132">
        <ele>607.89</ele>
      </trkpt>
      <trkpt lat="-44.79429" lon="167.77124">
        <ele>607.89</ele>
      </trkpt>
      <trkpt lat="-44.79428" lon="167.77116">
        <ele>608.14</ele>
      </trkpt>
      <trkpt lat="-44.79429" lon="167.77108">
        <ele>607.84</ele>
      </trkpt>
      <trkpt lat="-44.79432" lon="167.77101">
        <ele>606.94</ele>
      </trkpt>
      <trkpt lat="-44.79437" lon="167.77096">
        <ele>605.48</ele>
      </trkpt>
      <trkpt lat="-44.79442" lon="167.77091">
        <ele>603.96</ele>
      </trkpt>
      <trkpt lat="-44.79448" lon="167.77089">
        <ele>602.69</ele>
      </trkpt>
      <trkpt lat="-44.7945" lon="167.77088">
        <ele>602.37</ele>
      </trkpt>
      <trkpt lat="-44.79454" lon="167.77086">
        <ele>601.72</ele>
      </trkpt>
      <trkpt lat="-44.7946" lon="167.77083">
        <ele>600.71</ele>
      </trkpt>
      <trkpt lat="-44.79466" lon="167.7708">
        <ele>599.18</ele>
      </trkpt>
      <trkpt lat="-44.79472" lon="167.77077">
        <ele>597.22</ele>
      </trkpt>
      <trkpt lat="-44.79477" lon="167.77075">
        <ele>595.12</ele>
      </trkpt>
      <trkpt lat="-44.79482" lon="167.7707">
        <ele>592.64</ele>
      </trkpt>
      <trkpt lat="-44.79488" lon="167.77067">
        <ele>590.72</ele>
      </trkpt>
      <trkpt lat="-44.79494" lon="167.77065">
        <ele>589.24</ele>
      </trkpt>
      <trkpt lat="-44.79499" lon="167.7706">
        <ele>588.15</ele>
      </trkpt>
      <trkpt lat="-44.79504" lon="167.77056">
        <ele>587.28</ele>
      </trkpt>
      <trkpt lat="-44.7951" lon="167.77053">
        <ele>586.44</ele>
      </trkpt>
      <trkpt lat="-44.79515" lon="167.77051">
        <ele>585.7</ele>
      </trkpt>
      <trkpt lat="-44.79516" lon="167.7705">
        <ele>585.6</ele>
      </trkpt>
      <trkpt lat="-44.79521" lon="167.77046">
        <ele>584.99</ele>
      </trkpt>
      <trkpt lat="-44.79528" lon="167.77044">
        <ele>583.81</ele>
      </trkpt>
      <trkpt lat="-44.79532" lon="167.77039">
        <ele>583.71</ele>
      </trkpt>
      <trkpt lat="-44.79537" lon="167.77034">
        <ele>583.37</ele>
      </trkpt>
      <trkpt lat="-44.7954" lon="167.77026">
        <ele>583.18</ele>
      </trkpt>
      <trkpt lat="-44.79544" lon="167.7702">
        <ele>582.38</ele>
      </trkpt>
      <trkpt lat="-44.79548" lon="167.77013">
        <ele>581.56</ele>
      </trkpt>
      <trkpt lat="-44.79552" lon="167.77006">
        <ele>580.73</ele>
      </trkpt>
      <trkpt lat="-44.79554" lon="167.77">
        <ele>580.22</ele>
      </trkpt>
      <trkpt lat="-44.79553" lon="167.76992">
        <ele>579.01</ele>
      </trkpt>
      <trkpt lat="-44.79551" lon="167.76984">
        <ele>578.06</ele>
      </trkpt>
      <trkpt lat="-44.7955" lon="167.76976">
        <ele>577.0</ele>
      </trkpt>
      <trkpt lat="-44.79549" lon="167.76968">
        <ele>575.9</ele>
      </trkpt>
      <trkpt lat="-44.79546" lon="167.76961">
        <ele>575.24</ele>
      </trkpt>
      <trkpt lat="-44.79545" lon="167.76953">
        <ele>573.84</ele>
      </trkpt>
      <trkpt lat="-44.79543" lon="167.76945">
        <ele>572.47</ele>
      </trkpt>
      <trkpt lat="-44.79542" lon="167.76937">
        <ele>572.2</ele>
      </trkpt>
      <trkpt lat="-44.79541" lon="167.76929">
        <ele>572.02</ele>
      </trkpt>
      <trkpt lat="-44.79541" lon="167.76921">
        <ele>571.73</ele>
      </trkpt>
      <trkpt lat="-44.79541" lon="167.76913">
        <ele>570.99</ele>
      </trkpt>
      <trkpt lat="-44.79541" lon="167.76904">
        <ele>569.57</ele>
      </trkpt>
      <trkpt lat="-44.79539" lon="167.76896">
        <ele>568.8</ele>
      </trkpt>
      <trkpt lat="-44.79539" lon="167.76888">
        <ele>567.7</ele>
      </trkpt>
      <trkpt lat="-44.79538" lon="167.7688">
        <ele>567.42</ele>
      </trkpt>
      <trkpt lat="-44.79537" lon="167.76872">
        <ele>567.13</ele>
      </trkpt>
      <trkpt lat="-44.79536" lon="167.76864">
        <ele>566.84</ele>
      </trkpt>
      <trkpt lat="-44.79538" lon="167.76856">
        <ele>565.87</ele>
      </trkpt>
      <trkpt lat="-44.79539" lon="167.76847">
        <ele>565.26</ele>
      </trkpt>
      <trkpt lat="-44.79542" lon="167.76839">
        <ele>564.11</ele>
      </trkpt>
      <trkpt lat="-44.79545" lon="167.7683">
        <ele>562.99</ele>
      </trkpt>
      <trkpt lat="-44.79547" lon="167.76821">
        <ele>562.33</ele>
      </trkpt>
      <trkpt lat="-44.7955" lon="167.76812">
        <ele>561.45</ele>
      </trkpt>
      <trkpt lat="-44.79553" lon="167.76804">
        <ele>560.64</ele>
      </trkpt>
      <trkpt lat="-44.79555" lon="167.76795">
        <ele>560.13</ele>
      </trkpt>
      <trkpt lat="-44.79559" lon="167.76788">
        <ele>560.87</ele>
      </trkpt>
      <trkpt lat="-44.79562" lon="167.7678">
        <ele>561.62</ele>
      </trkpt>
      <trkpt lat="-44.79566" lon="167.76774">
        <ele>562.16</ele>
      </trkpt>
      <trkpt lat="-44.79568" lon="167.76768">
        <ele>561.8</ele>
      </trkpt>
      <trkpt lat="-44.79567" lon="167.7676">
        <ele>560.55</ele>
      </trkpt>
      <trkpt lat="-44.79567" lon="167.76751">
        <ele>559.37</ele>
      </trkpt>
      <trkpt lat="-44.79567" lon="167.76743">
        <ele>558.42</ele>
      </trkpt>
      <trkpt lat="-44.79567" lon="167.76735">
        <ele>557.49</ele>
      </trkpt>
      <trkpt lat="-44.79567" lon="167.76727">
        <ele>556.56</ele>
      </trkpt>
      <trkpt lat="-44.79567" lon="167.76719">
        <ele>556.01</ele>
      </trkpt>
      <trkpt lat="-44.79567" lon="167.76716">
        <ele>556.03</ele>
      </trkpt>
      <trkpt lat="-44.79567" lon="167.7671">
        <ele>556.05</ele>
      </trkpt>
      <trkpt lat="-44.79566" lon="167.76702">
        <ele>556.27</ele>
      </trkpt>
      <trkpt lat="-44.79566" lon="167.76694">
        <ele>556.32</ele>
      </trkpt>
      <trkpt lat="-44.79565" lon="167.76686">
        <ele>555.71</ele>
      </trkpt>
      <trkpt lat="-44.79565" lon="167.76678">
        <ele>554.86</ele>
      </trkpt>
      <trkpt lat="-44.79564" lon="167.7667">
        <ele>554.15</ele>
      </trkpt>
      <trkpt lat="-44.79565" lon="167.76662">
        <ele>553.37</ele>
      </trkpt>
      <trkpt lat="-44.79567" lon="167.76653">
        <ele>552.8</ele>
      </trkpt>
      <trkpt lat="-44.79572" lon="167.76647">
        <ele>552.73</ele>
      </trkpt>
      <trkpt lat="-44.79575" lon="167.7664">
        <ele>553.06</ele>
      </trkpt>
      <trkpt lat="-44.79579" lon="167.76633">
        <ele>552.87</ele>
      </trkpt>
      <trkpt lat="-44.79583" lon="167.76627">
        <ele>551.89</ele>
      </trkpt>
      <trkpt lat="-44.79586" lon="167.76619">
        <ele>550.3</ele>
      </trkpt>
      <trkpt lat="-44.79592" lon="167.76617">
        <ele>549.84</ele>
      </trkpt>
      <trkpt lat="-44.79597" lon="167.76612">
        <ele>549.53</ele>
      </trkpt>
      <trkpt lat="-44.79604" lon="167.76611">
        <ele>549.72</ele>
      </trkpt>
      <trkpt lat="-44.79607" lon="167.76604">
        <ele>548.26</ele>
      </trkpt>
      <trkpt lat="-44.7961" lon="167.76595">
        <ele>545.6</ele>
      </trkpt>
      <trkpt lat="-44.79611" lon="167.76587">
        <ele>543.09</ele>
      </trkpt>
      <trkpt lat="-44.79614" lon="167.76578">
        <ele>539.68</ele>
      </trkpt>
      <trkpt lat="-44.79613" lon="167.7657">
        <ele>538.06</ele>
      </trkpt>
      <trkpt lat="-44.79611" lon="167.76562">
        <ele>536.66</ele>
      </trkpt>
      <trkpt lat="-44.7961" lon="167.76554">
        <ele>535.08</ele>
      </trkpt>
      <trkpt lat="-44.79609" lon="167.76546">
        <ele>533.94</ele>
      </trkpt>
      <trkpt lat="-44.79606" lon="167.76539">
        <ele>533.57</ele>
      </trkpt>
      <trkpt lat="-44.79603" lon="167.76531">
        <ele>532.95</ele>
      </trkpt>
      <trkpt lat="-44.79601" lon="167.76523">
        <ele>532.05</ele>
      </trkpt>
      <trkpt lat="-44.79596" lon="167.76518">
        <ele>532.59</ele>
      </trkpt>
      <trkpt lat="-44.79592" lon="167.76512">
        <ele>532.66</ele>
      </trkpt>
      <trkpt lat="-44.79587" lon="167.76508">
        <ele>533.38</ele>
      </trkpt>
      <trkpt lat="-44.79584" lon="167.76502">
        <ele>533.17</ele>
      </trkpt>
      <trkpt lat="-44.79582" lon="167.76494">
        <ele>533.7</ele>
      </trkpt>
      <trkpt lat="-44.79581" lon="167.76486">
        <ele>534.13</ele>
      </trkpt>
      <trkpt lat="-44.79576" lon="167.76483">
        <ele>535.33</ele>
      </trkpt>
      <trkpt lat="-44.79571" lon="167.76478">
        <ele>535.96</ele>
      </trkpt>
      <trkpt lat="-44.79568" lon="167.76473">
        <ele>535.77</ele>
      </trkpt>
      <trkpt lat="-44.79569" lon="167.76464">
        <ele>534.54</ele>
      </trkpt>
      <trkpt lat="-44.79571" lon="167.76456">
        <ele>533.12</ele>
      </trkpt>
      <trkpt lat="-44.79574" lon="167.76447">
        <ele>531.09</ele>
      </trkpt>
      <trkpt lat="-44.79574" lon="167.76444">
        <ele>530.62</ele>
      </trkpt>
      <trkpt lat="-44.79575" lon="167.76438">
        <ele>529.43</ele>
      </trkpt>
      <trkpt lat="-44.79577" lon="167.7643">
        <ele>527.42</ele>
      </trkpt>
      <trkpt lat="-44.79577" lon="167.76422">
        <ele>526.08</ele>
      </trkpt>
      <trkpt lat="-44.79579" lon="167.76415">
        <ele>523.75</ele>
      </trkpt>
      <trkpt lat="-44.79583" lon="167.76409">
        <ele>520.23</ele>
      </trkpt>
      <trkpt lat="-44.79587" lon="167.76403">
        <ele>517.96</ele>
      </trkpt>
      <trkpt lat="-44.7959" lon="167.76394">
        <ele>515.59</ele>
      </trkpt>
      <trkpt lat="-44.7959" lon="167.76386">
        <ele>514.0</ele>
      </trkpt>
      <trkpt lat="-44.79591" lon="167.76378">
        <ele>512.49</ele>
      </trkpt>
      <trkpt lat="-44.79591" lon="167.7637">
        <ele>511.05</ele>
      </trkpt>
      <trkpt lat="-44.79591" lon="167.76361">
        <ele>509.43</ele>
      </trkpt>
      <trkpt lat="-44.79591" lon="167.76353">
        <ele>508.28</ele>
      </trkpt>
      <trkpt lat="-44.79591" lon="167.76345">
        <ele>507.13</ele>
      </trkpt>
      <trkpt lat="-44.7959" lon="167.76339">
        <ele>506.34</ele>
      </trkpt>
      <trkpt lat="-44.7959" lon="167.76337">
        <ele>506.05</ele>
      </trkpt>
      <trkpt lat="-44.79589" lon="167.76329">
        <ele>505.18</ele>
      </trkpt>
      <trkpt lat="-44.79587" lon="167.76321">
        <ele>504.67</ele>
      </trkpt>
      <trkpt lat="-44.79586" lon="167.76313">
        <ele>504.13</ele>
      </trkpt>
      <trkpt lat="-44.79583" lon="167.76306">
        <ele>504.19</ele>
      </trkpt>
      <trkpt lat="-44.79582" lon="167.76298">
        <ele>502.99</ele>
      </trkpt>
      <trkpt lat="-44.79581" lon="167.7629">
        <ele>501.73</ele>
      </trkpt>
      <trkpt lat="-44.79578" lon="167.76282">
        <ele>501.41</ele>
      </trkpt>
      <trkpt lat="-44.79577" lon="167.76274">
        <ele>500.28</ele>
      </trkpt>
      <trkpt lat="-44.79575" lon="167.76266">
        <ele>499.78</ele>
      </trkpt>
      <trkpt lat="-44.79574" lon="167.76259">
        <ele>498.99</ele>
      </trkpt>
      <trkpt lat="-44.79573" lon="167.76251">
        <ele>498.02</ele>
      </trkpt>
      <trkpt lat="-44.79573" lon="167.76242">
        <ele>497.51</ele>
      </trkpt>
      <trkpt lat="-44.79571" lon="167.76234">
        <ele>498.0</ele>
      </trkpt>
      <trkpt lat="-44.79571" lon="167.76226">
        <ele>497.62</ele>
      </trkpt>
      <trkpt lat="-44.7957" lon="167.76218">
        <ele>498.02</ele>
      </trkpt>
      <trkpt lat="-44.7957" lon="167.7621">
        <ele>498.45</ele>
      </trkpt>
      <trkpt lat="-44.79566" lon="167.76203">
        <ele>500.36</ele>
      </trkpt>
      <trkpt lat="-44.79565" lon="167.76195">
        <ele>501.23</ele>
      </trkpt>
      <trkpt lat="-44.79562" lon="167.76187">
        <ele>500.18</ele>
      </trkpt>
      <trkpt lat="-44.79559" lon="167.7618">
        <ele>499.35</ele>
      </trkpt>
      <trkpt lat="-44.79558" lon="167.76172">
        <ele>497.43</ele>
      </trkpt>
      <trkpt lat="-44.79558" lon="167.76164">
        <ele>495.38</ele>
      </trkpt>
      <trkpt lat="-44.79557" lon="167.76156">
        <ele>494.42</ele>
      </trkpt>
      <trkpt lat="-44.79558" lon="167.76147">
        <ele>492.38</ele>
      </trkpt>
      <trkpt lat="-44.79555" lon="167.7614">
        <ele>492.5</ele>
      </trkpt>
      <trkpt lat="-44.79551" lon="167.76132">
        <ele>492.72</ele>
      </trkpt>
      <trkpt lat="-44.79547" lon="167.76125">
        <ele>493.12</ele>
      </trkpt>
      <trkpt lat="-44.79545" lon="167.76117">
        <ele>492.18</ele>
      </trkpt>
      <trkpt lat="-44.79546" lon="167.76109">
        <ele>489.6</ele>
      </trkpt>
      <trkpt lat="-44.79549" lon="167.761">
        <ele>485.65</ele>
      </trkpt>
      <trkpt lat="-44.79551" lon="167.76091">
        <ele>482.27</ele>
      </trkpt>
      <trkpt lat="-44.79553" lon="167.76083">
        <ele>479.22</ele>
      </trkpt>
      <trkpt lat="-44.79554" lon="167.76074">
        <ele>476.81</ele>
      </trkpt>
      <trkpt lat="-44.79555" lon="167.76066">
        <ele>474.56</ele>
      </trkpt>
      <trkpt lat="-44.79555" lon="167.76057">
        <ele>472.63</ele>
      </trkpt>
      <trkpt lat="-44.79554" lon="167.7605">
        <ele>472.27</ele>
      </trkpt>
      <trkpt lat="-44.79554" lon="167.76041">
        <ele>471.27</ele>
      </trkpt>
      <trkpt lat="-44.79553" lon="167.76034">
        <ele>471.0</ele>
      </trkpt>
      <trkpt lat="-44.79551" lon="167.76026">
        <ele>470.88</ele>
      </trkpt>
      <trkpt lat="-44.7955" lon="167.76018">
        <ele>469.48</ele>
      </trkpt>
      <trkpt lat="-44.7955" lon="167.7601">
        <ele>467.58</ele>
      </trkpt>
      <trkpt lat="-44.79549" lon="167.76002">
        <ele>466.08</ele>
      </trkpt>
      <trkpt lat="-44.79549" lon="167.75993">
        <ele>462.76</ele>
      </trkpt>
      <trkpt lat="-44.79548" lon="167.75985">
        <ele>459.91</ele>
      </trkpt>
      <trkpt lat="-44.79549" lon="167.75982">
        <ele>458.32</ele>
      </trkpt>
      <trkpt lat="-44.7955" lon="167.75977">
        <ele>455.93</ele>
      </trkpt>
      <trkpt lat="-44.7955" lon="167.75969">
        <ele>453.56</ele>
      </trkpt>
      <trkpt lat="-44.79552" lon="167.7596">
        <ele>451.73</ele>
      </trkpt>
      <trkpt lat="-44.79549" lon="167.75952">
        <ele>451.49</ele>
      </trkpt>
      <trkpt lat="-44.79547" lon="167.75945">
        <ele>450.93</ele>
      </trkpt>
      <trkpt lat="-44.79545" lon="167.75937">
        <ele>448.33</ele>
      </trkpt>
      <trkpt lat="-44.79543" lon="167.75929">
        <ele>445.6</ele>
      </trkpt>
      <trkpt lat="-44.79541" lon="167.75921">
        <ele>442.86</ele>
      </trkpt>
      <trkpt lat="-44.79536" lon="167.75916">
        <ele>442.08</ele>
      </trkpt>
      <trkpt lat="-44.7953" lon="167.75915">
        <ele>443.12</ele>
      </trkpt>
      <trkpt lat="-44.79525" lon="167.75913">
        <ele>443.64</ele>
      </trkpt>
      <trkpt lat="-44.79519" lon="167.75911">
        <ele>444.27</ele>
      </trkpt>
      <trkpt lat="-44.79514" lon="167.75907">
        <ele>444.02</ele>
      </trkpt>
      <trkpt lat="-44.79509" lon="167.75903">
        <ele>443.61</ele>
      </trkpt>
      <trkpt lat="-44.79504" lon="167.759">
        <ele>443.4</ele>
      </trkpt>
      <trkpt lat="-44.79499" lon="167.75894">
        <ele>442.01</ele>
      </trkpt>
      <trkpt lat="-44.79494" lon="167.7589">
        <ele>441.47</ele>
      </trkpt>
      <trkpt lat="-44.79489" lon="167.75885">
        <ele>440.44</ele>
      </trkpt>
      <trkpt lat="-44.79483" lon="167.75886">
        <ele>441.92</ele>
      </trkpt>
      <trkpt lat="-44.79477" lon="167.75884">
        <ele>442.2</ele>
      </trkpt>
      <trkpt lat="-44.79472" lon="167.75884">
        <ele>443.18</ele>
      </trkpt>
      <trkpt lat="-44.79471" lon="167.75885">
        <ele>444.12</ele>
      </trkpt>
      <trkpt lat="-44.79466" lon="167.7588">
        <ele>444.84</ele>
      </trkpt>
      <trkpt lat="-44.79462" lon="167.75872">
        <ele>443.83</ele>
      </trkpt>
      <trkpt lat="-44.7946" lon="167.75865">
        <ele>442.14</ele>
      </trkpt>
      <trkpt lat="-44.79457" lon="167.75857">
        <ele>440.87</ele>
      </trkpt>
      <trkpt lat="-44.79455" lon="167.75849">
        <ele>439.27</ele>
      </trkpt>
      <trkpt lat="-44.79452" lon="167.75844">
        <ele>439.1</ele>
      </trkpt>
      <trkpt lat="-44.79447" lon="167.75839">
        <ele>439.81</ele>
      </trkpt>
      <trkpt lat="-44.79443" lon="167.75834">
        <ele>439.87</ele>
      </trkpt>
      <trkpt lat="-44.79438" lon="167.7583">
        <ele>440.56</ele>
      </trkpt>
      <trkpt lat="-44.79433" lon="167.75824">
        <ele>440.45</ele>
      </trkpt>
      <trkpt lat="-44.79428" lon="167.7582">
        <ele>441.02</ele>
      </trkpt>
      <trkpt lat="-44.79427" lon="167.75818">
        <ele>440.67</ele>
      </trkpt>
      <trkpt lat="-44.79426" lon="167.75818">
        <ele>441.08</ele>
      </trkpt>
      <trkpt lat="-44.79422" lon="167.75815">
        <ele>441.56</ele>
      </trkpt>
      <trkpt lat="-44.79418" lon="167.75811">
        <ele>441.62</ele>
      </trkpt>
      <trkpt lat="-44.79417" lon="167.75808">
        <ele>440.83</ele>
      </trkpt>
      <trkpt lat="-44.79417" lon="167.75808">
        <ele>440.83</ele>
      </trkpt>
      <trkpt lat="-44.79418" lon="167.75801">
        <ele>437.53</ele>
      </trkpt>
      <trkpt lat="-44.79418" lon="167.75801">
        <ele>437.53</ele>
      </trkpt>
      <trkpt lat="-44.79418" lon="167.75801">
        <ele>437.53</ele>
      </trkpt>
      <trkpt lat="-44.79422" lon="167.75797">
        <ele>434.37</ele>
      </trkpt>
      <trkpt lat="-44.79426" lon="167.75796">
        <ele>432.52</ele>
      </trkpt>
      <trkpt lat="-44.79426" lon="167.75796">
        <ele>432.52</ele>
      </trkpt>
      <trkpt lat="-44.79431" lon="167.75796">
        <ele>430.73</ele>
      </trkpt>
      <trkpt lat="-44.79434" lon="167.75796">
        <ele>429.65</ele>
      </trkpt>
      <trkpt lat="-44.79436" lon="167.7579">
        <ele>426.79</ele>
      </trkpt>
      <trkpt lat="-44.79435" lon="167.75782">
        <ele>424.24</ele>
      </trkpt>
      <trkpt lat="-44.79435" lon="167.75777">
        <ele>422.43</ele>
      </trkpt>
      <trkpt lat="-44.79433" lon="167.75767">
        <ele>419.26</ele>
      </trkpt>
      <trkpt lat="-44.79432" lon="167.75766">
        <ele>419.15</ele>
      </trkpt>
      <trkpt lat="-44.79427" lon="167.75761">
        <ele>418.6</ele>
      </trkpt>
      <trkpt lat="-44.79422" lon="167.75758">
        <ele>418.77</ele>
      </trkpt>
      <trkpt lat="-44.79417" lon="167.75754">
        <ele>418.5</ele>
      </trkpt>
      <trkpt lat="-44.79413" lon="167.75748">
        <ele>417.04</ele>
      </trkpt>
      <trkpt lat="-44.79408" lon="167.75744">
        <ele>416.51</ele>
      </trkpt>
      <trkpt lat="-44.79402" lon="167.7574">
        <ele>416.0</ele>
      </trkpt>
      <trkpt lat="-44.79397" lon="167.75737">
        <ele>415.57</ele>
      </trkpt>
      <trkpt lat="-44.79392" lon="167.75733">
        <ele>414.58</ele>
      </trkpt>
      <trkpt lat="-44.79387" lon="167.7573">
        <ele>413.61</ele>
      </trkpt>
      <trkpt lat="-44.79384" lon="167.75725">
        <ele>411.16</ele>
      </trkpt>
      <trkpt lat="-44.79385" lon="167.75716">
        <ele>407.4</ele>
      </trkpt>
      <trkpt lat="-44.79388" lon="167.75707">
        <ele>403.94</ele>
      </trkpt>
      <trkpt lat="-44.7939" lon="167.75699">
        <ele>400.72</ele>
      </trkpt>
      <trkpt lat="-44.79391" lon="167.7569">
        <ele>397.42</ele>
      </trkpt>
      <trkpt lat="-44.79388" lon="167.75685">
        <ele>395.9</ele>
      </trkpt>
      <trkpt lat="-44.79383" lon="167.75681">
        <ele>394.33</ele>
      </trkpt>
      <trkpt lat="-44.79378" lon="167.75677">
        <ele>392.71</ele>
      </trkpt>
      <trkpt lat="-44.79376" lon="167.75669">
        <ele>389.87</ele>
      </trkpt>
      <trkpt lat="-44.79378" lon="167.7566">
        <ele>385.8</ele>
      </trkpt>
      <trkpt lat="-44.79378" lon="167.75652">
        <ele>381.71</ele>
      </trkpt>
      <trkpt lat="-44.79381" lon="167.75643">
        <ele>377.14</ele>
      </trkpt>
      <trkpt lat="-44.79378" lon="167.75636">
        <ele>374.02</ele>
      </trkpt>
      <trkpt lat="-44.79374" lon="167.75631">
        <ele>372.29</ele>
      </trkpt>
      <trkpt lat="-44.79368" lon="167.7563">
        <ele>371.88</ele>
      </trkpt>
      <trkpt lat="-44.79363" lon="167.75634">
        <ele>373.25</ele>
      </trkpt>
      <trkpt lat="-44.79357" lon="167.75638">
        <ele>373.5</ele>
      </trkpt>
      <trkpt lat="-44.79352" lon="167.75639">
        <ele>372.43</ele>
      </trkpt>
      <trkpt lat="-44.79347" lon="167.75637">
        <ele>370.26</ele>
      </trkpt>
      <trkpt lat="-44.79341" lon="167.75635">
        <ele>367.81</ele>
      </trkpt>
      <trkpt lat="-44.79335" lon="167.75634">
        <ele>365.72</ele>
      </trkpt>
      <trkpt lat="-44.79333" lon="167.75631">
        <ele>364.02</ele>
      </trkpt>
      <trkpt lat="-44.79334" lon="167.75626">
        <ele>362.55</ele>
      </trkpt>
      <trkpt lat="-44.79335" lon="167.7562">
        <ele>360.68</ele>
      </trkpt>
      <trkpt lat="-44.79339" lon="167.75614">
        <ele>359.67</ele>
      </trkpt>
      <trkpt lat="-44.79339" lon="167.75608">
        <ele>356.67</ele>
      </trkpt>
      <trkpt lat="-44.79343" lon="167.75602">
        <ele>354.59</ele>
      </trkpt>
      <trkpt lat="-44.79344" lon="167.75594">
        <ele>350.59</ele>
      </trkpt>
      <trkpt lat="-44.79344" lon="167.75586">
        <ele>346.16</ele>
      </trkpt>
      <trkpt lat="-44.79344" lon="167.75577">
        <ele>342.1</ele>
      </trkpt>
      <trkpt lat="-44.79344" lon="167.75569">
        <ele>338.85</ele>
      </trkpt>
      <trkpt lat="-44.79343" lon="167.75561">
        <ele>335.05</ele>
      </trkpt>
      <trkpt lat="-44.79341" lon="167.75553">
        <ele>331.24</ele>
      </trkpt>
      <trkpt lat="-44.79337" lon="167.75546">
        <ele>327.65</ele>
      </trkpt>
      <trkpt lat="-44.79332" lon="167.75541">
        <ele>324.21</ele>
      </trkpt>
      <trkpt lat="-44.79327" lon="167.75542">
        <ele>322.0</ele>
      </trkpt>
      <trkpt lat="-44.79322" lon="167.75546">
        <ele>320.49</ele>
      </trkpt>
      <trkpt lat="-44.79316" lon="167.75549">
        <ele>318.32</ele>
      </trkpt>
      <trkpt lat="-44.7931" lon="167.75552">
        <ele>316.2</ele>
      </trkpt>
      <trkpt lat="-44.79304" lon="167.75553">
        <ele>313.89</ele>
      </trkpt>
      <trkpt lat="-44.79304" lon="167.75553">
        <ele>313.89</ele>
      </trkpt>
      <trkpt lat="-44.79299" lon="167.75552">
        <ele>312.1</ele>
      </trkpt>
      <trkpt lat="-44.793" lon="167.75546">
        <ele>310.72</ele>
      </trkpt>
      <trkpt lat="-44.79302" lon="167.75537">
        <ele>308.96</ele>
      </trkpt>
      <trkpt lat="-44.79305" lon="167.75528">
        <ele>307.82</ele>
      </trkpt>
      <trkpt lat="-44.79308" lon="167.75519">
        <ele>307.02</ele>
      </trkpt>
      <trkpt lat="-44.79308" lon="167.75513">
        <ele>305.51</ele>
      </trkpt>
      <trkpt lat="-44.79304" lon="167.75512">
        <ele>303.29</ele>
      </trkpt>
      <trkpt lat="-44.79297" lon="167.75513">
        <ele>300.25</ele>
      </trkpt>
      <trkpt lat="-44.7929" lon="167.75515">
        <ele>297.54</ele>
      </trkpt>
      <trkpt lat="-44.79284" lon="167.75518">
        <ele>295.68</ele>
      </trkpt>
      <trkpt lat="-44.79278" lon="167.75519">
        <ele>293.26</ele>
      </trkpt>
      <trkpt lat="-44.79274" lon="167.75525">
        <ele>294.53</ele>
      </trkpt>
      <trkpt lat="-44.79268" lon="167.75529">
        <ele>295.09</ele>
      </trkpt>
      <trkpt lat="-44.79264" lon="167.75534">
        <ele>296.59</ele>
      </trkpt>
      <trkpt lat="-44.79259" lon="167.75536">
        <ele>296.75</ele>
      </trkpt>
      <trkpt lat="-44.79256" lon="167.7553">
        <ele>293.81</ele>
      </trkpt>
      <trkpt lat="-44.79257" lon="167.75522">
        <ele>290.82</ele>
      </trkpt>
      <trkpt lat="-44.79257" lon="167.75513">
        <ele>287.42</ele>
      </trkpt>
      <trkpt lat="-44.79258" lon="167.75505">
        <ele>284.6</ele>
      </trkpt>
      <trkpt lat="-44.79258" lon="167.75497">
        <ele>281.65</ele>
      </trkpt>
      <trkpt lat="-44.79259" lon="167.75488">
        <ele>278.62</ele>
      </trkpt>
      <trkpt lat="-44.79256" lon="167.75483">
        <ele>276.18</ele>
      </trkpt>
      <trkpt lat="-44.7925" lon="167.75482">
        <ele>274.52</ele>
      </trkpt>
      <trkpt lat="-44.79245" lon="167.75485">
        <ele>274.71</ele>
      </trkpt>
      <trkpt lat="-44.79239" lon="167.75489">
        <ele>274.98</ele>
      </trkpt>
      <trkpt lat="-44.79234" lon="167.75492">
        <ele>275.0</ele>
      </trkpt>
      <trkpt lat="-44.79228" lon="167.75495">
        <ele>274.73</ele>
      </trkpt>
      <trkpt lat="-44.79221" lon="167.75496">
        <ele>273.5</ele>
      </trkpt>
      <trkpt lat="-44.79215" lon="167.75499">
        <ele>272.63</ele>
      </trkpt>
      <trkpt lat="-44.79209" lon="167.75502">
        <ele>272.09</ele>
      </trkpt>
      <trkpt lat="-44.79204" lon="167.75506">
        <ele>272.55</ele>
      </trkpt>
      <trkpt lat="-44.79198" lon="167.75509">
        <ele>272.44</ele>
      </trkpt>
      <trkpt lat="-44.79192" lon="167.75508">
        <ele>269.86</ele>
      </trkpt>
      <trkpt lat="-44.79187" lon="167.75507">
        <ele>266.98</ele>
      </trkpt>
      <trkpt lat="-44.7918" lon="167.75506">
        <ele>263.15</ele>
      </trkpt>
      <trkpt lat="-44.79175" lon="167.75504">
        <ele>259.82</ele>
      </trkpt>
      <trkpt lat="-44.79168" lon="167.75505">
        <ele>256.97</ele>
      </trkpt>
      <trkpt lat="-44.79163" lon="167.75502">
        <ele>254.54</ele>
      </trkpt>
      <trkpt lat="-44.79158" lon="167.75499">
        <ele>252.91</ele>
      </trkpt>
      <trkpt lat="-44.79157" lon="167.75499">
        <ele>252.8</ele>
      </trkpt>
      <trkpt lat="-44.79153" lon="167.75494">
        <ele>251.55</ele>
      </trkpt>
      <trkpt lat="-44.79151" lon="167.75486">
        <ele>250.01</ele>
      </trkpt>
      <trkpt lat="-44.7915" lon="167.75478">
        <ele>248.56</ele>
      </trkpt>
      <trkpt lat="-44.79146" lon="167.75473">
        <ele>247.16</ele>
      </trkpt>
      <trkpt lat="-44.79144" lon="167.75466">
        <ele>246.02</ele>
      </trkpt>
      <trkpt lat="-44.79139" lon="167.75462">
        <ele>244.91</ele>
      </trkpt>
      <trkpt lat="-44.7914" lon="167.75456">
        <ele>244.38</ele>
      </trkpt>
      <trkpt lat="-44.79143" lon="167.75449">
        <ele>243.96</ele>
      </trkpt>
      <trkpt lat="-44.79146" lon="167.75444">
        <ele>243.74</ele>
      </trkpt>
      <trkpt lat="-44.79144" lon="167.75441">
        <ele>243.38</ele>
      </trkpt>
      <trkpt lat="-44.79139" lon="167.75436">
        <ele>242.71</ele>
      </trkpt>
      <trkpt lat="-44.79134" lon="167.75432">
        <ele>242.73</ele>
      </trkpt>
      <trkpt lat="-44.7913" lon="167.75427">
        <ele>242.69</ele>
      </trkpt>
      <trkpt lat="-44.79126" lon="167.75427">
        <ele>242.84</ele>
      </trkpt>
      <trkpt lat="-44.79124" lon="167.75426">
        <ele>242.87</ele>
      </trkpt>
      <trkpt lat="-44.79117" lon="167.75428">
        <ele>243.2</ele>
      </trkpt>
      <trkpt lat="-44.79111" lon="167.75431">
        <ele>243.51</ele>
      </trkpt>
      <trkpt lat="-44.79108" lon="167.75438">
        <ele>243.6</ele>
      </trkpt>
      <trkpt lat="-44.79105" lon="167.75447">
        <ele>243.7</ele>
      </trkpt>
      <trkpt lat="-44.79102" lon="167.75455">
        <ele>243.85</ele>
      </trkpt>
      <trkpt lat="-44.791" lon="167.75464">
        <ele>244.04</ele>
      </trkpt>
      <trkpt lat="-44.79096" lon="167.75471">
        <ele>243.78</ele>
      </trkpt>
      <trkpt lat="-44.79093" lon="167.7548">
        <ele>244.69</ele>
      </trkpt>
      <trkpt lat="-44.79089" lon="167.75484">
        <ele>244.85</ele>
      </trkpt>
      <trkpt lat="-44.79084" lon="167.7549">
        <ele>245.28</ele>
      </trkpt>
      <trkpt lat="-44.79081" lon="167.75491">
        <ele>245.18</ele>
      </trkpt>
      <trkpt lat="-44.79078" lon="167.75492">
        <ele>245.12</ele>
      </trkpt>
      <trkpt lat="-44.79072" lon="167.75495">
        <ele>245.21</ele>
      </trkpt>
      <trkpt lat="-44.79066" lon="167.75497">
        <ele>245.14</ele>
      </trkpt>
      <trkpt lat="-44.79059" lon="167.75499">
        <ele>245.04</ele>
      </trkpt>
      <trkpt lat="-44.79055" lon="167.75505">
        <ele>245.91</ele>
      </trkpt>
      <trkpt lat="-44.7905" lon="167.75509">
        <ele>246.75</ele>
      </trkpt>
      <trkpt lat="-44.79045" lon="167.75514">
        <ele>247.9</ele>
      </trkpt>
      <trkpt lat="-44.79039" lon="167.75516">
        <ele>248.57</ele>
      </trkpt>
      <trkpt lat="-44.79033" lon="167.75519">
        <ele>249.53</ele>
      </trkpt>
      <trkpt lat="-44.79026" lon="167.7552">
        <ele>250.01</ele>
      </trkpt>
      <trkpt lat="-44.7902" lon="167.75522">
        <ele>250.38</ele>
      </trkpt>
      <trkpt lat="-44.79013" lon="167.75523">
        <ele>250.45</ele>
      </trkpt>
      <trkpt lat="-44.79006" lon="167.75525">
        <ele>250.67</ele>
      </trkpt>
      <trkpt lat="-44.79003" lon="167.75524">
        <ele>250.4</ele>
      </trkpt>
      <trkpt lat="-44.79" lon="167.75524">
        <ele>250.32</ele>
      </trkpt>
      <trkpt lat="-44.78994" lon="167.75525">
        <ele>250.31</ele>
      </trkpt>
      <trkpt lat="-44.78989" lon="167.75522">
        <ele>249.65</ele>
      </trkpt>
      <trkpt lat="-44.78983" lon="167.75519">
        <ele>249.0</ele>
      </trkpt>
      <trkpt lat="-44.78978" lon="167.75516">
        <ele>248.42</ele>
      </trkpt>
      <trkpt lat="-44.78972" lon="167.75514">
        <ele>248.0</ele>
      </trkpt>
      <trkpt lat="-44.78967" lon="167.7551">
        <ele>247.06</ele>
      </trkpt>
      <trkpt lat="-44.78962" lon="167.75508">
        <ele>246.42</ele>
      </trkpt>
      <trkpt lat="-44.78956" lon="167.75504">
        <ele>245.41</ele>
      </trkpt>
      <trkpt lat="-44.7895" lon="167.75505">
        <ele>245.12</ele>
      </trkpt>
      <trkpt lat="-44.78944" lon="167.75505">
        <ele>244.75</ele>
      </trkpt>
      <trkpt lat="-44.78937" lon="167.75506">
        <ele>245.28</ele>
      </trkpt>
      <trkpt lat="-44.7893" lon="167.75507">
        <ele>245.79</ele>
      </trkpt>
      <trkpt lat="-44.78924" lon="167.75509">
        <ele>246.29</ele>
      </trkpt>
      <trkpt lat="-44.78917" lon="167.7551">
        <ele>246.7</ele>
      </trkpt>
      <trkpt lat="-44.7891" lon="167.75512">
        <ele>245.98</ele>
      </trkpt>
      <trkpt lat="-44.78904" lon="167.75511">
        <ele>245.05</ele>
      </trkpt>
      <trkpt lat="-44.78898" lon="167.75511">
        <ele>244.23</ele>
      </trkpt>
      <trkpt lat="-44.78892" lon="167.7551">
        <ele>243.24</ele>
      </trkpt>
      <trkpt lat="-44.78889" lon="167.7551">
        <ele>242.82</ele>
      </trkpt>
      <trkpt lat="-44.78886" lon="167.7551">
        <ele>243.25</ele>
      </trkpt>
      <trkpt lat="-44.7888" lon="167.75508">
        <ele>243.86</ele>
      </trkpt>
      <trkpt lat="-44.78874" lon="167.75509">
        <ele>244.95</ele>
      </trkpt>
      <trkpt lat="-44.78869" lon="167.75506">
        <ele>245.35</ele>
      </trkpt>
      <trkpt lat="-44.78863" lon="167.75503">
        <ele>246.0</ele>
      </trkpt>
      <trkpt lat="-44.78858" lon="167.755">
        <ele>246.22</ele>
      </trkpt>
      <trkpt lat="-44.78852" lon="167.75498">
        <ele>246.39</ele>
      </trkpt>
      <trkpt lat="-44.78847" lon="167.75494">
        <ele>246.15</ele>
      </trkpt>
      <trkpt lat="-44.78842" lon="167.75492">
        <ele>246.12</ele>
      </trkpt>
      <trkpt lat="-44.78836" lon="167.75489">
        <ele>245.9</ele>
      </trkpt>
      <trkpt lat="-44.78831" lon="167.75487">
        <ele>245.53</ele>
      </trkpt>
      <trkpt lat="-44.78825" lon="167.75485">
        <ele>244.86</ele>
      </trkpt>
      <trkpt lat="-44.78819" lon="167.75485">
        <ele>244.55</ele>
      </trkpt>
      <trkpt lat="-44.78813" lon="167.75483">
        <ele>243.92</ele>
      </trkpt>
      <trkpt lat="-44.78808" lon="167.75481">
        <ele>243.38</ele>
      </trkpt>
      <trkpt lat="-44.78807" lon="167.7548">
        <ele>243.19</ele>
      </trkpt>
      <trkpt lat="-44.78802" lon="167.75478">
        <ele>242.63</ele>
      </trkpt>
      <trkpt lat="-44.78796" lon="167.75476">
        <ele>241.95</ele>
      </trkpt>
      <trkpt lat="-44.78791" lon="167.75473">
        <ele>241.09</ele>
      </trkpt>
      <trkpt lat="-44.78785" lon="167.75474">
        <ele>240.87</ele>
      </trkpt>
      <trkpt lat="-44.78779" lon="167.75472">
        <ele>240.06</ele>
      </trkpt>
      <trkpt lat="-44.78773" lon="167.75473">
        <ele>240.34</ele>
      </trkpt>
      <trkpt lat="-44.78767" lon="167.75469">
        <ele>240.04</ele>
      </trkpt>
      <trkpt lat="-44.78762" lon="167.75467">
        <ele>240.0</ele>
      </trkpt>
      <trkpt lat="-44.78757" lon="167.75464">
        <ele>239.86</ele>
      </trkpt>
      <trkpt lat="-44.78751" lon="167.75463">
        <ele>239.97</ele>
      </trkpt>
      <trkpt lat="-44.78744" lon="167.75464">
        <ele>239.83</ele>
      </trkpt>
      <trkpt lat="-44.78739" lon="167.75469">
        <ele>240.21</ele>
      </trkpt>
      <trkpt lat="-44.78733" lon="167.75472">
        <ele>240.36</ele>
      </trkpt>
      <trkpt lat="-44.78728" lon="167.75476">
        <ele>241.53</ele>
      </trkpt>
      <trkpt lat="-44.78721" lon="167.75477">
        <ele>241.87</ele>
      </trkpt>
      <trkpt lat="-44.78715" lon="167.75476">
        <ele>241.39</ele>
      </trkpt>
      <trkpt lat="-44.7871" lon="167.75473">
        <ele>240.27</ele>
      </trkpt>
      <trkpt lat="-44.78704" lon="167.75471">
        <ele>239.77</ele>
      </trkpt>
      <trkpt lat="-44.78699" lon="167.75467">
        <ele>238.93</ele>
      </trkpt>
      <trkpt lat="-44.78694" lon="167.75465">
        <ele>238.46</ele>
      </trkpt>
      <trkpt lat="-44.78689" lon="167.75461">
        <ele>237.89</ele>
      </trkpt>
      <trkpt lat="-44.78683" lon="167.75459">
        <ele>237.93</ele>
      </trkpt>
      <trkpt lat="-44.78678" lon="167.75455">
        <ele>237.75</ele>
      </trkpt>
      <trkpt lat="-44.78672" lon="167.75453">
        <ele>238.08</ele>
      </trkpt>
      <trkpt lat="-44.78667" lon="167.75449">
        <ele>238.29</ele>
      </trkpt>
      <trkpt lat="-44.78662" lon="167.75447">
        <ele>238.86</ele>
      </trkpt>
      <trkpt lat="-44.78657" lon="167.75443">
        <ele>239.03</ele>
      </trkpt>
      <trkpt lat="-44.78651" lon="167.75441">
        <ele>239.88</ele>
      </trkpt>
      <trkpt lat="-44.78646" lon="167.75439">
        <ele>240.81</ele>
      </trkpt>
      <trkpt lat="-44.7864" lon="167.75437">
        <ele>242.13</ele>
      </trkpt>
      <trkpt lat="-44.78634" lon="167.75436">
        <ele>245.17</ele>
      </trkpt>
      <trkpt lat="-44.78629" lon="167.75431">
        <ele>247.94</ele>
      </trkpt>
      <trkpt lat="-44.78625" lon="167.75423">
        <ele>249.34</ele>
      </trkpt>
      <trkpt lat="-44.78621" lon="167.75416">
        <ele>249.76</ele>
      </trkpt>
      <trkpt lat="-44.78617" lon="167.75409">
        <ele>249.57</ele>
      </trkpt>
      <trkpt lat="-44.78613" lon="167.75401">
        <ele>249.3</ele>
      </trkpt>
      <trkpt lat="-44.78609" lon="167.75394">
        <ele>250.67</ele>
      </trkpt>
      <trkpt lat="-44.78605" lon="167.75387">
        <ele>252.54</ele>
      </trkpt>
      <trkpt lat="-44.78601" lon="167.75379">
        <ele>253.04</ele>
      </trkpt>
      <trkpt lat="-44.78599" lon="167.75372">
        <ele>251.81</ele>
      </trkpt>
      <trkpt lat="-44.78599" lon="167.75372">
        <ele>251.81</ele>
      </trkpt>
      <trkpt lat="-44.78596" lon="167.75364">
        <ele>250.18</ele>
      </trkpt>
      <trkpt lat="-44.78593" lon="167.75356">
        <ele>248.77</ele>
      </trkpt>
      <trkpt lat="-44.78591" lon="167.75349">
        <ele>247.52</ele>
      </trkpt>
      <trkpt lat="-44.78588" lon="167.75341">
        <ele>246.12</ele>
      </trkpt>
      <trkpt lat="-44.78584" lon="167.75334">
        <ele>245.05</ele>
      </trkpt>
      <trkpt lat="-44.7858" lon="167.75326">
        <ele>245.71</ele>
      </trkpt>
      <trkpt lat="-44.78576" lon="167.75319">
        <ele>246.35</ele>
      </trkpt>
      <trkpt lat="-44.78572" lon="167.75312">
        <ele>246.41</ele>
      </trkpt>
      <trkpt lat="-44.78568" lon="167.75304">
        <ele>245.66</ele>
      </trkpt>
      <trkpt lat="-44.78564" lon="167.75297">
        <ele>245.14</ele>
      </trkpt>
      <trkpt lat="-44.78559" lon="167.75292">
        <ele>245.12</ele>
      </trkpt>
      <trkpt lat="-44.78553" lon="167.75291">
        <ele>246.34</ele>
      </trkpt>
      <trkpt lat="-44.78547" lon="167.75292">
        <ele>248.15</ele>
      </trkpt>
      <trkpt lat="-44.7854" lon="167.75294">
        <ele>250.81</ele>
      </trkpt>
      <trkpt lat="-44.78533" lon="167.75295">
        <ele>253.16</ele>
      </trkpt>
      <trkpt lat="-44.78527" lon="167.75295">
        <ele>254.6</ele>
      </trkpt>
      <trkpt lat="-44.78521" lon="167.75296">
        <ele>255.78</ele>
      </trkpt>
      <trkpt lat="-44.78515" lon="167.75292">
        <ele>253.22</ele>
      </trkpt>
      <trkpt lat="-44.7851" lon="167.7529">
        <ele>251.74</ele>
      </trkpt>
      <trkpt lat="-44.78505" lon="167.75286">
        <ele>248.18</ele>
      </trkpt>
      <trkpt lat="-44.78499" lon="167.75284">
        <ele>245.75</ele>
      </trkpt>
      <trkpt lat="-44.78494" lon="167.75281">
        <ele>241.68</ele>
      </trkpt>
      <trkpt lat="-44.78487" lon="167.75282">
        <ele>240.7</ele>
      </trkpt>
      <trkpt lat="-44.78482" lon="167.7528">
        <ele>238.14</ele>
      </trkpt>
      <trkpt lat="-44.78476" lon="167.75279">
        <ele>236.3</ele>
      </trkpt>
      <trkpt lat="-44.7847" lon="167.75279">
        <ele>235.97</ele>
      </trkpt>
      <trkpt lat="-44.78464" lon="167.75277">
        <ele>236.7</ele>
      </trkpt>
      <trkpt lat="-44.78458" lon="167.75275">
        <ele>237.77</ele>
      </trkpt>
      <trkpt lat="-44.78453" lon="167.75273">
        <ele>238.57</ele>
      </trkpt>
      <trkpt lat="-44.78447" lon="167.7527">
        <ele>239.38</ele>
      </trkpt>
      <trkpt lat="-44.78442" lon="167.75267">
        <ele>239.37</ele>
      </trkpt>
      <trkpt lat="-44.78437" lon="167.75264">
        <ele>238.88</ele>
      </trkpt>
      <trkpt lat="-44.78431" lon="167.75261">
        <ele>238.49</ele>
      </trkpt>
      <trkpt lat="-44.78425" lon="167.75262">
        <ele>238.52</ele>
      </trkpt>
      <trkpt lat="-44.78419" lon="167.75262">
        <ele>238.46</ele>
      </trkpt>
      <trkpt lat="-44.78412" lon="167.75263">
        <ele>238.29</ele>
      </trkpt>
      <trkpt lat="-44.78406" lon="167.75266">
        <ele>238.25</ele>
      </trkpt>
      <trkpt lat="-44.78404" lon="167.75275">
        <ele>238.81</ele>
      </trkpt>
      <trkpt lat="-44.78399" lon="167.7528">
        <ele>239.65</ele>
      </trkpt>
      <trkpt lat="-44.78396" lon="167.75289">
        <ele>242.52</ele>
      </trkpt>
      <trkpt lat="-44.78391" lon="167.75292">
        <ele>243.93</ele>
      </trkpt>
      <trkpt lat="-44.78384" lon="167.75298">
        <ele>246.34</ele>
      </trkpt>
      <trkpt lat="-44.78373" lon="167.75302">
        <ele>247.51</ele>
      </trkpt>
      <trkpt lat="-44.78357" lon="167.75302">
        <ele>246.51</ele>
      </trkpt>
      <trkpt lat="-44.78346" lon="167.75301">
        <ele>244.09</ele>
      </trkpt>
      <trkpt lat="-44.78336" lon="167.75294">
        <ele>241.25</ele>
      </trkpt>
      <trkpt lat="-44.78328" lon="167.7529">
        <ele>239.51</ele>
      </trkpt>
      <trkpt lat="-44.7831" lon="167.75307">
        <ele>240.87</ele>
      </trkpt>
      <trkpt lat="-44.7831" lon="167.75307">
        <ele>240.87</ele>
      </trkpt>
      <trkpt lat="-44.78305" lon="167.75311">
        <ele>241.91</ele>
      </trkpt>
      <trkpt lat="-44.783" lon="167.75316">
        <ele>243.31</ele>
      </trkpt>
      <trkpt lat="-44.78295" lon="167.7532">
        <ele>244.46</ele>
      </trkpt>
      <trkpt lat="-44.7829" lon="167.75324">
        <ele>245.7</ele>
      </trkpt>
      <trkpt lat="-44.78284" lon="167.75327">
        <ele>246.59</ele>
      </trkpt>
      <trkpt lat="-44.78279" lon="167.75332">
        <ele>248.47</ele>
      </trkpt>
      <trkpt lat="-44.78272" lon="167.75333">
        <ele>249.06</ele>
      </trkpt>
      <trkpt lat="-44.78266" lon="167.75332">
        <ele>248.85</ele>
      </trkpt>
      <trkpt lat="-44.78261" lon="167.75327">
        <ele>246.87</ele>
      </trkpt>
      <trkpt lat="-44.78256" lon="167.75323">
        <ele>245.32</ele>
      </trkpt>
      <trkpt lat="-44.78252" lon="167.75318">
        <ele>243.3</ele>
      </trkpt>
      <trkpt lat="-44.78247" lon="167.75314">
        <ele>241.81</ele>
      </trkpt>
      <trkpt lat="-44.78242" lon="167.7531">
        <ele>240.55</ele>
      </trkpt>
      <trkpt lat="-44.78237" lon="167.75304">
        <ele>239.03</ele>
      </trkpt>
      <trkpt lat="-44.78232" lon="167.753">
        <ele>238.73</ele>
      </trkpt>
      <trkpt lat="-44.78227" lon="167.75296">
        <ele>238.59</ele>
      </trkpt>
      <trkpt lat="-44.78222" lon="167.75291">
        <ele>238.41</ele>
      </trkpt>
      <trkpt lat="-44.78218" lon="167.75285">
        <ele>237.8</ele>
      </trkpt>
      <trkpt lat="-44.78213" lon="167.75281">
        <ele>237.61</ele>
      </trkpt>
      <trkpt lat="-44.78208" lon="167.75276">
        <ele>237.22</ele>
      </trkpt>
      <trkpt lat="-44.78204" lon="167.7527">
        <ele>236.57</ele>
      </trkpt>
      <trkpt lat="-44.78199" lon="167.75266">
        <ele>236.39</ele>
      </trkpt>
      <trkpt lat="-44.78194" lon="167.75261">
        <ele>235.89</ele>
      </trkpt>
      <trkpt lat="-44.78188" lon="167.75262">
        <ele>234.9</ele>
      </trkpt>
      <trkpt lat="-44.78182" lon="167.7526">
        <ele>233.4</ele>
      </trkpt>
      <trkpt lat="-44.78176" lon="167.7526">
        <ele>232.24</ele>
      </trkpt>
      <trkpt lat="-44.7817" lon="167.75259">
        <ele>230.93</ele>
      </trkpt>
      <trkpt lat="-44.78164" lon="167.75259">
        <ele>229.69</ele>
      </trkpt>
      <trkpt lat="-44.78157" lon="167.75259">
        <ele>228.1</ele>
      </trkpt>
      <trkpt lat="-44.78151" lon="167.7526">
        <ele>226.85</ele>
      </trkpt>
      <trkpt lat="-44.78144" lon="167.75261">
        <ele>225.36</ele>
      </trkpt>
      <trkpt lat="-44.78137" lon="167.75263">
        <ele>223.79</ele>
      </trkpt>
      <trkpt lat="-44.78132" lon="167.75266">
        <ele>222.5</ele>
      </trkpt>
      <trkpt lat="-44.78128" lon="167.75273">
        <ele>221.96</ele>
      </trkpt>
      <trkpt lat="-44.78124" lon="167.75278">
        <ele>221.19</ele>
      </trkpt>
      <trkpt lat="-44.7812" lon="167.75286">
        <ele>220.37</ele>
      </trkpt>
      <trkpt lat="-44.78116" lon="167.75292">
        <ele>219.28</ele>
      </trkpt>
      <trkpt lat="-44.78112" lon="167.75297">
        <ele>218.02</ele>
      </trkpt>
      <trkpt lat="-44.78108" lon="167.75305">
        <ele>217.74</ele>
      </trkpt>
      <trkpt lat="-44.78105" lon="167.75312">
        <ele>217.56</ele>
      </trkpt>
      <trkpt lat="-44.78101" lon="167.75319">
        <ele>217.27</ele>
      </trkpt>
      <trkpt lat="-44.78099" lon="167.75328">
        <ele>217.13</ele>
      </trkpt>
      <trkpt lat="-44.78096" lon="167.75337">
        <ele>216.91</ele>
      </trkpt>
      <trkpt lat="-44.78093" lon="167.75345">
        <ele>216.7</ele>
      </trkpt>
      <trkpt lat="-44.78092" lon="167.75354">
        <ele>216.62</ele>
      </trkpt>
      <trkpt lat="-44.78091" lon="167.75362">
        <ele>216.53</ele>
      </trkpt>
      <trkpt lat="-44.78089" lon="167.75371">
        <ele>215.92</ele>
      </trkpt>
      <trkpt lat="-44.78089" lon="167.75377">
        <ele>215.63</ele>
      </trkpt>
      <trkpt lat="-44.78088" lon="167.75379">
        <ele>215.27</ele>
      </trkpt>
      <trkpt lat="-44.78087" lon="167.75388">
        <ele>214.38</ele>
      </trkpt>
      <trkpt lat="-44.78083" lon="167.75395">
        <ele>209.85</ele>
      </trkpt>
      <trkpt lat="-44.7808" lon="167.75402">
        <ele>204.3</ele>
      </trkpt>
      <trkpt lat="-44.78076" lon="167.7541">
        <ele>198.4</ele>
      </trkpt>
      <trkpt lat="-44.78073" lon="167.75417">
        <ele>194.42</ele>
      </trkpt>
      <trkpt lat="-44.78069" lon="167.75423">
        <ele>192.27</ele>
      </trkpt>
      <trkpt lat="-44.78066" lon="167.75431">
        <ele>190.77</ele>
      </trkpt>
      <trkpt lat="-44.78061" lon="167.75436">
        <ele>188.36</ele>
      </trkpt>
      <trkpt lat="-44.78057" lon="167.75442">
        <ele>186.6</ele>
      </trkpt>
      <trkpt lat="-44.78052" lon="167.75446">
        <ele>184.66</ele>
      </trkpt>
      <trkpt lat="-44.78049" lon="167.75455">
        <ele>185.12</ele>
      </trkpt>
      <trkpt lat="-44.78045" lon="167.7546">
        <ele>184.21</ele>
      </trkpt>
      <trkpt lat="-44.78042" lon="167.75469">
        <ele>184.53</ele>
      </trkpt>
      <trkpt lat="-44.78036" lon="167.75472">
        <ele>182.1</ele>
      </trkpt>
      <trkpt lat="-44.78031" lon="167.75476">
        <ele>181.15</ele>
      </trkpt>
      <trkpt lat="-44.78025" lon="167.75479">
        <ele>180.29</ele>
      </trkpt>
      <trkpt lat="-44.7802" lon="167.75484">
        <ele>181.35</ele>
      </trkpt>
      <trkpt lat="-44.78015" lon="167.75488">
        <ele>181.82</ele>
      </trkpt>
      <trkpt lat="-44.78009" lon="167.75491">
        <ele>181.58</ele>
      </trkpt>
      <trkpt lat="-44.78003" lon="167.75494">
        <ele>181.15</ele>
      </trkpt>
      <trkpt lat="-44.77998" lon="167.75496">
        <ele>180.59</ele>
      </trkpt>
      <trkpt lat="-44.77991" lon="167.75498">
        <ele>179.62</ele>
      </trkpt>
      <trkpt lat="-44.77984" lon="167.75499">
        <ele>178.35</ele>
      </trkpt>
      <trkpt lat="-44.77978" lon="167.75501">
        <ele>177.5</ele>
      </trkpt>
      <trkpt lat="-44.77971" lon="167.75502">
        <ele>176.09</ele>
      </trkpt>
      <trkpt lat="-44.77964" lon="167.75503">
        <ele>174.7</ele>
      </trkpt>
      <trkpt lat="-44.77958" lon="167.75505">
        <ele>173.64</ele>
      </trkpt>
      <trkpt lat="-44.77951" lon="167.75506">
        <ele>172.17</ele>
      </trkpt>
      <trkpt lat="-44.77944" lon="167.75508">
        <ele>170.77</ele>
      </trkpt>
      <trkpt lat="-44.77938" lon="167.75509">
        <ele>169.57</ele>
      </trkpt>
      <trkpt lat="-44.77931" lon="167.7551">
        <ele>168.21</ele>
      </trkpt>
      <trkpt lat="-44.77924" lon="167.75512">
        <ele>167.1</ele>
      </trkpt>
      <trkpt lat="-44.77918" lon="167.75513">
        <ele>166.08</ele>
      </trkpt>
      <trkpt lat="-44.77911" lon="167.75514">
        <ele>164.6</ele>
      </trkpt>
      <trkpt lat="-44.77904" lon="167.75516">
        <ele>163.33</ele>
      </trkpt>
      <trkpt lat="-44.77898" lon="167.75517">
        <ele>162.12</ele>
      </trkpt>
      <trkpt lat="-44.77891" lon="167.75519">
        <ele>160.98</ele>
      </trkpt>
      <trkpt lat="-44.77887" lon="167.75519">
        <ele>159.81</ele>
      </trkpt>
      <trkpt lat="-44.77884" lon="167.7552">
        <ele>159.02</ele>
      </trkpt>
      <trkpt lat="-44.77878" lon="167.75521">
        <ele>157.12</ele>
      </trkpt>
      <trkpt lat="-44.77871" lon="167.75523">
        <ele>154.98</ele>
      </trkpt>
      <trkpt lat="-44.77864" lon="167.75524">
        <ele>152.54</ele>
      </trkpt>
      <trkpt lat="-44.77858" lon="167.75525">
        <ele>151.07</ele>
      </trkpt>
      <trkpt lat="-44.77851" lon="167.75527">
        <ele>150.1</ele>
      </trkpt>
      <trkpt lat="-44.77845" lon="167.7553">
        <ele>149.57</ele>
      </trkpt>
      <trkpt lat="-44.77839" lon="167.75533">
        <ele>149.04</ele>
      </trkpt>
      <trkpt lat="-44.77833" lon="167.75535">
        <ele>148.11</ele>
      </trkpt>
      <trkpt lat="-44.77828" lon="167.7554">
        <ele>146.15</ele>
      </trkpt>
      <trkpt lat="-44.77823" lon="167.75544">
        <ele>143.91</ele>
      </trkpt>
      <trkpt lat="-44.77818" lon="167.75548">
        <ele>141.56</ele>
      </trkpt>
      <trkpt lat="-44.77813" lon="167.75553">
        <ele>139.23</ele>
      </trkpt>
      <trkpt lat="-44.77809" lon="167.75559">
        <ele>138.05</ele>
      </trkpt>
      <trkpt lat="-44.77804" lon="167.75563">
        <ele>136.8</ele>
      </trkpt>
      <trkpt lat="-44.77799" lon="167.75567">
        <ele>136.73</ele>
      </trkpt>
      <trkpt lat="-44.77794" lon="167.75572">
        <ele>136.67</ele>
      </trkpt>
      <trkpt lat="-44.77789" lon="167.75576">
        <ele>136.15</ele>
      </trkpt>
      <trkpt lat="-44.77783" lon="167.7558">
        <ele>135.12</ele>
      </trkpt>
      <trkpt lat="-44.77778" lon="167.75585">
        <ele>134.43</ele>
      </trkpt>
      <trkpt lat="-44.77774" lon="167.7559">
        <ele>135.24</ele>
      </trkpt>
      <trkpt lat="-44.77769" lon="167.75595">
        <ele>135.94</ele>
      </trkpt>
      <trkpt lat="-44.77765" lon="167.756">
        <ele>136.59</ele>
      </trkpt>
      <trkpt lat="-44.77759" lon="167.75603">
        <ele>136.61</ele>
      </trkpt>
      <trkpt lat="-44.77752" lon="167.75605">
        <ele>136.3</ele>
      </trkpt>
      <trkpt lat="-44.77747" lon="167.75603">
        <ele>135.57</ele>
      </trkpt>
      <trkpt lat="-44.77741" lon="167.75601">
        <ele>134.81</ele>
      </trkpt>
      <trkpt lat="-44.77736" lon="167.75602">
        <ele>134.51</ele>
      </trkpt>
      <trkpt lat="-44.77731" lon="167.75607">
        <ele>134.56</ele>
      </trkpt>
      <trkpt lat="-44.77726" lon="167.75612">
        <ele>134.49</ele>
      </trkpt>
      <trkpt lat="-44.77722" lon="167.75618">
        <ele>134.49</ele>
      </trkpt>
      <trkpt lat="-44.77717" lon="167.75622">
        <ele>134.67</ele>
      </trkpt>
      <trkpt lat="-44.77714" lon="167.75631">
        <ele>135.35</ele>
      </trkpt>
      <trkpt lat="-44.7771" lon="167.75636">
        <ele>135.75</ele>
      </trkpt>
      <trkpt lat="-44.77707" lon="167.75645">
        <ele>137.08</ele>
      </trkpt>
      <trkpt lat="-44.77702" lon="167.75649">
        <ele>137.65</ele>
      </trkpt>
      <trkpt lat="-44.77698" lon="167.75655">
        <ele>138.47</ele>
      </trkpt>
      <trkpt lat="-44.77692" lon="167.75657">
        <ele>138.67</ele>
      </trkpt>
      <trkpt lat="-44.77686" lon="167.75661">
        <ele>139.31</ele>
      </trkpt>
      <trkpt lat="-44.77681" lon="167.75664">
        <ele>139.71</ele>
      </trkpt>
      <trkpt lat="-44.77675" lon="167.75668">
        <ele>140.2</ele>
      </trkpt>
      <trkpt lat="-44.7767" lon="167.75666">
        <ele>139.95</ele>
      </trkpt>
      <trkpt lat="-44.77665" lon="167.75669">
        <ele>140.24</ele>
      </trkpt>
      <trkpt lat="-44.7766" lon="167.75667">
        <ele>140.03</ele>
      </trkpt>
      <trkpt lat="-44.77655" lon="167.75671">
        <ele>140.34</ele>
      </trkpt>
      <trkpt lat="-44.77649" lon="167.75674">
        <ele>140.46</ele>
      </trkpt>
      <trkpt lat="-44.77643" lon="167.75677">
        <ele>140.48</ele>
      </trkpt>
      <trkpt lat="-44.77636" lon="167.75678">
        <ele>140.12</ele>
      </trkpt>
      <trkpt lat="-44.7763" lon="167.75678">
        <ele>139.51</ele>
      </trkpt>
      <trkpt lat="-44.77624" lon="167.75678">
        <ele>138.9</ele>
      </trkpt>
      <trkpt lat="-44.77618" lon="167.75675">
        <ele>138.34</ele>
      </trkpt>
      <trkpt lat="-44.77613" lon="167.75673">
        <ele>137.94</ele>
      </trkpt>
      <trkpt lat="-44.77608" lon="167.75669">
        <ele>137.24</ele>
      </trkpt>
      <trkpt lat="-44.77603" lon="167.75671">
        <ele>136.09</ele>
      </trkpt>
      <trkpt lat="-44.77597" lon="167.75675">
        <ele>134.65</ele>
      </trkpt>
      <trkpt lat="-44.77592" lon="167.75677">
        <ele>133.5</ele>
      </trkpt>
      <trkpt lat="-44.77586" lon="167.75682">
        <ele>132.02</ele>
      </trkpt>
      <trkpt lat="-44.77581" lon="167.75685">
        <ele>131.0</ele>
      </trkpt>
      <trkpt lat="-44.77575" lon="167.75687">
        <ele>130.13</ele>
      </trkpt>
      <trkpt lat="-44.7757" lon="167.75692">
        <ele>129.52</ele>
      </trkpt>
      <trkpt lat="-44.77565" lon="167.75696">
        <ele>129.17</ele>
      </trkpt>
      <trkpt lat="-44.77559" lon="167.75699">
        <ele>128.84</ele>
      </trkpt>
      <trkpt lat="-44.77554" lon="167.75703">
        <ele>128.92</ele>
      </trkpt>
      <trkpt lat="-44.77549" lon="167.75707">
        <ele>129.36</ele>
      </trkpt>
      <trkpt lat="-44.77543" lon="167.7571">
        <ele>129.68</ele>
      </trkpt>
      <trkpt lat="-44.77537" lon="167.75713">
        <ele>130.0</ele>
      </trkpt>
      <trkpt lat="-44.77531" lon="167.75716">
        <ele>130.33</ele>
      </trkpt>
      <trkpt lat="-44.77524" lon="167.75717">
        <ele>129.7</ele>
      </trkpt>
      <trkpt lat="-44.77518" lon="167.75719">
        <ele>128.66</ele>
      </trkpt>
      <trkpt lat="-44.77511" lon="167.7572">
        <ele>127.28</ele>
      </trkpt>
      <trkpt lat="-44.77505" lon="167.75723">
        <ele>126.14</ele>
      </trkpt>
      <trkpt lat="-44.77499" lon="167.75725">
        <ele>125.13</ele>
      </trkpt>
      <trkpt lat="-44.77494" lon="167.7573">
        <ele>125.13</ele>
      </trkpt>
      <trkpt lat="-44.77489" lon="167.75735">
        <ele>125.13</ele>
      </trkpt>
      <trkpt lat="-44.77485" lon="167.7574">
        <ele>125.2</ele>
      </trkpt>
      <trkpt lat="-44.77481" lon="167.75746">
        <ele>125.34</ele>
      </trkpt>
      <trkpt lat="-44.77476" lon="167.75752">
        <ele>125.23</ele>
      </trkpt>
      <trkpt lat="-44.77472" lon="167.75758">
        <ele>124.67</ele>
      </trkpt>
      <trkpt lat="-44.77469" lon="167.75765">
        <ele>123.9</ele>
      </trkpt>
      <trkpt lat="-44.77464" lon="167.75771">
        <ele>123.07</ele>
      </trkpt>
      <trkpt lat="-44.7746" lon="167.75777">
        <ele>122.66</ele>
      </trkpt>
      <trkpt lat="-44.77457" lon="167.75784">
        <ele>122.8</ele>
      </trkpt>
      <trkpt lat="-44.77452" lon="167.7579">
        <ele>122.7</ele>
      </trkpt>
      <trkpt lat="-44.7745" lon="167.75799">
        <ele>123.13</ele>
      </trkpt>
      <trkpt lat="-44.7745" lon="167.75807">
        <ele>123.79</ele>
      </trkpt>
      <trkpt lat="-44.77449" lon="167.75815">
        <ele>124.74</ele>
      </trkpt>
      <trkpt lat="-44.77445" lon="167.75821">
        <ele>125.26</ele>
      </trkpt>
      <trkpt lat="-44.77445" lon="167.75827">
        <ele>126.12</ele>
      </trkpt>
      <trkpt lat="-44.77441" lon="167.75833">
        <ele>125.96</ele>
      </trkpt>
      <trkpt lat="-44.7744" lon="167.75841">
        <ele>126.92</ele>
      </trkpt>
      <trkpt lat="-44.7744" lon="167.7585">
        <ele>128.34</ele>
      </trkpt>
      <trkpt lat="-44.77437" lon="167.75856">
        <ele>128.06</ele>
      </trkpt>
      <trkpt lat="-44.77433" lon="167.75863">
        <ele>127.34</ele>
      </trkpt>
      <trkpt lat="-44.77428" lon="167.75868">
        <ele>126.08</ele>
      </trkpt>
      <trkpt lat="-44.77424" lon="167.75874">
        <ele>125.58</ele>
      </trkpt>
      <trkpt lat="-44.7742" lon="167.7588">
        <ele>125.28</ele>
      </trkpt>
      <trkpt lat="-44.77415" lon="167.75884">
        <ele>124.39</ele>
      </trkpt>
      <trkpt lat="-44.7741" lon="167.75889">
        <ele>123.63</ele>
      </trkpt>
      <trkpt lat="-44.77405" lon="167.75893">
        <ele>123.01</ele>
      </trkpt>
      <trkpt lat="-44.77399" lon="167.75896">
        <ele>121.62</ele>
      </trkpt>
      <trkpt lat="-44.77394" lon="167.759">
        <ele>120.79</ele>
      </trkpt>
      <trkpt lat="-44.77389" lon="167.75904">
        <ele>119.85</ele>
      </trkpt>
      <trkpt lat="-44.77384" lon="167.75909">
        <ele>120.43</ele>
      </trkpt>
      <trkpt lat="-44.77379" lon="167.75913">
        <ele>120.53</ele>
      </trkpt>
      <trkpt lat="-44.77374" lon="167.75919">
        <ele>120.67</ele>
      </trkpt>
      <trkpt lat="-44.77369" lon="167.75924">
        <ele>120.09</ele>
      </trkpt>
      <trkpt lat="-44.77367" lon="167.75932">
        <ele>120.11</ele>
      </trkpt>
      <trkpt lat="-44.77363" lon="167.75939">
        <ele>118.83</ele>
      </trkpt>
      <trkpt lat="-44.7736" lon="167.75948">
        <ele>118.43</ele>
      </trkpt>
      <trkpt lat="-44.77357" lon="167.75955">
        <ele>118.87</ele>
      </trkpt>
      <trkpt lat="-44.77351" lon="167.75958">
        <ele>117.31</ele>
      </trkpt>
      <trkpt lat="-44.77347" lon="167.75964">
        <ele>116.73</ele>
      </trkpt>
      <trkpt lat="-44.77342" lon="167.75968">
        <ele>115.25</ele>
      </trkpt>
      <trkpt lat="-44.77338" lon="167.75975">
        <ele>115.12</ele>
      </trkpt>
      <trkpt lat="-44.77332" lon="167.75978">
        <ele>113.87</ele>
      </trkpt>
      <trkpt lat="-44.77326" lon="167.7598">
        <ele>113.49</ele>
      </trkpt>
      <trkpt lat="-44.77319" lon="167.75981">
        <ele>112.47</ele>
      </trkpt>
      <trkpt lat="-44.77313" lon="167.75984">
        <ele>111.87</ele>
      </trkpt>
      <trkpt lat="-44.7731" lon="167.75991">
        <ele>112.27</ele>
      </trkpt>
      <trkpt lat="-44.77307" lon="167.76">
        <ele>112.52</ele>
      </trkpt>
      <trkpt lat="-44.77304" lon="167.76009">
        <ele>114.41</ele>
      </trkpt>
      <trkpt lat="-44.77303" lon="167.76011">
        <ele>114.84</ele>
      </trkpt>
      <trkpt lat="-44.77301" lon="167.76016">
        <ele>115.9</ele>
      </trkpt>
      <trkpt lat="-44.77297" lon="167.76023">
        <ele>116.99</ele>
      </trkpt>
      <trkpt lat="-44.77294" lon="167.76031">
        <ele>118.77</ele>
      </trkpt>
      <trkpt lat="-44.7729" lon="167.76036">
        <ele>119.66</ele>
      </trkpt>
      <trkpt lat="-44.77285" lon="167.76042">
        <ele>120.32</ele>
      </trkpt>
      <trkpt lat="-44.77281" lon="167.76048">
        <ele>120.94</ele>
      </trkpt>
      <trkpt lat="-44.77277" lon="167.76053">
        <ele>121.13</ele>
      </trkpt>
      <trkpt lat="-44.7727" lon="167.76055">
        <ele>120.45</ele>
      </trkpt>
      <trkpt lat="-44.77264" lon="167.76058">
        <ele>120.53</ele>
      </trkpt>
      <trkpt lat="-44.77259" lon="167.76061">
        <ele>120.77</ele>
      </trkpt>
      <trkpt lat="-44.77253" lon="167.76064">
        <ele>120.68</ele>
      </trkpt>
      <trkpt lat="-44.77247" lon="167.76067">
        <ele>120.62</ele>
      </trkpt>
      <trkpt lat="-44.77241" lon="167.76069">
        <ele>120.24</ele>
      </trkpt>
      <trkpt lat="-44.77236" lon="167.76074">
        <ele>120.79</ele>
      </trkpt>
      <trkpt lat="-44.77229" lon="167.76075">
        <ele>119.62</ele>
      </trkpt>
      <trkpt lat="-44.77225" lon="167.76081">
        <ele>120.16</ele>
      </trkpt>
      <trkpt lat="-44.7722" lon="167.76085">
        <ele>119.9</ele>
      </trkpt>
      <trkpt lat="-44.77216" lon="167.76091">
        <ele>120.39</ele>
      </trkpt>
      <trkpt lat="-44.77211" lon="167.76097">
        <ele>120.31</ele>
      </trkpt>
      <trkpt lat="-44.77207" lon="167.76103">
        <ele>120.28</ele>
      </trkpt>
      <trkpt lat="-44.77205" lon="167.76106">
        <ele>120.16</ele>
      </trkpt>
      <trkpt lat="-44.77203" lon="167.76109">
        <ele>119.99</ele>
      </trkpt>
      <trkpt lat="-44.77199" lon="167.76114">
        <ele>119.72</ele>
      </trkpt>
      <trkpt lat="-44.77194" lon="167.7612">
        <ele>119.43</ele>
      </trkpt>
      <trkpt lat="-44.77188" lon="167.76121">
        <ele>117.96</ele>
      </trkpt>
      <trkpt lat="-44.77182" lon="167.76124">
        <ele>116.78</ele>
      </trkpt>
      <trkpt lat="-44.77176" lon="167.76127">
        <ele>115.31</ele>
      </trkpt>
      <trkpt lat="-44.77169" lon="167.76129">
        <ele>113.12</ele>
      </trkpt>
      <trkpt lat="-44.77165" lon="167.76134">
        <ele>112.48</ele>
      </trkpt>
      <trkpt lat="-44.7716" lon="167.76139">
        <ele>112.31</ele>
      </trkpt>
      <trkpt lat="-44.77155" lon="167.76143">
        <ele>112.61</ele>
      </trkpt>
      <trkpt lat="-44.7715" lon="167.76147">
        <ele>112.66</ele>
      </trkpt>
      <trkpt lat="-44.77145" lon="167.76152">
        <ele>112.6</ele>
      </trkpt>
      <trkpt lat="-44.7714" lon="167.76156">
        <ele>112.09</ele>
      </trkpt>
      <trkpt lat="-44.77135" lon="167.7616">
        <ele>112.17</ele>
      </trkpt>
      <trkpt lat="-44.7713" lon="167.76166">
        <ele>112.62</ele>
      </trkpt>
      <trkpt lat="-44.77124" lon="167.76169">
        <ele>112.78</ele>
      </trkpt>
      <trkpt lat="-44.77118" lon="167.76168">
        <ele>112.37</ele>
      </trkpt>
      <trkpt lat="-44.77113" lon="167.76165">
        <ele>111.94</ele>
      </trkpt>
      <trkpt lat="-44.77107" lon="167.76164">
        <ele>111.66</ele>
      </trkpt>
      <trkpt lat="-44.77101" lon="167.76168">
        <ele>111.65</ele>
      </trkpt>
      <trkpt lat="-44.77098" lon="167.76174">
        <ele>111.54</ele>
      </trkpt>
      <trkpt lat="-44.77094" lon="167.7618">
        <ele>111.27</ele>
      </trkpt>
      <trkpt lat="-44.7709" lon="167.76188">
        <ele>110.84</ele>
      </trkpt>
      <trkpt lat="-44.7709" lon="167.76188">
        <ele>110.84</ele>
      </trkpt>
      <trkpt lat="-44.77086" lon="167.76193">
        <ele>110.33</ele>
      </trkpt>
      <trkpt lat="-44.77082" lon="167.76199">
        <ele>110.34</ele>
      </trkpt>
      <trkpt lat="-44.77078" lon="167.76206">
        <ele>110.59</ele>
      </trkpt>
      <trkpt lat="-44.77074" lon="167.76212">
        <ele>110.68</ele>
      </trkpt>
      <trkpt lat="-44.77069" lon="167.76217">
        <ele>110.47</ele>
      </trkpt>
      <trkpt lat="-44.77064" lon="167.76222">
        <ele>110.2</ele>
      </trkpt>
      <trkpt lat="-44.77059" lon="167.76227">
        <ele>111.28</ele>
      </trkpt>
      <trkpt lat="-44.77054" lon="167.76231">
        <ele>112.23</ele>
      </trkpt>
      <trkpt lat="-44.77049" lon="167.76235">
        <ele>112.63</ele>
      </trkpt>
      <trkpt lat="-44.77045" lon="167.76241">
        <ele>113.23</ele>
      </trkpt>
      <trkpt lat="-44.7704" lon="167.76246">
        <ele>112.58</ele>
      </trkpt>
      <trkpt lat="-44.77037" lon="167.76254">
        <ele>111.98</ele>
      </trkpt>
      <trkpt lat="-44.77034" lon="167.76262">
        <ele>110.83</ele>
      </trkpt>
      <trkpt lat="-44.77031" lon="167.7627">
        <ele>109.86</ele>
      </trkpt>
      <trkpt lat="-44.77028" lon="167.76277">
        <ele>109.04</ele>
      </trkpt>
      <trkpt lat="-44.77025" lon="167.76286">
        <ele>109.53</ele>
      </trkpt>
      <trkpt lat="-44.7702" lon="167.7629">
        <ele>108.34</ele>
      </trkpt>
      <trkpt lat="-44.77015" lon="167.76295">
        <ele>106.99</ele>
      </trkpt>
      <trkpt lat="-44.7701" lon="167.76299">
        <ele>105.26</ele>
      </trkpt>
      <trkpt lat="-44.77009" lon="167.763">
        <ele>104.89</ele>
      </trkpt>
      <trkpt lat="-44.77005" lon="167.76304">
        <ele>103.29</ele>
      </trkpt>
      <trkpt lat="-44.77" lon="167.76308">
        <ele>101.35</ele>
      </trkpt>
      <trkpt lat="-44.76995" lon="167.76312">
        <ele>101.44</ele>
      </trkpt>
      <trkpt lat="-44.7699" lon="167.76318">
        <ele>101.59</ele>
      </trkpt>
      <trkpt lat="-44.76985" lon="167.76322">
        <ele>101.33</ele>
      </trkpt>
      <trkpt lat="-44.76981" lon="167.76328">
        <ele>101.21</ele>
      </trkpt>
      <trkpt lat="-44.76976" lon="167.76333">
        <ele>100.66</ele>
      </trkpt>
      <trkpt lat="-44.76973" lon="167.76341">
        <ele>100.75</ele>
      </trkpt>
      <trkpt lat="-44.7697" lon="167.76348">
        <ele>101.33</ele>
      </trkpt>
      <trkpt lat="-44.76966" lon="167.76356">
        <ele>102.35</ele>
      </trkpt>
      <trkpt lat="-44.76963" lon="167.76363">
        <ele>103.47</ele>
      </trkpt>
      <trkpt lat="-44.76959" lon="167.7637">
        <ele>105.39</ele>
      </trkpt>
      <trkpt lat="-44.76956" lon="167.76378">
        <ele>107.09</ele>
      </trkpt>
      <trkpt lat="-44.76953" lon="167.76385">
        <ele>108.25</ele>
      </trkpt>
      <trkpt lat="-44.7695" lon="167.76394">
        <ele>110.04</ele>
      </trkpt>
      <trkpt lat="-44.76947" lon="167.76402">
        <ele>111.5</ele>
      </trkpt>
      <trkpt lat="-44.76945" lon="167.76411">
        <ele>112.98</ele>
      </trkpt>
      <trkpt lat="-44.76941" lon="167.76418">
        <ele>114.19</ele>
      </trkpt>
      <trkpt lat="-44.76938" lon="167.76427">
        <ele>116.65</ele>
      </trkpt>
      <trkpt lat="-44.76933" lon="167.76431">
        <ele>116.85</ele>
      </trkpt>
      <trkpt lat="-44.76931" lon="167.76434">
        <ele>117.16</ele>
      </trkpt>
      <trkpt lat="-44.76929" lon="167.76437">
        <ele>117.36</ele>
      </trkpt>
      <trkpt lat="-44.76922" lon="167.76439">
        <ele>115.88</ele>
      </trkpt>
      <trkpt lat="-44.76917" lon="167.76441">
        <ele>114.73</ele>
      </trkpt>
      <trkpt lat="-44.7691" lon="167.76443">
        <ele>114.58</ele>
      </trkpt>
      <trkpt lat="-44.76903" lon="167.76444">
        <ele>114.44</ele>
      </trkpt>
      <trkpt lat="-44.76897" lon="167.76446">
        <ele>114.45</ele>
      </trkpt>
      <trkpt lat="-44.7689" lon="167.76447">
        <ele>114.24</ele>
      </trkpt>
      <trkpt lat="-44.76884" lon="167.76447">
        <ele>113.8</ele>
      </trkpt>
      <trkpt lat="-44.76878" lon="167.76446">
        <ele>113.28</ele>
      </trkpt>
      <trkpt lat="-44.76871" lon="167.76446">
        <ele>112.75</ele>
      </trkpt>
      <trkpt lat="-44.76865" lon="167.76445">
        <ele>112.29</ele>
      </trkpt>
      <trkpt lat="-44.76859" lon="167.76445">
        <ele>111.92</ele>
      </trkpt>
      <trkpt lat="-44.76853" lon="167.76446">
        <ele>111.71</ele>
      </trkpt>
      <trkpt lat="-44.76847" lon="167.76449">
        <ele>111.49</ele>
      </trkpt>
      <trkpt lat="-44.7684" lon="167.76451">
        <ele>111.24</ele>
      </trkpt>
      <trkpt lat="-44.76836" lon="167.76457">
        <ele>111.1</ele>
      </trkpt>
      <trkpt lat="-44.76834" lon="167.76458">
        <ele>111.02</ele>
      </trkpt>
      <trkpt lat="-44.76831" lon="167.76461">
        <ele>110.9</ele>
      </trkpt>
      <trkpt lat="-44.76826" lon="167.76465">
        <ele>110.79</ele>
      </trkpt>
      <trkpt lat="-44.76821" lon="167.76469">
        <ele>110.85</ele>
      </trkpt>
      <trkpt lat="-44.76815" lon="167.76473">
        <ele>110.99</ele>
      </trkpt>
      <trkpt lat="-44.76811" lon="167.7648">
        <ele>110.95</ele>
      </trkpt>
      <trkpt lat="-44.76809" lon="167.76488">
        <ele>110.93</ele>
      </trkpt>
      <trkpt lat="-44.76806" lon="167.76497">
        <ele>110.99</ele>
      </trkpt>
      <trkpt lat="-44.76803" lon="167.76506">
        <ele>111.14</ele>
      </trkpt>
      <trkpt lat="-44.76801" lon="167.76514">
        <ele>111.42</ele>
      </trkpt>
      <trkpt lat="-44.76798" lon="167.76523">
        <ele>111.78</ele>
      </trkpt>
      <trkpt lat="-44.76794" lon="167.7653">
        <ele>112.32</ele>
      </trkpt>
      <trkpt lat="-44.76788" lon="167.76532">
        <ele>112.61</ele>
      </trkpt>
      <trkpt lat="-44.76783" lon="167.76536">
        <ele>113.18</ele>
      </trkpt>
      <trkpt lat="-44.76776" lon="167.76538">
        <ele>113.19</ele>
      </trkpt>
      <trkpt lat="-44.76772" lon="167.76543">
        <ele>113.25</ele>
      </trkpt>
      <trkpt lat="-44.76767" lon="167.76548">
        <ele>113.08</ele>
      </trkpt>
      <trkpt lat="-44.76764" lon="167.76557">
        <ele>113.65</ele>
      </trkpt>
      <trkpt lat="-44.76761" lon="167.76564">
        <ele>113.71</ele>
      </trkpt>
      <trkpt lat="-44.76757" lon="167.76571">
        <ele>113.51</ele>
      </trkpt>
      <trkpt lat="-44.76754" lon="167.76578">
        <ele>113.45</ele>
      </trkpt>
      <trkpt lat="-44.7675" lon="167.76586">
        <ele>113.29</ele>
      </trkpt>
      <trkpt lat="-44.76746" lon="167.76591">
        <ele>112.49</ele>
      </trkpt>
      <trkpt lat="-44.76742" lon="167.76597">
        <ele>111.74</ele>
      </trkpt>
      <trkpt lat="-44.76738" lon="167.76603">
        <ele>110.93</ele>
      </trkpt>
      <trkpt lat="-44.76734" lon="167.7661">
        <ele>110.14</ele>
      </trkpt>
      <trkpt lat="-44.76733" lon="167.76619">
        <ele>110.49</ele>
      </trkpt>
      <trkpt lat="-44.76733" lon="167.76627">
        <ele>111.12</ele>
      </trkpt>
      <trkpt lat="-44.76733" lon="167.76635">
        <ele>111.74</ele>
      </trkpt>
      <trkpt lat="-44.76733" lon="167.76643">
        <ele>112.02</ele>
      </trkpt>
      <trkpt lat="-44.76733" lon="167.76652">
        <ele>111.97</ele>
      </trkpt>
      <trkpt lat="-44.76733" lon="167.76652">
        <ele>111.97</ele>
      </trkpt>
      <trkpt lat="-44.76733" lon="167.7666">
        <ele>111.92</ele>
      </trkpt>
      <trkpt lat="-44.76734" lon="167.76668">
        <ele>112.38</ele>
      </trkpt>
      <trkpt lat="-44.76734" lon="167.76676">
        <ele>113.24</ele>
      </trkpt>
      <trkpt lat="-44.76735" lon="167.76684">
        <ele>114.61</ele>
      </trkpt>
      <trkpt lat="-44.76737" lon="167.76692">
        <ele>116.72</ele>
      </trkpt>
      <trkpt lat="-44.76738" lon="167.767">
        <ele>117.54</ele>
      </trkpt>
      <trkpt lat="-44.76739" lon="167.76707">
        <ele>117.99</ele>
      </trkpt>
      <trkpt lat="-44.76741" lon="167.76715">
        <ele>118.99</ele>
      </trkpt>
      <trkpt lat="-44.76742" lon="167.76723">
        <ele>119.18</ele>
      </trkpt>
      <trkpt lat="-44.76742" lon="167.76731">
        <ele>117.05</ele>
      </trkpt>
      <trkpt lat="-44.76743" lon="167.76739">
        <ele>115.3</ele>
      </trkpt>
      <trkpt lat="-44.76744" lon="167.76747">
        <ele>113.36</ele>
      </trkpt>
      <trkpt lat="-44.76747" lon="167.76755">
        <ele>112.18</ele>
      </trkpt>
      <trkpt lat="-44.76749" lon="167.76763">
        <ele>110.64</ele>
      </trkpt>
      <trkpt lat="-44.76751" lon="167.7677">
        <ele>109.98</ele>
      </trkpt>
      <trkpt lat="-44.76754" lon="167.76778">
        <ele>111.3</ele>
      </trkpt>
      <trkpt lat="-44.76755" lon="167.76786">
        <ele>111.65</ele>
      </trkpt>
      <trkpt lat="-44.76758" lon="167.76794">
        <ele>113.97</ele>
      </trkpt>
      <trkpt lat="-44.76757" lon="167.76802">
        <ele>112.16</ele>
      </trkpt>
      <trkpt lat="-44.76754" lon="167.76811">
        <ele>109.25</ele>
      </trkpt>
      <trkpt lat="-44.7675" lon="167.76818">
        <ele>106.79</ele>
      </trkpt>
      <trkpt lat="-44.76748" lon="167.76826">
        <ele>107.55</ele>
      </trkpt>
      <trkpt lat="-44.76743" lon="167.76831">
        <ele>107.19</ele>
      </trkpt>
      <trkpt lat="-44.76738" lon="167.76837">
        <ele>107.01</ele>
      </trkpt>
      <trkpt lat="-44.76734" lon="167.76842">
        <ele>106.92</ele>
      </trkpt>
      <trkpt lat="-44.76731" lon="167.7685">
        <ele>107.49</ele>
      </trkpt>
      <trkpt lat="-44.76727" lon="167.76857">
        <ele>107.59</ele>
      </trkpt>
      <trkpt lat="-44.76726" lon="167.76866">
        <ele>110.02</ele>
      </trkpt>
      <trkpt lat="-44.76725" lon="167.76874">
        <ele>113.31</ele>
      </trkpt>
      <trkpt lat="-44.76723" lon="167.76883">
        <ele>117.24</ele>
      </trkpt>
      <trkpt lat="-44.76723" lon="167.76891">
        <ele>119.87</ele>
      </trkpt>
      <trkpt lat="-44.76723" lon="167.76899">
        <ele>119.58</ele>
      </trkpt>
      <trkpt lat="-44.76723" lon="167.76907">
        <ele>119.29</ele>
      </trkpt>
      <trkpt lat="-44.76723" lon="167.76915">
        <ele>119.0</ele>
      </trkpt>
      <trkpt lat="-44.76724" lon="167.76922">
        <ele>118.49</ele>
      </trkpt>
      <trkpt lat="-44.76725" lon="167.76923">
        <ele>118.34</ele>
      </trkpt>
      <trkpt lat="-44.76725" lon="167.76932">
        <ele>117.7</ele>
      </trkpt>
      <trkpt lat="-44.76726" lon="167.7694">
        <ele>117.05</ele>
      </trkpt>
      <trkpt lat="-44.76723" lon="167.76948">
        <ele>115.31</ele>
      </trkpt>
      <trkpt lat="-44.76722" lon="167.76957">
        <ele>111.04</ele>
      </trkpt>
      <trkpt lat="-44.76719" lon="167.76965">
        <ele>106.64</ele>
      </trkpt>
      <trkpt lat="-44.76716" lon="167.76974">
        <ele>103.28</ele>
      </trkpt>
      <trkpt lat="-44.76714" lon="167.76983">
        <ele>102.84</ele>
      </trkpt>
      <trkpt lat="-44.76711" lon="167.76992">
        <ele>102.36</ele>
      </trkpt>
      <trkpt lat="-44.76709" lon="167.77">
        <ele>102.05</ele>
      </trkpt>
      <trkpt lat="-44.76706" lon="167.77009">
        <ele>101.83</ele>
      </trkpt>
      <trkpt lat="-44.76703" lon="167.77018">
        <ele>101.62</ele>
      </trkpt>
      <trkpt lat="-44.767" lon="167.77027">
        <ele>101.4</ele>
      </trkpt>
      <trkpt lat="-44.76698" lon="167.77035">
        <ele>101.06</ele>
      </trkpt>
      <trkpt lat="-44.76695" lon="167.77044">
        <ele>100.48</ele>
      </trkpt>
      <trkpt lat="-44.76693" lon="167.77053">
        <ele>100.35</ele>
      </trkpt>
      <trkpt lat="-44.76691" lon="167.77061">
        <ele>102.14</ele>
      </trkpt>
      <trkpt lat="-44.76689" lon="167.7707">
        <ele>104.64</ele>
      </trkpt>
      <trkpt lat="-44.7669" lon="167.77078">
        <ele>106.78</ele>
      </trkpt>
      <trkpt lat="-44.7669" lon="167.77086">
        <ele>108.28</ele>
      </trkpt>
      <trkpt lat="-44.76691" lon="167.77094">
        <ele>108.72</ele>
      </trkpt>
      <trkpt lat="-44.76691" lon="167.77102">
        <ele>108.97</ele>
      </trkpt>
      <trkpt lat="-44.76692" lon="167.7711">
        <ele>109.44</ele>
      </trkpt>
      <trkpt lat="-44.7669" lon="167.77119">
        <ele>107.99</ele>
      </trkpt>
      <trkpt lat="-44.7669" lon="167.77127">
        <ele>106.94</ele>
      </trkpt>
      <trkpt lat="-44.76687" lon="167.77136">
        <ele>105.29</ele>
      </trkpt>
      <trkpt lat="-44.76689" lon="167.77144">
        <ele>104.66</ele>
      </trkpt>
      <trkpt lat="-44.76689" lon="167.77152">
        <ele>103.8</ele>
      </trkpt>
      <trkpt lat="-44.7669" lon="167.7716">
        <ele>103.08</ele>
      </trkpt>
      <trkpt lat="-44.7669" lon="167.77168">
        <ele>101.97</ele>
      </trkpt>
      <trkpt lat="-44.76691" lon="167.77176">
        <ele>99.77</ele>
      </trkpt>
      <trkpt lat="-44.76691" lon="167.77184">
        <ele>97.43</ele>
      </trkpt>
      <trkpt lat="-44.76691" lon="167.77192">
        <ele>95.09</ele>
      </trkpt>
      <trkpt lat="-44.76691" lon="167.772">
        <ele>93.65</ele>
      </trkpt>
      <trkpt lat="-44.76691" lon="167.77209">
        <ele>92.48</ele>
      </trkpt>
      <trkpt lat="-44.7669" lon="167.77217">
        <ele>91.34</ele>
      </trkpt>
      <trkpt lat="-44.7669" lon="167.77225">
        <ele>90.61</ele>
      </trkpt>
      <trkpt lat="-44.7669" lon="167.77233">
        <ele>90.42</ele>
      </trkpt>
      <trkpt lat="-44.76688" lon="167.77242">
        <ele>90.15</ele>
      </trkpt>
      <trkpt lat="-44.76688" lon="167.7725">
        <ele>90.0</ele>
      </trkpt>
      <trkpt lat="-44.76688" lon="167.77258">
        <ele>90.6</ele>
      </trkpt>
      <trkpt lat="-44.76688" lon="167.77267">
        <ele>91.27</ele>
      </trkpt>
      <trkpt lat="-44.76688" lon="167.77275">
        <ele>91.86</ele>
      </trkpt>
      <trkpt lat="-44.7669" lon="167.77283">
        <ele>90.16</ele>
      </trkpt>
      <trkpt lat="-44.7669" lon="167.77291">
        <ele>86.8</ele>
      </trkpt>
      <trkpt lat="-44.7669" lon="167.77291">
        <ele>86.8</ele>
      </trkpt>
      <trkpt lat="-44.76691" lon="167.77299">
        <ele>83.53</ele>
      </trkpt>
      <trkpt lat="-44.76691" lon="167.77307">
        <ele>80.69</ele>
      </trkpt>
      <trkpt lat="-44.76692" lon="167.77315">
        <ele>80.45</ele>
      </trkpt>
      <trkpt lat="-44.76692" lon="167.77323">
        <ele>80.14</ele>
      </trkpt>
      <trkpt lat="-44.76693" lon="167.77331">
        <ele>79.93</ele>
      </trkpt>
      <trkpt lat="-44.76691" lon="167.7734">
        <ele>79.81</ele>
      </trkpt>
      <trkpt lat="-44.7669" lon="167.77348">
        <ele>79.88</ele>
      </trkpt>
      <trkpt lat="-44.76688" lon="167.77357">
        <ele>79.76</ele>
      </trkpt>
      <trkpt lat="-44.76687" lon="167.77365">
        <ele>79.97</ele>
      </trkpt>
      <trkpt lat="-44.76687" lon="167.77373">
        <ele>80.6</ele>
      </trkpt>
      <trkpt lat="-44.76685" lon="167.7738">
        <ele>80.65</ele>
      </trkpt>
      <trkpt lat="-44.76681" lon="167.77386">
        <ele>79.97</ele>
      </trkpt>
      <trkpt lat="-44.76676" lon="167.77392">
        <ele>79.29</ele>
      </trkpt>
      <trkpt lat="-44.76672" lon="167.77398">
        <ele>78.96</ele>
      </trkpt>
      <trkpt lat="-44.76669" lon="167.77405">
        <ele>78.75</ele>
      </trkpt>
      <trkpt lat="-44.76664" lon="167.77411">
        <ele>78.31</ele>
      </trkpt>
      <trkpt lat="-44.7666" lon="167.77416">
        <ele>78.48</ele>
      </trkpt>
      <trkpt lat="-44.76656" lon="167.77422">
        <ele>79.22</ele>
      </trkpt>
      <trkpt lat="-44.76651" lon="167.77428">
        <ele>79.24</ele>
      </trkpt>
      <trkpt lat="-44.76645" lon="167.77429">
        <ele>77.97</ele>
      </trkpt>
      <trkpt lat="-44.7664" lon="167.77434">
        <ele>76.71</ele>
      </trkpt>
      <trkpt lat="-44.76634" lon="167.77437">
        <ele>76.14</ele>
      </trkpt>
      <trkpt lat="-44.76628" lon="167.77439">
        <ele>75.88</ele>
      </trkpt>
      <trkpt lat="-44.76623" lon="167.77444">
        <ele>75.45</ele>
      </trkpt>
      <trkpt lat="-44.76618" lon="167.77448">
        <ele>75.31</ele>
      </trkpt>
      <trkpt lat="-44.76613" lon="167.77452">
        <ele>75.1</ele>
      </trkpt>
      <trkpt lat="-44.76608" lon="167.77457">
        <ele>74.78</ele>
      </trkpt>
      <trkpt lat="-44.76604" lon="167.77461">
        <ele>74.49</ele>
      </trkpt>
      <trkpt lat="-44.76604" lon="167.77463">
        <ele>74.49</ele>
      </trkpt>
      <trkpt lat="-44.76599" lon="167.77467">
        <ele>74.13</ele>
      </trkpt>
      <trkpt lat="-44.76597" lon="167.77474">
        <ele>74.02</ele>
      </trkpt>
      <trkpt lat="-44.76596" lon="167.77482">
        <ele>74.07</ele>
      </trkpt>
      <trkpt lat="-44.76596" lon="167.7749">
        <ele>74.2</ele>
      </trkpt>
      <trkpt lat="-44.76596" lon="167.77498">
        <ele>74.34</ele>
      </trkpt>
      <trkpt lat="-44.76595" lon="167.77507">
        <ele>74.87</ele>
      </trkpt>
      <trkpt lat="-44.76594" lon="167.77515">
        <ele>75.44</ele>
      </trkpt>
      <trkpt lat="-44.76592" lon="167.77524">
        <ele>75.93</ele>
      </trkpt>
      <trkpt lat="-44.7659" lon="167.77533">
        <ele>76.28</ele>
      </trkpt>
      <trkpt lat="-44.76587" lon="167.77541">
        <ele>76.19</ele>
      </trkpt>
      <trkpt lat="-44.76584" lon="167.7755">
        <ele>75.95</ele>
      </trkpt>
      <trkpt lat="-44.76583" lon="167.77558">
        <ele>75.88</ele>
      </trkpt>
      <trkpt lat="-44.76586" lon="167.77566">
        <ele>76.33</ele>
      </trkpt>
      <trkpt lat="-44.76587" lon="167.77574">
        <ele>76.35</ele>
      </trkpt>
      <trkpt lat="-44.7659" lon="167.77582">
        <ele>76.96</ele>
      </trkpt>
      <trkpt lat="-44.76591" lon="167.7759">
        <ele>76.97</ele>
      </trkpt>
      <trkpt lat="-44.76592" lon="167.77598">
        <ele>76.97</ele>
      </trkpt>
      <trkpt lat="-44.76594" lon="167.77605">
        <ele>77.29</ele>
      </trkpt>
      <trkpt lat="-44.76594" lon="167.77614">
        <ele>76.94</ele>
      </trkpt>
      <trkpt lat="-44.76594" lon="167.77622">
        <ele>76.59</ele>
      </trkpt>
      <trkpt lat="-44.76594" lon="167.7763">
        <ele>76.23</ele>
      </trkpt>
      <trkpt lat="-44.76592" lon="167.77638">
        <ele>75.16</ele>
      </trkpt>
      <trkpt lat="-44.76591" lon="167.77647">
        <ele>74.18</ele>
      </trkpt>
      <trkpt lat="-44.76591" lon="167.77655">
        <ele>73.6</ele>
      </trkpt>
      <trkpt lat="-44.7659" lon="167.77664">
        <ele>72.59</ele>
      </trkpt>
      <trkpt lat="-44.76588" lon="167.77672">
        <ele>71.26</ele>
      </trkpt>
      <trkpt lat="-44.76587" lon="167.77681">
        <ele>70.22</ele>
      </trkpt>
      <trkpt lat="-44.76586" lon="167.77689">
        <ele>69.27</ele>
      </trkpt>
      <trkpt lat="-44.76583" lon="167.77698">
        <ele>67.6</ele>
      </trkpt>
      <trkpt lat="-44.76582" lon="167.77706">
        <ele>66.7</ele>
      </trkpt>
      <trkpt lat="-44.76579" lon="167.77715">
        <ele>65.62</ele>
      </trkpt>
      <trkpt lat="-44.7658" lon="167.77723">
        <ele>64.8</ele>
      </trkpt>
      <trkpt lat="-44.76581" lon="167.77731">
        <ele>63.99</ele>
      </trkpt>
      <trkpt lat="-44.76584" lon="167.77738">
        <ele>63.71</ele>
      </trkpt>
      <trkpt lat="-44.76586" lon="167.77746">
        <ele>64.2</ele>
      </trkpt>
      <trkpt lat="-44.76589" lon="167.77754">
        <ele>67.37</ele>
      </trkpt>
      <trkpt lat="-44.76588" lon="167.77762">
        <ele>69.86</ele>
      </trkpt>
      <trkpt lat="-44.76588" lon="167.7777">
        <ele>72.98</ele>
      </trkpt>
      <trkpt lat="-44.76587" lon="167.77779">
        <ele>75.66</ele>
      </trkpt>
      <trkpt lat="-44.76586" lon="167.77787">
        <ele>74.5</ele>
      </trkpt>
      <trkpt lat="-44.76584" lon="167.77796">
        <ele>72.65</ele>
      </trkpt>
      <trkpt lat="-44.76582" lon="167.77804">
        <ele>71.33</ele>
      </trkpt>
      <trkpt lat="-44.76579" lon="167.77813">
        <ele>71.9</ele>
      </trkpt>
      <trkpt lat="-44.76576" lon="167.77822">
        <ele>72.16</ele>
      </trkpt>
      <trkpt lat="-44.76573" lon="167.77829">
        <ele>71.82</ele>
      </trkpt>
      <trkpt lat="-44.76569" lon="167.77836">
        <ele>72.28</ele>
      </trkpt>
      <trkpt lat="-44.76566" lon="167.77844">
        <ele>75.3</ele>
      </trkpt>
      <trkpt lat="-44.76562" lon="167.77849">
        <ele>75.91</ele>
      </trkpt>
      <trkpt lat="-44.76557" lon="167.77855">
        <ele>75.78</ele>
      </trkpt>
      <trkpt lat="-44.76553" lon="167.77861">
        <ele>76.69</ele>
      </trkpt>
      <trkpt lat="-44.76549" lon="167.77867">
        <ele>79.98</ele>
      </trkpt>
      <trkpt lat="-44.76544" lon="167.77872">
        <ele>81.8</ele>
      </trkpt>
      <trkpt lat="-44.76541" lon="167.7788">
        <ele>85.11</ele>
      </trkpt>
      <trkpt lat="-44.76538" lon="167.77887">
        <ele>87.26</ele>
      </trkpt>
      <trkpt lat="-44.76536" lon="167.77896">
        <ele>88.02</ele>
      </trkpt>
      <trkpt lat="-44.76535" lon="167.77904">
        <ele>88.53</ele>
      </trkpt>
      <trkpt lat="-44.76534" lon="167.77913">
        <ele>89.22</ele>
      </trkpt>
      <trkpt lat="-44.76532" lon="167.77921">
        <ele>86.41</ele>
      </trkpt>
      <trkpt lat="-44.76532" lon="167.77929">
        <ele>81.95</ele>
      </trkpt>
      <trkpt lat="-44.76532" lon="167.7793">
        <ele>81.39</ele>
      </trkpt>
      <trkpt lat="-44.76531" lon="167.77938">
        <ele>76.23</ele>
      </trkpt>
      <trkpt lat="-44.7653" lon="167.77946">
        <ele>72.46</ele>
      </trkpt>
      <trkpt lat="-44.7653" lon="167.77954">
        <ele>76.07</ele>
      </trkpt>
      <trkpt lat="-44.7653" lon="167.77963">
        <ele>80.12</ele>
      </trkpt>
      <trkpt lat="-44.76528" lon="167.77971">
        <ele>82.56</ele>
      </trkpt>
      <trkpt lat="-44.76527" lon="167.77979">
        <ele>84.85</ele>
      </trkpt>
      <trkpt lat="-44.76526" lon="167.77988">
        <ele>87.23</ele>
      </trkpt>
      <trkpt lat="-44.76523" lon="167.77997">
        <ele>88.37</ele>
      </trkpt>
      <trkpt lat="-44.7652" lon="167.78005">
        <ele>88.68</ele>
      </trkpt>
      <trkpt lat="-44.76518" lon="167.78014">
        <ele>89.54</ele>
      </trkpt>
      <trkpt lat="-44.76515" lon="167.78023">
        <ele>89.67</ele>
      </trkpt>
      <trkpt lat="-44.76512" lon="167.7803">
        <ele>89.1</ele>
      </trkpt>
      <trkpt lat="-44.76508" lon="167.78037">
        <ele>87.19</ele>
      </trkpt>
      <trkpt lat="-44.76505" lon="167.78045">
        <ele>85.64</ele>
      </trkpt>
      <trkpt lat="-44.76501" lon="167.78052">
        <ele>82.74</ele>
      </trkpt>
      <trkpt lat="-44.76497" lon="167.78058">
        <ele>81.89</ele>
      </trkpt>
      <trkpt lat="-44.76493" lon="167.78065">
        <ele>81.75</ele>
      </trkpt>
      <trkpt lat="-44.76493" lon="167.78067">
        <ele>81.75</ele>
      </trkpt>
      <trkpt lat="-44.7649" lon="167.78072">
        <ele>81.64</ele>
      </trkpt>
      <trkpt lat="-44.76487" lon="167.7808">
        <ele>81.53</ele>
      </trkpt>
      <trkpt lat="-44.76483" lon="167.78087">
        <ele>82.38</ele>
      </trkpt>
      <trkpt lat="-44.7648" lon="167.78094">
        <ele>84.01</ele>
      </trkpt>
      <trkpt lat="-44.76477" lon="167.78102">
        <ele>85.67</ele>
      </trkpt>
      <trkpt lat="-44.76472" lon="167.78107">
        <ele>86.08</ele>
      </trkpt>
      <trkpt lat="-44.76468" lon="167.78113">
        <ele>86.61</ele>
      </trkpt>
      <trkpt lat="-44.76463" lon="167.78117">
        <ele>86.33</ele>
      </trkpt>
      <trkpt lat="-44.76458" lon="167.78123">
        <ele>86.13</ele>
      </trkpt>
      <trkpt lat="-44.76453" lon="167.78127">
        <ele>85.39</ele>
      </trkpt>
      <trkpt lat="-44.76449" lon="167.78133">
        <ele>84.91</ele>
      </trkpt>
      <trkpt lat="-44.76444" lon="167.78138">
        <ele>83.79</ele>
      </trkpt>
      <trkpt lat="-44.76439" lon="167.78142">
        <ele>82.48</ele>
      </trkpt>
      <trkpt lat="-44.76434" lon="167.78146">
        <ele>81.0</ele>
      </trkpt>
      <trkpt lat="-44.76429" lon="167.7815">
        <ele>79.31</ele>
      </trkpt>
      <trkpt lat="-44.76423" lon="167.78153">
        <ele>77.01</ele>
      </trkpt>
      <trkpt lat="-44.76417" lon="167.78156">
        <ele>74.52</ele>
      </trkpt>
      <trkpt lat="-44.76411" lon="167.78159">
        <ele>74.89</ele>
      </trkpt>
      <trkpt lat="-44.76404" lon="167.7816">
        <ele>75.61</ele>
      </trkpt>
      <trkpt lat="-44.764" lon="167.78161">
        <ele>76.0</ele>
      </trkpt>
      <trkpt lat="-44.76398" lon="167.78162">
        <ele>76.18</ele>
      </trkpt>
      <trkpt lat="-44.76391" lon="167.78163">
        <ele>76.9</ele>
      </trkpt>
      <trkpt lat="-44.76385" lon="167.78166">
        <ele>77.3</ele>
      </trkpt>
      <trkpt lat="-44.76379" lon="167.78168">
        <ele>77.93</ele>
      </trkpt>
      <trkpt lat="-44.76374" lon="167.78173">
        <ele>79.09</ele>
      </trkpt>
      <trkpt lat="-44.7637" lon="167.78179">
        <ele>80.28</ele>
      </trkpt>
      <trkpt lat="-44.76366" lon="167.78185">
        <ele>81.4</ele>
      </trkpt>
      <trkpt lat="-44.76361" lon="167.78191">
        <ele>82.51</ele>
      </trkpt>
      <trkpt lat="-44.76358" lon="167.78198">
        <ele>83.6</ele>
      </trkpt>
      <trkpt lat="-44.76355" lon="167.78205">
        <ele>84.57</ele>
      </trkpt>
      <trkpt lat="-44.7635" lon="167.78211">
        <ele>85.31</ele>
      </trkpt>
      <trkpt lat="-44.76347" lon="167.78218">
        <ele>86.04</ele>
      </trkpt>
      <trkpt lat="-44.76343" lon="167.78225">
        <ele>86.62</ele>
      </trkpt>
      <trkpt lat="-44.76339" lon="167.78231">
        <ele>86.96</ele>
      </trkpt>
      <trkpt lat="-44.76335" lon="167.78237">
        <ele>87.19</ele>
      </trkpt>
      <trkpt lat="-44.76331" lon="167.78244">
        <ele>87.25</ele>
      </trkpt>
      <trkpt lat="-44.76327" lon="167.7825">
        <ele>87.09</ele>
      </trkpt>
      <trkpt lat="-44.76323" lon="167.78256">
        <ele>86.51</ele>
      </trkpt>
      <trkpt lat="-44.76319" lon="167.78263">
        <ele>85.94</ele>
      </trkpt>
      <trkpt lat="-44.76315" lon="167.78269">
        <ele>85.36</ele>
      </trkpt>
      <trkpt lat="-44.76311" lon="167.78275">
        <ele>84.78</ele>
      </trkpt>
      <trkpt lat="-44.76307" lon="167.78282">
        <ele>84.06</ele>
      </trkpt>
      <trkpt lat="-44.76305" lon="167.78288">
        <ele>83.55</ele>
      </trkpt>
      <trkpt lat="-44.76304" lon="167.78289">
        <ele>83.37</ele>
      </trkpt>
      <trkpt lat="-44.763" lon="167.78295">
        <ele>82.58</ele>
      </trkpt>
      <trkpt lat="-44.76296" lon="167.78302">
        <ele>81.75</ele>
      </trkpt>
      <trkpt lat="-44.76293" lon="167.7831">
        <ele>81.12</ele>
      </trkpt>
      <trkpt lat="-44.76288" lon="167.78315">
        <ele>80.26</ele>
      </trkpt>
      <trkpt lat="-44.76284" lon="167.78321">
        <ele>79.46</ele>
      </trkpt>
      <trkpt lat="-44.7628" lon="167.78327">
        <ele>78.61</ele>
      </trkpt>
      <trkpt lat="-44.76276" lon="167.78333">
        <ele>77.76</ele>
      </trkpt>
      <trkpt lat="-44.76271" lon="167.78338">
        <ele>77.4</ele>
      </trkpt>
      <trkpt lat="-44.76268" lon="167.78346">
        <ele>77.66</ele>
      </trkpt>
      <trkpt lat="-44.76264" lon="167.78353">
        <ele>77.78</ele>
      </trkpt>
      <trkpt lat="-44.76261" lon="167.7836">
        <ele>78.08</ele>
      </trkpt>
      <trkpt lat="-44.76258" lon="167.78369">
        <ele>78.63</ele>
      </trkpt>
      <trkpt lat="-44.76253" lon="167.78373">
        <ele>78.56</ele>
      </trkpt>
      <trkpt lat="-44.76249" lon="167.78379">
        <ele>78.91</ele>
      </trkpt>
      <trkpt lat="-44.76244" lon="167.78384">
        <ele>79.29</ele>
      </trkpt>
      <trkpt lat="-44.76239" lon="167.78388">
        <ele>79.52</ele>
      </trkpt>
      <trkpt lat="-44.76234" lon="167.78392">
        <ele>79.7</ele>
      </trkpt>
      <trkpt lat="-44.76229" lon="167.78397">
        <ele>79.9</ele>
      </trkpt>
      <trkpt lat="-44.76224" lon="167.78401">
        <ele>79.96</ele>
      </trkpt>
      <trkpt lat="-44.76219" lon="167.78405">
        <ele>79.91</ele>
      </trkpt>
      <trkpt lat="-44.76214" lon="167.78411">
        <ele>79.82</ele>
      </trkpt>
      <trkpt lat="-44.76209" lon="167.78415">
        <ele>79.51</ele>
      </trkpt>
      <trkpt lat="-44.76205" lon="167.78421">
        <ele>79.51</ele>
      </trkpt>
      <trkpt lat="-44.762" lon="167.78425">
        <ele>79.26</ele>
      </trkpt>
      <trkpt lat="-44.76196" lon="167.78431">
        <ele>79.23</ele>
      </trkpt>
      <trkpt lat="-44.76191" lon="167.78436">
        <ele>79.06</ele>
      </trkpt>
      <trkpt lat="-44.76186" lon="167.78441">
        <ele>78.88</ele>
      </trkpt>
      <trkpt lat="-44.76181" lon="167.78446">
        <ele>78.66</ele>
      </trkpt>
      <trkpt lat="-44.76176" lon="167.7845">
        <ele>78.34</ele>
      </trkpt>
      <trkpt lat="-44.76171" lon="167.78454">
        <ele>77.92</ele>
      </trkpt>
      <trkpt lat="-44.76166" lon="167.78459">
        <ele>77.46</ele>
      </trkpt>
      <trkpt lat="-44.76161" lon="167.78463">
        <ele>77.06</ele>
      </trkpt>
      <trkpt lat="-44.76156" lon="167.78467">
        <ele>76.49</ele>
      </trkpt>
      <trkpt lat="-44.76152" lon="167.78473">
        <ele>75.89</ele>
      </trkpt>
      <trkpt lat="-44.76147" lon="167.78477">
        <ele>75.1</ele>
      </trkpt>
      <trkpt lat="-44.76142" lon="167.78483">
        <ele>74.15</ele>
      </trkpt>
      <trkpt lat="-44.76137" lon="167.78488">
        <ele>73.19</ele>
      </trkpt>
      <trkpt lat="-44.76132" lon="167.78492">
        <ele>72.37</ele>
      </trkpt>
      <trkpt lat="-44.76131" lon="167.78493">
        <ele>72.19</ele>
      </trkpt>
      <trkpt lat="-44.76127" lon="167.78496">
        <ele>71.49</ele>
      </trkpt>
      <trkpt lat="-44.76122" lon="167.78501">
        <ele>70.7</ele>
      </trkpt>
      <trkpt lat="-44.76117" lon="167.78505">
        <ele>70.53</ele>
      </trkpt>
      <trkpt lat="-44.76112" lon="167.78509">
        <ele>70.41</ele>
      </trkpt>
      <trkpt lat="-44.76108" lon="167.78515">
        <ele>71.27</ele>
      </trkpt>
      <trkpt lat="-44.76103" lon="167.78519">
        <ele>72.03</ele>
      </trkpt>
      <trkpt lat="-44.76098" lon="167.78525">
        <ele>73.07</ele>
      </trkpt>
      <trkpt lat="-44.76092" lon="167.78526">
        <ele>73.43</ele>
      </trkpt>
      <trkpt lat="-44.76087" lon="167.78531">
        <ele>74.26</ele>
      </trkpt>
      <trkpt lat="-44.76081" lon="167.78534">
        <ele>74.67</ele>
      </trkpt>
      <trkpt lat="-44.76075" lon="167.78536">
        <ele>74.89</ele>
      </trkpt>
      <trkpt lat="-44.76069" lon="167.78539">
        <ele>75.21</ele>
      </trkpt>
      <trkpt lat="-44.76063" lon="167.78542">
        <ele>75.54</ele>
      </trkpt>
      <trkpt lat="-44.76056" lon="167.78544">
        <ele>75.75</ele>
      </trkpt>
      <trkpt lat="-44.76051" lon="167.78546">
        <ele>76.02</ele>
      </trkpt>
      <trkpt lat="-44.76044" lon="167.78548">
        <ele>76.3</ele>
      </trkpt>
      <trkpt lat="-44.7604" lon="167.78554">
        <ele>76.86</ele>
      </trkpt>
      <trkpt lat="-44.76035" lon="167.78558">
        <ele>77.26</ele>
      </trkpt>
      <trkpt lat="-44.7603" lon="167.78562">
        <ele>77.7</ele>
      </trkpt>
      <trkpt lat="-44.76024" lon="167.78567">
        <ele>78.18</ele>
      </trkpt>
      <trkpt lat="-44.76019" lon="167.78571">
        <ele>78.49</ele>
      </trkpt>
      <trkpt lat="-44.76014" lon="167.78574">
        <ele>78.66</ele>
      </trkpt>
      <trkpt lat="-44.76008" lon="167.78577">
        <ele>78.77</ele>
      </trkpt>
      <trkpt lat="-44.76003" lon="167.78581">
        <ele>78.93</ele>
      </trkpt>
      <trkpt lat="-44.75997" lon="167.78584">
        <ele>79.02</ele>
      </trkpt>
      <trkpt lat="-44.75991" lon="167.78587">
        <ele>79.13</ele>
      </trkpt>
      <trkpt lat="-44.75985" lon="167.78589">
        <ele>79.2</ele>
      </trkpt>
      <trkpt lat="-44.75979" lon="167.78592">
        <ele>79.31</ele>
      </trkpt>
      <trkpt lat="-44.75973" lon="167.78595">
        <ele>79.42</ele>
      </trkpt>
      <trkpt lat="-44.75967" lon="167.78598">
        <ele>79.43</ele>
      </trkpt>
      <trkpt lat="-44.75962" lon="167.78601">
        <ele>79.4</ele>
      </trkpt>
      <trkpt lat="-44.75956" lon="167.78604">
        <ele>79.31</ele>
      </trkpt>
      <trkpt lat="-44.75951" lon="167.78608">
        <ele>79.21</ele>
      </trkpt>
      <trkpt lat="-44.75945" lon="167.78611">
        <ele>79.02</ele>
      </trkpt>
      <trkpt lat="-44.75939" lon="167.78614">
        <ele>79.08</ele>
      </trkpt>
      <trkpt lat="-44.75933" lon="167.78617">
        <ele>79.12</ele>
      </trkpt>
      <trkpt lat="-44.75927" lon="167.78619">
        <ele>79.11</ele>
      </trkpt>
      <trkpt lat="-44.75921" lon="167.78622">
        <ele>79.06</ele>
      </trkpt>
      <trkpt lat="-44.75915" lon="167.78625">
        <ele>78.64</ele>
      </trkpt>
      <trkpt lat="-44.7591" lon="167.78628">
        <ele>77.82</ele>
      </trkpt>
      <trkpt lat="-44.75904" lon="167.78631">
        <ele>77.25</ele>
      </trkpt>
      <trkpt lat="-44.75899" lon="167.78635">
        <ele>77.47</ele>
      </trkpt>
      <trkpt lat="-44.75893" lon="167.78638">
        <ele>77.88</ele>
      </trkpt>
      <trkpt lat="-44.75887" lon="167.78641">
        <ele>77.56</ele>
      </trkpt>
      <trkpt lat="-44.75881" lon="167.78644">
        <ele>76.33</ele>
      </trkpt>
      <trkpt lat="-44.75875" lon="167.78647">
        <ele>75.38</ele>
      </trkpt>
      <trkpt lat="-44.75868" lon="167.78648">
        <ele>74.22</ele>
      </trkpt>
      <trkpt lat="-44.75863" lon="167.78651">
        <ele>73.91</ele>
      </trkpt>
      <trkpt lat="-44.75857" lon="167.78654">
        <ele>73.82</ele>
      </trkpt>
      <trkpt lat="-44.75851" lon="167.78656">
        <ele>73.6</ele>
      </trkpt>
      <trkpt lat="-44.75851" lon="167.78657">
        <ele>73.82</ele>
      </trkpt>
      <trkpt lat="-44.75845" lon="167.78659">
        <ele>73.6</ele>
      </trkpt>
      <trkpt lat="-44.75839" lon="167.78662">
        <ele>73.6</ele>
      </trkpt>
      <trkpt lat="-44.75833" lon="167.78665">
        <ele>73.65</ele>
      </trkpt>
      <trkpt lat="-44.75827" lon="167.78668">
        <ele>74.37</ele>
      </trkpt>
      <trkpt lat="-44.75822" lon="167.78671">
        <ele>74.88</ele>
      </trkpt>
      <trkpt lat="-44.75816" lon="167.78674">
        <ele>75.42</ele>
      </trkpt>
      <trkpt lat="-44.7581" lon="167.78676">
        <ele>75.85</ele>
      </trkpt>
      <trkpt lat="-44.75803" lon="167.78678">
        <ele>75.69</ele>
      </trkpt>
      <trkpt lat="-44.75796" lon="167.78679">
        <ele>74.38</ele>
      </trkpt>
      <trkpt lat="-44.7579" lon="167.78681">
        <ele>73.49</ele>
      </trkpt>
      <trkpt lat="-44.75783" lon="167.78682">
        <ele>72.32</ele>
      </trkpt>
      <trkpt lat="-44.75777" lon="167.78685">
        <ele>72.1</ele>
      </trkpt>
      <trkpt lat="-44.75771" lon="167.78688">
        <ele>73.9</ele>
      </trkpt>
      <trkpt lat="-44.75766" lon="167.78691">
        <ele>75.64</ele>
      </trkpt>
      <trkpt lat="-44.7576" lon="167.78693">
        <ele>77.43</ele>
      </trkpt>
      <trkpt lat="-44.75755" lon="167.78698">
        <ele>80.27</ele>
      </trkpt>
      <trkpt lat="-44.75749" lon="167.78701">
        <ele>82.39</ele>
      </trkpt>
      <trkpt lat="-44.75743" lon="167.78703">
        <ele>83.39</ele>
      </trkpt>
      <trkpt lat="-44.75737" lon="167.78706">
        <ele>84.94</ele>
      </trkpt>
      <trkpt lat="-44.75731" lon="167.78709">
        <ele>86.67</ele>
      </trkpt>
      <trkpt lat="-44.75724" lon="167.78711">
        <ele>88.19</ele>
      </trkpt>
      <trkpt lat="-44.75718" lon="167.78712">
        <ele>88.18</ele>
      </trkpt>
      <trkpt lat="-44.75712" lon="167.78712">
        <ele>87.22</ele>
      </trkpt>
      <trkpt lat="-44.75706" lon="167.78711">
        <ele>85.91</ele>
      </trkpt>
      <trkpt lat="-44.75702" lon="167.78711">
        <ele>85.31</ele>
      </trkpt>
      <trkpt lat="-44.75699" lon="167.78711">
        <ele>84.86</ele>
      </trkpt>
      <trkpt lat="-44.75693" lon="167.7871">
        <ele>83.67</ele>
      </trkpt>
      <trkpt lat="-44.75688" lon="167.78708">
        <ele>82.39</ele>
      </trkpt>
      <trkpt lat="-44.75682" lon="167.78708">
        <ele>81.43</ele>
      </trkpt>
      <trkpt lat="-44.75675" lon="167.78708">
        <ele>80.31</ele>
      </trkpt>
      <trkpt lat="-44.75669" lon="167.78707">
        <ele>79.26</ele>
      </trkpt>
      <trkpt lat="-44.75663" lon="167.78707">
        <ele>78.26</ele>
      </trkpt>
      <trkpt lat="-44.75657" lon="167.78708">
        <ele>77.24</ele>
      </trkpt>
      <trkpt lat="-44.7565" lon="167.7871">
        <ele>76.05</ele>
      </trkpt>
      <trkpt lat="-44.75643" lon="167.78711">
        <ele>74.77</ele>
      </trkpt>
      <trkpt lat="-44.75637" lon="167.78711">
        <ele>73.96</ele>
      </trkpt>
      <trkpt lat="-44.75631" lon="167.7871">
        <ele>73.84</ele>
      </trkpt>
      <trkpt lat="-44.75625" lon="167.7871">
        <ele>73.72</ele>
      </trkpt>
      <trkpt lat="-44.75619" lon="167.7871">
        <ele>73.6</ele>
      </trkpt>
      <trkpt lat="-44.75613" lon="167.78707">
        <ele>73.58</ele>
      </trkpt>
      <trkpt lat="-44.75607" lon="167.78707">
        <ele>74.23</ele>
      </trkpt>
      <trkpt lat="-44.75601" lon="167.78707">
        <ele>75.23</ele>
      </trkpt>
      <trkpt lat="-44.75595" lon="167.78706">
        <ele>76.09</ele>
      </trkpt>
      <trkpt lat="-44.75589" lon="167.78706">
        <ele>77.03</ele>
      </trkpt>
      <trkpt lat="-44.75582" lon="167.78706">
        <ele>77.64</ele>
      </trkpt>
      <trkpt lat="-44.75576" lon="167.78705">
        <ele>76.11</ele>
      </trkpt>
      <trkpt lat="-44.7557" lon="167.78705">
        <ele>74.85</ele>
      </trkpt>
      <trkpt lat="-44.75564" lon="167.78704">
        <ele>73.25</ele>
      </trkpt>
      <trkpt lat="-44.75562" lon="167.78704">
        <ele>72.82</ele>
      </trkpt>
      <trkpt lat="-44.75558" lon="167.78704">
        <ele>71.97</ele>
      </trkpt>
      <trkpt lat="-44.75551" lon="167.78705">
        <ele>71.84</ele>
      </trkpt>
      <trkpt lat="-44.75545" lon="167.78707">
        <ele>72.56</ele>
      </trkpt>
      <trkpt lat="-44.75538" lon="167.78708">
        <ele>72.9</ele>
      </trkpt>
      <trkpt lat="-44.75531" lon="167.7871">
        <ele>73.49</ele>
      </trkpt>
      <trkpt lat="-44.75525" lon="167.78709">
        <ele>73.1</ele>
      </trkpt>
      <trkpt lat="-44.75519" lon="167.78709">
        <ele>72.89</ele>
      </trkpt>
      <trkpt lat="-44.75513" lon="167.78709">
        <ele>72.69</ele>
      </trkpt>
      <trkpt lat="-44.75507" lon="167.78706">
        <ele>71.45</ele>
      </trkpt>
      <trkpt lat="-44.75502" lon="167.78704">
        <ele>70.53</ele>
      </trkpt>
      <trkpt lat="-44.75496" lon="167.78704">
        <ele>70.78</ele>
      </trkpt>
      <trkpt lat="-44.7549" lon="167.78702">
        <ele>70.54</ele>
      </trkpt>
      <trkpt lat="-44.75484" lon="167.787">
        <ele>70.27</ele>
      </trkpt>
      <trkpt lat="-44.75478" lon="167.78699">
        <ele>70.35</ele>
      </trkpt>
      <trkpt lat="-44.75472" lon="167.78699">
        <ele>70.83</ele>
      </trkpt>
      <trkpt lat="-44.75466" lon="167.78697">
        <ele>70.66</ele>
      </trkpt>
      <trkpt lat="-44.7546" lon="167.78696">
        <ele>70.91</ele>
      </trkpt>
      <trkpt lat="-44.75454" lon="167.78696">
        <ele>71.55</ele>
      </trkpt>
      <trkpt lat="-44.75449" lon="167.78694">
        <ele>71.38</ele>
      </trkpt>
      <trkpt lat="-44.75443" lon="167.78692">
        <ele>71.3</ele>
      </trkpt>
      <trkpt lat="-44.75437" lon="167.78691">
        <ele>71.01</ele>
      </trkpt>
      <trkpt lat="-44.75431" lon="167.78689">
        <ele>70.43</ele>
      </trkpt>
      <trkpt lat="-44.75426" lon="167.78687">
        <ele>69.86</ele>
      </trkpt>
      <trkpt lat="-44.7542" lon="167.78685">
        <ele>69.28</ele>
      </trkpt>
      <trkpt lat="-44.75414" lon="167.78683">
        <ele>68.95</ele>
      </trkpt>
      <trkpt lat="-44.75409" lon="167.78679">
        <ele>68.23</ele>
      </trkpt>
      <trkpt lat="-44.75404" lon="167.78677">
        <ele>68.06</ele>
      </trkpt>
      <trkpt lat="-44.75399" lon="167.78673">
        <ele>67.24</ele>
      </trkpt>
      <trkpt lat="-44.75393" lon="167.78671">
        <ele>67.08</ele>
      </trkpt>
      <trkpt lat="-44.75388" lon="167.78668">
        <ele>66.52</ele>
      </trkpt>
      <trkpt lat="-44.75381" lon="167.78669">
        <ele>67.51</ele>
      </trkpt>
      <trkpt lat="-44.75376" lon="167.78666">
        <ele>67.18</ele>
      </trkpt>
      <trkpt lat="-44.7537" lon="167.78666">
        <ele>67.8</ele>
      </trkpt>
      <trkpt lat="-44.75364" lon="167.78666">
        <ele>68.41</ele>
      </trkpt>
      <trkpt lat="-44.75357" lon="167.78665">
        <ele>68.15</ele>
      </trkpt>
      <trkpt lat="-44.75352" lon="167.78663">
        <ele>67.17</ele>
      </trkpt>
      <trkpt lat="-44.75346" lon="167.78663">
        <ele>67.02</ele>
      </trkpt>
      <trkpt lat="-44.75342" lon="167.78663">
        <ele>66.91</ele>
      </trkpt>
      <trkpt lat="-44.7534" lon="167.78663">
        <ele>66.86</ele>
      </trkpt>
      <trkpt lat="-44.75333" lon="167.78662">
        <ele>66.28</ele>
      </trkpt>
      <trkpt lat="-44.75327" lon="167.78662">
        <ele>65.64</ele>
      </trkpt>
      <trkpt lat="-44.75321" lon="167.78665">
        <ele>66.07</ele>
      </trkpt>
      <trkpt lat="-44.75316" lon="167.78668">
        <ele>66.72</ele>
      </trkpt>
      <trkpt lat="-44.7531" lon="167.7867">
        <ele>66.94</ele>
      </trkpt>
      <trkpt lat="-44.75304" lon="167.78673">
        <ele>67.52</ele>
      </trkpt>
      <trkpt lat="-44.75298" lon="167.78676">
        <ele>68.04</ele>
      </trkpt>
      <trkpt lat="-44.75291" lon="167.78677">
        <ele>67.56</ele>
      </trkpt>
      <trkpt lat="-44.75285" lon="167.78679">
        <ele>67.7</ele>
      </trkpt>
      <trkpt lat="-44.75278" lon="167.7868">
        <ele>67.27</ele>
      </trkpt>
      <trkpt lat="-44.75271" lon="167.78682">
        <ele>67.69</ele>
      </trkpt>
      <trkpt lat="-44.75265" lon="167.78683">
        <ele>67.72</ele>
      </trkpt>
      <trkpt lat="-44.75258" lon="167.78684">
        <ele>67.69</ele>
      </trkpt>
      <trkpt lat="-44.75251" lon="167.78686">
        <ele>68.12</ele>
      </trkpt>
      <trkpt lat="-44.75245" lon="167.78687">
        <ele>68.74</ele>
      </trkpt>
      <trkpt lat="-44.75238" lon="167.78688">
        <ele>69.52</ele>
      </trkpt>
      <trkpt lat="-44.75231" lon="167.7869">
        <ele>70.71</ele>
      </trkpt>
      <trkpt lat="-44.75225" lon="167.78691">
        <ele>71.4</ele>
      </trkpt>
      <trkpt lat="-44.75219" lon="167.78691">
        <ele>71.14</ele>
      </trkpt>
      <trkpt lat="-44.75212" lon="167.7869">
        <ele>69.86</ele>
      </trkpt>
      <trkpt lat="-44.75206" lon="167.7869">
        <ele>69.14</ele>
      </trkpt>
      <trkpt lat="-44.75201" lon="167.78688">
        <ele>67.57</ele>
      </trkpt>
      <trkpt lat="-44.75195" lon="167.78686">
        <ele>65.82</ele>
      </trkpt>
      <trkpt lat="-44.75189" lon="167.78686">
        <ele>66.14</ele>
      </trkpt>
      <trkpt lat="-44.75183" lon="167.78685">
        <ele>66.06</ele>
      </trkpt>
      <trkpt lat="-44.75177" lon="167.78685">
        <ele>66.5</ele>
      </trkpt>
      <trkpt lat="-44.7517" lon="167.78686">
        <ele>67.5</ele>
      </trkpt>
      <trkpt lat="-44.75164" lon="167.78686">
        <ele>68.01</ele>
      </trkpt>
      <trkpt lat="-44.75157" lon="167.78687">
        <ele>69.09</ele>
      </trkpt>
      <trkpt lat="-44.75152" lon="167.78683">
        <ele>68.19</ele>
      </trkpt>
      <trkpt lat="-44.75147" lon="167.78681">
        <ele>68.31</ele>
      </trkpt>
      <trkpt lat="-44.75141" lon="167.78678">
        <ele>68.64</ele>
      </trkpt>
      <trkpt lat="-44.75135" lon="167.78679">
        <ele>68.69</ele>
      </trkpt>
      <trkpt lat="-44.75129" lon="167.78678">
        <ele>67.63</ele>
      </trkpt>
      <trkpt lat="-44.75122" lon="167.7868">
        <ele>67.21</ele>
      </trkpt>
      <trkpt lat="-44.75115" lon="167.78681">
        <ele>66.64</ele>
      </trkpt>
      <trkpt lat="-44.75109" lon="167.78682">
        <ele>66.21</ele>
      </trkpt>
      <trkpt lat="-44.75102" lon="167.78684">
        <ele>65.85</ele>
      </trkpt>
      <trkpt lat="-44.75096" lon="167.78683">
        <ele>64.61</ele>
      </trkpt>
      <trkpt lat="-44.75091" lon="167.78678">
        <ele>62.32</ele>
      </trkpt>
      <trkpt lat="-44.75087" lon="167.78673">
        <ele>60.28</ele>
      </trkpt>
      <trkpt lat="-44.75081" lon="167.78672">
        <ele>59.77</ele>
      </trkpt>
      <trkpt lat="-44.75075" lon="167.78675">
        <ele>61.21</ele>
      </trkpt>
      <trkpt lat="-44.75071" lon="167.78681">
        <ele>63.23</ele>
      </trkpt>
      <trkpt lat="-44.75065" lon="167.78685">
        <ele>64.82</ele>
      </trkpt>
      <trkpt lat="-44.75061" lon="167.7869">
        <ele>66.46</ele>
      </trkpt>
      <trkpt lat="-44.75055" lon="167.78694">
        <ele>67.97</ele>
      </trkpt>
      <trkpt lat="-44.75049" lon="167.78693">
        <ele>68.57</ele>
      </trkpt>
      <trkpt lat="-44.75044" lon="167.78689">
        <ele>68.21</ele>
      </trkpt>
      <trkpt lat="-44.75039" lon="167.78687">
        <ele>68.35</ele>
      </trkpt>
      <trkpt lat="-44.75035" lon="167.7868">
        <ele>66.94</ele>
      </trkpt>
      <trkpt lat="-44.7503" lon="167.78676">
        <ele>66.42</ele>
      </trkpt>
      <trkpt lat="-44.75025" lon="167.78669">
        <ele>64.91</ele>
      </trkpt>
      <trkpt lat="-44.75019" lon="167.78668">
        <ele>65.08</ele>
      </trkpt>
      <trkpt lat="-44.75013" lon="167.7867">
        <ele>66.28</ele>
      </trkpt>
      <trkpt lat="-44.75006" lon="167.78671">
        <ele>67.31</ele>
      </trkpt>
      <trkpt lat="-44.75" lon="167.78671">
        <ele>67.87</ele>
      </trkpt>
      <trkpt lat="-44.74997" lon="167.78671">
        <ele>67.73</ele>
      </trkpt>
      <trkpt lat="-44.74993" lon="167.78672">
        <ele>67.96</ele>
      </trkpt>
      <trkpt lat="-44.74988" lon="167.78668">
        <ele>66.1</ele>
      </trkpt>
      <trkpt lat="-44.74983" lon="167.78666">
        <ele>65.24</ele>
      </trkpt>
      <trkpt lat="-44.74977" lon="167.78663">
        <ele>64.38</ele>
      </trkpt>
      <trkpt lat="-44.74971" lon="167.78664">
        <ele>64.42</ele>
      </trkpt>
      <trkpt lat="-44.74965" lon="167.78663">
        <ele>64.21</ele>
      </trkpt>
      <trkpt lat="-44.74959" lon="167.78666">
        <ele>64.86</ele>
      </trkpt>
      <trkpt lat="-44.74953" lon="167.78669">
        <ele>65.84</ele>
      </trkpt>
      <trkpt lat="-44.74947" lon="167.78672">
        <ele>66.92</ele>
      </trkpt>
      <trkpt lat="-44.74941" lon="167.78675">
        <ele>67.74</ele>
      </trkpt>
      <trkpt lat="-44.74935" lon="167.78677">
        <ele>68.08</ele>
      </trkpt>
      <trkpt lat="-44.74929" lon="167.78679">
        <ele>68.51</ele>
      </trkpt>
      <trkpt lat="-44.74922" lon="167.7868">
        <ele>68.54</ele>
      </trkpt>
      <trkpt lat="-44.74915" lon="167.78682">
        <ele>68.97</ele>
      </trkpt>
      <trkpt lat="-44.74909" lon="167.78681">
        <ele>67.75</ele>
      </trkpt>
      <trkpt lat="-44.74903" lon="167.78681">
        <ele>66.99</ele>
      </trkpt>
      <trkpt lat="-44.74897" lon="167.7868">
        <ele>65.75</ele>
      </trkpt>
      <trkpt lat="-44.74891" lon="167.7868">
        <ele>64.99</ele>
      </trkpt>
      <trkpt lat="-44.74885" lon="167.7868">
        <ele>64.79</ele>
      </trkpt>
      <trkpt lat="-44.74878" lon="167.78681">
        <ele>65.43</ele>
      </trkpt>
      <trkpt lat="-44.74871" lon="167.78683">
        <ele>66.61</ele>
      </trkpt>
      <trkpt lat="-44.74865" lon="167.78684">
        <ele>67.27</ele>
      </trkpt>
      <trkpt lat="-44.74859" lon="167.78684">
        <ele>67.89</ele>
      </trkpt>
      <trkpt lat="-44.74853" lon="167.78683">
        <ele>68.86</ele>
      </trkpt>
      <trkpt lat="-44.74846" lon="167.78683">
        <ele>70.63</ele>
      </trkpt>
      <trkpt lat="-44.7484" lon="167.78682">
        <ele>71.6</ele>
      </trkpt>
      <trkpt lat="-44.74834" lon="167.78682">
        <ele>73.11</ele>
      </trkpt>
      <trkpt lat="-44.74827" lon="167.78683">
        <ele>73.63</ele>
      </trkpt>
      <trkpt lat="-44.74821" lon="167.78685">
        <ele>74.6</ele>
      </trkpt>
      <trkpt lat="-44.74814" lon="167.78686">
        <ele>75.02</ele>
      </trkpt>
      <trkpt lat="-44.74807" lon="167.78688">
        <ele>76.08</ele>
      </trkpt>
      <trkpt lat="-44.74801" lon="167.78687">
        <ele>74.35</ele>
      </trkpt>
      <trkpt lat="-44.74795" lon="167.78687">
        <ele>72.91</ele>
      </trkpt>
      <trkpt lat="-44.74789" lon="167.78686">
        <ele>70.97</ele>
      </trkpt>
      <trkpt lat="-44.74783" lon="167.78684">
        <ele>68.64</ele>
      </trkpt>
      <trkpt lat="-44.74778" lon="167.78682">
        <ele>66.67</ele>
      </trkpt>
      <trkpt lat="-44.74772" lon="167.78682">
        <ele>65.43</ele>
      </trkpt>
      <trkpt lat="-44.74766" lon="167.78681">
        <ele>63.83</ele>
      </trkpt>
      <trkpt lat="-44.74759" lon="167.78681">
        <ele>62.42</ele>
      </trkpt>
      <trkpt lat="-44.74753" lon="167.78683">
        <ele>61.76</ele>
      </trkpt>
      <trkpt lat="-44.74746" lon="167.78684">
        <ele>61.12</ele>
      </trkpt>
      <trkpt lat="-44.74739" lon="167.78685">
        <ele>60.95</ele>
      </trkpt>
      <trkpt lat="-44.74733" lon="167.78687">
        <ele>61.18</ele>
      </trkpt>
      <trkpt lat="-44.74727" lon="167.78689">
        <ele>61.48</ele>
      </trkpt>
      <trkpt lat="-44.74721" lon="167.78692">
        <ele>62.16</ele>
      </trkpt>
      <trkpt lat="-44.74715" lon="167.78695">
        <ele>63.02</ele>
      </trkpt>
      <trkpt lat="-44.7471" lon="167.787">
        <ele>65.36</ele>
      </trkpt>
      <trkpt lat="-44.74705" lon="167.78704">
        <ele>67.2</ele>
      </trkpt>
      <trkpt lat="-44.74699" lon="167.78707">
        <ele>68.49</ele>
      </trkpt>
      <trkpt lat="-44.74693" lon="167.7871">
        <ele>69.53</ele>
      </trkpt>
      <trkpt lat="-44.74687" lon="167.78712">
        <ele>69.24</ele>
      </trkpt>
      <trkpt lat="-44.74681" lon="167.78714">
        <ele>68.95</ele>
      </trkpt>
      <trkpt lat="-44.74674" lon="167.78715">
        <ele>67.94</ele>
      </trkpt>
      <trkpt lat="-44.74668" lon="167.78718">
        <ele>68.16</ele>
      </trkpt>
      <trkpt lat="-44.74662" lon="167.78721">
        <ele>68.24</ele>
      </trkpt>
      <trkpt lat="-44.74657" lon="167.78724">
        <ele>68.86</ele>
      </trkpt>
      <trkpt lat="-44.74651" lon="167.78728">
        <ele>70.04</ele>
      </trkpt>
      <trkpt lat="-44.74645" lon="167.78729">
        <ele>68.96</ele>
      </trkpt>
      <trkpt lat="-44.74639" lon="167.78727">
        <ele>65.96</ele>
      </trkpt>
      <trkpt lat="-44.74633" lon="167.78727">
        <ele>64.86</ele>
      </trkpt>
      <trkpt lat="-44.74627" lon="167.78727">
        <ele>63.77</ele>
      </trkpt>
      <trkpt lat="-44.74621" lon="167.78726">
        <ele>62.21</ele>
      </trkpt>
      <trkpt lat="-44.74614" lon="167.78728">
        <ele>61.83</ele>
      </trkpt>
      <trkpt lat="-44.74609" lon="167.78731">
        <ele>62.23</ele>
      </trkpt>
      <trkpt lat="-44.74605" lon="167.78738">
        <ele>64.31</ele>
      </trkpt>
      <trkpt lat="-44.74601" lon="167.78743">
        <ele>65.41</ele>
      </trkpt>
      <trkpt lat="-44.74596" lon="167.78749">
        <ele>66.42</ele>
      </trkpt>
      <trkpt lat="-44.74592" lon="167.78755">
        <ele>68.19</ele>
      </trkpt>
      <trkpt lat="-44.74587" lon="167.78759">
        <ele>68.61</ele>
      </trkpt>
      <trkpt lat="-44.74583" lon="167.78765">
        <ele>69.87</ele>
      </trkpt>
      <trkpt lat="-44.74578" lon="167.78769">
        <ele>70.43</ele>
      </trkpt>
      <trkpt lat="-44.74573" lon="167.78775">
        <ele>71.71</ele>
      </trkpt>
      <trkpt lat="-44.74567" lon="167.78777">
        <ele>71.18</ele>
      </trkpt>
      <trkpt lat="-44.74561" lon="167.7878">
        <ele>71.42</ele>
      </trkpt>
      <trkpt lat="-44.74554" lon="167.78781">
        <ele>70.21</ele>
      </trkpt>
      <trkpt lat="-44.74548" lon="167.78782">
        <ele>69.06</ele>
      </trkpt>
      <trkpt lat="-44.74541" lon="167.78784">
        <ele>68.0</ele>
      </trkpt>
      <trkpt lat="-44.74534" lon="167.78785">
        <ele>66.4</ele>
      </trkpt>
      <trkpt lat="-44.74528" lon="167.78786">
        <ele>65.03</ele>
      </trkpt>
      <trkpt lat="-44.74521" lon="167.78788">
        <ele>64.59</ele>
      </trkpt>
      <trkpt lat="-44.74514" lon="167.78789">
        <ele>63.75</ele>
      </trkpt>
      <trkpt lat="-44.74508" lon="167.78791">
        <ele>63.27</ele>
      </trkpt>
      <trkpt lat="-44.74501" lon="167.78792">
        <ele>62.25</ele>
      </trkpt>
      <trkpt lat="-44.74494" lon="167.78793">
        <ele>61.62</ele>
      </trkpt>
      <trkpt lat="-44.74488" lon="167.78795">
        <ele>61.32</ele>
      </trkpt>
      <trkpt lat="-44.74481" lon="167.78796">
        <ele>60.67</ele>
      </trkpt>
      <trkpt lat="-44.74474" lon="167.78797">
        <ele>59.98</ele>
      </trkpt>
      <trkpt lat="-44.74468" lon="167.78799">
        <ele>59.52</ele>
      </trkpt>
      <trkpt lat="-44.74462" lon="167.78802">
        <ele>59.11</ele>
      </trkpt>
      <trkpt lat="-44.74455" lon="167.78803">
        <ele>58.27</ele>
      </trkpt>
      <trkpt lat="-44.74451" lon="167.78809">
        <ele>58.53</ele>
      </trkpt>
      <trkpt lat="-44.74446" lon="167.78814">
        <ele>58.73</ele>
      </trkpt>
      <trkpt lat="-44.74442" lon="167.7882">
        <ele>59.55</ele>
      </trkpt>
      <trkpt lat="-44.7444" lon="167.78829">
        <ele>61.08</ele>
      </trkpt>
      <trkpt lat="-44.7444" lon="167.78837">
        <ele>62.37</ele>
      </trkpt>
      <trkpt lat="-44.74439" lon="167.78846">
        <ele>63.63</ele>
      </trkpt>
      <trkpt lat="-44.74437" lon="167.78852">
        <ele>64.42</ele>
      </trkpt>
      <trkpt lat="-44.74432" lon="167.78857">
        <ele>64.96</ele>
      </trkpt>
      <trkpt lat="-44.74428" lon="167.78863">
        <ele>65.8</ele>
      </trkpt>
      <trkpt lat="-44.74423" lon="167.78867">
        <ele>66.38</ele>
      </trkpt>
      <trkpt lat="-44.74418" lon="167.78871">
        <ele>66.86</ele>
      </trkpt>
      <trkpt lat="-44.74413" lon="167.78876">
        <ele>66.42</ele>
      </trkpt>
      <trkpt lat="-44.74408" lon="167.7888">
        <ele>65.38</ele>
      </trkpt>
      <trkpt lat="-44.74403" lon="167.78884">
        <ele>64.29</ele>
      </trkpt>
      <trkpt lat="-44.74398" lon="167.7889">
        <ele>63.45</ele>
      </trkpt>
      <trkpt lat="-44.74394" lon="167.78896">
        <ele>62.91</ele>
      </trkpt>
      <trkpt lat="-44.7439" lon="167.78902">
        <ele>62.31</ele>
      </trkpt>
      <trkpt lat="-44.74386" lon="167.78909">
        <ele>62.12</ele>
      </trkpt>
      <trkpt lat="-44.74382" lon="167.78915">
        <ele>61.81</ele>
      </trkpt>
      <trkpt lat="-44.74378" lon="167.7892">
        <ele>61.39</ele>
      </trkpt>
      <trkpt lat="-44.74374" lon="167.78928">
        <ele>61.56</ele>
      </trkpt>
      <trkpt lat="-44.7437" lon="167.78934">
        <ele>61.48</ele>
      </trkpt>
      <trkpt lat="-44.74366" lon="167.78939">
        <ele>61.29</ele>
      </trkpt>
      <trkpt lat="-44.74362" lon="167.78945">
        <ele>61.33</ele>
      </trkpt>
      <trkpt lat="-44.74357" lon="167.78951">
        <ele>61.26</ele>
      </trkpt>
      <trkpt lat="-44.74353" lon="167.78956">
        <ele>61.21</ele>
      </trkpt>
      <trkpt lat="-44.7435" lon="167.78964">
        <ele>61.84</ele>
      </trkpt>
      <trkpt lat="-44.74346" lon="167.78971">
        <ele>62.0</ele>
      </trkpt>
      <trkpt lat="-44.74343" lon="167.7898">
        <ele>63.51</ele>
      </trkpt>
      <trkpt lat="-44.74343" lon="167.78982">
        <ele>64.04</ele>
      </trkpt>
      <trkpt lat="-44.7434" lon="167.78987">
        <ele>64.38</ele>
      </trkpt>
      <trkpt lat="-44.74337" lon="167.78995">
        <ele>65.28</ele>
      </trkpt>
      <trkpt lat="-44.74333" lon="167.79002">
        <ele>65.55</ele>
      </trkpt>
      <trkpt lat="-44.74329" lon="167.79008">
        <ele>66.12</ele>
      </trkpt>
      <trkpt lat="-44.74325" lon="167.79013">
        <ele>66.11</ele>
      </trkpt>
      <trkpt lat="-44.74321" lon="167.79021">
        <ele>66.57</ele>
      </trkpt>
      <trkpt lat="-44.74317" lon="167.79026">
        <ele>65.97</ele>
      </trkpt>
      <trkpt lat="-44.74313" lon="167.79032">
        <ele>64.98</ele>
      </trkpt>
      <trkpt lat="-44.74309" lon="167.79039">
        <ele>63.87</ele>
      </trkpt>
      <trkpt lat="-44.74305" lon="167.79045">
        <ele>62.66</ele>
      </trkpt>
      <trkpt lat="-44.74301" lon="167.79051">
        <ele>61.76</ele>
      </trkpt>
      <trkpt lat="-44.74297" lon="167.79058">
        <ele>61.29</ele>
      </trkpt>
      <trkpt lat="-44.74294" lon="167.79066">
        <ele>62.28</ele>
      </trkpt>
      <trkpt lat="-44.74289" lon="167.79071">
        <ele>61.56</ele>
      </trkpt>
      <trkpt lat="-44.74286" lon="167.79079">
        <ele>62.41</ele>
      </trkpt>
      <trkpt lat="-44.74282" lon="167.79086">
        <ele>62.51</ele>
      </trkpt>
      <trkpt lat="-44.74279" lon="167.79093">
        <ele>62.98</ele>
      </trkpt>
      <trkpt lat="-44.74275" lon="167.79099">
        <ele>62.78</ele>
      </trkpt>
      <trkpt lat="-44.74271" lon="167.79106">
        <ele>62.67</ele>
      </trkpt>
      <trkpt lat="-44.74268" lon="167.79114">
        <ele>62.88</ele>
      </trkpt>
      <trkpt lat="-44.74264" lon="167.79121">
        <ele>62.15</ele>
      </trkpt>
      <trkpt lat="-44.74261" lon="167.79128">
        <ele>61.95</ele>
      </trkpt>
      <trkpt lat="-44.74258" lon="167.79137">
        <ele>62.14</ele>
      </trkpt>
      <trkpt lat="-44.74255" lon="167.79145">
        <ele>61.9</ele>
      </trkpt>
      <trkpt lat="-44.74252" lon="167.79153">
        <ele>61.46</ele>
      </trkpt>
      <trkpt lat="-44.74249" lon="167.7916">
        <ele>61.0</ele>
      </trkpt>
      <trkpt lat="-44.74245" lon="167.79167">
        <ele>60.62</ele>
      </trkpt>
      <trkpt lat="-44.74241" lon="167.79173">
        <ele>60.47</ele>
      </trkpt>
      <trkpt lat="-44.74237" lon="167.7918">
        <ele>60.43</ele>
      </trkpt>
      <trkpt lat="-44.74231" lon="167.79183">
        <ele>59.07</ele>
      </trkpt>
      <trkpt lat="-44.74225" lon="167.79185">
        <ele>57.51</ele>
      </trkpt>
      <trkpt lat="-44.74218" lon="167.79186">
        <ele>56.48</ele>
      </trkpt>
      <trkpt lat="-44.74211" lon="167.79187">
        <ele>56.12</ele>
      </trkpt>
      <trkpt lat="-44.74205" lon="167.79189">
        <ele>55.98</ele>
      </trkpt>
      <trkpt lat="-44.74198" lon="167.7919">
        <ele>55.62</ele>
      </trkpt>
      <trkpt lat="-44.74191" lon="167.79191">
        <ele>55.74</ele>
      </trkpt>
      <trkpt lat="-44.74185" lon="167.79193">
        <ele>56.45</ele>
      </trkpt>
      <trkpt lat="-44.74179" lon="167.79196">
        <ele>57.39</ele>
      </trkpt>
      <trkpt lat="-44.74173" lon="167.79199">
        <ele>58.36</ele>
      </trkpt>
      <trkpt lat="-44.74167" lon="167.79201">
        <ele>59.16</ele>
      </trkpt>
      <trkpt lat="-44.74162" lon="167.79206">
        <ele>59.51</ele>
      </trkpt>
      <trkpt lat="-44.74157" lon="167.7921">
        <ele>59.56</ele>
      </trkpt>
      <trkpt lat="-44.74151" lon="167.79213">
        <ele>59.27</ele>
      </trkpt>
      <trkpt lat="-44.74146" lon="167.79217">
        <ele>59.22</ele>
      </trkpt>
      <trkpt lat="-44.74141" lon="167.7922">
        <ele>58.98</ele>
      </trkpt>
      <trkpt lat="-44.74138" lon="167.79229">
        <ele>59.91</ele>
      </trkpt>
      <trkpt lat="-44.74133" lon="167.79235">
        <ele>60.42</ele>
      </trkpt>
      <trkpt lat="-44.7413" lon="167.79242">
        <ele>61.21</ele>
      </trkpt>
      <trkpt lat="-44.74126" lon="167.79249">
        <ele>61.93</ele>
      </trkpt>
      <trkpt lat="-44.74122" lon="167.79255">
        <ele>62.68</ele>
      </trkpt>
      <trkpt lat="-44.7412" lon="167.79258">
        <ele>63.08</ele>
      </trkpt>
      <trkpt lat="-44.74118" lon="167.79261">
        <ele>63.48</ele>
      </trkpt>
      <trkpt lat="-44.74114" lon="167.79268">
        <ele>64.45</ele>
      </trkpt>
      <trkpt lat="-44.7411" lon="167.79274">
        <ele>65.25</ele>
      </trkpt>
      <trkpt lat="-44.74106" lon="167.7928">
        <ele>66.03</ele>
      </trkpt>
      <trkpt lat="-44.74102" lon="167.79287">
        <ele>67.0</ele>
      </trkpt>
      <trkpt lat="-44.74099" lon="167.79294">
        <ele>68.05</ele>
      </trkpt>
      <trkpt lat="-44.74095" lon="167.793">
        <ele>68.84</ele>
      </trkpt>
      <trkpt lat="-44.74091" lon="167.79307">
        <ele>69.77</ele>
      </trkpt>
      <trkpt lat="-44.74088" lon="167.79314">
        <ele>70.6</ele>
      </trkpt>
      <trkpt lat="-44.74084" lon="167.79322">
        <ele>71.43</ele>
      </trkpt>
      <trkpt lat="-44.74081" lon="167.79329">
        <ele>72.14</ele>
      </trkpt>
      <trkpt lat="-44.74078" lon="167.79338">
        <ele>72.73</ele>
      </trkpt>
      <trkpt lat="-44.74075" lon="167.79345">
        <ele>72.81</ele>
      </trkpt>
      <trkpt lat="-44.74072" lon="167.79353">
        <ele>72.9</ele>
      </trkpt>
      <trkpt lat="-44.74067" lon="167.79358">
        <ele>72.49</ele>
      </trkpt>
      <trkpt lat="-44.74063" lon="167.79364">
        <ele>71.97</ele>
      </trkpt>
      <trkpt lat="-44.74058" lon="167.79368">
        <ele>71.1</ele>
      </trkpt>
      <trkpt lat="-44.74053" lon="167.79374">
        <ele>70.35</ele>
      </trkpt>
      <trkpt lat="-44.74048" lon="167.79378">
        <ele>69.91</ele>
      </trkpt>
      <trkpt lat="-44.74043" lon="167.79383">
        <ele>69.57</ele>
      </trkpt>
      <trkpt lat="-44.74038" lon="167.79387">
        <ele>69.35</ele>
      </trkpt>
      <trkpt lat="-44.74034" lon="167.79393">
        <ele>68.99</ele>
      </trkpt>
      <trkpt lat="-44.74029" lon="167.79397">
        <ele>68.49</ele>
      </trkpt>
      <trkpt lat="-44.74025" lon="167.79403">
        <ele>67.79</ele>
      </trkpt>
      <trkpt lat="-44.7402" lon="167.79409">
        <ele>67.12</ele>
      </trkpt>
      <trkpt lat="-44.74018" lon="167.79415">
        <ele>66.73</ele>
      </trkpt>
      <trkpt lat="-44.74018" lon="167.79424">
        <ele>67.0</ele>
      </trkpt>
      <trkpt lat="-44.74017" lon="167.79432">
        <ele>67.38</ele>
      </trkpt>
      <trkpt lat="-44.74017" lon="167.7944">
        <ele>67.78</ele>
      </trkpt>
      <trkpt lat="-44.74014" lon="167.79449">
        <ele>68.49</ele>
      </trkpt>
      <trkpt lat="-44.74015" lon="167.79457">
        <ele>69.39</ele>
      </trkpt>
      <trkpt lat="-44.74015" lon="167.79465">
        <ele>70.28</ele>
      </trkpt>
      <trkpt lat="-44.74016" lon="167.79473">
        <ele>71.24</ele>
      </trkpt>
      <trkpt lat="-44.74014" lon="167.79482">
        <ele>72.06</ele>
      </trkpt>
      <trkpt lat="-44.74014" lon="167.7949">
        <ele>72.93</ele>
      </trkpt>
      <trkpt lat="-44.74013" lon="167.79498">
        <ele>73.72</ele>
      </trkpt>
      <trkpt lat="-44.74012" lon="167.79507">
        <ele>74.37</ele>
      </trkpt>
      <trkpt lat="-44.7401" lon="167.79513">
        <ele>74.66</ele>
      </trkpt>
      <trkpt lat="-44.74006" lon="167.79519">
        <ele>74.8</ele>
      </trkpt>
      <trkpt lat="-44.74003" lon="167.79527">
        <ele>75.16</ele>
      </trkpt>
      <trkpt lat="-44.73999" lon="167.79534">
        <ele>74.76</ele>
      </trkpt>
      <trkpt lat="-44.73997" lon="167.79543">
        <ele>74.3</ele>
      </trkpt>
      <trkpt lat="-44.73994" lon="167.79551">
        <ele>73.67</ele>
      </trkpt>
      <trkpt lat="-44.73993" lon="167.7956">
        <ele>73.61</ele>
      </trkpt>
      <trkpt lat="-44.73991" lon="167.79568">
        <ele>73.49</ele>
      </trkpt>
      <trkpt lat="-44.7399" lon="167.79577">
        <ele>73.67</ele>
      </trkpt>
      <trkpt lat="-44.73989" lon="167.79585">
        <ele>73.96</ele>
      </trkpt>
      <trkpt lat="-44.73987" lon="167.79594">
        <ele>74.54</ele>
      </trkpt>
      <trkpt lat="-44.73985" lon="167.79602">
        <ele>75.09</ele>
      </trkpt>
      <trkpt lat="-44.73982" lon="167.79611">
        <ele>75.69</ele>
      </trkpt>
      <trkpt lat="-44.73978" lon="167.79618">
        <ele>76.41</ele>
      </trkpt>
      <trkpt lat="-44.73973" lon="167.79621">
        <ele>76.48</ele>
      </trkpt>
      <trkpt lat="-44.73966" lon="167.79623">
        <ele>76.81</ele>
      </trkpt>
      <trkpt lat="-44.73959" lon="167.79624">
        <ele>77.08</ele>
      </trkpt>
      <trkpt lat="-44.73953" lon="167.79625">
        <ele>77.35</ele>
      </trkpt>
      <trkpt lat="-44.73953" lon="167.79625">
        <ele>77.35</ele>
      </trkpt>
      <trkpt lat="-44.73946" lon="167.79627">
        <ele>77.83</ele>
      </trkpt>
      <trkpt lat="-44.73939" lon="167.79628">
        <ele>77.53</ele>
      </trkpt>
      <trkpt lat="-44.73933" lon="167.7963">
        <ele>77.3</ele>
      </trkpt>
      <trkpt lat="-44.73926" lon="167.79631">
        <ele>76.78</ele>
      </trkpt>
      <trkpt lat="-44.73919" lon="167.79632">
        <ele>76.24</ele>
      </trkpt>
      <trkpt lat="-44.73913" lon="167.79634">
        <ele>75.66</ele>
      </trkpt>
      <trkpt lat="-44.73906" lon="167.79635">
        <ele>74.57</ele>
      </trkpt>
      <trkpt lat="-44.739" lon="167.79638">
        <ele>73.89</ele>
      </trkpt>
      <trkpt lat="-44.73894" lon="167.79641">
        <ele>73.3</ele>
      </trkpt>
      <trkpt lat="-44.73888" lon="167.79644">
        <ele>72.78</ele>
      </trkpt>
      <trkpt lat="-44.73883" lon="167.79648">
        <ele>72.65</ele>
      </trkpt>
      <trkpt lat="-44.73879" lon="167.79654">
        <ele>72.91</ele>
      </trkpt>
      <trkpt lat="-44.73874" lon="167.79658">
        <ele>72.56</ele>
      </trkpt>
      <trkpt lat="-44.7387" lon="167.79664">
        <ele>72.57</ele>
      </trkpt>
      <trkpt lat="-44.73866" lon="167.79671">
        <ele>72.65</ele>
      </trkpt>
      <trkpt lat="-44.73862" lon="167.79677">
        <ele>72.67</ele>
      </trkpt>
      <trkpt lat="-44.73858" lon="167.79683">
        <ele>72.44</ele>
      </trkpt>
      <trkpt lat="-44.73854" lon="167.79689">
        <ele>72.01</ele>
      </trkpt>
      <trkpt lat="-44.73849" lon="167.79693">
        <ele>70.91</ele>
      </trkpt>
      <trkpt lat="-44.73843" lon="167.79697">
        <ele>69.35</ele>
      </trkpt>
      <trkpt lat="-44.73838" lon="167.79702">
        <ele>68.1</ele>
      </trkpt>
      <trkpt lat="-44.73837" lon="167.79702">
        <ele>67.77</ele>
      </trkpt>
      <trkpt lat="-44.73832" lon="167.79704">
        <ele>66.34</ele>
      </trkpt>
      <trkpt lat="-44.73827" lon="167.79709">
        <ele>65.33</ele>
      </trkpt>
      <trkpt lat="-44.73822" lon="167.79713">
        <ele>64.21</ele>
      </trkpt>
      <trkpt lat="-44.73817" lon="167.79717">
        <ele>63.03</ele>
      </trkpt>
      <trkpt lat="-44.73812" lon="167.79722">
        <ele>61.85</ele>
      </trkpt>
      <trkpt lat="-44.73809" lon="167.79729">
        <ele>60.84</ele>
      </trkpt>
      <trkpt lat="-44.73806" lon="167.79738">
        <ele>59.59</ele>
      </trkpt>
      <trkpt lat="-44.73805" lon="167.79746">
        <ele>59.04</ele>
      </trkpt>
      <trkpt lat="-44.73806" lon="167.79754">
        <ele>58.89</ele>
      </trkpt>
      <trkpt lat="-44.73806" lon="167.79762">
        <ele>58.33</ele>
      </trkpt>
      <trkpt lat="-44.73807" lon="167.7977">
        <ele>58.21</ele>
      </trkpt>
      <trkpt lat="-44.73807" lon="167.79778">
        <ele>57.67</ele>
      </trkpt>
      <trkpt lat="-44.73807" lon="167.79786">
        <ele>57.63</ele>
      </trkpt>
      <trkpt lat="-44.73807" lon="167.79795">
        <ele>57.58</ele>
      </trkpt>
      <trkpt lat="-44.73807" lon="167.79803">
        <ele>57.53</ele>
      </trkpt>
      <trkpt lat="-44.73807" lon="167.79811">
        <ele>57.12</ele>
      </trkpt>
      <trkpt lat="-44.73807" lon="167.79819">
        <ele>56.53</ele>
      </trkpt>
      <trkpt lat="-44.73807" lon="167.79827">
        <ele>55.94</ele>
      </trkpt>
      <trkpt lat="-44.73807" lon="167.79836">
        <ele>55.2</ele>
      </trkpt>
      <trkpt lat="-44.73807" lon="167.79844">
        <ele>54.4</ele>
      </trkpt>
      <trkpt lat="-44.73807" lon="167.79852">
        <ele>53.59</ele>
      </trkpt>
      <trkpt lat="-44.73808" lon="167.7986">
        <ele>53.25</ele>
      </trkpt>
      <trkpt lat="-44.73811" lon="167.79867">
        <ele>54.17</ele>
      </trkpt>
      <trkpt lat="-44.73814" lon="167.79875">
        <ele>55.1</ele>
      </trkpt>
      <trkpt lat="-44.73817" lon="167.7988">
        <ele>56.28</ele>
      </trkpt>
      <trkpt lat="-44.73818" lon="167.79882">
        <ele>56.66</ele>
      </trkpt>
      <trkpt lat="-44.73822" lon="167.7989">
        <ele>58.27</ele>
      </trkpt>
      <trkpt lat="-44.73826" lon="167.79897">
        <ele>60.23</ele>
      </trkpt>
      <trkpt lat="-44.7383" lon="167.79905">
        <ele>62.25</ele>
      </trkpt>
      <trkpt lat="-44.73833" lon="167.79912">
        <ele>63.82</ele>
      </trkpt>
      <trkpt lat="-44.73835" lon="167.7992">
        <ele>64.43</ele>
      </trkpt>
      <trkpt lat="-44.73838" lon="167.79927">
        <ele>65.13</ele>
      </trkpt>
      <trkpt lat="-44.73839" lon="167.79935">
        <ele>64.81</ele>
      </trkpt>
      <trkpt lat="-44.73839" lon="167.79944">
        <ele>63.9</ele>
      </trkpt>
      <trkpt lat="-44.73841" lon="167.79951">
        <ele>64.5</ele>
      </trkpt>
      <trkpt lat="-44.73841" lon="167.7996">
        <ele>63.99</ele>
      </trkpt>
      <trkpt lat="-44.73839" lon="167.79968">
        <ele>62.66</ele>
      </trkpt>
      <trkpt lat="-44.73838" lon="167.79977">
        <ele>62.16</ele>
      </trkpt>
      <trkpt lat="-44.73837" lon="167.79985">
        <ele>61.98</ele>
      </trkpt>
      <trkpt lat="-44.73834" lon="167.79994">
        <ele>61.05</ele>
      </trkpt>
      <trkpt lat="-44.73831" lon="167.80002">
        <ele>60.38</ele>
      </trkpt>
      <trkpt lat="-44.73829" lon="167.80011">
        <ele>60.69</ele>
      </trkpt>
      <trkpt lat="-44.73826" lon="167.8002">
        <ele>60.71</ele>
      </trkpt>
      <trkpt lat="-44.73823" lon="167.80029">
        <ele>60.86</ele>
      </trkpt>
      <trkpt lat="-44.73821" lon="167.80037">
        <ele>61.52</ele>
      </trkpt>
      <trkpt lat="-44.73818" lon="167.80046">
        <ele>61.95</ele>
      </trkpt>
      <trkpt lat="-44.73815" lon="167.80055">
        <ele>62.31</ele>
      </trkpt>
      <trkpt lat="-44.73812" lon="167.80062">
        <ele>61.84</ele>
      </trkpt>
      <trkpt lat="-44.73808" lon="167.80069">
        <ele>60.89</ele>
      </trkpt>
      <trkpt lat="-44.73805" lon="167.80077">
        <ele>60.37</ele>
      </trkpt>
      <trkpt lat="-44.73803" lon="167.80081">
        <ele>60.01</ele>
      </trkpt>
      <trkpt lat="-44.73801" lon="167.80084">
        <ele>59.55</ele>
      </trkpt>
      <trkpt lat="-44.73798" lon="167.80091">
        <ele>58.83</ele>
      </trkpt>
      <trkpt lat="-44.73795" lon="167.801">
        <ele>58.18</ele>
      </trkpt>
      <trkpt lat="-44.73794" lon="167.80108">
        <ele>58.14</ele>
      </trkpt>
      <trkpt lat="-44.73793" lon="167.80117">
        <ele>57.74</ele>
      </trkpt>
      <trkpt lat="-44.73791" lon="167.80125">
        <ele>56.76</ele>
      </trkpt>
      <trkpt lat="-44.7379" lon="167.80134">
        <ele>56.04</ele>
      </trkpt>
      <trkpt lat="-44.73789" lon="167.80142">
        <ele>55.15</ele>
      </trkpt>
      <trkpt lat="-44.73786" lon="167.80151">
        <ele>53.08</ele>
      </trkpt>
      <trkpt lat="-44.73783" lon="167.8016">
        <ele>50.93</ele>
      </trkpt>
      <trkpt lat="-44.73781" lon="167.80168">
        <ele>49.3</ele>
      </trkpt>
      <trkpt lat="-44.7378" lon="167.80177">
        <ele>48.22</ele>
      </trkpt>
      <trkpt lat="-44.73783" lon="167.80184">
        <ele>49.01</ele>
      </trkpt>
      <trkpt lat="-44.73785" lon="167.80192">
        <ele>49.3</ele>
      </trkpt>
      <trkpt lat="-44.73788" lon="167.802">
        <ele>50.27</ele>
      </trkpt>
      <trkpt lat="-44.73789" lon="167.80208">
        <ele>50.45</ele>
      </trkpt>
      <trkpt lat="-44.7379" lon="167.80216">
        <ele>50.6</ele>
      </trkpt>
      <trkpt lat="-44.7379" lon="167.80224">
        <ele>50.34</ele>
      </trkpt>
      <trkpt lat="-44.7379" lon="167.80232">
        <ele>50.05</ele>
      </trkpt>
      <trkpt lat="-44.7379" lon="167.8024">
        <ele>49.76</ele>
      </trkpt>
      <trkpt lat="-44.7379" lon="167.80248">
        <ele>49.47</ele>
      </trkpt>
      <trkpt lat="-44.7379" lon="167.80256">
        <ele>50.38</ele>
      </trkpt>
      <trkpt lat="-44.7379" lon="167.80265">
        <ele>51.84</ele>
      </trkpt>
      <trkpt lat="-44.73791" lon="167.80273">
        <ele>53.74</ele>
      </trkpt>
      <trkpt lat="-44.73791" lon="167.80281">
        <ele>54.82</ele>
      </trkpt>
      <trkpt lat="-44.73793" lon="167.80289">
        <ele>56.56</ele>
      </trkpt>
      <trkpt lat="-44.73793" lon="167.80297">
        <ele>57.05</ele>
      </trkpt>
      <trkpt lat="-44.73794" lon="167.80305">
        <ele>57.98</ele>
      </trkpt>
      <trkpt lat="-44.73793" lon="167.80313">
        <ele>59.16</ele>
      </trkpt>
      <trkpt lat="-44.73789" lon="167.8032">
        <ele>59.07</ele>
      </trkpt>
      <trkpt lat="-44.73784" lon="167.80325">
        <ele>58.27</ele>
      </trkpt>
      <trkpt lat="-44.7378" lon="167.80331">
        <ele>58.23</ele>
      </trkpt>
      <trkpt lat="-44.73775" lon="167.80335">
        <ele>57.33</ele>
      </trkpt>
      <trkpt lat="-44.7377" lon="167.80341">
        <ele>56.51</ele>
      </trkpt>
      <trkpt lat="-44.73765" lon="167.80345">
        <ele>55.35</ele>
      </trkpt>
      <trkpt lat="-44.73761" lon="167.80351">
        <ele>54.72</ele>
      </trkpt>
      <trkpt lat="-44.73756" lon="167.80355">
        <ele>53.45</ele>
      </trkpt>
      <trkpt lat="-44.73753" lon="167.80364">
        <ele>53.43</ele>
      </trkpt>
      <trkpt lat="-44.7375" lon="167.80371">
        <ele>53.07</ele>
      </trkpt>
      <trkpt lat="-44.73747" lon="167.8038">
        <ele>53.57</ele>
      </trkpt>
      <trkpt lat="-44.73745" lon="167.80389">
        <ele>54.1</ele>
      </trkpt>
      <trkpt lat="-44.73742" lon="167.80397">
        <ele>53.64</ele>
      </trkpt>
      <trkpt lat="-44.73739" lon="167.80406">
        <ele>53.26</ele>
      </trkpt>
      <trkpt lat="-44.73736" lon="167.80413">
        <ele>52.92</ele>
      </trkpt>
      <trkpt lat="-44.73733" lon="167.80422">
        <ele>53.5</ele>
      </trkpt>
      <trkpt lat="-44.73728" lon="167.80426">
        <ele>53.19</ele>
      </trkpt>
      <trkpt lat="-44.73724" lon="167.80432">
        <ele>53.09</ele>
      </trkpt>
      <trkpt lat="-44.73719" lon="167.80436">
        <ele>53.04</ele>
      </trkpt>
      <trkpt lat="-44.73714" lon="167.80442">
        <ele>53.49</ele>
      </trkpt>
      <trkpt lat="-44.73709" lon="167.80443">
        <ele>53.42</ele>
      </trkpt>
      <trkpt lat="-44.73704" lon="167.8044">
        <ele>53.07</ele>
      </trkpt>
      <trkpt lat="-44.73698" lon="167.80437">
        <ele>52.79</ele>
      </trkpt>
      <trkpt lat="-44.73693" lon="167.80434">
        <ele>52.47</ele>
      </trkpt>
      <trkpt lat="-44.73688" lon="167.8043">
        <ele>51.78</ele>
      </trkpt>
      <trkpt lat="-44.73683" lon="167.80426">
        <ele>51.1</ele>
      </trkpt>
      <trkpt lat="-44.73678" lon="167.80422">
        <ele>50.42</ele>
      </trkpt>
      <trkpt lat="-44.73673" lon="167.80418">
        <ele>49.73</ele>
      </trkpt>
      <trkpt lat="-44.73669" lon="167.80412">
        <ele>49.22</ele>
      </trkpt>
      <trkpt lat="-44.73666" lon="167.80405">
        <ele>48.96</ele>
      </trkpt>
      <trkpt lat="-44.73667" lon="167.80396">
        <ele>49.02</ele>
      </trkpt>
      <trkpt lat="-44.73667" lon="167.80388">
        <ele>49.04</ele>
      </trkpt>
      <trkpt lat="-44.73667" lon="167.8038">
        <ele>49.32</ele>
      </trkpt>
      <trkpt lat="-44.73667" lon="167.80379">
        <ele>49.36</ele>
      </trkpt>
      <trkpt lat="-44.73667" lon="167.80372">
        <ele>49.61</ele>
      </trkpt>
      <trkpt lat="-44.73667" lon="167.80364">
        <ele>49.89</ele>
      </trkpt>
      <trkpt lat="-44.73667" lon="167.80355">
        <ele>49.77</ele>
      </trkpt>
      <trkpt lat="-44.73667" lon="167.80347">
        <ele>49.48</ele>
      </trkpt>
      <trkpt lat="-44.73667" lon="167.80339">
        <ele>49.19</ele>
      </trkpt>
      <trkpt lat="-44.73666" lon="167.80331">
        <ele>48.99</ele>
      </trkpt>
      <trkpt lat="-44.73665" lon="167.80323">
        <ele>48.83</ele>
      </trkpt>
      <trkpt lat="-44.73663" lon="167.80315">
        <ele>48.82</ele>
      </trkpt>
      <trkpt lat="-44.73661" lon="167.80308">
        <ele>48.89</ele>
      </trkpt>
      <trkpt lat="-44.73658" lon="167.803">
        <ele>48.99</ele>
      </trkpt>
      <trkpt lat="-44.73657" lon="167.80292">
        <ele>48.73</ele>
      </trkpt>
      <trkpt lat="-44.73653" lon="167.80285">
        <ele>48.86</ele>
      </trkpt>
      <trkpt lat="-44.73653" lon="167.80277">
        <ele>48.46</ele>
      </trkpt>
      <trkpt lat="-44.73651" lon="167.80269">
        <ele>48.51</ele>
      </trkpt>
      <trkpt lat="-44.73651" lon="167.80261">
        <ele>48.35</ele>
      </trkpt>
      <trkpt lat="-44.73647" lon="167.80253">
        <ele>48.49</ele>
      </trkpt>
      <trkpt lat="-44.73645" lon="167.80246">
        <ele>48.3</ele>
      </trkpt>
      <trkpt lat="-44.73642" lon="167.80238">
        <ele>47.96</ele>
      </trkpt>
      <trkpt lat="-44.73639" lon="167.8023">
        <ele>47.55</ele>
      </trkpt>
      <trkpt lat="-44.73637" lon="167.80223">
        <ele>47.19</ele>
      </trkpt>
      <trkpt lat="-44.73635" lon="167.80215">
        <ele>47.28</ele>
      </trkpt>
      <trkpt lat="-44.73634" lon="167.80207">
        <ele>47.35</ele>
      </trkpt>
      <trkpt lat="-44.73631" lon="167.80199">
        <ele>47.57</ele>
      </trkpt>
      <trkpt lat="-44.7363" lon="167.80191">
        <ele>47.6</ele>
      </trkpt>
      <trkpt lat="-44.7363" lon="167.80183">
        <ele>47.51</ele>
      </trkpt>
      <trkpt lat="-44.73629" lon="167.80175">
        <ele>47.46</ele>
      </trkpt>
      <trkpt lat="-44.7363" lon="167.80167">
        <ele>47.32</ele>
      </trkpt>
      <trkpt lat="-44.73627" lon="167.80159">
        <ele>47.7</ele>
      </trkpt>
      <trkpt lat="-44.73623" lon="167.80154">
        <ele>48.03</ele>
      </trkpt>
      <trkpt lat="-44.73617" lon="167.80151">
        <ele>48.35</ele>
      </trkpt>
      <trkpt lat="-44.73612" lon="167.80148">
        <ele>48.64</ele>
      </trkpt>
      <trkpt lat="-44.73607" lon="167.80145">
        <ele>49.08</ele>
      </trkpt>
      <trkpt lat="-44.73601" lon="167.80142">
        <ele>49.62</ele>
      </trkpt>
      <trkpt lat="-44.73596" lon="167.80139">
        <ele>50.08</ele>
      </trkpt>
      <trkpt lat="-44.73591" lon="167.80136">
        <ele>50.52</ele>
      </trkpt>
      <trkpt lat="-44.73585" lon="167.80135">
        <ele>51.01</ele>
      </trkpt>
      <trkpt lat="-44.73579" lon="167.80138">
        <ele>51.03</ele>
      </trkpt>
      <trkpt lat="-44.73574" lon="167.80142">
        <ele>50.89</ele>
      </trkpt>
      <trkpt lat="-44.73569" lon="167.80147">
        <ele>50.71</ele>
      </trkpt>
      <trkpt lat="-44.73562" lon="167.80148">
        <ele>50.67</ele>
      </trkpt>
      <trkpt lat="-44.73556" lon="167.80147">
        <ele>50.71</ele>
      </trkpt>
      <trkpt lat="-44.73551" lon="167.80142">
        <ele>50.92</ele>
      </trkpt>
      <trkpt lat="-44.73547" lon="167.80135">
        <ele>51.1</ele>
      </trkpt>
      <trkpt lat="-44.73543" lon="167.80127">
        <ele>51.23</ele>
      </trkpt>
      <trkpt lat="-44.73539" lon="167.8012">
        <ele>51.27</ele>
      </trkpt>
      <trkpt lat="-44.73535" lon="167.80113">
        <ele>51.24</ele>
      </trkpt>
      <trkpt lat="-44.73531" lon="167.80108">
        <ele>51.12</ele>
      </trkpt>
      <trkpt lat="-44.73525" lon="167.80107">
        <ele>51.1</ele>
      </trkpt>
      <trkpt lat="-44.73518" lon="167.80108">
        <ele>51.35</ele>
      </trkpt>
      <trkpt lat="-44.73511" lon="167.80109">
        <ele>51.6</ele>
      </trkpt>
      <trkpt lat="-44.73505" lon="167.80111">
        <ele>51.82</ele>
      </trkpt>
      <trkpt lat="-44.73501" lon="167.80112">
        <ele>51.99</ele>
      </trkpt>
      <trkpt lat="-44.73498" lon="167.80112">
        <ele>52.32</ele>
      </trkpt>
      <trkpt lat="-44.73491" lon="167.80114">
        <ele>53.4</ele>
      </trkpt>
      <trkpt lat="-44.73485" lon="167.80113">
        <ele>54.23</ele>
      </trkpt>
      <trkpt lat="-44.73479" lon="167.80114">
        <ele>55.13</ele>
      </trkpt>
      <trkpt lat="-44.73473" lon="167.80111">
        <ele>55.87</ele>
      </trkpt>
      <trkpt lat="-44.73468" lon="167.80108">
        <ele>55.91</ele>
      </trkpt>
      <trkpt lat="-44.73465" lon="167.80103">
        <ele>55.4</ele>
      </trkpt>
      <trkpt lat="-44.73463" lon="167.80095">
        <ele>54.29</ele>
      </trkpt>
      <trkpt lat="-44.73462" lon="167.80087">
        <ele>53.08</ele>
      </trkpt>
      <trkpt lat="-44.73457" lon="167.80082">
        <ele>53.19</ele>
      </trkpt>
      <trkpt lat="-44.73452" lon="167.80078">
        <ele>53.91</ele>
      </trkpt>
      <trkpt lat="-44.73447" lon="167.80074">
        <ele>54.63</ele>
      </trkpt>
      <trkpt lat="-44.73442" lon="167.80072">
        <ele>55.21</ele>
      </trkpt>
      <trkpt lat="-44.73437" lon="167.80068">
        <ele>55.68</ele>
      </trkpt>
      <trkpt lat="-44.73431" lon="167.80066">
        <ele>56.27</ele>
      </trkpt>
      <trkpt lat="-44.73425" lon="167.80065">
        <ele>56.86</ele>
      </trkpt>
      <trkpt lat="-44.73419" lon="167.80063">
        <ele>57.5</ele>
      </trkpt>
      <trkpt lat="-44.73413" lon="167.80062">
        <ele>58.23</ele>
      </trkpt>
      <trkpt lat="-44.73409" lon="167.80055">
        <ele>59.12</ele>
      </trkpt>
      <trkpt lat="-44.73404" lon="167.80051">
        <ele>59.97</ele>
      </trkpt>
      <trkpt lat="-44.734" lon="167.80046">
        <ele>60.81</ele>
      </trkpt>
      <trkpt lat="-44.73395" lon="167.8004">
        <ele>61.99</ele>
      </trkpt>
      <trkpt lat="-44.7339" lon="167.80036">
        <ele>63.19</ele>
      </trkpt>
      <trkpt lat="-44.73385" lon="167.80033">
        <ele>64.1</ele>
      </trkpt>
      <trkpt lat="-44.7338" lon="167.80027">
        <ele>65.02</ele>
      </trkpt>
      <trkpt lat="-44.73376" lon="167.80021">
        <ele>65.88</ele>
      </trkpt>
      <trkpt lat="-44.73371" lon="167.80016">
        <ele>66.78</ele>
      </trkpt>
      <trkpt lat="-44.73367" lon="167.8001">
        <ele>67.64</ele>
      </trkpt>
      <trkpt lat="-44.73362" lon="167.80004">
        <ele>68.62</ele>
      </trkpt>
      <trkpt lat="-44.73358" lon="167.79999">
        <ele>69.14</ele>
      </trkpt>
      <trkpt lat="-44.73353" lon="167.79993">
        <ele>69.47</ele>
      </trkpt>
      <trkpt lat="-44.73349" lon="167.79988">
        <ele>69.68</ele>
      </trkpt>
      <trkpt lat="-44.73345" lon="167.7998">
        <ele>69.88</ele>
      </trkpt>
      <trkpt lat="-44.7334" lon="167.79975">
        <ele>69.98</ele>
      </trkpt>
      <trkpt lat="-44.73336" lon="167.79968">
        <ele>70.0</ele>
      </trkpt>
      <trkpt lat="-44.73331" lon="167.79965">
        <ele>69.73</ele>
      </trkpt>
      <trkpt lat="-44.73325" lon="167.79962">
        <ele>68.99</ele>
      </trkpt>
      <trkpt lat="-44.73319" lon="167.79961">
        <ele>68.24</ele>
      </trkpt>
      <trkpt lat="-44.73314" lon="167.79964">
        <ele>67.71</ele>
      </trkpt>
      <trkpt lat="-44.73309" lon="167.79969">
        <ele>67.27</ele>
      </trkpt>
      <trkpt lat="-44.73303" lon="167.79972">
        <ele>66.81</ele>
      </trkpt>
      <trkpt lat="-44.73297" lon="167.79972">
        <ele>66.39</ele>
      </trkpt>
      <trkpt lat="-44.73293" lon="167.79966">
        <ele>66.28</ele>
      </trkpt>
      <trkpt lat="-44.73289" lon="167.79959">
        <ele>66.47</ele>
      </trkpt>
      <trkpt lat="-44.73286" lon="167.79952">
        <ele>66.91</ele>
      </trkpt>
      <trkpt lat="-44.73283" lon="167.79944">
        <ele>67.64</ele>
      </trkpt>
      <trkpt lat="-44.73281" lon="167.79936">
        <ele>68.07</ele>
      </trkpt>
      <trkpt lat="-44.73278" lon="167.79929">
        <ele>68.54</ele>
      </trkpt>
      <trkpt lat="-44.73277" lon="167.79921">
        <ele>68.99</ele>
      </trkpt>
      <trkpt lat="-44.73273" lon="167.79913">
        <ele>69.57</ele>
      </trkpt>
      <trkpt lat="-44.73272" lon="167.79907">
        <ele>69.27</ele>
      </trkpt>
      <trkpt lat="-44.73268" lon="167.79906">
        <ele>69.86</ele>
      </trkpt>
      <trkpt lat="-44.73261" lon="167.79908">
        <ele>71.21</ele>
      </trkpt>
      <trkpt lat="-44.73256" lon="167.79912">
        <ele>72.45</ele>
      </trkpt>
      <trkpt lat="-44.7325" lon="167.79915">
        <ele>73.82</ele>
      </trkpt>
      <trkpt lat="-44.73245" lon="167.79919">
        <ele>74.95</ele>
      </trkpt>
      <trkpt lat="-44.73238" lon="167.79921">
        <ele>76.36</ele>
      </trkpt>
      <trkpt lat="-44.73232" lon="167.7992">
        <ele>77.47</ele>
      </trkpt>
      <trkpt lat="-44.73228" lon="167.79915">
        <ele>77.78</ele>
      </trkpt>
      <trkpt lat="-44.73223" lon="167.79907">
        <ele>77.82</ele>
      </trkpt>
      <trkpt lat="-44.7322" lon="167.799">
        <ele>77.78</ele>
      </trkpt>
      <trkpt lat="-44.73215" lon="167.79895">
        <ele>78.63</ele>
      </trkpt>
      <trkpt lat="-44.73211" lon="167.79895">
        <ele>79.71</ele>
      </trkpt>
      <trkpt lat="-44.73211" lon="167.79902">
        <ele>80.27</ele>
      </trkpt>
      <trkpt lat="-44.7321" lon="167.7991">
        <ele>81.13</ele>
      </trkpt>
      <trkpt lat="-44.7321" lon="167.79918">
        <ele>81.74</ele>
      </trkpt>
      <trkpt lat="-44.7321" lon="167.79926">
        <ele>82.35</ele>
      </trkpt>
      <trkpt lat="-44.73211" lon="167.79934">
        <ele>82.79</ele>
      </trkpt>
      <trkpt lat="-44.73213" lon="167.79942">
        <ele>83.12</ele>
      </trkpt>
      <trkpt lat="-44.73214" lon="167.7995">
        <ele>82.5</ele>
      </trkpt>
      <trkpt lat="-44.73217" lon="167.79958">
        <ele>80.98</ele>
      </trkpt>
      <trkpt lat="-44.73218" lon="167.79966">
        <ele>79.74</ele>
      </trkpt>
      <trkpt lat="-44.73218" lon="167.7997">
        <ele>79.21</ele>
      </trkpt>
      <trkpt lat="-44.73218" lon="167.79974">
        <ele>78.42</ele>
      </trkpt>
      <trkpt lat="-44.73219" lon="167.79982">
        <ele>75.96</ele>
      </trkpt>
      <trkpt lat="-44.73219" lon="167.7999">
        <ele>73.72</ele>
      </trkpt>
      <trkpt lat="-44.73218" lon="167.79998">
        <ele>71.77</ele>
      </trkpt>
      <trkpt lat="-44.73217" lon="167.80007">
        <ele>70.34</ele>
      </trkpt>
      <trkpt lat="-44.73215" lon="167.80015">
        <ele>69.66</ele>
      </trkpt>
      <trkpt lat="-44.73213" lon="167.80024">
        <ele>68.91</ele>
      </trkpt>
      <trkpt lat="-44.73211" lon="167.80032">
        <ele>68.55</ele>
      </trkpt>
      <trkpt lat="-44.7321" lon="167.80041">
        <ele>67.91</ele>
      </trkpt>
      <trkpt lat="-44.73209" lon="167.80049">
        <ele>67.43</ele>
      </trkpt>
      <trkpt lat="-44.73209" lon="167.80058">
        <ele>66.54</ele>
      </trkpt>
      <trkpt lat="-44.73209" lon="167.80066">
        <ele>65.96</ele>
      </trkpt>
      <trkpt lat="-44.73209" lon="167.80074">
        <ele>65.38</ele>
      </trkpt>
      <trkpt lat="-44.73209" lon="167.80082">
        <ele>64.81</ele>
      </trkpt>
      <trkpt lat="-44.7321" lon="167.8009">
        <ele>63.83</ele>
      </trkpt>
      <trkpt lat="-44.7321" lon="167.80098">
        <ele>63.29</ele>
      </trkpt>
      <trkpt lat="-44.7321" lon="167.80106">
        <ele>62.75</ele>
      </trkpt>
      <trkpt lat="-44.7321" lon="167.80115">
        <ele>62.0</ele>
      </trkpt>
      <trkpt lat="-44.7321" lon="167.80123">
        <ele>61.17</ele>
      </trkpt>
      <trkpt lat="-44.7321" lon="167.80131">
        <ele>60.34</ele>
      </trkpt>
      <trkpt lat="-44.7321" lon="167.80139">
        <ele>59.51</ele>
      </trkpt>
      <trkpt lat="-44.73211" lon="167.80147">
        <ele>58.7</ele>
      </trkpt>
      <trkpt lat="-44.73211" lon="167.80155">
        <ele>58.18</ele>
      </trkpt>
      <trkpt lat="-44.73213" lon="167.80163">
        <ele>57.21</ele>
      </trkpt>
      <trkpt lat="-44.73213" lon="167.80171">
        <ele>57.25</ele>
      </trkpt>
      <trkpt lat="-44.73214" lon="167.80179">
        <ele>57.53</ele>
      </trkpt>
      <trkpt lat="-44.73211" lon="167.80188">
        <ele>58.65</ele>
      </trkpt>
      <trkpt lat="-44.73211" lon="167.80196">
        <ele>59.14</ele>
      </trkpt>
      <trkpt lat="-44.73209" lon="167.80205">
        <ele>60.3</ele>
      </trkpt>
      <trkpt lat="-44.7321" lon="167.80213">
        <ele>60.75</ele>
      </trkpt>
      <trkpt lat="-44.7321" lon="167.80221">
        <ele>61.42</ele>
      </trkpt>
      <trkpt lat="-44.73211" lon="167.80229">
        <ele>60.99</ele>
      </trkpt>
      <trkpt lat="-44.73209" lon="167.80238">
        <ele>61.24</ele>
      </trkpt>
      <trkpt lat="-44.73207" lon="167.80246">
        <ele>61.53</ele>
      </trkpt>
      <trkpt lat="-44.73205" lon="167.80255">
        <ele>61.67</ele>
      </trkpt>
      <trkpt lat="-44.73202" lon="167.80263">
        <ele>62.02</ele>
      </trkpt>
      <trkpt lat="-44.73199" lon="167.80272">
        <ele>62.23</ele>
      </trkpt>
      <trkpt lat="-44.73197" lon="167.80281">
        <ele>62.24</ele>
      </trkpt>
      <trkpt lat="-44.73194" lon="167.8029">
        <ele>62.77</ele>
      </trkpt>
      <trkpt lat="-44.73193" lon="167.80298">
        <ele>62.95</ele>
      </trkpt>
      <trkpt lat="-44.73191" lon="167.80307">
        <ele>63.49</ele>
      </trkpt>
      <trkpt lat="-44.7319" lon="167.80315">
        <ele>63.24</ele>
      </trkpt>
      <trkpt lat="-44.73189" lon="167.80323">
        <ele>62.92</ele>
      </trkpt>
      <trkpt lat="-44.73187" lon="167.80332">
        <ele>62.81</ele>
      </trkpt>
      <trkpt lat="-44.73185" lon="167.80341">
        <ele>62.02</ele>
      </trkpt>
      <trkpt lat="-44.73183" lon="167.80349">
        <ele>61.3</ele>
      </trkpt>
      <trkpt lat="-44.73181" lon="167.80358">
        <ele>60.4</ele>
      </trkpt>
      <trkpt lat="-44.73182" lon="167.80366">
        <ele>59.05</ele>
      </trkpt>
      <trkpt lat="-44.73182" lon="167.80374">
        <ele>58.34</ele>
      </trkpt>
      <trkpt lat="-44.73183" lon="167.80382">
        <ele>57.31</ele>
      </trkpt>
      <trkpt lat="-44.73183" lon="167.8039">
        <ele>56.73</ele>
      </trkpt>
      <trkpt lat="-44.73183" lon="167.80398">
        <ele>56.9</ele>
      </trkpt>
      <trkpt lat="-44.73183" lon="167.80406">
        <ele>57.07</ele>
      </trkpt>
      <trkpt lat="-44.73185" lon="167.80414">
        <ele>56.66</ele>
      </trkpt>
      <trkpt lat="-44.73185" lon="167.80422">
        <ele>56.85</ele>
      </trkpt>
      <trkpt lat="-44.73186" lon="167.8043">
        <ele>56.77</ele>
      </trkpt>
      <trkpt lat="-44.73189" lon="167.80438">
        <ele>56.19</ele>
      </trkpt>
      <trkpt lat="-44.7319" lon="167.80442">
        <ele>56.05</ele>
      </trkpt>
      <trkpt lat="-44.73191" lon="167.80446">
        <ele>55.92</ele>
      </trkpt>
      <trkpt lat="-44.73193" lon="167.80454">
        <ele>55.71</ele>
      </trkpt>
      <trkpt lat="-44.73195" lon="167.80461">
        <ele>55.51</ele>
      </trkpt>
      <trkpt lat="-44.73198" lon="167.80469">
        <ele>55.27</ele>
      </trkpt>
      <trkpt lat="-44.73199" lon="167.80477">
        <ele>55.47</ele>
      </trkpt>
      <trkpt lat="-44.73201" lon="167.80485">
        <ele>55.52</ele>
      </trkpt>
      <trkpt lat="-44.73202" lon="167.80493">
        <ele>55.73</ele>
      </trkpt>
      <trkpt lat="-44.73203" lon="167.805">
        <ele>55.84</ele>
      </trkpt>
      <trkpt lat="-44.73203" lon="167.80509">
        <ele>57.36</ele>
      </trkpt>
      <trkpt lat="-44.73204" lon="167.80517">
        <ele>58.44</ele>
      </trkpt>
      <trkpt lat="-44.73202" lon="167.80525">
        <ele>60.35</ele>
      </trkpt>
      <trkpt lat="-44.73201" lon="167.80534">
        <ele>60.89</ele>
      </trkpt>
      <trkpt lat="-44.73198" lon="167.80542">
        <ele>61.46</ele>
      </trkpt>
      <trkpt lat="-44.73195" lon="167.80551">
        <ele>62.0</ele>
      </trkpt>
      <trkpt lat="-44.73193" lon="167.8056">
        <ele>62.26</ele>
      </trkpt>
      <trkpt lat="-44.7319" lon="167.80569">
        <ele>62.8</ele>
      </trkpt>
      <trkpt lat="-44.73187" lon="167.80577">
        <ele>63.37</ele>
      </trkpt>
      <trkpt lat="-44.73186" lon="167.80586">
        <ele>63.17</ele>
      </trkpt>
      <trkpt lat="-44.73189" lon="167.80593">
        <ele>61.59</ele>
      </trkpt>
      <trkpt lat="-44.7319" lon="167.80601">
        <ele>60.47</ele>
      </trkpt>
      <trkpt lat="-44.73191" lon="167.80609">
        <ele>59.33</ele>
      </trkpt>
      <trkpt lat="-44.73193" lon="167.80617">
        <ele>57.39</ele>
      </trkpt>
      <trkpt lat="-44.73193" lon="167.80625">
        <ele>55.92</ele>
      </trkpt>
      <trkpt lat="-44.73194" lon="167.80633">
        <ele>54.18</ele>
      </trkpt>
      <trkpt lat="-44.73194" lon="167.80641">
        <ele>52.88</ele>
      </trkpt>
      <trkpt lat="-44.73195" lon="167.80649">
        <ele>51.88</ele>
      </trkpt>
      <trkpt lat="-44.73193" lon="167.80658">
        <ele>51.26</ele>
      </trkpt>
      <trkpt lat="-44.73191" lon="167.80667">
        <ele>50.73</ele>
      </trkpt>
      <trkpt lat="-44.7319" lon="167.80675">
        <ele>50.61</ele>
      </trkpt>
      <trkpt lat="-44.73189" lon="167.80683">
        <ele>50.47</ele>
      </trkpt>
      <trkpt lat="-44.73187" lon="167.80692">
        <ele>50.45</ele>
      </trkpt>
      <trkpt lat="-44.73186" lon="167.807">
        <ele>50.72</ele>
      </trkpt>
      <trkpt lat="-44.73186" lon="167.80702">
        <ele>50.79</ele>
      </trkpt>
      <trkpt lat="-44.73185" lon="167.80709">
        <ele>51.22</ele>
      </trkpt>
      <trkpt lat="-44.73182" lon="167.80718">
        <ele>52.09</ele>
      </trkpt>
      <trkpt lat="-44.73181" lon="167.80726">
        <ele>52.63</ele>
      </trkpt>
      <trkpt lat="-44.73179" lon="167.80734">
        <ele>53.39</ele>
      </trkpt>
      <trkpt lat="-44.73178" lon="167.80743">
        <ele>54.01</ele>
      </trkpt>
      <trkpt lat="-44.73177" lon="167.80751">
        <ele>54.49</ele>
      </trkpt>
      <trkpt lat="-44.73177" lon="167.8076">
        <ele>54.29</ele>
      </trkpt>
      <trkpt lat="-44.73175" lon="167.80768">
        <ele>54.35</ele>
      </trkpt>
      <trkpt lat="-44.73174" lon="167.80777">
        <ele>54.23</ele>
      </trkpt>
      <trkpt lat="-44.73173" lon="167.80785">
        <ele>54.43</ele>
      </trkpt>
      <trkpt lat="-44.73171" lon="167.80793">
        <ele>54.7</ele>
      </trkpt>
      <trkpt lat="-44.73169" lon="167.80802">
        <ele>54.89</ele>
      </trkpt>
      <trkpt lat="-44.73167" lon="167.80811">
        <ele>54.2</ele>
      </trkpt>
      <trkpt lat="-44.73165" lon="167.80819">
        <ele>53.57</ele>
      </trkpt>
      <trkpt lat="-44.73166" lon="167.80827">
        <ele>52.15</ele>
      </trkpt>
      <trkpt lat="-44.73166" lon="167.80835">
        <ele>51.15</ele>
      </trkpt>
      <trkpt lat="-44.73167" lon="167.80843">
        <ele>50.27</ele>
      </trkpt>
      <trkpt lat="-44.73167" lon="167.80852">
        <ele>49.63</ele>
      </trkpt>
      <trkpt lat="-44.73169" lon="167.80859">
        <ele>48.98</ele>
      </trkpt>
      <trkpt lat="-44.73169" lon="167.80868">
        <ele>48.34</ele>
      </trkpt>
      <trkpt lat="-44.73169" lon="167.80876">
        <ele>47.76</ele>
      </trkpt>
      <trkpt lat="-44.73169" lon="167.80884">
        <ele>47.18</ele>
      </trkpt>
      <trkpt lat="-44.73168" lon="167.80892">
        <ele>47.35</ele>
      </trkpt>
      <trkpt lat="-44.73168" lon="167.809">
        <ele>48.48</ele>
      </trkpt>
      <trkpt lat="-44.73168" lon="167.80909">
        <ele>49.77</ele>
      </trkpt>
      <trkpt lat="-44.7317" lon="167.80916">
        <ele>50.55</ele>
      </trkpt>
      <trkpt lat="-44.7317" lon="167.80925">
        <ele>50.3</ele>
      </trkpt>
      <trkpt lat="-44.73171" lon="167.80933">
        <ele>49.85</ele>
      </trkpt>
      <trkpt lat="-44.73171" lon="167.80941">
        <ele>49.52</ele>
      </trkpt>
      <trkpt lat="-44.73172" lon="167.80949">
        <ele>49.23</ele>
      </trkpt>
      <trkpt lat="-44.73172" lon="167.80957">
        <ele>49.23</ele>
      </trkpt>
      <trkpt lat="-44.73174" lon="167.80965">
        <ele>48.94</ele>
      </trkpt>
      <trkpt lat="-44.73174" lon="167.80973">
        <ele>48.94</ele>
      </trkpt>
      <trkpt lat="-44.73174" lon="167.80981">
        <ele>48.94</ele>
      </trkpt>
      <trkpt lat="-44.73174" lon="167.80987">
        <ele>48.94</ele>
      </trkpt>
      <trkpt lat="-44.73174" lon="167.80989">
        <ele>48.94</ele>
      </trkpt>
      <trkpt lat="-44.73174" lon="167.80997">
        <ele>48.94</ele>
      </trkpt>
      <trkpt lat="-44.73174" lon="167.81006">
        <ele>49.32</ele>
      </trkpt>
      <trkpt lat="-44.73174" lon="167.81014">
        <ele>49.82</ele>
      </trkpt>
      <trkpt lat="-44.73174" lon="167.81022">
        <ele>50.32</ele>
      </trkpt>
      <trkpt lat="-44.73174" lon="167.8103">
        <ele>50.88</ele>
      </trkpt>
      <trkpt lat="-44.73174" lon="167.81038">
        <ele>51.59</ele>
      </trkpt>
      <trkpt lat="-44.73174" lon="167.81047">
        <ele>52.39</ele>
      </trkpt>
      <trkpt lat="-44.73174" lon="167.81055">
        <ele>53.1</ele>
      </trkpt>
      <trkpt lat="-44.73175" lon="167.81063">
        <ele>52.98</ele>
      </trkpt>
      <trkpt lat="-44.73175" lon="167.81071">
        <ele>53.07</ele>
      </trkpt>
      <trkpt lat="-44.73176" lon="167.81079">
        <ele>52.93</ele>
      </trkpt>
      <trkpt lat="-44.73176" lon="167.81087">
        <ele>52.9</ele>
      </trkpt>
      <trkpt lat="-44.73178" lon="167.81095">
        <ele>52.3</ele>
      </trkpt>
      <trkpt lat="-44.73178" lon="167.81103">
        <ele>52.13</ele>
      </trkpt>
      <trkpt lat="-44.73179" lon="167.81111">
        <ele>51.78</ele>
      </trkpt>
      <trkpt lat="-44.73176" lon="167.8112">
        <ele>52.11</ele>
      </trkpt>
      <trkpt lat="-44.73175" lon="167.81128">
        <ele>52.07</ele>
      </trkpt>
      <trkpt lat="-44.73174" lon="167.81137">
        <ele>51.99</ele>
      </trkpt>
      <trkpt lat="-44.73172" lon="167.81145">
        <ele>51.97</ele>
      </trkpt>
      <trkpt lat="-44.73171" lon="167.81153">
        <ele>51.79</ele>
      </trkpt>
      <trkpt lat="-44.73171" lon="167.81162">
        <ele>51.41</ele>
      </trkpt>
      <trkpt lat="-44.73171" lon="167.8117">
        <ele>51.08</ele>
      </trkpt>
      <trkpt lat="-44.73171" lon="167.81178">
        <ele>50.75</ele>
      </trkpt>
      <trkpt lat="-44.73171" lon="167.81186">
        <ele>50.42</ele>
      </trkpt>
      <trkpt lat="-44.73172" lon="167.81194">
        <ele>49.87</ele>
      </trkpt>
      <trkpt lat="-44.73171" lon="167.81199">
        <ele>49.87</ele>
      </trkpt>
      <trkpt lat="-44.7317" lon="167.81203">
        <ele>49.94</ele>
      </trkpt>
      <trkpt lat="-44.73168" lon="167.81211">
        <ele>50.09</ele>
      </trkpt>
      <trkpt lat="-44.73167" lon="167.8122">
        <ele>50.0</ele>
      </trkpt>
      <trkpt lat="-44.73165" lon="167.81228">
        <ele>51.04</ele>
      </trkpt>
      <trkpt lat="-44.73166" lon="167.81236">
        <ele>50.03</ele>
      </trkpt>
      <trkpt lat="-44.73166" lon="167.81245">
        <ele>49.74</ele>
      </trkpt>
      <trkpt lat="-44.73167" lon="167.81252">
        <ele>48.87</ele>
      </trkpt>
      <trkpt lat="-44.73167" lon="167.81261">
        <ele>48.55</ele>
      </trkpt>
      <trkpt lat="-44.73168" lon="167.81269">
        <ele>48.14</ele>
      </trkpt>
      <trkpt lat="-44.73169" lon="167.81277">
        <ele>47.77</ele>
      </trkpt>
      <trkpt lat="-44.73172" lon="167.81284">
        <ele>48.19</ele>
      </trkpt>
      <trkpt lat="-44.73175" lon="167.81292">
        <ele>48.69</ele>
      </trkpt>
      <trkpt lat="-44.73178" lon="167.81299">
        <ele>48.9</ele>
      </trkpt>
      <trkpt lat="-44.73181" lon="167.81307">
        <ele>49.11</ele>
      </trkpt>
      <trkpt lat="-44.73182" lon="167.81315">
        <ele>50.08</ele>
      </trkpt>
      <trkpt lat="-44.73182" lon="167.81323">
        <ele>51.27</ele>
      </trkpt>
      <trkpt lat="-44.73182" lon="167.81331">
        <ele>52.45</ele>
      </trkpt>
      <trkpt lat="-44.73183" lon="167.81339">
        <ele>52.78</ele>
      </trkpt>
      <trkpt lat="-44.73183" lon="167.81347">
        <ele>52.97</ele>
      </trkpt>
      <trkpt lat="-44.73184" lon="167.81355">
        <ele>52.9</ele>
      </trkpt>
      <trkpt lat="-44.73186" lon="167.81363">
        <ele>52.4</ele>
      </trkpt>
      <trkpt lat="-44.73187" lon="167.81371">
        <ele>51.91</ele>
      </trkpt>
      <trkpt lat="-44.73187" lon="167.81379">
        <ele>51.72</ele>
      </trkpt>
      <trkpt lat="-44.73188" lon="167.81387">
        <ele>51.07</ele>
      </trkpt>
      <trkpt lat="-44.73186" lon="167.81396">
        <ele>51.36</ele>
      </trkpt>
      <trkpt lat="-44.73184" lon="167.81404">
        <ele>51.6</ele>
      </trkpt>
      <trkpt lat="-44.73182" lon="167.81413">
        <ele>51.7</ele>
      </trkpt>
      <trkpt lat="-44.73179" lon="167.81422">
        <ele>52.27</ele>
      </trkpt>
      <trkpt lat="-44.73178" lon="167.81428">
        <ele>52.21</ele>
      </trkpt>
      <trkpt lat="-44.73178" lon="167.8143">
        <ele>52.06</ele>
      </trkpt>
      <trkpt lat="-44.73176" lon="167.81439">
        <ele>52.1</ele>
      </trkpt>
      <trkpt lat="-44.73175" lon="167.81447">
        <ele>51.71</ele>
      </trkpt>
      <trkpt lat="-44.73174" lon="167.81456">
        <ele>51.03</ele>
      </trkpt>
      <trkpt lat="-44.73172" lon="167.81464">
        <ele>50.67</ele>
      </trkpt>
      <trkpt lat="-44.7317" lon="167.81473">
        <ele>50.03</ele>
      </trkpt>
      <trkpt lat="-44.73167" lon="167.81482">
        <ele>49.17</ele>
      </trkpt>
      <trkpt lat="-44.73163" lon="167.81489">
        <ele>49.96</ele>
      </trkpt>
      <trkpt lat="-44.7316" lon="167.81496">
        <ele>50.32</ele>
      </trkpt>
      <trkpt lat="-44.73157" lon="167.81503">
        <ele>50.89</ele>
      </trkpt>
      <trkpt lat="-44.73152" lon="167.81509">
        <ele>52.57</ele>
      </trkpt>
      <trkpt lat="-44.73148" lon="167.81515">
        <ele>53.36</ele>
      </trkpt>
      <trkpt lat="-44.73144" lon="167.81522">
        <ele>53.57</ele>
      </trkpt>
      <trkpt lat="-44.73141" lon="167.81529">
        <ele>53.15</ele>
      </trkpt>
      <trkpt lat="-44.73137" lon="167.81535">
        <ele>53.83</ele>
      </trkpt>
      <trkpt lat="-44.73133" lon="167.81542">
        <ele>54.6</ele>
      </trkpt>
      <trkpt lat="-44.7313" lon="167.8155">
        <ele>54.7</ele>
      </trkpt>
      <trkpt lat="-44.73126" lon="167.81557">
        <ele>55.47</ele>
      </trkpt>
      <trkpt lat="-44.73123" lon="167.81564">
        <ele>56.21</ele>
      </trkpt>
      <trkpt lat="-44.7312" lon="167.81573">
        <ele>56.68</ele>
      </trkpt>
      <trkpt lat="-44.73118" lon="167.81582">
        <ele>56.64</ele>
      </trkpt>
      <trkpt lat="-44.73115" lon="167.8159">
        <ele>56.29</ele>
      </trkpt>
      <trkpt lat="-44.73112" lon="167.81599">
        <ele>55.37</ele>
      </trkpt>
      <trkpt lat="-44.73112" lon="167.816">
        <ele>55.16</ele>
      </trkpt>
      <trkpt lat="-44.7311" lon="167.81608">
        <ele>54.91</ele>
      </trkpt>
      <trkpt lat="-44.73107" lon="167.81617">
        <ele>57.26</ele>
      </trkpt>
      <trkpt lat="-44.73104" lon="167.81625">
        <ele>60.31</ele>
      </trkpt>
      <trkpt lat="-44.73102" lon="167.81634">
        <ele>62.29</ele>
      </trkpt>
      <trkpt lat="-44.73099" lon="167.81643">
        <ele>64.79</ele>
      </trkpt>
      <trkpt lat="-44.73098" lon="167.81651">
        <ele>64.34</ele>
      </trkpt>
      <trkpt lat="-44.73096" lon="167.8166">
        <ele>64.38</ele>
      </trkpt>
      <trkpt lat="-44.73095" lon="167.81668">
        <ele>63.58</ele>
      </trkpt>
      <trkpt lat="-44.73094" lon="167.81677">
        <ele>63.12</ele>
      </trkpt>
      <trkpt lat="-44.73094" lon="167.81685">
        <ele>62.01</ele>
      </trkpt>
      <trkpt lat="-44.73092" lon="167.81693">
        <ele>62.28</ele>
      </trkpt>
      <trkpt lat="-44.73091" lon="167.81702">
        <ele>60.96</ele>
      </trkpt>
      <trkpt lat="-44.73089" lon="167.8171">
        <ele>60.22</ele>
      </trkpt>
      <trkpt lat="-44.73089" lon="167.81718">
        <ele>58.2</ele>
      </trkpt>
      <trkpt lat="-44.73088" lon="167.81727">
        <ele>57.33</ele>
      </trkpt>
      <trkpt lat="-44.73087" lon="167.81735">
        <ele>57.29</ele>
      </trkpt>
      <trkpt lat="-44.73085" lon="167.81744">
        <ele>57.64</ele>
      </trkpt>
      <trkpt lat="-44.73084" lon="167.81752">
        <ele>57.62</ele>
      </trkpt>
      <trkpt lat="-44.73081" lon="167.81761">
        <ele>60.19</ele>
      </trkpt>
      <trkpt lat="-44.73079" lon="167.8177">
        <ele>61.69</ele>
      </trkpt>
      <trkpt lat="-44.73079" lon="167.8177">
        <ele>61.69</ele>
      </trkpt>
      <trkpt lat="-44.73076" lon="167.81778">
        <ele>63.84</ele>
      </trkpt>
      <trkpt lat="-44.73073" lon="167.81787">
        <ele>65.51</ele>
      </trkpt>
      <trkpt lat="-44.73072" lon="167.81796">
        <ele>65.23</ele>
      </trkpt>
      <trkpt lat="-44.73071" lon="167.81804">
        <ele>64.98</ele>
      </trkpt>
      <trkpt lat="-44.73069" lon="167.81813">
        <ele>64.48</ele>
      </trkpt>
      <trkpt lat="-44.73069" lon="167.81821">
        <ele>62.46</ele>
      </trkpt>
      <trkpt lat="-44.73069" lon="167.81829">
        <ele>60.44</ele>
      </trkpt>
      <trkpt lat="-44.73068" lon="167.81837">
        <ele>59.18</ele>
      </trkpt>
      <trkpt lat="-44.73067" lon="167.81846">
        <ele>57.5</ele>
      </trkpt>
      <trkpt lat="-44.73065" lon="167.81854">
        <ele>56.6</ele>
      </trkpt>
      <trkpt lat="-44.73063" lon="167.81863">
        <ele>55.1</ele>
      </trkpt>
      <trkpt lat="-44.7306" lon="167.81872">
        <ele>53.43</ele>
      </trkpt>
      <trkpt lat="-44.73057" lon="167.8188">
        <ele>51.4</ele>
      </trkpt>
      <trkpt lat="-44.73055" lon="167.81889">
        <ele>48.51</ele>
      </trkpt>
      <trkpt lat="-44.73052" lon="167.81898">
        <ele>50.13</ele>
      </trkpt>
      <trkpt lat="-44.73049" lon="167.81905">
        <ele>51.2</ele>
      </trkpt>
      <trkpt lat="-44.73045" lon="167.81912">
        <ele>52.11</ele>
      </trkpt>
      <trkpt lat="-44.73042" lon="167.8192">
        <ele>51.69</ele>
      </trkpt>
      <trkpt lat="-44.73038" lon="167.81927">
        <ele>51.92</ele>
      </trkpt>
      <trkpt lat="-44.73035" lon="167.81934">
        <ele>51.44</ele>
      </trkpt>
      <trkpt lat="-44.73032" lon="167.81943">
        <ele>50.16</ele>
      </trkpt>
      <trkpt lat="-44.73029" lon="167.8195">
        <ele>50.27</ele>
      </trkpt>
      <trkpt lat="-44.73025" lon="167.81957">
        <ele>52.34</ele>
      </trkpt>
      <trkpt lat="-44.73022" lon="167.81965">
        <ele>53.6</ele>
      </trkpt>
      <trkpt lat="-44.73017" lon="167.81971">
        <ele>55.85</ele>
      </trkpt>
      <trkpt lat="-44.73013" lon="167.81976">
        <ele>57.07</ele>
      </trkpt>
      <trkpt lat="-44.7301" lon="167.81984">
        <ele>56.56</ele>
      </trkpt>
      <trkpt lat="-44.73005" lon="167.81989">
        <ele>57.55</ele>
      </trkpt>
      <trkpt lat="-44.73001" lon="167.81995">
        <ele>57.37</ele>
      </trkpt>
      <trkpt lat="-44.72997" lon="167.82001">
        <ele>58.85</ele>
      </trkpt>
      <trkpt lat="-44.72993" lon="167.82007">
        <ele>61.1</ele>
      </trkpt>
      <trkpt lat="-44.72988" lon="167.82011">
        <ele>64.56</ele>
      </trkpt>
      <trkpt lat="-44.72983" lon="167.82017">
        <ele>66.84</ele>
      </trkpt>
      <trkpt lat="-44.72978" lon="167.82022">
        <ele>69.03</ele>
      </trkpt>
      <trkpt lat="-44.72975" lon="167.82027">
        <ele>69.17</ele>
      </trkpt>
      <trkpt lat="-44.72971" lon="167.82031">
        <ele>70.88</ele>
      </trkpt>
      <trkpt lat="-44.7297" lon="167.82039">
        <ele>67.61</ele>
      </trkpt>
      <trkpt lat="-44.72967" lon="167.82045">
        <ele>68.13</ele>
      </trkpt>
      <trkpt lat="-44.72966" lon="167.82053">
        <ele>64.62</ele>
      </trkpt>
      <trkpt lat="-44.72962" lon="167.82059">
        <ele>66.26</ele>
      </trkpt>
      <trkpt lat="-44.72958" lon="167.82066">
        <ele>66.39</ele>
      </trkpt>
      <trkpt lat="-44.72955" lon="167.82073">
        <ele>64.27</ele>
      </trkpt>
      <trkpt lat="-44.72952" lon="167.82082">
        <ele>59.47</ele>
      </trkpt>
      <trkpt lat="-44.72949" lon="167.82091">
        <ele>57.72</ele>
      </trkpt>
      <trkpt lat="-44.72948" lon="167.82094">
        <ele>57.28</ele>
      </trkpt>
      <trkpt lat="-44.72947" lon="167.821">
        <ele>55.77</ele>
      </trkpt>
      <trkpt lat="-44.72943" lon="167.82106">
        <ele>57.49</ele>
      </trkpt>
      <trkpt lat="-44.72937" lon="167.8211">
        <ele>66.85</ele>
      </trkpt>
      <trkpt lat="-44.72932" lon="167.82113">
        <ele>74.49</ele>
      </trkpt>
      <trkpt lat="-44.72928" lon="167.8212">
        <ele>77.34</ele>
      </trkpt>
      <trkpt lat="-44.72925" lon="167.82129">
        <ele>75.96</ele>
      </trkpt>
      <trkpt lat="-44.72924" lon="167.82137">
        <ele>71.67</ele>
      </trkpt>
      <trkpt lat="-44.72923" lon="167.82145">
        <ele>69.64</ele>
      </trkpt>
      <trkpt lat="-44.72922" lon="167.82154">
        <ele>67.93</ele>
      </trkpt>
      <trkpt lat="-44.72918" lon="167.82159">
        <ele>69.68</ele>
      </trkpt>
      <trkpt lat="-44.72918" lon="167.82166">
        <ele>67.27</ele>
      </trkpt>
      <trkpt lat="-44.72914" lon="167.82172">
        <ele>71.12</ele>
      </trkpt>
      <trkpt lat="-44.72913" lon="167.8218">
        <ele>70.75</ele>
      </trkpt>
      <trkpt lat="-44.72912" lon="167.82189">
        <ele>69.74</ele>
      </trkpt>
      <trkpt lat="-44.72911" lon="167.82197">
        <ele>68.75</ele>
      </trkpt>
      <trkpt lat="-44.7291" lon="167.82199">
        <ele>69.16</ele>
      </trkpt>
      <trkpt lat="-44.72908" lon="167.82206">
        <ele>68.92</ele>
      </trkpt>
      <trkpt lat="-44.72905" lon="167.82215">
        <ele>68.04</ele>
      </trkpt>
      <trkpt lat="-44.72903" lon="167.82223">
        <ele>66.24</ele>
      </trkpt>
      <trkpt lat="-44.729" lon="167.82232">
        <ele>65.42</ele>
      </trkpt>
      <trkpt lat="-44.72896" lon="167.82239">
        <ele>65.27</ele>
      </trkpt>
      <trkpt lat="-44.72893" lon="167.82246">
        <ele>64.63</ele>
      </trkpt>
      <trkpt lat="-44.7289" lon="167.82254">
        <ele>64.33</ele>
      </trkpt>
      <trkpt lat="-44.72885" lon="167.8226">
        <ele>65.69</ele>
      </trkpt>
      <trkpt lat="-44.72881" lon="167.82265">
        <ele>66.21</ele>
      </trkpt>
      <trkpt lat="-44.72877" lon="167.82271">
        <ele>65.92</ele>
      </trkpt>
      <trkpt lat="-44.72872" lon="167.82275">
        <ele>65.69</ele>
      </trkpt>
      <trkpt lat="-44.72867" lon="167.8228">
        <ele>64.56</ele>
      </trkpt>
      <trkpt lat="-44.72862" lon="167.82284">
        <ele>63.66</ele>
      </trkpt>
      <trkpt lat="-44.72856" lon="167.82288">
        <ele>62.72</ele>
      </trkpt>
      <trkpt lat="-44.72852" lon="167.82294">
        <ele>60.51</ele>
      </trkpt>
      <trkpt lat="-44.72848" lon="167.823">
        <ele>58.0</ele>
      </trkpt>
      <trkpt lat="-44.72844" lon="167.82306">
        <ele>55.3</ele>
      </trkpt>
      <trkpt lat="-44.7284" lon="167.82313">
        <ele>53.76</ele>
      </trkpt>
      <trkpt lat="-44.72837" lon="167.8232">
        <ele>52.15</ele>
      </trkpt>
      <trkpt lat="-44.72832" lon="167.82326">
        <ele>50.84</ele>
      </trkpt>
      <trkpt lat="-44.7283" lon="167.82334">
        <ele>49.19</ele>
      </trkpt>
      <trkpt lat="-44.72824" lon="167.82338">
        <ele>49.34</ele>
      </trkpt>
      <trkpt lat="-44.7282" lon="167.82343">
        <ele>49.26</ele>
      </trkpt>
      <trkpt lat="-44.72815" lon="167.82348">
        <ele>49.26</ele>
      </trkpt>
      <trkpt lat="-44.7281" lon="167.82354">
        <ele>49.19</ele>
      </trkpt>
      <trkpt lat="-44.72806" lon="167.82359">
        <ele>49.12</ele>
      </trkpt>
      <trkpt lat="-44.72802" lon="167.82365">
        <ele>50.36</ele>
      </trkpt>
      <trkpt lat="-44.72798" lon="167.82371">
        <ele>51.71</ele>
      </trkpt>
      <trkpt lat="-44.72793" lon="167.82377">
        <ele>53.33</ele>
      </trkpt>
      <trkpt lat="-44.72789" lon="167.82382">
        <ele>54.5</ele>
      </trkpt>
      <trkpt lat="-44.72785" lon="167.8239">
        <ele>55.25</ele>
      </trkpt>
      <trkpt lat="-44.72781" lon="167.82396">
        <ele>55.71</ele>
      </trkpt>
      <trkpt lat="-44.72776" lon="167.824">
        <ele>56.82</ele>
      </trkpt>
      <trkpt lat="-44.72772" lon="167.82406">
        <ele>57.45</ele>
      </trkpt>
      <trkpt lat="-44.72767" lon="167.8241">
        <ele>58.75</ele>
      </trkpt>
      <trkpt lat="-44.72761" lon="167.82413">
        <ele>60.54</ele>
      </trkpt>
      <trkpt lat="-44.72756" lon="167.82417">
        <ele>61.57</ele>
      </trkpt>
      <trkpt lat="-44.72751" lon="167.82421">
        <ele>62.84</ele>
      </trkpt>
      <trkpt lat="-44.72745" lon="167.82424">
        <ele>66.43</ele>
      </trkpt>
      <trkpt lat="-44.72739" lon="167.82427">
        <ele>69.88</ele>
      </trkpt>
      <trkpt lat="-44.72737" lon="167.82428">
        <ele>70.9</ele>
      </trkpt>
      <trkpt lat="-44.72733" lon="167.8243">
        <ele>72.76</ele>
      </trkpt>
      <trkpt lat="-44.72727" lon="167.82431">
        <ele>76.17</ele>
      </trkpt>
      <trkpt lat="-44.72721" lon="167.82434">
        <ele>78.17</ele>
      </trkpt>
      <trkpt lat="-44.72714" lon="167.82436">
        <ele>81.57</ele>
      </trkpt>
      <trkpt lat="-44.7271" lon="167.82441">
        <ele>81.86</ele>
      </trkpt>
      <trkpt lat="-44.72705" lon="167.82446">
        <ele>83.31</ele>
      </trkpt>
      <trkpt lat="-44.727" lon="167.82451">
        <ele>84.54</ele>
      </trkpt>
      <trkpt lat="-44.72695" lon="167.82456">
        <ele>85.39</ele>
      </trkpt>
      <trkpt lat="-44.72691" lon="167.82462">
        <ele>82.52</ele>
      </trkpt>
      <trkpt lat="-44.72686" lon="167.82466">
        <ele>80.36</ele>
      </trkpt>
      <trkpt lat="-44.72683" lon="167.82475">
        <ele>75.61</ele>
      </trkpt>
      <trkpt lat="-44.7268" lon="167.82482">
        <ele>72.28</ele>
      </trkpt>
      <trkpt lat="-44.72676" lon="167.82489">
        <ele>69.34</ele>
      </trkpt>
      <trkpt lat="-44.72673" lon="167.82496">
        <ele>66.61</ele>
      </trkpt>
      <trkpt lat="-44.72669" lon="167.82504">
        <ele>65.58</ele>
      </trkpt>
      <trkpt lat="-44.72666" lon="167.82511">
        <ele>66.06</ele>
      </trkpt>
      <trkpt lat="-44.72663" lon="167.82518">
        <ele>66.19</ele>
      </trkpt>
      <trkpt lat="-44.7266" lon="167.82527">
        <ele>66.03</ele>
      </trkpt>
      <trkpt lat="-44.72657" lon="167.82536">
        <ele>65.81</ele>
      </trkpt>
      <trkpt lat="-44.72656" lon="167.82544">
        <ele>65.64</ele>
      </trkpt>
      <trkpt lat="-44.72655" lon="167.82553">
        <ele>65.47</ele>
      </trkpt>
      <trkpt lat="-44.72653" lon="167.82561">
        <ele>65.88</ele>
      </trkpt>
      <trkpt lat="-44.72653" lon="167.82569">
        <ele>66.45</ele>
      </trkpt>
      <trkpt lat="-44.72653" lon="167.82577">
        <ele>67.02</ele>
      </trkpt>
      <trkpt lat="-44.72653" lon="167.82586">
        <ele>67.47</ele>
      </trkpt>
      <trkpt lat="-44.72653" lon="167.82594">
        <ele>67.47</ele>
      </trkpt>
      <trkpt lat="-44.72654" lon="167.82602">
        <ele>67.31</ele>
      </trkpt>
      <trkpt lat="-44.72652" lon="167.8261">
        <ele>67.64</ele>
      </trkpt>
      <trkpt lat="-44.7265" lon="167.82619">
        <ele>68.11</ele>
      </trkpt>
      <trkpt lat="-44.72648" lon="167.82628">
        <ele>68.56</ele>
      </trkpt>
      <trkpt lat="-44.72647" lon="167.82629">
        <ele>68.73</ele>
      </trkpt>
      <trkpt lat="-44.72645" lon="167.82636">
        <ele>69.1</ele>
      </trkpt>
      <trkpt lat="-44.72644" lon="167.82645">
        <ele>68.59</ele>
      </trkpt>
      <trkpt lat="-44.72642" lon="167.82653">
        <ele>67.8</ele>
      </trkpt>
      <trkpt lat="-44.72641" lon="167.82662">
        <ele>66.68</ele>
      </trkpt>
      <trkpt lat="-44.7264" lon="167.8267">
        <ele>66.5</ele>
      </trkpt>
      <trkpt lat="-44.72638" lon="167.82679">
        <ele>67.91</ele>
      </trkpt>
      <trkpt lat="-44.72636" lon="167.82687">
        <ele>69.25</ele>
      </trkpt>
      <trkpt lat="-44.72633" lon="167.82696">
        <ele>70.37</ele>
      </trkpt>
      <trkpt lat="-44.7263" lon="167.82703">
        <ele>70.33</ele>
      </trkpt>
      <trkpt lat="-44.72626" lon="167.82711">
        <ele>70.33</ele>
      </trkpt>
      <trkpt lat="-44.72623" lon="167.82718">
        <ele>70.3</ele>
      </trkpt>
      <trkpt lat="-44.72618" lon="167.82724">
        <ele>70.33</ele>
      </trkpt>
      <trkpt lat="-44.72616" lon="167.82732">
        <ele>69.76</ele>
      </trkpt>
      <trkpt lat="-44.72616" lon="167.8274">
        <ele>69.03</ele>
      </trkpt>
      <trkpt lat="-44.72614" lon="167.82749">
        <ele>68.56</ele>
      </trkpt>
      <trkpt lat="-44.72613" lon="167.82757">
        <ele>68.41</ele>
      </trkpt>
      <trkpt lat="-44.72613" lon="167.82766">
        <ele>68.08</ele>
      </trkpt>
      <trkpt lat="-44.72611" lon="167.82774">
        <ele>68.15</ele>
      </trkpt>
      <trkpt lat="-44.72613" lon="167.82782">
        <ele>67.19</ele>
      </trkpt>
      <trkpt lat="-44.72614" lon="167.8279">
        <ele>66.11</ele>
      </trkpt>
      <trkpt lat="-44.72617" lon="167.82797">
        <ele>64.72</ele>
      </trkpt>
      <trkpt lat="-44.7262" lon="167.82805">
        <ele>63.15</ele>
      </trkpt>
      <trkpt lat="-44.72622" lon="167.82813">
        <ele>63.61</ele>
      </trkpt>
      <trkpt lat="-44.72626" lon="167.8282">
        <ele>63.59</ele>
      </trkpt>
      <trkpt lat="-44.72629" lon="167.82828">
        <ele>63.85</ele>
      </trkpt>
      <trkpt lat="-44.72628" lon="167.82836">
        <ele>65.38</ele>
      </trkpt>
      <trkpt lat="-44.72627" lon="167.82845">
        <ele>67.76</ele>
      </trkpt>
      <trkpt lat="-44.7263" lon="167.8285">
        <ele>68.25</ele>
      </trkpt>
      <trkpt lat="-44.72635" lon="167.82853">
        <ele>67.84</ele>
      </trkpt>
      <trkpt lat="-44.7264" lon="167.82857">
        <ele>67.55</ele>
      </trkpt>
      <trkpt lat="-44.72645" lon="167.8286">
        <ele>66.34</ele>
      </trkpt>
      <trkpt lat="-44.72649" lon="167.82863">
        <ele>65.31</ele>
      </trkpt>
      <trkpt lat="-44.7265" lon="167.82864">
        <ele>65.08</ele>
      </trkpt>
      <trkpt lat="-44.72655" lon="167.82868">
        <ele>63.72</ele>
      </trkpt>
      <trkpt lat="-44.7266" lon="167.82874">
        <ele>62.61</ele>
      </trkpt>
      <trkpt lat="-44.72664" lon="167.82879">
        <ele>61.69</ele>
      </trkpt>
      <trkpt lat="-44.72669" lon="167.82885">
        <ele>60.55</ele>
      </trkpt>
      <trkpt lat="-44.72673" lon="167.82892">
        <ele>59.52</ele>
      </trkpt>
      <trkpt lat="-44.72676" lon="167.829">
        <ele>58.44</ele>
      </trkpt>
      <trkpt lat="-44.72679" lon="167.82907">
        <ele>57.41</ele>
      </trkpt>
      <trkpt lat="-44.7268" lon="167.82915">
        <ele>57.17</ele>
      </trkpt>
      <trkpt lat="-44.7268" lon="167.82924">
        <ele>57.45</ele>
      </trkpt>
      <trkpt lat="-44.7268" lon="167.82932">
        <ele>57.73</ele>
      </trkpt>
      <trkpt lat="-44.7268" lon="167.8294">
        <ele>58.01</ele>
      </trkpt>
      <trkpt lat="-44.7268" lon="167.82948">
        <ele>58.67</ele>
      </trkpt>
      <trkpt lat="-44.7268" lon="167.82956">
        <ele>59.81</ele>
      </trkpt>
      <trkpt lat="-44.72681" lon="167.82964">
        <ele>60.71</ele>
      </trkpt>
      <trkpt lat="-44.72678" lon="167.82973">
        <ele>62.61</ele>
      </trkpt>
      <trkpt lat="-44.72678" lon="167.82981">
        <ele>63.18</ele>
      </trkpt>
      <trkpt lat="-44.72676" lon="167.8299">
        <ele>64.26</ele>
      </trkpt>
      <trkpt lat="-44.72677" lon="167.82998">
        <ele>64.62</ele>
      </trkpt>
      <trkpt lat="-44.72677" lon="167.83006">
        <ele>65.69</ele>
      </trkpt>
      <trkpt lat="-44.7268" lon="167.83014">
        <ele>66.16</ele>
      </trkpt>
      <trkpt lat="-44.72684" lon="167.83019">
        <ele>65.82</ele>
      </trkpt>
      <trkpt lat="-44.72689" lon="167.83023">
        <ele>64.98</ele>
      </trkpt>
      <trkpt lat="-44.72694" lon="167.83029">
        <ele>64.13</ele>
      </trkpt>
      <trkpt lat="-44.72698" lon="167.83034">
        <ele>62.89</ele>
      </trkpt>
      <trkpt lat="-44.72702" lon="167.83042">
        <ele>61.41</ele>
      </trkpt>
      <trkpt lat="-44.72705" lon="167.83049">
        <ele>60.09</ele>
      </trkpt>
      <trkpt lat="-44.72704" lon="167.83058">
        <ele>59.77</ele>
      </trkpt>
      <trkpt lat="-44.72704" lon="167.83066">
        <ele>58.31</ele>
      </trkpt>
      <trkpt lat="-44.72702" lon="167.83074">
        <ele>57.93</ele>
      </trkpt>
      <trkpt lat="-44.72701" lon="167.83083">
        <ele>57.04</ele>
      </trkpt>
      <trkpt lat="-44.727" lon="167.83091">
        <ele>55.06</ele>
      </trkpt>
      <trkpt lat="-44.72697" lon="167.831">
        <ele>53.33</ele>
      </trkpt>
      <trkpt lat="-44.72694" lon="167.83109">
        <ele>51.16</ele>
      </trkpt>
      <trkpt lat="-44.72691" lon="167.83116">
        <ele>51.86</ele>
      </trkpt>
      <trkpt lat="-44.72687" lon="167.83123">
        <ele>53.69</ele>
      </trkpt>
      <trkpt lat="-44.72684" lon="167.83131">
        <ele>54.49</ele>
      </trkpt>
      <trkpt lat="-44.7268" lon="167.83138">
        <ele>56.04</ele>
      </trkpt>
      <trkpt lat="-44.72677" lon="167.83145">
        <ele>57.35</ele>
      </trkpt>
      <trkpt lat="-44.72674" lon="167.83154">
        <ele>58.01</ele>
      </trkpt>
      <trkpt lat="-44.72674" lon="167.83154">
        <ele>58.01</ele>
      </trkpt>
      <trkpt lat="-44.72671" lon="167.83162">
        <ele>58.21</ele>
      </trkpt>
      <trkpt lat="-44.72669" lon="167.83171">
        <ele>58.29</ele>
      </trkpt>
      <trkpt lat="-44.72666" lon="167.8318">
        <ele>59.96</ele>
      </trkpt>
      <trkpt lat="-44.72663" lon="167.83189">
        <ele>62.2</ele>
      </trkpt>
      <trkpt lat="-44.72661" lon="167.83197">
        <ele>63.52</ele>
      </trkpt>
      <trkpt lat="-44.72658" lon="167.83206">
        <ele>65.46</ele>
      </trkpt>
      <trkpt lat="-44.72657" lon="167.83215">
        <ele>66.14</ele>
      </trkpt>
      <trkpt lat="-44.72659" lon="167.83222">
        <ele>65.14</ele>
      </trkpt>
      <trkpt lat="-44.72661" lon="167.8323">
        <ele>63.39</ele>
      </trkpt>
      <trkpt lat="-44.72662" lon="167.83238">
        <ele>62.19</ele>
      </trkpt>
      <trkpt lat="-44.72663" lon="167.83246">
        <ele>61.04</ele>
      </trkpt>
      <trkpt lat="-44.72662" lon="167.83254">
        <ele>60.56</ele>
      </trkpt>
      <trkpt lat="-44.72659" lon="167.83263">
        <ele>60.46</ele>
      </trkpt>
      <trkpt lat="-44.72655" lon="167.83269">
        <ele>61.15</ele>
      </trkpt>
      <trkpt lat="-44.72652" lon="167.83276">
        <ele>61.13</ele>
      </trkpt>
      <trkpt lat="-44.72648" lon="167.83283">
        <ele>61.2</ele>
      </trkpt>
      <trkpt lat="-44.72645" lon="167.83291">
        <ele>60.46</ele>
      </trkpt>
      <trkpt lat="-44.72642" lon="167.83299">
        <ele>59.59</ele>
      </trkpt>
      <trkpt lat="-44.72639" lon="167.83308">
        <ele>58.52</ele>
      </trkpt>
      <trkpt lat="-44.72637" lon="167.83317">
        <ele>58.04</ele>
      </trkpt>
      <trkpt lat="-44.72634" lon="167.83326">
        <ele>58.35</ele>
      </trkpt>
      <trkpt lat="-44.72631" lon="167.83334">
        <ele>59.0</ele>
      </trkpt>
      <trkpt lat="-44.7263" lon="167.83343">
        <ele>58.03</ele>
      </trkpt>
      <trkpt lat="-44.72629" lon="167.8335">
        <ele>57.37</ele>
      </trkpt>
      <trkpt lat="-44.72629" lon="167.83351">
        <ele>57.18</ele>
      </trkpt>
      <trkpt lat="-44.72627" lon="167.8336">
        <ele>56.63</ele>
      </trkpt>
      <trkpt lat="-44.72626" lon="167.83368">
        <ele>56.22</ele>
      </trkpt>
      <trkpt lat="-44.72626" lon="167.83376">
        <ele>55.35</ele>
      </trkpt>
      <trkpt lat="-44.72624" lon="167.83385">
        <ele>55.46</ele>
      </trkpt>
      <trkpt lat="-44.72625" lon="167.83393">
        <ele>54.13</ele>
      </trkpt>
      <trkpt lat="-44.72625" lon="167.83401">
        <ele>53.41</ele>
      </trkpt>
      <trkpt lat="-44.72626" lon="167.83409">
        <ele>52.28</ele>
      </trkpt>
      <trkpt lat="-44.72625" lon="167.83418">
        <ele>51.76</ele>
      </trkpt>
      <trkpt lat="-44.72621" lon="167.83424">
        <ele>51.97</ele>
      </trkpt>
      <trkpt lat="-44.72616" lon="167.83429">
        <ele>52.44</ele>
      </trkpt>
      <trkpt lat="-44.72612" lon="167.83435">
        <ele>52.14</ele>
      </trkpt>
      <trkpt lat="-44.72607" lon="167.8344">
        <ele>53.39</ele>
      </trkpt>
      <trkpt lat="-44.72604" lon="167.83448">
        <ele>53.04</ele>
      </trkpt>
      <trkpt lat="-44.726" lon="167.83454">
        <ele>53.59</ele>
      </trkpt>
      <trkpt lat="-44.72596" lon="167.83461">
        <ele>53.56</ele>
      </trkpt>
      <trkpt lat="-44.72592" lon="167.83467">
        <ele>53.47</ele>
      </trkpt>
      <trkpt lat="-44.7259" lon="167.83474">
        <ele>52.28</ele>
      </trkpt>
      <trkpt lat="-44.72591" lon="167.83482">
        <ele>50.52</ele>
      </trkpt>
      <trkpt lat="-44.72591" lon="167.8349">
        <ele>49.11</ele>
      </trkpt>
      <trkpt lat="-44.72593" lon="167.83498">
        <ele>47.24</ele>
      </trkpt>
      <trkpt lat="-44.72593" lon="167.83506">
        <ele>47.13</ele>
      </trkpt>
      <trkpt lat="-44.72593" lon="167.83514">
        <ele>47.42</ele>
      </trkpt>
      <trkpt lat="-44.72593" lon="167.83522">
        <ele>47.7</ele>
      </trkpt>
      <trkpt lat="-44.72593" lon="167.8353">
        <ele>48.1</ele>
      </trkpt>
      <trkpt lat="-44.72591" lon="167.83539">
        <ele>49.33</ele>
      </trkpt>
      <trkpt lat="-44.7259" lon="167.83547">
        <ele>50.3</ele>
      </trkpt>
      <trkpt lat="-44.72589" lon="167.83556">
        <ele>51.41</ele>
      </trkpt>
      <trkpt lat="-44.72586" lon="167.83565">
        <ele>53.22</ele>
      </trkpt>
      <trkpt lat="-44.72583" lon="167.83573">
        <ele>54.99</ele>
      </trkpt>
      <trkpt lat="-44.72582" lon="167.83582">
        <ele>56.21</ele>
      </trkpt>
      <trkpt lat="-44.72585" lon="167.83589">
        <ele>56.07</ele>
      </trkpt>
      <trkpt lat="-44.72586" lon="167.83597">
        <ele>56.61</ele>
      </trkpt>
      <trkpt lat="-44.72589" lon="167.83605">
        <ele>56.5</ele>
      </trkpt>
      <trkpt lat="-44.72591" lon="167.83613">
        <ele>56.58</ele>
      </trkpt>
      <trkpt lat="-44.72593" lon="167.8362">
        <ele>56.19</ele>
      </trkpt>
      <trkpt lat="-44.72596" lon="167.83628">
        <ele>55.5</ele>
      </trkpt>
      <trkpt lat="-44.72597" lon="167.83636">
        <ele>55.47</ele>
      </trkpt>
      <trkpt lat="-44.72598" lon="167.83644">
        <ele>55.06</ele>
      </trkpt>
      <trkpt lat="-44.72595" lon="167.83653">
        <ele>55.71</ele>
      </trkpt>
      <trkpt lat="-44.72594" lon="167.83661">
        <ele>55.75</ele>
      </trkpt>
      <trkpt lat="-44.7259" lon="167.83668">
        <ele>56.68</ele>
      </trkpt>
      <trkpt lat="-44.72587" lon="167.83676">
        <ele>56.76</ele>
      </trkpt>
      <trkpt lat="-44.72583" lon="167.83683">
        <ele>57.31</ele>
      </trkpt>
      <trkpt lat="-44.7258" lon="167.8369">
        <ele>57.28</ele>
      </trkpt>
      <trkpt lat="-44.72577" lon="167.83697">
        <ele>57.25</ele>
      </trkpt>
      <trkpt lat="-44.72573" lon="167.83705">
        <ele>57.23</ele>
      </trkpt>
      <trkpt lat="-44.7257" lon="167.83713">
        <ele>57.01</ele>
      </trkpt>
      <trkpt lat="-44.72565" lon="167.83718">
        <ele>57.79</ele>
      </trkpt>
      <trkpt lat="-44.72561" lon="167.83723">
        <ele>58.34</ele>
      </trkpt>
      <trkpt lat="-44.72556" lon="167.83728">
        <ele>59.24</ele>
      </trkpt>
      <trkpt lat="-44.72552" lon="167.83734">
        <ele>59.88</ele>
      </trkpt>
      <trkpt lat="-44.72548" lon="167.83738">
        <ele>60.74</ele>
      </trkpt>
      <trkpt lat="-44.72547" lon="167.83739">
        <ele>60.96</ele>
      </trkpt>
      <trkpt lat="-44.72543" lon="167.83745">
        <ele>61.61</ele>
      </trkpt>
      <trkpt lat="-44.72539" lon="167.83751">
        <ele>62.27</ele>
      </trkpt>
      <trkpt lat="-44.72535" lon="167.83757">
        <ele>62.97</ele>
      </trkpt>
      <trkpt lat="-44.72533" lon="167.83764">
        <ele>62.89</ele>
      </trkpt>
      <trkpt lat="-44.72532" lon="167.83772">
        <ele>62.38</ele>
      </trkpt>
      <trkpt lat="-44.72531" lon="167.8378">
        <ele>61.75</ele>
      </trkpt>
      <trkpt lat="-44.7253" lon="167.83789">
        <ele>60.74</ele>
      </trkpt>
      <trkpt lat="-44.72527" lon="167.83798">
        <ele>60.39</ele>
      </trkpt>
      <trkpt lat="-44.72524" lon="167.83806">
        <ele>60.31</ele>
      </trkpt>
      <trkpt lat="-44.72522" lon="167.83815">
        <ele>59.85</ele>
      </trkpt>
      <trkpt lat="-44.72519" lon="167.83824">
        <ele>59.54</ele>
      </trkpt>
      <trkpt lat="-44.72516" lon="167.83831">
        <ele>59.33</ele>
      </trkpt>
      <trkpt lat="-44.72512" lon="167.83838">
        <ele>58.65</ele>
      </trkpt>
      <trkpt lat="-44.72509" lon="167.83845">
        <ele>57.52</ele>
      </trkpt>
      <trkpt lat="-44.72504" lon="167.83851">
        <ele>57.36</ele>
      </trkpt>
      <trkpt lat="-44.72499" lon="167.83856">
        <ele>57.48</ele>
      </trkpt>
      <trkpt lat="-44.72495" lon="167.83861">
        <ele>56.93</ele>
      </trkpt>
      <trkpt lat="-44.7249" lon="167.83866">
        <ele>57.1</ele>
      </trkpt>
      <trkpt lat="-44.72485" lon="167.8387">
        <ele>57.42</ele>
      </trkpt>
      <trkpt lat="-44.7248" lon="167.83874">
        <ele>57.74</ele>
      </trkpt>
      <trkpt lat="-44.72475" lon="167.83879">
        <ele>57.92</ele>
      </trkpt>
      <trkpt lat="-44.7247" lon="167.83883">
        <ele>58.52</ele>
      </trkpt>
      <trkpt lat="-44.72465" lon="167.83887">
        <ele>59.39</ele>
      </trkpt>
      <trkpt lat="-44.72462" lon="167.8389">
        <ele>59.68</ele>
      </trkpt>
      <trkpt lat="-44.7246" lon="167.83892">
        <ele>59.79</ele>
      </trkpt>
      <trkpt lat="-44.72455" lon="167.83896">
        <ele>60.33</ele>
      </trkpt>
      <trkpt lat="-44.7245" lon="167.83902">
        <ele>60.47</ele>
      </trkpt>
      <trkpt lat="-44.72445" lon="167.83906">
        <ele>61.13</ele>
      </trkpt>
      <trkpt lat="-44.72441" lon="167.83912">
        <ele>61.37</ele>
      </trkpt>
      <trkpt lat="-44.72437" lon="167.83918">
        <ele>61.34</ele>
      </trkpt>
      <trkpt lat="-44.72432" lon="167.83923">
        <ele>61.88</ele>
      </trkpt>
      <trkpt lat="-44.72428" lon="167.83929">
        <ele>61.81</ele>
      </trkpt>
      <trkpt lat="-44.72425" lon="167.83936">
        <ele>61.13</ele>
      </trkpt>
      <trkpt lat="-44.7242" lon="167.83942">
        <ele>61.42</ele>
      </trkpt>
      <trkpt lat="-44.72416" lon="167.83948">
        <ele>61.46</ele>
      </trkpt>
      <trkpt lat="-44.72413" lon="167.83955">
        <ele>61.27</ele>
      </trkpt>
      <trkpt lat="-44.72409" lon="167.83963">
        <ele>61.28</ele>
      </trkpt>
      <trkpt lat="-44.72405" lon="167.83968">
        <ele>62.01</ele>
      </trkpt>
      <trkpt lat="-44.72401" lon="167.83976">
        <ele>62.1</ele>
      </trkpt>
      <trkpt lat="-44.72398" lon="167.83983">
        <ele>62.21</ele>
      </trkpt>
      <trkpt lat="-44.72394" lon="167.83989">
        <ele>63.18</ele>
      </trkpt>
      <trkpt lat="-44.72389" lon="167.83994">
        <ele>65.02</ele>
      </trkpt>
      <trkpt lat="-44.72386" lon="167.84002">
        <ele>64.97</ele>
      </trkpt>
      <trkpt lat="-44.72382" lon="167.84007">
        <ele>65.38</ele>
      </trkpt>
      <trkpt lat="-44.7238" lon="167.8401">
        <ele>65.36</ele>
      </trkpt>
      <trkpt lat="-44.72377" lon="167.84013">
        <ele>65.93</ele>
      </trkpt>
      <trkpt lat="-44.72373" lon="167.84019">
        <ele>65.81</ele>
      </trkpt>
      <trkpt lat="-44.72369" lon="167.84025">
        <ele>65.63</ele>
      </trkpt>
      <trkpt lat="-44.72364" lon="167.84029">
        <ele>66.77</ele>
      </trkpt>
      <trkpt lat="-44.72361" lon="167.84038">
        <ele>63.91</ele>
      </trkpt>
      <trkpt lat="-44.72358" lon="167.84045">
        <ele>61.93</ele>
      </trkpt>
      <trkpt lat="-44.72355" lon="167.84054">
        <ele>58.88</ele>
      </trkpt>
      <trkpt lat="-44.72352" lon="167.84063">
        <ele>58.61</ele>
      </trkpt>
      <trkpt lat="-44.7235" lon="167.84071">
        <ele>58.49</ele>
      </trkpt>
      <trkpt lat="-44.72347" lon="167.8408">
        <ele>58.58</ele>
      </trkpt>
      <trkpt lat="-44.72344" lon="167.84089">
        <ele>59.14</ele>
      </trkpt>
      <trkpt lat="-44.72341" lon="167.84096">
        <ele>60.03</ele>
      </trkpt>
      <trkpt lat="-44.72337" lon="167.84103">
        <ele>61.19</ele>
      </trkpt>
      <trkpt lat="-44.72334" lon="167.84111">
        <ele>61.77</ele>
      </trkpt>
      <trkpt lat="-44.7233" lon="167.84118">
        <ele>62.79</ele>
      </trkpt>
      <trkpt lat="-44.72327" lon="167.84125">
        <ele>63.39</ele>
      </trkpt>
      <trkpt lat="-44.72324" lon="167.84134">
        <ele>63.77</ele>
      </trkpt>
      <trkpt lat="-44.72322" lon="167.84142">
        <ele>63.63</ele>
      </trkpt>
      <trkpt lat="-44.72319" lon="167.84151">
        <ele>63.42</ele>
      </trkpt>
      <trkpt lat="-44.72316" lon="167.8416">
        <ele>63.2</ele>
      </trkpt>
      <trkpt lat="-44.72315" lon="167.84168">
        <ele>62.28</ele>
      </trkpt>
      <trkpt lat="-44.72314" lon="167.84177">
        <ele>60.44</ele>
      </trkpt>
      <trkpt lat="-44.72312" lon="167.84185">
        <ele>59.01</ele>
      </trkpt>
      <trkpt lat="-44.72312" lon="167.84193">
        <ele>56.98</ele>
      </trkpt>
      <trkpt lat="-44.7231" lon="167.84202">
        <ele>55.04</ele>
      </trkpt>
      <trkpt lat="-44.72306" lon="167.84209">
        <ele>53.75</ele>
      </trkpt>
      <trkpt lat="-44.72301" lon="167.84214">
        <ele>54.62</ele>
      </trkpt>
      <trkpt lat="-44.72297" lon="167.8422">
        <ele>54.93</ele>
      </trkpt>
      <trkpt lat="-44.72293" lon="167.84225">
        <ele>55.77</ele>
      </trkpt>
      <trkpt lat="-44.72293" lon="167.84225">
        <ele>55.77</ele>
      </trkpt>
      <trkpt lat="-44.72288" lon="167.84231">
        <ele>56.62</ele>
      </trkpt>
      <trkpt lat="-44.72284" lon="167.84237">
        <ele>56.5</ele>
      </trkpt>
      <trkpt lat="-44.7228" lon="167.84243">
        <ele>55.88</ele>
      </trkpt>
      <trkpt lat="-44.72275" lon="167.84248">
        <ele>55.74</ele>
      </trkpt>
      <trkpt lat="-44.72269" lon="167.8425">
        <ele>57.16</ele>
      </trkpt>
      <trkpt lat="-44.72263" lon="167.84253">
        <ele>58.66</ele>
      </trkpt>
      <trkpt lat="-44.72256" lon="167.84254">
        <ele>60.81</ele>
      </trkpt>
      <trkpt lat="-44.7225" lon="167.84257">
        <ele>61.98</ele>
      </trkpt>
      <trkpt lat="-44.72245" lon="167.8426">
        <ele>61.6</ele>
      </trkpt>
      <trkpt lat="-44.72239" lon="167.84263">
        <ele>61.26</ele>
      </trkpt>
      <trkpt lat="-44.72234" lon="167.84267">
        <ele>60.48</ele>
      </trkpt>
      <trkpt lat="-44.72229" lon="167.84271">
        <ele>59.65</ele>
      </trkpt>
      <trkpt lat="-44.72223" lon="167.84276">
        <ele>58.52</ele>
      </trkpt>
      <trkpt lat="-44.72218" lon="167.8428">
        <ele>58.92</ele>
      </trkpt>
      <trkpt lat="-44.72214" lon="167.84285">
        <ele>59.43</ele>
      </trkpt>
      <trkpt lat="-44.72207" lon="167.84287">
        <ele>60.59</ele>
      </trkpt>
      <trkpt lat="-44.72202" lon="167.8429">
        <ele>61.05</ele>
      </trkpt>
      <trkpt lat="-44.72195" lon="167.84291">
        <ele>62.05</ele>
      </trkpt>
      <trkpt lat="-44.72188" lon="167.84293">
        <ele>62.39</ele>
      </trkpt>
      <trkpt lat="-44.72182" lon="167.84294">
        <ele>62.76</ele>
      </trkpt>
      <trkpt lat="-44.72175" lon="167.84295">
        <ele>63.21</ele>
      </trkpt>
      <trkpt lat="-44.72169" lon="167.84295">
        <ele>63.81</ele>
      </trkpt>
      <trkpt lat="-44.72164" lon="167.84289">
        <ele>65.94</ele>
      </trkpt>
      <trkpt lat="-44.72159" lon="167.84286">
        <ele>67.21</ele>
      </trkpt>
      <trkpt lat="-44.72155" lon="167.8428">
        <ele>69.52</ele>
      </trkpt>
      <trkpt lat="-44.7215" lon="167.84276">
        <ele>71.68</ele>
      </trkpt>
      <trkpt lat="-44.72145" lon="167.84272">
        <ele>74.14</ele>
      </trkpt>
      <trkpt lat="-44.72139" lon="167.84268">
        <ele>76.57</ele>
      </trkpt>
      <trkpt lat="-44.72138" lon="167.84267">
        <ele>77.08</ele>
      </trkpt>
      <trkpt lat="-44.72134" lon="167.84265">
        <ele>78.1</ele>
      </trkpt>
      <trkpt lat="-44.72128" lon="167.84266">
        <ele>77.86</ele>
      </trkpt>
      <trkpt lat="-44.72122" lon="167.84265">
        <ele>78.41</ele>
      </trkpt>
      <trkpt lat="-44.72115" lon="167.84267">
        <ele>77.96</ele>
      </trkpt>
      <trkpt lat="-44.72108" lon="167.84268">
        <ele>78.32</ele>
      </trkpt>
      <trkpt lat="-44.72102" lon="167.8427">
        <ele>78.54</ele>
      </trkpt>
      <trkpt lat="-44.72096" lon="167.84272">
        <ele>78.54</ele>
      </trkpt>
      <trkpt lat="-44.72089" lon="167.84274">
        <ele>78.44</ele>
      </trkpt>
      <trkpt lat="-44.72085" lon="167.8428">
        <ele>76.07</ele>
      </trkpt>
      <trkpt lat="-44.72081" lon="167.84285">
        <ele>75.7</ele>
      </trkpt>
      <trkpt lat="-44.72076" lon="167.84291">
        <ele>76.21</ele>
      </trkpt>
      <trkpt lat="-44.72071" lon="167.84296">
        <ele>76.96</ele>
      </trkpt>
      <trkpt lat="-44.72067" lon="167.84301">
        <ele>77.06</ele>
      </trkpt>
      <trkpt lat="-44.72062" lon="167.84306">
        <ele>77.58</ele>
      </trkpt>
      <trkpt lat="-44.72056" lon="167.84308">
        <ele>79.81</ele>
      </trkpt>
      <trkpt lat="-44.72051" lon="167.84313">
        <ele>79.77</ele>
      </trkpt>
      <trkpt lat="-44.72046" lon="167.84317">
        <ele>79.97</ele>
      </trkpt>
      <trkpt lat="-44.7204" lon="167.8432">
        <ele>80.86</ele>
      </trkpt>
      <trkpt lat="-44.72034" lon="167.84323">
        <ele>81.65</ele>
      </trkpt>
      <trkpt lat="-44.72028" lon="167.84326">
        <ele>82.36</ele>
      </trkpt>
      <trkpt lat="-44.72022" lon="167.84327">
        <ele>81.34</ele>
      </trkpt>
      <trkpt lat="-44.72015" lon="167.84328">
        <ele>80.12</ele>
      </trkpt>
      <trkpt lat="-44.72008" lon="167.8433">
        <ele>78.42</ele>
      </trkpt>
      <trkpt lat="-44.72002" lon="167.84331">
        <ele>77.31</ele>
      </trkpt>
      <trkpt lat="-44.71995" lon="167.84332">
        <ele>76.31</ele>
      </trkpt>
      <trkpt lat="-44.71989" lon="167.84332">
        <ele>75.93</ele>
      </trkpt>
      <trkpt lat="-44.71983" lon="167.84332">
        <ele>75.55</ele>
      </trkpt>
      <trkpt lat="-44.71977" lon="167.8433">
        <ele>76.4</ele>
      </trkpt>
      <trkpt lat="-44.71972" lon="167.84331">
        <ele>75.51</ele>
      </trkpt>
      <trkpt lat="-44.71967" lon="167.84335">
        <ele>73.25</ele>
      </trkpt>
      <trkpt lat="-44.71961" lon="167.84338">
        <ele>71.44</ele>
      </trkpt>
      <trkpt lat="-44.71955" lon="167.84341">
        <ele>69.02</ele>
      </trkpt>
      <trkpt lat="-44.71948" lon="167.84342">
        <ele>67.34</ele>
      </trkpt>
      <trkpt lat="-44.71942" lon="167.84343">
        <ele>65.7</ele>
      </trkpt>
      <trkpt lat="-44.71935" lon="167.84345">
        <ele>63.18</ele>
      </trkpt>
      <trkpt lat="-44.71929" lon="167.84344">
        <ele>63.29</ele>
      </trkpt>
      <trkpt lat="-44.71923" lon="167.84344">
        <ele>62.56</ele>
      </trkpt>
      <trkpt lat="-44.71921" lon="167.84344">
        <ele>62.31</ele>
      </trkpt>
      <trkpt lat="-44.71917" lon="167.84344">
        <ele>61.82</ele>
      </trkpt>
      <trkpt lat="-44.7191" lon="167.84343">
        <ele>62.65</ele>
      </trkpt>
      <trkpt lat="-44.71904" lon="167.84343">
        <ele>62.65</ele>
      </trkpt>
      <trkpt lat="-44.71898" lon="167.84344">
        <ele>61.78</ele>
      </trkpt>
      <trkpt lat="-44.71891" lon="167.84346">
        <ele>60.06</ele>
      </trkpt>
      <trkpt lat="-44.71884" lon="167.84347">
        <ele>60.5</ele>
      </trkpt>
      <trkpt lat="-44.71878" lon="167.84348">
        <ele>61.34</ele>
      </trkpt>
      <trkpt lat="-44.71872" lon="167.84351">
        <ele>60.87</ele>
      </trkpt>
      <trkpt lat="-44.71866" lon="167.84354">
        <ele>60.73</ele>
      </trkpt>
      <trkpt lat="-44.7186" lon="167.84357">
        <ele>60.69</ele>
      </trkpt>
      <trkpt lat="-44.71855" lon="167.84361">
        <ele>59.38</ele>
      </trkpt>
      <trkpt lat="-44.71849" lon="167.84365">
        <ele>59.94</ele>
      </trkpt>
      <trkpt lat="-44.71846" lon="167.84371">
        <ele>59.74</ele>
      </trkpt>
      <trkpt lat="-44.71843" lon="167.8438">
        <ele>59.37</ele>
      </trkpt>
      <trkpt lat="-44.7184" lon="167.84389">
        <ele>59.35</ele>
      </trkpt>
      <trkpt lat="-44.71838" lon="167.84398">
        <ele>59.23</ele>
      </trkpt>
      <trkpt lat="-44.71835" lon="167.84406">
        <ele>59.13</ele>
      </trkpt>
      <trkpt lat="-44.71831" lon="167.84413">
        <ele>58.96</ele>
      </trkpt>
      <trkpt lat="-44.71826" lon="167.84416">
        <ele>59.42</ele>
      </trkpt>
      <trkpt lat="-44.7182" lon="167.84421">
        <ele>60.71</ele>
      </trkpt>
      <trkpt lat="-44.71815" lon="167.84425">
        <ele>61.9</ele>
      </trkpt>
      <trkpt lat="-44.7181" lon="167.84429">
        <ele>63.09</ele>
      </trkpt>
      <trkpt lat="-44.71806" lon="167.84435">
        <ele>64.24</ele>
      </trkpt>
      <trkpt lat="-44.71803" lon="167.84438">
        <ele>65.06</ele>
      </trkpt>
      <trkpt lat="-44.71801" lon="167.84439">
        <ele>65.52</ele>
      </trkpt>
      <trkpt lat="-44.71796" lon="167.84444">
        <ele>66.7</ele>
      </trkpt>
      <trkpt lat="-44.71791" lon="167.84448">
        <ele>67.55</ele>
      </trkpt>
      <trkpt lat="-44.71787" lon="167.84451">
        <ele>68.1</ele>
      </trkpt>
      <trkpt lat="-44.71786" lon="167.84451">
        <ele>68.26</ele>
      </trkpt>
      <trkpt lat="-44.71781" lon="167.84457">
        <ele>68.67</ele>
      </trkpt>
      <trkpt lat="-44.71778" lon="167.84462">
        <ele>68.71</ele>
      </trkpt>
      <trkpt lat="-44.71778" lon="167.84469">
        <ele>68.21</ele>
      </trkpt>
      <trkpt lat="-44.71778" lon="167.84476">
        <ele>68.12</ele>
      </trkpt>
      <trkpt lat="-44.71779" lon="167.84482">
        <ele>68.26</ele>
      </trkpt>
      <trkpt lat="-44.71777" lon="167.84488">
        <ele>68.52</ele>
      </trkpt>
      <trkpt lat="-44.71774" lon="167.84495">
        <ele>68.49</ele>
      </trkpt>
      <trkpt lat="-44.71771" lon="167.845">
        <ele>68.27</ele>
      </trkpt>
      <trkpt lat="-44.71767" lon="167.84502">
        <ele>67.58</ele>
      </trkpt>
      <trkpt lat="-44.71765" lon="167.84503">
        <ele>67.24</ele>
      </trkpt>
      <trkpt lat="-44.71765" lon="167.84502">
        <ele>67.37</ele>
      </trkpt>
      <trkpt lat="-44.7176" lon="167.84503">
        <ele>66.72</ele>
      </trkpt>
      <trkpt lat="-44.71759" lon="167.84503">
        <ele>66.61</ele>
      </trkpt>
      <trkpt lat="-44.71746" lon="167.84506">
        <ele>65.56</ele>
      </trkpt>
      <trkpt lat="-44.71742" lon="167.84507">
        <ele>65.68</ele>
      </trkpt>
      <trkpt lat="-44.71735" lon="167.84509">
        <ele>65.92</ele>
      </trkpt>
      <trkpt lat="-44.71729" lon="167.84512">
        <ele>66.11</ele>
      </trkpt>
      <trkpt lat="-44.71727" lon="167.84518">
        <ele>65.96</ele>
      </trkpt>
      <trkpt lat="-44.71727" lon="167.84527">
        <ele>65.52</ele>
      </trkpt>
      <trkpt lat="-44.71726" lon="167.84535">
        <ele>64.73</ele>
      </trkpt>
      <trkpt lat="-44.71724" lon="167.84544">
        <ele>63.66</ele>
      </trkpt>
      <trkpt lat="-44.71722" lon="167.84552">
        <ele>62.54</ele>
      </trkpt>
      <trkpt lat="-44.71719" lon="167.84561">
        <ele>61.96</ele>
      </trkpt>
      <trkpt lat="-44.71716" lon="167.8457">
        <ele>61.63</ele>
      </trkpt>
      <trkpt lat="-44.71713" lon="167.84579">
        <ele>61.31</ele>
      </trkpt>
      <trkpt lat="-44.71711" lon="167.84587">
        <ele>60.63</ele>
      </trkpt>
      <trkpt lat="-44.71707" lon="167.84595">
        <ele>60.04</ele>
      </trkpt>
      <trkpt lat="-44.71704" lon="167.84602">
        <ele>59.7</ele>
      </trkpt>
      <trkpt lat="-44.717" lon="167.84609">
        <ele>59.81</ele>
      </trkpt>
      <trkpt lat="-44.71696" lon="167.84615">
        <ele>60.32</ele>
      </trkpt>
      <trkpt lat="-44.71692" lon="167.84621">
        <ele>61.0</ele>
      </trkpt>
      <trkpt lat="-44.71688" lon="167.84626">
        <ele>61.93</ele>
      </trkpt>
      <trkpt lat="-44.71683" lon="167.84632">
        <ele>63.31</ele>
      </trkpt>
      <trkpt lat="-44.71677" lon="167.84634">
        <ele>65.3</ele>
      </trkpt>
      <trkpt lat="-44.71671" lon="167.84636">
        <ele>67.38</ele>
      </trkpt>
      <trkpt lat="-44.71665" lon="167.84639">
        <ele>69.04</ele>
      </trkpt>
      <trkpt lat="-44.71659" lon="167.84642">
        <ele>68.69</ele>
      </trkpt>
      <trkpt lat="-44.71654" lon="167.84646">
        <ele>68.06</ele>
      </trkpt>
      <trkpt lat="-44.71649" lon="167.84647">
        <ele>67.99</ele>
      </trkpt>
      <trkpt lat="-44.71643" lon="167.84645">
        <ele>68.56</ele>
      </trkpt>
      <trkpt lat="-44.71637" lon="167.84645">
        <ele>68.61</ele>
      </trkpt>
      <trkpt lat="-44.71631" lon="167.84645">
        <ele>68.37</ele>
      </trkpt>
      <trkpt lat="-44.71627" lon="167.84644">
        <ele>68.5</ele>
      </trkpt>
      <trkpt lat="-44.71625" lon="167.84644">
        <ele>68.44</ele>
      </trkpt>
      <trkpt lat="-44.71619" lon="167.84644">
        <ele>68.24</ele>
      </trkpt>
      <trkpt lat="-44.71612" lon="167.84644">
        <ele>68.01</ele>
      </trkpt>
      <trkpt lat="-44.71606" lon="167.84643">
        <ele>68.82</ele>
      </trkpt>
      <trkpt lat="-44.716" lon="167.84643">
        <ele>69.34</ele>
      </trkpt>
      <trkpt lat="-44.71594" lon="167.84646">
        <ele>68.4</ele>
      </trkpt>
      <trkpt lat="-44.71588" lon="167.84647">
        <ele>68.31</ele>
      </trkpt>
      <trkpt lat="-44.71583" lon="167.84653">
        <ele>65.43</ele>
      </trkpt>
      <trkpt lat="-44.71578" lon="167.84657">
        <ele>64.11</ele>
      </trkpt>
      <trkpt lat="-44.71574" lon="167.84663">
        <ele>61.62</ele>
      </trkpt>
      <trkpt lat="-44.71569" lon="167.84667">
        <ele>60.42</ele>
      </trkpt>
      <trkpt lat="-44.71565" lon="167.84673">
        <ele>57.75</ele>
      </trkpt>
      <trkpt lat="-44.7156" lon="167.84678">
        <ele>54.89</ele>
      </trkpt>
      <trkpt lat="-44.71557" lon="167.84686">
        <ele>49.29</ele>
      </trkpt>
      <trkpt lat="-44.71553" lon="167.84693">
        <ele>45.27</ele>
      </trkpt>
      <trkpt lat="-44.71551" lon="167.84702">
        <ele>44.67</ele>
      </trkpt>
      <trkpt lat="-44.71548" lon="167.84711">
        <ele>44.54</ele>
      </trkpt>
      <trkpt lat="-44.71545" lon="167.84719">
        <ele>43.62</ele>
      </trkpt>
      <trkpt lat="-44.71543" lon="167.84728">
        <ele>43.0</ele>
      </trkpt>
      <trkpt lat="-44.7154" lon="167.84737">
        <ele>43.0</ele>
      </trkpt>
      <trkpt lat="-44.71537" lon="167.84746">
        <ele>43.0</ele>
      </trkpt>
      <trkpt lat="-44.71535" lon="167.8475">
        <ele>43.0</ele>
      </trkpt>
      <trkpt lat="-44.71534" lon="167.84753">
        <ele>43.0</ele>
      </trkpt>
      <trkpt lat="-44.71528" lon="167.84756">
        <ele>43.0</ele>
      </trkpt>
      <trkpt lat="-44.71522" lon="167.84755">
        <ele>44.36</ele>
      </trkpt>
      <trkpt lat="-44.71517" lon="167.84752">
        <ele>45.88</ele>
      </trkpt>
      <trkpt lat="-44.71511" lon="167.84749">
        <ele>47.66</ele>
      </trkpt>
      <trkpt lat="-44.71506" lon="167.84746">
        <ele>48.37</ele>
      </trkpt>
      <trkpt lat="-44.71501" lon="167.84743">
        <ele>48.77</ele>
      </trkpt>
      <trkpt lat="-44.71496" lon="167.8474">
        <ele>47.38</ele>
      </trkpt>
      <trkpt lat="-44.7149" lon="167.84737">
        <ele>45.72</ele>
      </trkpt>
      <trkpt lat="-44.71485" lon="167.84734">
        <ele>44.56</ele>
      </trkpt>
      <trkpt lat="-44.71478" lon="167.84735">
        <ele>43.77</ele>
      </trkpt>
      <trkpt lat="-44.71473" lon="167.84733">
        <ele>43.09</ele>
      </trkpt>
      <trkpt lat="-44.71467" lon="167.84732">
        <ele>45.76</ele>
      </trkpt>
      <trkpt lat="-44.7146" lon="167.84732">
        <ele>49.45</ele>
      </trkpt>
      <trkpt lat="-44.71455" lon="167.8473">
        <ele>52.9</ele>
      </trkpt>
      <trkpt lat="-44.71448" lon="167.84731">
        <ele>56.35</ele>
      </trkpt>
      <trkpt lat="-44.71443" lon="167.84736">
        <ele>55.23</ele>
      </trkpt>
      <trkpt lat="-44.71437" lon="167.84738">
        <ele>54.69</ele>
      </trkpt>
      <trkpt lat="-44.71431" lon="167.84741">
        <ele>53.8</ele>
      </trkpt>
      <trkpt lat="-44.71425" lon="167.84744">
        <ele>53.18</ele>
      </trkpt>
      <trkpt lat="-44.71419" lon="167.84746">
        <ele>53.3</ele>
      </trkpt>
      <trkpt lat="-44.71412" lon="167.84747">
        <ele>51.93</ele>
      </trkpt>
      <trkpt lat="-44.71406" lon="167.84747">
        <ele>50.17</ele>
      </trkpt>
      <trkpt lat="-44.71399" lon="167.84748">
        <ele>47.51</ele>
      </trkpt>
      <trkpt lat="-44.71394" lon="167.84744">
        <ele>48.66</ele>
      </trkpt>
      <trkpt lat="-44.71389" lon="167.8474">
        <ele>50.22</ele>
      </trkpt>
      <trkpt lat="-44.71384" lon="167.84736">
        <ele>52.55</ele>
      </trkpt>
      <trkpt lat="-44.71379" lon="167.84731">
        <ele>55.22</ele>
      </trkpt>
      <trkpt lat="-44.71373" lon="167.8473">
        <ele>54.93</ele>
      </trkpt>
      <trkpt lat="-44.71367" lon="167.84732">
        <ele>52.9</ele>
      </trkpt>
      <trkpt lat="-44.7136" lon="167.84733">
        <ele>51.47</ele>
      </trkpt>
      <trkpt lat="-44.71354" lon="167.84733">
        <ele>50.94</ele>
      </trkpt>
      <trkpt lat="-44.71348" lon="167.84732">
        <ele>50.85</ele>
      </trkpt>
      <trkpt lat="-44.71342" lon="167.84732">
        <ele>50.29</ele>
      </trkpt>
      <trkpt lat="-44.71336" lon="167.8473">
        <ele>50.48</ele>
      </trkpt>
      <trkpt lat="-44.71331" lon="167.84728">
        <ele>50.85</ele>
      </trkpt>
      <trkpt lat="-44.71325" lon="167.84726">
        <ele>51.38</ele>
      </trkpt>
      <trkpt lat="-44.71319" lon="167.84723">
        <ele>52.22</ele>
      </trkpt>
      <trkpt lat="-44.71315" lon="167.84716">
        <ele>55.7</ele>
      </trkpt>
      <trkpt lat="-44.71311" lon="167.84711">
        <ele>58.26</ele>
      </trkpt>
      <trkpt lat="-44.71308" lon="167.84705">
        <ele>61.39</ele>
      </trkpt>
      <trkpt lat="-44.71307" lon="167.84703">
        <ele>62.43</ele>
      </trkpt>
      <trkpt lat="-44.71302" lon="167.84698">
        <ele>64.67</ele>
      </trkpt>
      <trkpt lat="-44.71296" lon="167.84697">
        <ele>64.43</ele>
      </trkpt>
      <trkpt lat="-44.71291" lon="167.847">
        <ele>62.53</ele>
      </trkpt>
      <trkpt lat="-44.71286" lon="167.84706">
        <ele>59.7</ele>
      </trkpt>
      <trkpt lat="-44.71281" lon="167.8471">
        <ele>58.03</ele>
      </trkpt>
      <trkpt lat="-44.71276" lon="167.84716">
        <ele>55.91</ele>
      </trkpt>
      <trkpt lat="-44.71271" lon="167.84719">
        <ele>54.72</ele>
      </trkpt>
      <trkpt lat="-44.71264" lon="167.8472">
        <ele>54.1</ele>
      </trkpt>
      <trkpt lat="-44.71259" lon="167.84718">
        <ele>54.38</ele>
      </trkpt>
      <trkpt lat="-44.71253" lon="167.84718">
        <ele>54.07</ele>
      </trkpt>
      <trkpt lat="-44.71252" lon="167.84718">
        <ele>54.02</ele>
      </trkpt>
      <trkpt lat="-44.71246" lon="167.84717">
        <ele>54.31</ele>
      </trkpt>
      <trkpt lat="-44.71241" lon="167.84715">
        <ele>54.87</ele>
      </trkpt>
      <trkpt lat="-44.71234" lon="167.84716">
        <ele>54.98</ele>
      </trkpt>
      <trkpt lat="-44.7123" lon="167.84711">
        <ele>55.7</ele>
      </trkpt>
      <trkpt lat="-44.71224" lon="167.84707">
        <ele>56.11</ele>
      </trkpt>
      <trkpt lat="-44.71219" lon="167.84703">
        <ele>56.54</ele>
      </trkpt>
      <trkpt lat="-44.71214" lon="167.84701">
        <ele>56.89</ele>
      </trkpt>
      <trkpt lat="-44.71208" lon="167.84699">
        <ele>57.27</ele>
      </trkpt>
      <trkpt lat="-44.71203" lon="167.84697">
        <ele>57.57</ele>
      </trkpt>
      <trkpt lat="-44.71196" lon="167.84696">
        <ele>57.88</ele>
      </trkpt>
      <trkpt lat="-44.71191" lon="167.84694">
        <ele>57.67</ele>
      </trkpt>
      <trkpt lat="-44.71186" lon="167.84691">
        <ele>57.42</ele>
      </trkpt>
      <trkpt lat="-44.7118" lon="167.84688">
        <ele>57.02</ele>
      </trkpt>
      <trkpt lat="-44.71176" lon="167.84683">
        <ele>56.97</ele>
      </trkpt>
      <trkpt lat="-44.71169" lon="167.84684">
        <ele>56.04</ele>
      </trkpt>
      <trkpt lat="-44.71163" lon="167.84682">
        <ele>55.76</ele>
      </trkpt>
      <trkpt lat="-44.71157" lon="167.84682">
        <ele>55.55</ele>
      </trkpt>
      <trkpt lat="-44.71151" lon="167.84681">
        <ele>55.4</ele>
      </trkpt>
      <trkpt lat="-44.71145" lon="167.84681">
        <ele>55.19</ele>
      </trkpt>
      <trkpt lat="-44.71139" lon="167.84679">
        <ele>55.12</ele>
      </trkpt>
      <trkpt lat="-44.71133" lon="167.8468">
        <ele>55.15</ele>
      </trkpt>
      <trkpt lat="-44.71128" lon="167.84675">
        <ele>55.67</ele>
      </trkpt>
      <trkpt lat="-44.71124" lon="167.84667">
        <ele>56.51</ele>
      </trkpt>
      <trkpt lat="-44.7112" lon="167.8466">
        <ele>58.04</ele>
      </trkpt>
      <trkpt lat="-44.71116" lon="167.84655">
        <ele>59.27</ele>
      </trkpt>
      <trkpt lat="-44.7111" lon="167.84654">
        <ele>59.63</ele>
      </trkpt>
      <trkpt lat="-44.71104" lon="167.84657">
        <ele>58.33</ele>
      </trkpt>
      <trkpt lat="-44.71099" lon="167.84661">
        <ele>56.75</ele>
      </trkpt>
      <trkpt lat="-44.71093" lon="167.84664">
        <ele>55.16</ele>
      </trkpt>
      <trkpt lat="-44.71089" lon="167.84666">
        <ele>54.02</ele>
      </trkpt>
      <trkpt lat="-44.71087" lon="167.84667">
        <ele>53.48</ele>
      </trkpt>
      <trkpt lat="-44.7108" lon="167.84668">
        <ele>53.04</ele>
      </trkpt>
      <trkpt lat="-44.71074" lon="167.84669">
        <ele>53.31</ele>
      </trkpt>
      <trkpt lat="-44.71067" lon="167.84671">
        <ele>53.46</ele>
      </trkpt>
      <trkpt lat="-44.7106" lon="167.84672">
        <ele>53.75</ele>
      </trkpt>
      <trkpt lat="-44.71054" lon="167.84672">
        <ele>54.12</ele>
      </trkpt>
      <trkpt lat="-44.71048" lon="167.84673">
        <ele>54.22</ele>
      </trkpt>
      <trkpt lat="-44.71042" lon="167.84669">
        <ele>55.43</ele>
      </trkpt>
      <trkpt lat="-44.71037" lon="167.84667">
        <ele>56.25</ele>
      </trkpt>
      <trkpt lat="-44.71032" lon="167.84664">
        <ele>57.26</ele>
      </trkpt>
      <trkpt lat="-44.71026" lon="167.84663">
        <ele>58.55</ele>
      </trkpt>
      <trkpt lat="-44.71019" lon="167.84664">
        <ele>61.34</ele>
      </trkpt>
      <trkpt lat="-44.71013" lon="167.84668">
        <ele>62.85</ele>
      </trkpt>
      <trkpt lat="-44.71009" lon="167.84673">
        <ele>62.36</ele>
      </trkpt>
      <trkpt lat="-44.71004" lon="167.84678">
        <ele>61.91</ele>
      </trkpt>
      <trkpt lat="-44.71001" lon="167.84686">
        <ele>58.97</ele>
      </trkpt>
      <trkpt lat="-44.70997" lon="167.84692">
        <ele>58.17</ele>
      </trkpt>
      <trkpt lat="-44.70994" lon="167.847">
        <ele>58.0</ele>
      </trkpt>
      <trkpt lat="-44.70989" lon="167.84705">
        <ele>59.95</ele>
      </trkpt>
      <trkpt lat="-44.70985" lon="167.84711">
        <ele>60.62</ele>
      </trkpt>
      <trkpt lat="-44.7098" lon="167.84715">
        <ele>61.99</ele>
      </trkpt>
      <trkpt lat="-44.70975" lon="167.84719">
        <ele>62.99</ele>
      </trkpt>
      <trkpt lat="-44.7097" lon="167.84724">
        <ele>63.22</ele>
      </trkpt>
      <trkpt lat="-44.70965" lon="167.84728">
        <ele>63.67</ele>
      </trkpt>
      <trkpt lat="-44.70959" lon="167.84731">
        <ele>65.09</ele>
      </trkpt>
      <trkpt lat="-44.70954" lon="167.84735">
        <ele>65.44</ele>
      </trkpt>
      <trkpt lat="-44.70949" lon="167.84739">
        <ele>65.74</ele>
      </trkpt>
      <trkpt lat="-44.70946" lon="167.84741">
        <ele>66.11</ele>
      </trkpt>
      <trkpt lat="-44.70943" lon="167.84744">
        <ele>65.18</ele>
      </trkpt>
      <trkpt lat="-44.70939" lon="167.84749">
        <ele>62.34</ele>
      </trkpt>
      <trkpt lat="-44.70935" lon="167.84755">
        <ele>59.69</ele>
      </trkpt>
      <trkpt lat="-44.70931" lon="167.84761">
        <ele>57.7</ele>
      </trkpt>
      <trkpt lat="-44.70926" lon="167.84767">
        <ele>56.43</ele>
      </trkpt>
      <trkpt lat="-44.70922" lon="167.84772">
        <ele>55.86</ele>
      </trkpt>
      <trkpt lat="-44.70915" lon="167.84774">
        <ele>56.84</ele>
      </trkpt>
      <trkpt lat="-44.7091" lon="167.84778">
        <ele>56.68</ele>
      </trkpt>
      <trkpt lat="-44.70904" lon="167.84781">
        <ele>56.83</ele>
      </trkpt>
      <trkpt lat="-44.70899" lon="167.84784">
        <ele>56.99</ele>
      </trkpt>
      <trkpt lat="-44.70893" lon="167.84787">
        <ele>57.41</ele>
      </trkpt>
      <trkpt lat="-44.70887" lon="167.8479">
        <ele>57.92</ele>
      </trkpt>
      <trkpt lat="-44.7088" lon="167.84791">
        <ele>58.7</ele>
      </trkpt>
      <trkpt lat="-44.70874" lon="167.84792">
        <ele>59.33</ele>
      </trkpt>
      <trkpt lat="-44.70867" lon="167.84792">
        <ele>60.21</ele>
      </trkpt>
      <trkpt lat="-44.70861" lon="167.84792">
        <ele>60.95</ele>
      </trkpt>
      <trkpt lat="-44.70855" lon="167.84791">
        <ele>61.21</ele>
      </trkpt>
      <trkpt lat="-44.70849" lon="167.84791">
        <ele>61.32</ele>
      </trkpt>
      <trkpt lat="-44.70843" lon="167.84791">
        <ele>61.44</ele>
      </trkpt>
      <trkpt lat="-44.70836" lon="167.84792">
        <ele>61.39</ele>
      </trkpt>
      <trkpt lat="-44.7083" lon="167.84793">
        <ele>61.82</ele>
      </trkpt>
      <trkpt lat="-44.70823" lon="167.84795">
        <ele>62.71</ele>
      </trkpt>
      <trkpt lat="-44.70816" lon="167.84796">
        <ele>63.82</ele>
      </trkpt>
      <trkpt lat="-44.7081" lon="167.84797">
        <ele>64.8</ele>
      </trkpt>
      <trkpt lat="-44.70804" lon="167.84801">
        <ele>65.83</ele>
      </trkpt>
      <trkpt lat="-44.708" lon="167.84808">
        <ele>65.95</ele>
      </trkpt>
      <trkpt lat="-44.70798" lon="167.84816">
        <ele>64.34</ele>
      </trkpt>
      <trkpt lat="-44.70795" lon="167.84825">
        <ele>62.61</ele>
      </trkpt>
      <trkpt lat="-44.70791" lon="167.84832">
        <ele>61.53</ele>
      </trkpt>
      <trkpt lat="-44.70786" lon="167.84835">
        <ele>61.91</ele>
      </trkpt>
      <trkpt lat="-44.7078" lon="167.84839">
        <ele>62.48</ele>
      </trkpt>
      <trkpt lat="-44.70775" lon="167.84843">
        <ele>63.92</ele>
      </trkpt>
      <trkpt lat="-44.70771" lon="167.84848">
        <ele>65.24</ele>
      </trkpt>
      <trkpt lat="-44.70768" lon="167.84855">
        <ele>65.34</ele>
      </trkpt>
      <trkpt lat="-44.7077" lon="167.84863">
        <ele>62.72</ele>
      </trkpt>
      <trkpt lat="-44.7077" lon="167.84871">
        <ele>61.85</ele>
      </trkpt>
      <trkpt lat="-44.70771" lon="167.84879">
        <ele>60.48</ele>
      </trkpt>
      <trkpt lat="-44.70768" lon="167.84888">
        <ele>61.02</ele>
      </trkpt>
      <trkpt lat="-44.70767" lon="167.84896">
        <ele>60.37</ele>
      </trkpt>
      <trkpt lat="-44.70764" lon="167.84905">
        <ele>60.34</ele>
      </trkpt>
      <trkpt lat="-44.70761" lon="167.84912">
        <ele>60.45</ele>
      </trkpt>
      <trkpt lat="-44.70757" lon="167.84919">
        <ele>60.72</ele>
      </trkpt>
      <trkpt lat="-44.70754" lon="167.84927">
        <ele>60.03</ele>
      </trkpt>
      <trkpt lat="-44.7075" lon="167.84934">
        <ele>59.63</ele>
      </trkpt>
      <trkpt lat="-44.70746" lon="167.8494">
        <ele>58.94</ele>
      </trkpt>
      <trkpt lat="-44.70743" lon="167.84948">
        <ele>58.19</ele>
      </trkpt>
      <trkpt lat="-44.70738" lon="167.84953">
        <ele>58.71</ele>
      </trkpt>
      <trkpt lat="-44.70733" lon="167.84957">
        <ele>59.21</ele>
      </trkpt>
      <trkpt lat="-44.70728" lon="167.84961">
        <ele>59.62</ele>
      </trkpt>
      <trkpt lat="-44.70723" lon="167.84966">
        <ele>59.77</ele>
      </trkpt>
      <trkpt lat="-44.70717" lon="167.84968">
        <ele>60.85</ele>
      </trkpt>
      <trkpt lat="-44.70711" lon="167.84971">
        <ele>61.67</ele>
      </trkpt>
      <trkpt lat="-44.70705" lon="167.84974">
        <ele>62.51</ele>
      </trkpt>
      <trkpt lat="-44.70699" lon="167.84976">
        <ele>63.52</ele>
      </trkpt>
      <trkpt lat="-44.70693" lon="167.84978">
        <ele>64.87</ele>
      </trkpt>
      <trkpt lat="-44.70686" lon="167.8498">
        <ele>67.84</ele>
      </trkpt>
      <trkpt lat="-44.70682" lon="167.84986">
        <ele>68.18</ele>
      </trkpt>
      <trkpt lat="-44.70677" lon="167.8499">
        <ele>69.05</ele>
      </trkpt>
      <trkpt lat="-44.70674" lon="167.84999">
        <ele>67.22</ele>
      </trkpt>
      <trkpt lat="-44.7067" lon="167.85004">
        <ele>66.8</ele>
      </trkpt>
      <trkpt lat="-44.70667" lon="167.85012">
        <ele>65.03</ele>
      </trkpt>
      <trkpt lat="-44.70663" lon="167.85019">
        <ele>64.69</ele>
      </trkpt>
      <trkpt lat="-44.7066" lon="167.85026">
        <ele>63.94</ele>
      </trkpt>
      <trkpt lat="-44.70656" lon="167.85033">
        <ele>63.71</ele>
      </trkpt>
      <trkpt lat="-44.70653" lon="167.85042">
        <ele>61.81</ele>
      </trkpt>
      <trkpt lat="-44.70651" lon="167.85051">
        <ele>59.0</ele>
      </trkpt>
      <trkpt lat="-44.70648" lon="167.8506">
        <ele>57.31</ele>
      </trkpt>
      <trkpt lat="-44.70645" lon="167.85068">
        <ele>56.82</ele>
      </trkpt>
      <trkpt lat="-44.70643" lon="167.85077">
        <ele>55.89</ele>
      </trkpt>
      <trkpt lat="-44.7064" lon="167.85086">
        <ele>55.03</ele>
      </trkpt>
      <trkpt lat="-44.70637" lon="167.85094">
        <ele>56.19</ele>
      </trkpt>
      <trkpt lat="-44.70635" lon="167.85103">
        <ele>57.26</ele>
      </trkpt>
      <trkpt lat="-44.70634" lon="167.85105">
        <ele>57.79</ele>
      </trkpt>
      <trkpt lat="-44.70631" lon="167.8511">
        <ele>59.31</ele>
      </trkpt>
      <trkpt lat="-44.70628" lon="167.85118">
        <ele>61.33</ele>
      </trkpt>
      <trkpt lat="-44.70624" lon="167.85125">
        <ele>63.74</ele>
      </trkpt>
      <trkpt lat="-44.70621" lon="167.85132">
        <ele>65.46</ele>
      </trkpt>
      <trkpt lat="-44.70617" lon="167.85139">
        <ele>67.44</ele>
      </trkpt>
      <trkpt lat="-44.70615" lon="167.85148">
        <ele>67.19</ele>
      </trkpt>
      <trkpt lat="-44.70612" lon="167.85157">
        <ele>67.09</ele>
      </trkpt>
      <trkpt lat="-44.70609" lon="167.85166">
        <ele>67.02</ele>
      </trkpt>
      <trkpt lat="-44.70607" lon="167.85174">
        <ele>66.33</ele>
      </trkpt>
      <trkpt lat="-44.70605" lon="167.85183">
        <ele>64.99</ele>
      </trkpt>
      <trkpt lat="-44.70604" lon="167.85191">
        <ele>63.33</ele>
      </trkpt>
      <trkpt lat="-44.70603" lon="167.852">
        <ele>61.93</ele>
      </trkpt>
      <trkpt lat="-44.70603" lon="167.85208">
        <ele>60.98</ele>
      </trkpt>
      <trkpt lat="-44.70603" lon="167.85216">
        <ele>60.03</ele>
      </trkpt>
      <trkpt lat="-44.70601" lon="167.85225">
        <ele>59.12</ele>
      </trkpt>
      <trkpt lat="-44.70601" lon="167.85233">
        <ele>58.41</ele>
      </trkpt>
      <trkpt lat="-44.70601" lon="167.85241">
        <ele>57.71</ele>
      </trkpt>
      <trkpt lat="-44.70601" lon="167.85249">
        <ele>57.0</ele>
      </trkpt>
      <trkpt lat="-44.70601" lon="167.85257">
        <ele>57.16</ele>
      </trkpt>
      <trkpt lat="-44.70601" lon="167.85265">
        <ele>57.45</ele>
      </trkpt>
      <trkpt lat="-44.70601" lon="167.85274">
        <ele>57.78</ele>
      </trkpt>
      <trkpt lat="-44.706" lon="167.85282">
        <ele>58.56</ele>
      </trkpt>
      <trkpt lat="-44.70604" lon="167.85289">
        <ele>57.67</ele>
      </trkpt>
      <trkpt lat="-44.70605" lon="167.85297">
        <ele>57.67</ele>
      </trkpt>
      <trkpt lat="-44.70608" lon="167.85305">
        <ele>56.55</ele>
      </trkpt>
      <trkpt lat="-44.70611" lon="167.85313">
        <ele>56.4</ele>
      </trkpt>
      <trkpt lat="-44.70613" lon="167.8532">
        <ele>57.39</ele>
      </trkpt>
      <trkpt lat="-44.70616" lon="167.85328">
        <ele>58.08</ele>
      </trkpt>
      <trkpt lat="-44.7062" lon="167.85335">
        <ele>57.6</ele>
      </trkpt>
      <trkpt lat="-44.70622" lon="167.85338">
        <ele>56.79</ele>
      </trkpt>
      <trkpt lat="-44.70624" lon="167.85343">
        <ele>55.73</ele>
      </trkpt>
      <trkpt lat="-44.70627" lon="167.8535">
        <ele>54.11</ele>
      </trkpt>
      <trkpt lat="-44.70629" lon="167.85358">
        <ele>52.57</ele>
      </trkpt>
      <trkpt lat="-44.70632" lon="167.85365">
        <ele>51.09</ele>
      </trkpt>
      <trkpt lat="-44.70633" lon="167.85373">
        <ele>50.48</ele>
      </trkpt>
      <trkpt lat="-44.70635" lon="167.85381">
        <ele>49.54</ele>
      </trkpt>
      <trkpt lat="-44.70636" lon="167.85389">
        <ele>48.94</ele>
      </trkpt>
      <trkpt lat="-44.70637" lon="167.85397">
        <ele>48.9</ele>
      </trkpt>
      <trkpt lat="-44.70636" lon="167.85406">
        <ele>49.55</ele>
      </trkpt>
      <trkpt lat="-44.70632" lon="167.85412">
        <ele>51.06</ele>
      </trkpt>
      <trkpt lat="-44.70628" lon="167.85419">
        <ele>52.51</ele>
      </trkpt>
      <trkpt lat="-44.70624" lon="167.85424">
        <ele>53.84</ele>
      </trkpt>
      <trkpt lat="-44.7062" lon="167.8543">
        <ele>55.29</ele>
      </trkpt>
      <trkpt lat="-44.70615" lon="167.85436">
        <ele>57.24</ele>
      </trkpt>
      <trkpt lat="-44.70612" lon="167.85443">
        <ele>58.6</ele>
      </trkpt>
      <trkpt lat="-44.70611" lon="167.85452">
        <ele>59.34</ele>
      </trkpt>
      <trkpt lat="-44.70613" lon="167.85459">
        <ele>58.78</ele>
      </trkpt>
      <trkpt lat="-44.70614" lon="167.85467">
        <ele>58.67</ele>
      </trkpt>
      <trkpt lat="-44.70616" lon="167.85475">
        <ele>58.06</ele>
      </trkpt>
      <trkpt lat="-44.70617" lon="167.85483">
        <ele>57.67</ele>
      </trkpt>
      <trkpt lat="-44.70614" lon="167.85492">
        <ele>58.86</ele>
      </trkpt>
      <trkpt lat="-44.70614" lon="167.855">
        <ele>58.86</ele>
      </trkpt>
      <trkpt lat="-44.70613" lon="167.85508">
        <ele>59.5</ele>
      </trkpt>
      <trkpt lat="-44.70612" lon="167.85517">
        <ele>60.22</ele>
      </trkpt>
      <trkpt lat="-44.70612" lon="167.85525">
        <ele>60.49</ele>
      </trkpt>
      <trkpt lat="-44.70612" lon="167.85533">
        <ele>57.28</ele>
      </trkpt>
      <trkpt lat="-44.7061" lon="167.85542">
        <ele>52.93</ele>
      </trkpt>
      <trkpt lat="-44.7061" lon="167.8555">
        <ele>47.9</ele>
      </trkpt>
      <trkpt lat="-44.7061" lon="167.85558">
        <ele>44.42</ele>
      </trkpt>
      <trkpt lat="-44.70609" lon="167.85566">
        <ele>45.83</ele>
      </trkpt>
      <trkpt lat="-44.70608" lon="167.85575">
        <ele>47.39</ele>
      </trkpt>
      <trkpt lat="-44.70608" lon="167.85583">
        <ele>47.58</ele>
      </trkpt>
      <trkpt lat="-44.70606" lon="167.85591">
        <ele>50.44</ele>
      </trkpt>
      <trkpt lat="-44.70605" lon="167.856">
        <ele>51.76</ele>
      </trkpt>
      <trkpt lat="-44.70604" lon="167.85608">
        <ele>53.04</ele>
      </trkpt>
      <trkpt lat="-44.70602" lon="167.85617">
        <ele>55.44</ele>
      </trkpt>
      <trkpt lat="-44.706" lon="167.85624">
        <ele>57.67</ele>
      </trkpt>
      <trkpt lat="-44.706" lon="167.85626">
        <ele>57.53</ele>
      </trkpt>
      <trkpt lat="-44.70597" lon="167.85634">
        <ele>60.72</ele>
      </trkpt>
      <trkpt lat="-44.70594" lon="167.85643">
        <ele>63.76</ele>
      </trkpt>
      <trkpt lat="-44.70592" lon="167.85652">
        <ele>65.74</ele>
      </trkpt>
      <trkpt lat="-44.70591" lon="167.8566">
        <ele>66.52</ele>
      </trkpt>
      <trkpt lat="-44.70593" lon="167.85668">
        <ele>63.9</ele>
      </trkpt>
      <trkpt lat="-44.70594" lon="167.85676">
        <ele>62.92</ele>
      </trkpt>
      <trkpt lat="-44.70597" lon="167.85683">
        <ele>59.55</ele>
      </trkpt>
      <trkpt lat="-44.70598" lon="167.85691">
        <ele>58.52</ele>
      </trkpt>
      <trkpt lat="-44.70598" lon="167.85699">
        <ele>58.19</ele>
      </trkpt>
      <trkpt lat="-44.706" lon="167.85707">
        <ele>55.3</ele>
      </trkpt>
      <trkpt lat="-44.70601" lon="167.85715">
        <ele>53.67</ele>
      </trkpt>
      <trkpt lat="-44.70601" lon="167.85723">
        <ele>53.41</ele>
      </trkpt>
      <trkpt lat="-44.70603" lon="167.85731">
        <ele>54.03</ele>
      </trkpt>
      <trkpt lat="-44.70602" lon="167.85739">
        <ele>57.27</ele>
      </trkpt>
      <trkpt lat="-44.706" lon="167.85748">
        <ele>60.88</ele>
      </trkpt>
      <trkpt lat="-44.70597" lon="167.85757">
        <ele>62.2</ele>
      </trkpt>
      <trkpt lat="-44.70594" lon="167.85766">
        <ele>62.44</ele>
      </trkpt>
      <trkpt lat="-44.70592" lon="167.85774">
        <ele>62.13</ele>
      </trkpt>
      <trkpt lat="-44.70589" lon="167.85783">
        <ele>63.22</ele>
      </trkpt>
      <trkpt lat="-44.70586" lon="167.85792">
        <ele>66.39</ele>
      </trkpt>
      <trkpt lat="-44.70585" lon="167.858">
        <ele>69.14</ele>
      </trkpt>
      <trkpt lat="-44.70584" lon="167.85809">
        <ele>67.96</ele>
      </trkpt>
      <trkpt lat="-44.70582" lon="167.85817">
        <ele>61.51</ele>
      </trkpt>
      <trkpt lat="-44.70581" lon="167.85826">
        <ele>53.84</ele>
      </trkpt>
      <trkpt lat="-44.70581" lon="167.85834">
        <ele>46.61</ele>
      </trkpt>
      <trkpt lat="-44.70578" lon="167.85842">
        <ele>48.81</ele>
      </trkpt>
      <trkpt lat="-44.70581" lon="167.8585">
        <ele>44.48</ele>
      </trkpt>
      <trkpt lat="-44.70582" lon="167.85858">
        <ele>43.24</ele>
      </trkpt>
      <trkpt lat="-44.70583" lon="167.85866">
        <ele>43.0</ele>
      </trkpt>
      <trkpt lat="-44.70584" lon="167.85874">
        <ele>43.0</ele>
      </trkpt>
      <trkpt lat="-44.70582" lon="167.85883">
        <ele>43.0</ele>
      </trkpt>
      <trkpt lat="-44.70581" lon="167.85891">
        <ele>43.0</ele>
      </trkpt>
      <trkpt lat="-44.70578" lon="167.859">
        <ele>43.0</ele>
      </trkpt>
      <trkpt lat="-44.70575" lon="167.85908">
        <ele>43.0</ele>
      </trkpt>
      <trkpt lat="-44.70573" lon="167.85917">
        <ele>43.0</ele>
      </trkpt>
      <trkpt lat="-44.70571" lon="167.85926">
        <ele>43.0</ele>
      </trkpt>
      <trkpt lat="-44.70569" lon="167.85934">
        <ele>43.0</ele>
      </trkpt>
      <trkpt lat="-44.7057" lon="167.85942">
        <ele>43.0</ele>
      </trkpt>
      <trkpt lat="-44.7057" lon="167.8595">
        <ele>43.0</ele>
      </trkpt>
      <trkpt lat="-44.70571" lon="167.85958">
        <ele>43.0</ele>
      </trkpt>
      <trkpt lat="-44.70571" lon="167.85967">
        <ele>43.0</ele>
      </trkpt>
      <trkpt lat="-44.70573" lon="167.85974">
        <ele>43.0</ele>
      </trkpt>
      <trkpt lat="-44.70573" lon="167.85983">
        <ele>43.0</ele>
      </trkpt>
      <trkpt lat="-44.70577" lon="167.8599">
        <ele>43.0</ele>
      </trkpt>
      <trkpt lat="-44.70578" lon="167.85998">
        <ele>43.0</ele>
      </trkpt>
      <trkpt lat="-44.70582" lon="167.86005">
        <ele>43.0</ele>
      </trkpt>
      <trkpt lat="-44.70581" lon="167.86014">
        <ele>43.0</ele>
      </trkpt>
      <trkpt lat="-44.70578" lon="167.86022">
        <ele>43.0</ele>
      </trkpt>
      <trkpt lat="-44.70574" lon="167.86028">
        <ele>43.0</ele>
      </trkpt>
      <trkpt lat="-44.7057" lon="167.86035">
        <ele>43.0</ele>
      </trkpt>
      <trkpt lat="-44.70567" lon="167.86043">
        <ele>43.0</ele>
      </trkpt>
      <trkpt lat="-44.70563" lon="167.8605">
        <ele>43.0</ele>
      </trkpt>
      <trkpt lat="-44.70562" lon="167.86058">
        <ele>44.96</ele>
      </trkpt>
      <trkpt lat="-44.7056" lon="167.86067">
        <ele>53.04</ele>
      </trkpt>
      <trkpt lat="-44.70561" lon="167.86075">
        <ele>59.32</ele>
      </trkpt>
      <trkpt lat="-44.70561" lon="167.86083">
        <ele>66.04</ele>
      </trkpt>
      <trkpt lat="-44.70562" lon="167.86091">
        <ele>66.54</ele>
      </trkpt>
      <trkpt lat="-44.70562" lon="167.86099">
        <ele>67.87</ele>
      </trkpt>
      <trkpt lat="-44.70563" lon="167.86107">
        <ele>67.97</ele>
      </trkpt>
      <trkpt lat="-44.70565" lon="167.86115">
        <ele>64.16</ele>
      </trkpt>
      <trkpt lat="-44.70566" lon="167.86123">
        <ele>59.23</ele>
      </trkpt>
      <trkpt lat="-44.70568" lon="167.86131">
        <ele>54.02</ele>
      </trkpt>
      <trkpt lat="-44.70567" lon="167.86139">
        <ele>51.2</ele>
      </trkpt>
      <trkpt lat="-44.70565" lon="167.86148">
        <ele>49.21</ele>
      </trkpt>
      <trkpt lat="-44.70561" lon="167.86155">
        <ele>47.73</ele>
      </trkpt>
      <trkpt lat="-44.70558" lon="167.86162">
        <ele>45.15</ele>
      </trkpt>
      <trkpt lat="-44.70554" lon="167.86168">
        <ele>43.0</ele>
      </trkpt>
      <trkpt lat="-44.7055" lon="167.86175">
        <ele>43.0</ele>
      </trkpt>
      <trkpt lat="-44.70549" lon="167.86184">
        <ele>43.0</ele>
      </trkpt>
      <trkpt lat="-44.70549" lon="167.86192">
        <ele>43.0</ele>
      </trkpt>
      <trkpt lat="-44.70547" lon="167.862">
        <ele>43.0</ele>
      </trkpt>
      <trkpt lat="-44.70546" lon="167.86209">
        <ele>43.0</ele>
      </trkpt>
      <trkpt lat="-44.70542" lon="167.86216">
        <ele>43.0</ele>
      </trkpt>
      <trkpt lat="-44.7054" lon="167.86224">
        <ele>43.0</ele>
      </trkpt>
      <trkpt lat="-44.70535" lon="167.86229">
        <ele>43.0</ele>
      </trkpt>
      <trkpt lat="-44.7053" lon="167.86235">
        <ele>43.0</ele>
      </trkpt>
      <trkpt lat="-44.70525" lon="167.86238">
        <ele>43.0</ele>
      </trkpt>
      <trkpt lat="-44.70519" lon="167.86236">
        <ele>43.0</ele>
      </trkpt>
      <trkpt lat="-44.70513" lon="167.86234">
        <ele>43.0</ele>
      </trkpt>
      <trkpt lat="-44.70508" lon="167.86235">
        <ele>43.0</ele>
      </trkpt>
      <trkpt lat="-44.70505" lon="167.86242">
        <ele>43.0</ele>
      </trkpt>
      <trkpt lat="-44.70502" lon="167.86251">
        <ele>43.0</ele>
      </trkpt>
      <trkpt lat="-44.70498" lon="167.86258">
        <ele>43.0</ele>
      </trkpt>
      <trkpt lat="-44.70495" lon="167.86265">
        <ele>43.0</ele>
      </trkpt>
      <trkpt lat="-44.70491" lon="167.86272">
        <ele>43.0</ele>
      </trkpt>
      <trkpt lat="-44.70487" lon="167.86278">
        <ele>43.0</ele>
      </trkpt>
      <trkpt lat="-44.70485" lon="167.86287">
        <ele>43.0</ele>
      </trkpt>
      <trkpt lat="-44.70484" lon="167.86295">
        <ele>43.0</ele>
      </trkpt>
      <trkpt lat="-44.70484" lon="167.86303">
        <ele>43.0</ele>
      </trkpt>
      <trkpt lat="-44.70482" lon="167.8631">
        <ele>43.0</ele>
      </trkpt>
      <trkpt lat="-44.70478" lon="167.86316">
        <ele>43.0</ele>
      </trkpt>
      <trkpt lat="-44.70474" lon="167.86322">
        <ele>43.0</ele>
      </trkpt>
      <trkpt lat="-44.7047" lon="167.86328">
        <ele>43.25</ele>
      </trkpt>
      <trkpt lat="-44.70465" lon="167.86333">
        <ele>43.05</ele>
      </trkpt>
      <trkpt lat="-44.70461" lon="167.86339">
        <ele>43.0</ele>
      </trkpt>
      <trkpt lat="-44.70456" lon="167.86343">
        <ele>43.0</ele>
      </trkpt>
      <trkpt lat="-44.70451" lon="167.86348">
        <ele>43.0</ele>
      </trkpt>
      <trkpt lat="-44.70446" lon="167.86352">
        <ele>43.0</ele>
      </trkpt>
      <trkpt lat="-44.7044" lon="167.86355">
        <ele>43.74</ele>
      </trkpt>
      <trkpt lat="-44.70436" lon="167.86362">
        <ele>43.0</ele>
      </trkpt>
      <trkpt lat="-44.70434" lon="167.86371">
        <ele>43.0</ele>
      </trkpt>
      <trkpt lat="-44.70432" lon="167.86374">
        <ele>43.0</ele>
      </trkpt>
      <trkpt lat="-44.7043" lon="167.86378">
        <ele>43.0</ele>
      </trkpt>
      <trkpt lat="-44.70427" lon="167.86385">
        <ele>43.0</ele>
      </trkpt>
      <trkpt lat="-44.70423" lon="167.86392">
        <ele>43.0</ele>
      </trkpt>
      <trkpt lat="-44.70419" lon="167.86398">
        <ele>43.0</ele>
      </trkpt>
      <trkpt lat="-44.70418" lon="167.86407">
        <ele>43.0</ele>
      </trkpt>
      <trkpt lat="-44.70418" lon="167.86415">
        <ele>43.0</ele>
      </trkpt>
      <trkpt lat="-44.70418" lon="167.86423">
        <ele>43.0</ele>
      </trkpt>
      <trkpt lat="-44.70417" lon="167.8643">
        <ele>43.0</ele>
      </trkpt>
      <trkpt lat="-44.70416" lon="167.86438">
        <ele>43.0</ele>
      </trkpt>
      <trkpt lat="-44.70413" lon="167.86444">
        <ele>43.0</ele>
      </trkpt>
      <trkpt lat="-44.70411" lon="167.86451">
        <ele>43.0</ele>
      </trkpt>
      <trkpt lat="-44.70407" lon="167.86458">
        <ele>43.0</ele>
      </trkpt>
      <trkpt lat="-44.70404" lon="167.86465">
        <ele>43.0</ele>
      </trkpt>
      <trkpt lat="-44.704" lon="167.86473">
        <ele>43.0</ele>
      </trkpt>
      <trkpt lat="-44.70397" lon="167.8648">
        <ele>43.0</ele>
      </trkpt>
      <trkpt lat="-44.70392" lon="167.86486">
        <ele>43.0</ele>
      </trkpt>
      <trkpt lat="-44.70388" lon="167.86491">
        <ele>43.0</ele>
      </trkpt>
      <trkpt lat="-44.70385" lon="167.86499">
        <ele>43.0</ele>
      </trkpt>
      <trkpt lat="-44.7038" lon="167.86505">
        <ele>43.0</ele>
      </trkpt>
      <trkpt lat="-44.70376" lon="167.8651">
        <ele>43.0</ele>
      </trkpt>
      <trkpt lat="-44.70372" lon="167.86516">
        <ele>43.0</ele>
      </trkpt>
      <trkpt lat="-44.70367" lon="167.8652">
        <ele>43.0</ele>
      </trkpt>
      <trkpt lat="-44.70362" lon="167.86525">
        <ele>43.0</ele>
      </trkpt>
      <trkpt lat="-44.70357" lon="167.86529">
        <ele>43.0</ele>
      </trkpt>
      <trkpt lat="-44.70352" lon="167.86533">
        <ele>43.0</ele>
      </trkpt>
      <trkpt lat="-44.70346" lon="167.86538">
        <ele>43.0</ele>
      </trkpt>
      <trkpt lat="-44.70342" lon="167.86543">
        <ele>43.0</ele>
      </trkpt>
      <trkpt lat="-44.70337" lon="167.86548">
        <ele>43.0</ele>
      </trkpt>
      <trkpt lat="-44.70333" lon="167.86554">
        <ele>43.0</ele>
      </trkpt>
      <trkpt lat="-44.70329" lon="167.86559">
        <ele>43.0</ele>
      </trkpt>
      <trkpt lat="-44.70324" lon="167.86565">
        <ele>43.0</ele>
      </trkpt>
      <trkpt lat="-44.70319" lon="167.86569">
        <ele>43.0</ele>
      </trkpt>
      <trkpt lat="-44.70315" lon="167.86575">
        <ele>43.0</ele>
      </trkpt>
      <trkpt lat="-44.7031" lon="167.86579">
        <ele>43.0</ele>
      </trkpt>
      <trkpt lat="-44.70305" lon="167.86584">
        <ele>43.0</ele>
      </trkpt>
      <trkpt lat="-44.703" lon="167.86588">
        <ele>43.0</ele>
      </trkpt>
      <trkpt lat="-44.70296" lon="167.86595">
        <ele>43.0</ele>
      </trkpt>
      <trkpt lat="-44.70296" lon="167.86604">
        <ele>43.0</ele>
      </trkpt>
      <trkpt lat="-44.70296" lon="167.86612">
        <ele>43.0</ele>
      </trkpt>
      <trkpt lat="-44.70294" lon="167.86618">
        <ele>43.0</ele>
      </trkpt>
      <trkpt lat="-44.7029" lon="167.86624">
        <ele>43.0</ele>
      </trkpt>
      <trkpt lat="-44.70286" lon="167.86632">
        <ele>43.0</ele>
      </trkpt>
      <trkpt lat="-44.70283" lon="167.86639">
        <ele>43.0</ele>
      </trkpt>
      <trkpt lat="-44.70279" lon="167.86646">
        <ele>43.0</ele>
      </trkpt>
      <trkpt lat="-44.70277" lon="167.86655">
        <ele>43.0</ele>
      </trkpt>
      <trkpt lat="-44.70272" lon="167.8666">
        <ele>43.0</ele>
      </trkpt>
      <trkpt lat="-44.70267" lon="167.86665">
        <ele>43.0</ele>
      </trkpt>
      <trkpt lat="-44.70262" lon="167.86666">
        <ele>43.0</ele>
      </trkpt>
      <trkpt lat="-44.70257" lon="167.86663">
        <ele>43.0</ele>
      </trkpt>
      <trkpt lat="-44.70252" lon="167.86658">
        <ele>43.0</ele>
      </trkpt>
      <trkpt lat="-44.70247" lon="167.86655">
        <ele>43.0</ele>
      </trkpt>
      <trkpt lat="-44.70242" lon="167.86649">
        <ele>43.0</ele>
      </trkpt>
      <trkpt lat="-44.70236" lon="167.8665">
        <ele>43.0</ele>
      </trkpt>
      <trkpt lat="-44.7023" lon="167.86648">
        <ele>43.0</ele>
      </trkpt>
      <trkpt lat="-44.70224" lon="167.86648">
        <ele>43.0</ele>
      </trkpt>
      <trkpt lat="-44.70218" lon="167.86647">
        <ele>43.0</ele>
      </trkpt>
      <trkpt lat="-44.70212" lon="167.86647">
        <ele>43.0</ele>
      </trkpt>
      <trkpt lat="-44.70206" lon="167.86647">
        <ele>43.0</ele>
      </trkpt>
      <trkpt lat="-44.70199" lon="167.86648">
        <ele>43.0</ele>
      </trkpt>
      <trkpt lat="-44.70193" lon="167.86651">
        <ele>43.0</ele>
      </trkpt>
      <trkpt lat="-44.7019" lon="167.86658">
        <ele>43.0</ele>
      </trkpt>
      <trkpt lat="-44.70187" lon="167.86667">
        <ele>43.0</ele>
      </trkpt>
      <trkpt lat="-44.70184" lon="167.86676">
        <ele>43.0</ele>
      </trkpt>
      <trkpt lat="-44.70182" lon="167.86684">
        <ele>43.0</ele>
      </trkpt>
      <trkpt lat="-44.70179" lon="167.86693">
        <ele>43.0</ele>
      </trkpt>
      <trkpt lat="-44.70176" lon="167.86702">
        <ele>43.0</ele>
      </trkpt>
      <trkpt lat="-44.70173" lon="167.86709">
        <ele>43.0</ele>
      </trkpt>
      <trkpt lat="-44.70169" lon="167.86716">
        <ele>43.0</ele>
      </trkpt>
      <trkpt lat="-44.70166" lon="167.86724">
        <ele>43.0</ele>
      </trkpt>
      <trkpt lat="-44.70162" lon="167.86731">
        <ele>43.0</ele>
      </trkpt>
      <trkpt lat="-44.70159" lon="167.86738">
        <ele>43.0</ele>
      </trkpt>
      <trkpt lat="-44.70156" lon="167.86747">
        <ele>43.0</ele>
      </trkpt>
      <trkpt lat="-44.70153" lon="167.86754">
        <ele>43.0</ele>
      </trkpt>
      <trkpt lat="-44.7015" lon="167.86762">
        <ele>43.0</ele>
      </trkpt>
      <trkpt lat="-44.70145" lon="167.86767">
        <ele>43.0</ele>
      </trkpt>
      <trkpt lat="-44.70141" lon="167.86773">
        <ele>43.0</ele>
      </trkpt>
      <trkpt lat="-44.70136" lon="167.86777">
        <ele>43.0</ele>
      </trkpt>
      <trkpt lat="-44.70131" lon="167.86783">
        <ele>43.0</ele>
      </trkpt>
      <trkpt lat="-44.70126" lon="167.86787">
        <ele>43.0</ele>
      </trkpt>
      <trkpt lat="-44.70122" lon="167.86793">
        <ele>43.0</ele>
      </trkpt>
      <trkpt lat="-44.70117" lon="167.86797">
        <ele>43.0</ele>
      </trkpt>
      <trkpt lat="-44.70113" lon="167.86803">
        <ele>43.0</ele>
      </trkpt>
      <trkpt lat="-44.70108" lon="167.86807">
        <ele>43.0</ele>
      </trkpt>
      <trkpt lat="-44.70103" lon="167.86813">
        <ele>43.0</ele>
      </trkpt>
      <trkpt lat="-44.70098" lon="167.86818">
        <ele>43.0</ele>
      </trkpt>
      <trkpt lat="-44.70094" lon="167.86823">
        <ele>43.0</ele>
      </trkpt>
      <trkpt lat="-44.70089" lon="167.86828">
        <ele>43.0</ele>
      </trkpt>
      <trkpt lat="-44.70085" lon="167.86833">
        <ele>43.0</ele>
      </trkpt>
      <trkpt lat="-44.7008" lon="167.86838">
        <ele>43.0</ele>
      </trkpt>
      <trkpt lat="-44.70075" lon="167.86844">
        <ele>43.0</ele>
      </trkpt>
      <trkpt lat="-44.7007" lon="167.86848">
        <ele>43.0</ele>
      </trkpt>
      <trkpt lat="-44.70066" lon="167.86854">
        <ele>43.0</ele>
      </trkpt>
      <trkpt lat="-44.70061" lon="167.86858">
        <ele>43.0</ele>
      </trkpt>
      <trkpt lat="-44.70058" lon="167.86867">
        <ele>43.0</ele>
      </trkpt>
      <trkpt lat="-44.70055" lon="167.86874">
        <ele>43.0</ele>
      </trkpt>
      <trkpt lat="-44.70051" lon="167.86881">
        <ele>43.0</ele>
      </trkpt>
      <trkpt lat="-44.70048" lon="167.86888">
        <ele>43.0</ele>
      </trkpt>
      <trkpt lat="-44.70044" lon="167.86896">
        <ele>43.0</ele>
      </trkpt>
      <trkpt lat="-44.7004" lon="167.86901">
        <ele>43.0</ele>
      </trkpt>
      <trkpt lat="-44.70036" lon="167.86907">
        <ele>43.0</ele>
      </trkpt>
      <trkpt lat="-44.70032" lon="167.86913">
        <ele>43.0</ele>
      </trkpt>
      <trkpt lat="-44.70027" lon="167.86919">
        <ele>43.0</ele>
      </trkpt>
      <trkpt lat="-44.70022" lon="167.86923">
        <ele>43.0</ele>
      </trkpt>
      <trkpt lat="-44.70018" lon="167.86929">
        <ele>43.0</ele>
      </trkpt>
      <trkpt lat="-44.70013" lon="167.86933">
        <ele>43.0</ele>
      </trkpt>
      <trkpt lat="-44.70009" lon="167.86939">
        <ele>43.0</ele>
      </trkpt>
      <trkpt lat="-44.70004" lon="167.86943">
        <ele>43.0</ele>
      </trkpt>
      <trkpt lat="-44.69999" lon="167.86949">
        <ele>43.0</ele>
      </trkpt>
      <trkpt lat="-44.69994" lon="167.86953">
        <ele>43.0</ele>
      </trkpt>
      <trkpt lat="-44.69989" lon="167.86958">
        <ele>43.0</ele>
      </trkpt>
      <trkpt lat="-44.69984" lon="167.86962">
        <ele>43.0</ele>
      </trkpt>
      <trkpt lat="-44.69979" lon="167.86966">
        <ele>43.0</ele>
      </trkpt>
      <trkpt lat="-44.69974" lon="167.86971">
        <ele>43.0</ele>
      </trkpt>
      <trkpt lat="-44.69969" lon="167.86975">
        <ele>43.0</ele>
      </trkpt>
      <trkpt lat="-44.69965" lon="167.86981">
        <ele>43.0</ele>
      </trkpt>
      <trkpt lat="-44.6996" lon="167.86985">
        <ele>43.0</ele>
      </trkpt>
      <trkpt lat="-44.69955" lon="167.86991">
        <ele>43.0</ele>
      </trkpt>
      <trkpt lat="-44.6995" lon="167.86995">
        <ele>43.0</ele>
      </trkpt>
      <trkpt lat="-44.69946" lon="167.87001">
        <ele>43.0</ele>
      </trkpt>
      <trkpt lat="-44.69942" lon="167.87007">
        <ele>43.0</ele>
      </trkpt>
      <trkpt lat="-44.69937" lon="167.87012">
        <ele>43.0</ele>
      </trkpt>
      <trkpt lat="-44.69933" lon="167.87018">
        <ele>43.0</ele>
      </trkpt>
      <trkpt lat="-44.69929" lon="167.87024">
        <ele>43.0</ele>
      </trkpt>
      <trkpt lat="-44.69925" lon="167.8703">
        <ele>43.0</ele>
      </trkpt>
      <trkpt lat="-44.6992" lon="167.87036">
        <ele>43.0</ele>
      </trkpt>
      <trkpt lat="-44.69918" lon="167.87039">
        <ele>43.0</ele>
      </trkpt>
      <trkpt lat="-44.69916" lon="167.87041">
        <ele>43.0</ele>
      </trkpt>
      <trkpt lat="-44.69912" lon="167.87047">
        <ele>43.0</ele>
      </trkpt>
      <trkpt lat="-44.69908" lon="167.87054">
        <ele>43.0</ele>
      </trkpt>
      <trkpt lat="-44.69904" lon="167.8706">
        <ele>43.0</ele>
      </trkpt>
      <trkpt lat="-44.699" lon="167.87066">
        <ele>43.0</ele>
      </trkpt>
      <trkpt lat="-44.69896" lon="167.87073">
        <ele>43.0</ele>
      </trkpt>
      <trkpt lat="-44.69893" lon="167.8708">
        <ele>43.0</ele>
      </trkpt>
      <trkpt lat="-44.69889" lon="167.87088">
        <ele>43.0</ele>
      </trkpt>
      <trkpt lat="-44.69886" lon="167.87095">
        <ele>43.0</ele>
      </trkpt>
      <trkpt lat="-44.69882" lon="167.87102">
        <ele>43.0</ele>
      </trkpt>
      <trkpt lat="-44.69879" lon="167.8711">
        <ele>43.0</ele>
      </trkpt>
      <trkpt lat="-44.69875" lon="167.87117">
        <ele>43.0</ele>
      </trkpt>
      <trkpt lat="-44.69871" lon="167.87123">
        <ele>43.0</ele>
      </trkpt>
      <trkpt lat="-44.69868" lon="167.8713">
        <ele>43.0</ele>
      </trkpt>
      <trkpt lat="-44.69864" lon="167.87137">
        <ele>43.0</ele>
      </trkpt>
      <trkpt lat="-44.69861" lon="167.87144">
        <ele>43.01</ele>
      </trkpt>
      <trkpt lat="-44.69857" lon="167.87152">
        <ele>43.98</ele>
      </trkpt>
      <trkpt lat="-44.69855" lon="167.8716">
        <ele>45.34</ele>
      </trkpt>
      <trkpt lat="-44.69851" lon="167.87168">
        <ele>48.06</ele>
      </trkpt>
      <trkpt lat="-44.69848" lon="167.87175">
        <ele>49.32</ele>
      </trkpt>
      <trkpt lat="-44.69844" lon="167.87182">
        <ele>50.94</ele>
      </trkpt>
      <trkpt lat="-44.69841" lon="167.87189">
        <ele>51.97</ele>
      </trkpt>
      <trkpt lat="-44.69836" lon="167.87195">
        <ele>53.63</ele>
      </trkpt>
      <trkpt lat="-44.69834" lon="167.87203">
        <ele>51.1</ele>
      </trkpt>
      <trkpt lat="-44.69829" lon="167.87208">
        <ele>50.38</ele>
      </trkpt>
      <trkpt lat="-44.69824" lon="167.87214">
        <ele>49.65</ele>
      </trkpt>
      <trkpt lat="-44.69819" lon="167.87218">
        <ele>50.03</ele>
      </trkpt>
      <trkpt lat="-44.69815" lon="167.87224">
        <ele>49.8</ele>
      </trkpt>
      <trkpt lat="-44.6981" lon="167.87228">
        <ele>50.32</ele>
      </trkpt>
      <trkpt lat="-44.69806" lon="167.87234">
        <ele>49.23</ele>
      </trkpt>
      <trkpt lat="-44.69801" lon="167.87238">
        <ele>48.6</ele>
      </trkpt>
      <trkpt lat="-44.69796" lon="167.87244">
        <ele>46.27</ele>
      </trkpt>
      <trkpt lat="-44.69791" lon="167.87248">
        <ele>44.24</ele>
      </trkpt>
      <trkpt lat="-44.69787" lon="167.87254">
        <ele>43.0</ele>
      </trkpt>
      <trkpt lat="-44.69782" lon="167.87259">
        <ele>43.0</ele>
      </trkpt>
      <trkpt lat="-44.69777" lon="167.87263">
        <ele>43.24</ele>
      </trkpt>
      <trkpt lat="-44.69772" lon="167.87267">
        <ele>44.29</ele>
      </trkpt>
      <trkpt lat="-44.69768" lon="167.87273">
        <ele>43.97</ele>
      </trkpt>
      <trkpt lat="-44.69762" lon="167.87277">
        <ele>43.25</ele>
      </trkpt>
      <trkpt lat="-44.69758" lon="167.87283">
        <ele>43.0</ele>
      </trkpt>
      <trkpt lat="-44.69754" lon="167.87289">
        <ele>43.0</ele>
      </trkpt>
      <trkpt lat="-44.6975" lon="167.87295">
        <ele>43.0</ele>
      </trkpt>
      <trkpt lat="-44.69745" lon="167.87299">
        <ele>45.61</ele>
      </trkpt>
      <trkpt lat="-44.6974" lon="167.87305">
        <ele>46.74</ele>
      </trkpt>
      <trkpt lat="-44.69735" lon="167.87309">
        <ele>48.47</ele>
      </trkpt>
      <trkpt lat="-44.69731" lon="167.87314">
        <ele>50.05</ele>
      </trkpt>
      <trkpt lat="-44.69724" lon="167.87316">
        <ele>52.71</ele>
      </trkpt>
      <trkpt lat="-44.69718" lon="167.87319">
        <ele>54.94</ele>
      </trkpt>
      <trkpt lat="-44.69712" lon="167.8732">
        <ele>56.99</ele>
      </trkpt>
      <trkpt lat="-44.69705" lon="167.87322">
        <ele>59.31</ele>
      </trkpt>
      <trkpt lat="-44.69699" lon="167.87325">
        <ele>61.14</ele>
      </trkpt>
      <trkpt lat="-44.69697" lon="167.87332">
        <ele>61.35</ele>
      </trkpt>
      <trkpt lat="-44.697" lon="167.87339">
        <ele>60.03</ele>
      </trkpt>
      <trkpt lat="-44.69702" lon="167.87347">
        <ele>58.97</ele>
      </trkpt>
      <trkpt lat="-44.69701" lon="167.87355">
        <ele>58.74</ele>
      </trkpt>
      <trkpt lat="-44.69698" lon="167.87364">
        <ele>58.62</ele>
      </trkpt>
      <trkpt lat="-44.69696" lon="167.87373">
        <ele>57.54</ele>
      </trkpt>
      <trkpt lat="-44.69693" lon="167.87381">
        <ele>56.67</ele>
      </trkpt>
      <trkpt lat="-44.69689" lon="167.87388">
        <ele>56.13</ele>
      </trkpt>
      <trkpt lat="-44.69684" lon="167.87392">
        <ele>56.5</ele>
      </trkpt>
      <trkpt lat="-44.69678" lon="167.87395">
        <ele>57.17</ele>
      </trkpt>
      <trkpt lat="-44.69674" lon="167.87402">
        <ele>56.92</ele>
      </trkpt>
      <trkpt lat="-44.69672" lon="167.8741">
        <ele>56.15</ele>
      </trkpt>
      <trkpt lat="-44.69669" lon="167.87419">
        <ele>55.34</ele>
      </trkpt>
      <trkpt lat="-44.69666" lon="167.87426">
        <ele>54.93</ele>
      </trkpt>
      <trkpt lat="-44.69662" lon="167.87434">
        <ele>55.31</ele>
      </trkpt>
      <trkpt lat="-44.69659" lon="167.87441">
        <ele>55.32</ele>
      </trkpt>
      <trkpt lat="-44.69654" lon="167.87447">
        <ele>56.26</ele>
      </trkpt>
      <trkpt lat="-44.6965" lon="167.87452">
        <ele>56.91</ele>
      </trkpt>
      <trkpt lat="-44.69647" lon="167.8746">
        <ele>56.54</ele>
      </trkpt>
      <trkpt lat="-44.69643" lon="167.87467">
        <ele>56.25</ele>
      </trkpt>
      <trkpt lat="-44.69639" lon="167.87473">
        <ele>55.92</ele>
      </trkpt>
      <trkpt lat="-44.69635" lon="167.8748">
        <ele>56.5</ele>
      </trkpt>
      <trkpt lat="-44.69632" lon="167.87487">
        <ele>56.51</ele>
      </trkpt>
      <trkpt lat="-44.69628" lon="167.87493">
        <ele>56.57</ele>
      </trkpt>
      <trkpt lat="-44.69623" lon="167.87499">
        <ele>56.46</ele>
      </trkpt>
      <trkpt lat="-44.6962" lon="167.87506">
        <ele>56.21</ele>
      </trkpt>
      <trkpt lat="-44.69616" lon="167.87513">
        <ele>56.06</ele>
      </trkpt>
      <trkpt lat="-44.69613" lon="167.87521">
        <ele>55.56</ele>
      </trkpt>
      <trkpt lat="-44.6961" lon="167.87529">
        <ele>55.06</ele>
      </trkpt>
      <trkpt lat="-44.69607" lon="167.87537">
        <ele>54.55</ele>
      </trkpt>
      <trkpt lat="-44.69603" lon="167.87544">
        <ele>54.03</ele>
      </trkpt>
      <trkpt lat="-44.696" lon="167.87551">
        <ele>53.15</ele>
      </trkpt>
      <trkpt lat="-44.69596" lon="167.87557">
        <ele>52.43</ele>
      </trkpt>
      <trkpt lat="-44.69591" lon="167.87563">
        <ele>51.95</ele>
      </trkpt>
      <trkpt lat="-44.69587" lon="167.87568">
        <ele>51.31</ele>
      </trkpt>
      <trkpt lat="-44.69583" lon="167.87574">
        <ele>50.43</ele>
      </trkpt>
      <trkpt lat="-44.69579" lon="167.8758">
        <ele>50.47</ele>
      </trkpt>
      <trkpt lat="-44.69574" lon="167.87586">
        <ele>50.79</ele>
      </trkpt>
      <trkpt lat="-44.6957" lon="167.87591">
        <ele>51.07</ele>
      </trkpt>
      <trkpt lat="-44.69567" lon="167.87599">
        <ele>50.64</ele>
      </trkpt>
      <trkpt lat="-44.69563" lon="167.87606">
        <ele>50.19</ele>
      </trkpt>
      <trkpt lat="-44.6956" lon="167.87613">
        <ele>49.55</ele>
      </trkpt>
      <trkpt lat="-44.69557" lon="167.87622">
        <ele>49.13</ele>
      </trkpt>
      <trkpt lat="-44.69554" lon="167.87631">
        <ele>48.98</ele>
      </trkpt>
      <trkpt lat="-44.69552" lon="167.87639">
        <ele>48.76</ele>
      </trkpt>
      <trkpt lat="-44.69548" lon="167.87647">
        <ele>49.42</ele>
      </trkpt>
      <trkpt lat="-44.69545" lon="167.87654">
        <ele>49.94</ele>
      </trkpt>
      <trkpt lat="-44.69541" lon="167.87661">
        <ele>50.77</ele>
      </trkpt>
      <trkpt lat="-44.69538" lon="167.87668">
        <ele>51.3</ele>
      </trkpt>
      <trkpt lat="-44.69533" lon="167.87674">
        <ele>51.83</ele>
      </trkpt>
      <trkpt lat="-44.6953" lon="167.87681">
        <ele>51.54</ele>
      </trkpt>
      <trkpt lat="-44.69526" lon="167.87689">
        <ele>51.51</ele>
      </trkpt>
      <trkpt lat="-44.69522" lon="167.87694">
        <ele>52.36</ele>
      </trkpt>
      <trkpt lat="-44.69518" lon="167.877">
        <ele>53.46</ele>
      </trkpt>
      <trkpt lat="-44.69514" lon="167.87706">
        <ele>54.42</ele>
      </trkpt>
      <trkpt lat="-44.69509" lon="167.87712">
        <ele>55.52</ele>
      </trkpt>
      <trkpt lat="-44.69504" lon="167.87716">
        <ele>56.65</ele>
      </trkpt>
      <trkpt lat="-44.695" lon="167.87722">
        <ele>57.03</ele>
      </trkpt>
      <trkpt lat="-44.69495" lon="167.87726">
        <ele>58.01</ele>
      </trkpt>
      <trkpt lat="-44.69491" lon="167.87732">
        <ele>58.42</ele>
      </trkpt>
      <trkpt lat="-44.69486" lon="167.87736">
        <ele>59.29</ele>
      </trkpt>
      <trkpt lat="-44.69481" lon="167.87742">
        <ele>59.85</ele>
      </trkpt>
      <trkpt lat="-44.69477" lon="167.87748">
        <ele>60.07</ele>
      </trkpt>
      <trkpt lat="-44.69473" lon="167.87754">
        <ele>60.25</ele>
      </trkpt>
      <trkpt lat="-44.69469" lon="167.87759">
        <ele>61.19</ele>
      </trkpt>
      <trkpt lat="-44.69465" lon="167.87767">
        <ele>60.9</ele>
      </trkpt>
      <trkpt lat="-44.69461" lon="167.87772">
        <ele>60.54</ele>
      </trkpt>
      <trkpt lat="-44.69456" lon="167.87778">
        <ele>59.3</ele>
      </trkpt>
      <trkpt lat="-44.69452" lon="167.87784">
        <ele>58.55</ele>
      </trkpt>
      <trkpt lat="-44.69448" lon="167.8779">
        <ele>57.36</ele>
      </trkpt>
      <trkpt lat="-44.69443" lon="167.87794">
        <ele>56.96</ele>
      </trkpt>
      <trkpt lat="-44.69439" lon="167.878">
        <ele>56.76</ele>
      </trkpt>
      <trkpt lat="-44.69434" lon="167.87805">
        <ele>56.96</ele>
      </trkpt>
      <trkpt lat="-44.69431" lon="167.87813">
        <ele>55.99</ele>
      </trkpt>
      <trkpt lat="-44.69427" lon="167.87819">
        <ele>55.52</ele>
      </trkpt>
      <trkpt lat="-44.69423" lon="167.87826">
        <ele>54.37</ele>
      </trkpt>
      <trkpt lat="-44.6942" lon="167.87833">
        <ele>52.63</ele>
      </trkpt>
      <trkpt lat="-44.69416" lon="167.8784">
        <ele>53.09</ele>
      </trkpt>
      <trkpt lat="-44.69413" lon="167.87848">
        <ele>54.03</ele>
      </trkpt>
      <trkpt lat="-44.69409" lon="167.87855">
        <ele>55.07</ele>
      </trkpt>
      <trkpt lat="-44.69406" lon="167.87862">
        <ele>55.29</ele>
      </trkpt>
      <trkpt lat="-44.69402" lon="167.87869">
        <ele>55.17</ele>
      </trkpt>
      <trkpt lat="-44.69399" lon="167.87877">
        <ele>54.34</ele>
      </trkpt>
      <trkpt lat="-44.69395" lon="167.87883">
        <ele>54.02</ele>
      </trkpt>
      <trkpt lat="-44.69391" lon="167.8789">
        <ele>53.39</ele>
      </trkpt>
      <trkpt lat="-44.69388" lon="167.87897">
        <ele>53.35</ele>
      </trkpt>
      <trkpt lat="-44.69383" lon="167.87903">
        <ele>55.25</ele>
      </trkpt>
      <trkpt lat="-44.69379" lon="167.87909">
        <ele>56.38</ele>
      </trkpt>
      <trkpt lat="-44.69376" lon="167.87916">
        <ele>56.63</ele>
      </trkpt>
      <trkpt lat="-44.69372" lon="167.87923">
        <ele>56.9</ele>
      </trkpt>
      <trkpt lat="-44.69368" lon="167.87929">
        <ele>56.75</ele>
      </trkpt>
      <trkpt lat="-44.69364" lon="167.87936">
        <ele>55.61</ele>
      </trkpt>
      <trkpt lat="-44.69361" lon="167.87943">
        <ele>53.62</ele>
      </trkpt>
      <trkpt lat="-44.69357" lon="167.87951">
        <ele>53.32</ele>
      </trkpt>
      <trkpt lat="-44.69353" lon="167.87956">
        <ele>53.45</ele>
      </trkpt>
      <trkpt lat="-44.6935" lon="167.87965">
        <ele>51.73</ele>
      </trkpt>
      <trkpt lat="-44.69345" lon="167.87969">
        <ele>51.44</ele>
      </trkpt>
      <trkpt lat="-44.69341" lon="167.87975">
        <ele>50.41</ele>
      </trkpt>
      <trkpt lat="-44.69337" lon="167.87981">
        <ele>49.74</ele>
      </trkpt>
      <trkpt lat="-44.69333" lon="167.87987">
        <ele>48.94</ele>
      </trkpt>
      <trkpt lat="-44.69328" lon="167.87993">
        <ele>49.58</ele>
      </trkpt>
      <trkpt lat="-44.69325" lon="167.88">
        <ele>49.0</ele>
      </trkpt>
      <trkpt lat="-44.69321" lon="167.88007">
        <ele>49.24</ele>
      </trkpt>
      <trkpt lat="-44.69318" lon="167.88014">
        <ele>48.9</ele>
      </trkpt>
      <trkpt lat="-44.69314" lon="167.88022">
        <ele>48.38</ele>
      </trkpt>
      <trkpt lat="-44.69311" lon="167.88029">
        <ele>47.52</ele>
      </trkpt>
      <trkpt lat="-44.69307" lon="167.88036">
        <ele>46.41</ele>
      </trkpt>
      <trkpt lat="-44.69303" lon="167.88042">
        <ele>45.5</ele>
      </trkpt>
      <trkpt lat="-44.69299" lon="167.88048">
        <ele>44.44</ele>
      </trkpt>
      <trkpt lat="-44.69295" lon="167.88053">
        <ele>43.43</ele>
      </trkpt>
      <trkpt lat="-44.6929" lon="167.88058">
        <ele>42.65</ele>
      </trkpt>
      <trkpt lat="-44.69285" lon="167.88062">
        <ele>42.28</ele>
      </trkpt>
      <trkpt lat="-44.69279" lon="167.88066">
        <ele>41.87</ele>
      </trkpt>
      <trkpt lat="-44.69274" lon="167.88071">
        <ele>42.21</ele>
      </trkpt>
      <trkpt lat="-44.6927" lon="167.88076">
        <ele>41.83</ele>
      </trkpt>
      <trkpt lat="-44.69266" lon="167.88082">
        <ele>40.21</ele>
      </trkpt>
      <trkpt lat="-44.69262" lon="167.88088">
        <ele>39.88</ele>
      </trkpt>
      <trkpt lat="-44.69258" lon="167.88095">
        <ele>39.83</ele>
      </trkpt>
      <trkpt lat="-44.69255" lon="167.88102">
        <ele>39.47</ele>
      </trkpt>
      <trkpt lat="-44.69251" lon="167.8811">
        <ele>39.01</ele>
      </trkpt>
      <trkpt lat="-44.69248" lon="167.88117">
        <ele>39.03</ele>
      </trkpt>
      <trkpt lat="-44.69244" lon="167.88124">
        <ele>39.28</ele>
      </trkpt>
      <trkpt lat="-44.69241" lon="167.88132">
        <ele>39.03</ele>
      </trkpt>
      <trkpt lat="-44.69237" lon="167.88139">
        <ele>38.86</ele>
      </trkpt>
      <trkpt lat="-44.69234" lon="167.88146">
        <ele>38.61</ele>
      </trkpt>
      <trkpt lat="-44.69231" lon="167.88155">
        <ele>37.97</ele>
      </trkpt>
      <trkpt lat="-44.6923" lon="167.88163">
        <ele>37.14</ele>
      </trkpt>
      <trkpt lat="-44.69228" lon="167.88172">
        <ele>36.45</ele>
      </trkpt>
      <trkpt lat="-44.69227" lon="167.8818">
        <ele>35.95</ele>
      </trkpt>
      <trkpt lat="-44.69226" lon="167.88189">
        <ele>35.37</ele>
      </trkpt>
      <trkpt lat="-44.69226" lon="167.88197">
        <ele>34.84</ele>
      </trkpt>
      <trkpt lat="-44.69224" lon="167.88205">
        <ele>34.29</ele>
      </trkpt>
      <trkpt lat="-44.69223" lon="167.88214">
        <ele>33.63</ele>
      </trkpt>
      <trkpt lat="-44.69223" lon="167.88222">
        <ele>33.07</ele>
      </trkpt>
      <trkpt lat="-44.6922" lon="167.8823">
        <ele>32.76</ele>
      </trkpt>
      <trkpt lat="-44.69217" lon="167.88237">
        <ele>32.46</ele>
      </trkpt>
      <trkpt lat="-44.69212" lon="167.88242">
        <ele>32.13</ele>
      </trkpt>
      <trkpt lat="-44.69208" lon="167.88248">
        <ele>31.63</ele>
      </trkpt>
      <trkpt lat="-44.69203" lon="167.88252">
        <ele>31.11</ele>
      </trkpt>
      <trkpt lat="-44.69198" lon="167.88258">
        <ele>30.3</ele>
      </trkpt>
      <trkpt lat="-44.69194" lon="167.88264">
        <ele>29.57</ele>
      </trkpt>
      <trkpt lat="-44.6919" lon="167.88269">
        <ele>29.75</ele>
      </trkpt>
      <trkpt lat="-44.69185" lon="167.88274">
        <ele>30.11</ele>
      </trkpt>
      <trkpt lat="-44.6918" lon="167.8828">
        <ele>30.48</ele>
      </trkpt>
      <trkpt lat="-44.69175" lon="167.88284">
        <ele>31.03</ele>
      </trkpt>
      <trkpt lat="-44.6917" lon="167.88288">
        <ele>31.43</ele>
      </trkpt>
      <trkpt lat="-44.69165" lon="167.88293">
        <ele>32.04</ele>
      </trkpt>
      <trkpt lat="-44.69162" lon="167.88301">
        <ele>32.37</ele>
      </trkpt>
      <trkpt lat="-44.69159" lon="167.88308">
        <ele>32.97</ele>
      </trkpt>
      <trkpt lat="-44.69156" lon="167.88316">
        <ele>33.99</ele>
      </trkpt>
      <trkpt lat="-44.69152" lon="167.88323">
        <ele>35.51</ele>
      </trkpt>
      <trkpt lat="-44.69148" lon="167.88329">
        <ele>37.12</ele>
      </trkpt>
      <trkpt lat="-44.69144" lon="167.88336">
        <ele>38.73</ele>
      </trkpt>
      <trkpt lat="-44.69143" lon="167.88344">
        <ele>38.95</ele>
      </trkpt>
      <trkpt lat="-44.69144" lon="167.88352">
        <ele>38.37</ele>
      </trkpt>
      <trkpt lat="-44.69145" lon="167.8836">
        <ele>37.82</ele>
      </trkpt>
      <trkpt lat="-44.69148" lon="167.88368">
        <ele>35.89</ele>
      </trkpt>
      <trkpt lat="-44.69151" lon="167.88375">
        <ele>34.23</ele>
      </trkpt>
      <trkpt lat="-44.69154" lon="167.88383">
        <ele>32.76</ele>
      </trkpt>
      <trkpt lat="-44.69156" lon="167.88391">
        <ele>31.94</ele>
      </trkpt>
      <trkpt lat="-44.69159" lon="167.88398">
        <ele>31.53</ele>
      </trkpt>
      <trkpt lat="-44.69162" lon="167.88406">
        <ele>31.25</ele>
      </trkpt>
      <trkpt lat="-44.69164" lon="167.88414">
        <ele>31.21</ele>
      </trkpt>
      <trkpt lat="-44.69167" lon="167.88421">
        <ele>30.8</ele>
      </trkpt>
      <trkpt lat="-44.69171" lon="167.88429">
        <ele>30.0</ele>
      </trkpt>
      <trkpt lat="-44.69171" lon="167.88437">
        <ele>29.76</ele>
      </trkpt>
      <trkpt lat="-44.69171" lon="167.88445">
        <ele>29.5</ele>
      </trkpt>
      <trkpt lat="-44.69171" lon="167.88453">
        <ele>29.06</ele>
      </trkpt>
      <trkpt lat="-44.69171" lon="167.88461">
        <ele>28.62</ele>
      </trkpt>
      <trkpt lat="-44.6917" lon="167.8847">
        <ele>28.13</ele>
      </trkpt>
      <trkpt lat="-44.69168" lon="167.88478">
        <ele>27.8</ele>
      </trkpt>
      <trkpt lat="-44.69167" lon="167.88487">
        <ele>27.47</ele>
      </trkpt>
      <trkpt lat="-44.69164" lon="167.88495">
        <ele>27.29</ele>
      </trkpt>
      <trkpt lat="-44.69161" lon="167.88504">
        <ele>27.2</ele>
      </trkpt>
      <trkpt lat="-44.69159" lon="167.88513">
        <ele>27.28</ele>
      </trkpt>
      <trkpt lat="-44.69156" lon="167.88522">
        <ele>27.38</ele>
      </trkpt>
      <trkpt lat="-44.69153" lon="167.8853">
        <ele>27.41</ele>
      </trkpt>
      <trkpt lat="-44.69151" lon="167.88539">
        <ele>27.16</ele>
      </trkpt>
      <trkpt lat="-44.69148" lon="167.88548">
        <ele>26.94</ele>
      </trkpt>
      <trkpt lat="-44.69145" lon="167.88556">
        <ele>26.76</ele>
      </trkpt>
      <trkpt lat="-44.69142" lon="167.88564">
        <ele>26.35</ele>
      </trkpt>
      <trkpt lat="-44.69138" lon="167.88571">
        <ele>26.0</ele>
      </trkpt>
      <trkpt lat="-44.69135" lon="167.88578">
        <ele>25.92</ele>
      </trkpt>
      <trkpt lat="-44.69131" lon="167.88584">
        <ele>26.15</ele>
      </trkpt>
      <trkpt lat="-44.69126" lon="167.8859">
        <ele>26.87</ele>
      </trkpt>
      <trkpt lat="-44.69125" lon="167.88594">
        <ele>27.0</ele>
      </trkpt>
      <trkpt lat="-44.69123" lon="167.88597">
        <ele>27.22</ele>
      </trkpt>
      <trkpt lat="-44.6912" lon="167.88604">
        <ele>27.45</ele>
      </trkpt>
      <trkpt lat="-44.69116" lon="167.88611">
        <ele>27.65</ele>
      </trkpt>
      <trkpt lat="-44.69113" lon="167.8862">
        <ele>28.23</ele>
      </trkpt>
      <trkpt lat="-44.6911" lon="167.88627">
        <ele>28.63</ele>
      </trkpt>
      <trkpt lat="-44.69106" lon="167.88635">
        <ele>29.07</ele>
      </trkpt>
      <trkpt lat="-44.69103" lon="167.88642">
        <ele>29.4</ele>
      </trkpt>
      <trkpt lat="-44.69099" lon="167.88649">
        <ele>29.8</ele>
      </trkpt>
      <trkpt lat="-44.69096" lon="167.88656">
        <ele>30.16</ele>
      </trkpt>
      <trkpt lat="-44.69095" lon="167.88665">
        <ele>30.52</ele>
      </trkpt>
      <trkpt lat="-44.69092" lon="167.88674">
        <ele>31.13</ele>
      </trkpt>
      <trkpt lat="-44.69093" lon="167.88682">
        <ele>31.56</ele>
      </trkpt>
      <trkpt lat="-44.69093" lon="167.8869">
        <ele>32.04</ele>
      </trkpt>
      <trkpt lat="-44.69095" lon="167.88698">
        <ele>32.21</ele>
      </trkpt>
      <trkpt lat="-44.69095" lon="167.88706">
        <ele>32.33</ele>
      </trkpt>
      <trkpt lat="-44.69096" lon="167.88714">
        <ele>32.41</ele>
      </trkpt>
      <trkpt lat="-44.69096" lon="167.88722">
        <ele>32.54</ele>
      </trkpt>
      <trkpt lat="-44.69097" lon="167.8873">
        <ele>32.09</ele>
      </trkpt>
      <trkpt lat="-44.69097" lon="167.88738">
        <ele>31.65</ele>
      </trkpt>
      <trkpt lat="-44.69099" lon="167.88746">
        <ele>31.21</ele>
      </trkpt>
      <trkpt lat="-44.69099" lon="167.88754">
        <ele>30.92</ele>
      </trkpt>
      <trkpt lat="-44.691" lon="167.88762">
        <ele>30.74</ele>
      </trkpt>
      <trkpt lat="-44.691" lon="167.8877">
        <ele>30.57</ele>
      </trkpt>
      <trkpt lat="-44.69101" lon="167.88778">
        <ele>30.37</ele>
      </trkpt>
      <trkpt lat="-44.69101" lon="167.88786">
        <ele>30.44</ele>
      </trkpt>
      <trkpt lat="-44.69102" lon="167.88794">
        <ele>30.53</ele>
      </trkpt>
      <trkpt lat="-44.691" lon="167.88801">
        <ele>30.57</ele>
      </trkpt>
      <trkpt lat="-44.69096" lon="167.88806">
        <ele>30.45</ele>
      </trkpt>
      <trkpt lat="-44.6909" lon="167.8881">
        <ele>30.2</ele>
      </trkpt>
      <trkpt lat="-44.69085" lon="167.88814">
        <ele>30.04</ele>
      </trkpt>
      <trkpt lat="-44.6908" lon="167.88818">
        <ele>29.69</ele>
      </trkpt>
      <trkpt lat="-44.69074" lon="167.88821">
        <ele>29.18</ele>
      </trkpt>
      <trkpt lat="-44.69069" lon="167.88825">
        <ele>28.81</ele>
      </trkpt>
      <trkpt lat="-44.69064" lon="167.8883">
        <ele>28.52</ele>
      </trkpt>
      <trkpt lat="-44.69059" lon="167.88834">
        <ele>28.27</ele>
      </trkpt>
      <trkpt lat="-44.69055" lon="167.8884">
        <ele>28.28</ele>
      </trkpt>
      <trkpt lat="-44.6905" lon="167.88846">
        <ele>28.86</ele>
      </trkpt>
      <trkpt lat="-44.69046" lon="167.88851">
        <ele>29.32</ele>
      </trkpt>
      <trkpt lat="-44.69043" lon="167.88859">
        <ele>29.83</ele>
      </trkpt>
      <trkpt lat="-44.69038" lon="167.88864">
        <ele>30.38</ele>
      </trkpt>
      <trkpt lat="-44.69034" lon="167.8887">
        <ele>30.77</ele>
      </trkpt>
      <trkpt lat="-44.6903" lon="167.88876">
        <ele>30.97</ele>
      </trkpt>
      <trkpt lat="-44.69026" lon="167.88882">
        <ele>30.94</ele>
      </trkpt>
      <trkpt lat="-44.69021" lon="167.88888">
        <ele>30.76</ele>
      </trkpt>
      <trkpt lat="-44.69021" lon="167.88888">
        <ele>30.76</ele>
      </trkpt>
      <trkpt lat="-44.69017" lon="167.88893">
        <ele>30.55</ele>
      </trkpt>
      <trkpt lat="-44.69013" lon="167.88899">
        <ele>30.27</ele>
      </trkpt>
      <trkpt lat="-44.69009" lon="167.88906">
        <ele>29.91</ele>
      </trkpt>
      <trkpt lat="-44.69005" lon="167.88912">
        <ele>29.5</ele>
      </trkpt>
      <trkpt lat="-44.69001" lon="167.88918">
        <ele>29.07</ele>
      </trkpt>
      <trkpt lat="-44.68997" lon="167.88925">
        <ele>28.86</ele>
      </trkpt>
      <trkpt lat="-44.68993" lon="167.88931">
        <ele>28.62</ele>
      </trkpt>
      <trkpt lat="-44.68989" lon="167.88937">
        <ele>28.31</ele>
      </trkpt>
      <trkpt lat="-44.68985" lon="167.88942">
        <ele>27.97</ele>
      </trkpt>
      <trkpt lat="-44.6898" lon="167.88948">
        <ele>27.49</ele>
      </trkpt>
      <trkpt lat="-44.68975" lon="167.88953">
        <ele>27.14</ele>
      </trkpt>
      <trkpt lat="-44.68971" lon="167.88958">
        <ele>27.0</ele>
      </trkpt>
      <trkpt lat="-44.68967" lon="167.88964">
        <ele>27.0</ele>
      </trkpt>
      <trkpt lat="-44.68962" lon="167.8897">
        <ele>27.0</ele>
      </trkpt>
      <trkpt lat="-44.68957" lon="167.88974">
        <ele>26.84</ele>
      </trkpt>
      <trkpt lat="-44.68953" lon="167.8898">
        <ele>26.35</ele>
      </trkpt>
      <trkpt lat="-44.68947" lon="167.88983">
        <ele>26.19</ele>
      </trkpt>
      <trkpt lat="-44.68944" lon="167.88992">
        <ele>25.62</ele>
      </trkpt>
      <trkpt lat="-44.6894" lon="167.88997">
        <ele>25.68</ele>
      </trkpt>
      <trkpt lat="-44.68937" lon="167.89006">
        <ele>25.37</ele>
      </trkpt>
      <trkpt lat="-44.68932" lon="167.89009">
        <ele>25.7</ele>
      </trkpt>
      <trkpt lat="-44.68927" lon="167.89013">
        <ele>25.95</ele>
      </trkpt>
      <trkpt lat="-44.68921" lon="167.89016">
        <ele>26.38</ele>
      </trkpt>
      <trkpt lat="-44.68915" lon="167.89019">
        <ele>26.93</ele>
      </trkpt>
      <trkpt lat="-44.68909" lon="167.89022">
        <ele>27.8</ele>
      </trkpt>
      <trkpt lat="-44.68902" lon="167.89023">
        <ele>28.98</ele>
      </trkpt>
      <trkpt lat="-44.68896" lon="167.89024">
        <ele>29.99</ele>
      </trkpt>
      <trkpt lat="-44.6889" lon="167.89027">
        <ele>30.86</ele>
      </trkpt>
      <trkpt lat="-44.68883" lon="167.89029">
        <ele>30.32</ele>
      </trkpt>
      <trkpt lat="-44.68879" lon="167.89034">
        <ele>29.71</ele>
      </trkpt>
      <trkpt lat="-44.68874" lon="167.89039">
        <ele>28.99</ele>
      </trkpt>
      <trkpt lat="-44.68869" lon="167.89043">
        <ele>28.3</ele>
      </trkpt>
      <trkpt lat="-44.68864" lon="167.89047">
        <ele>27.62</ele>
      </trkpt>
      <trkpt lat="-44.68859" lon="167.89053">
        <ele>26.71</ele>
      </trkpt>
      <trkpt lat="-44.68854" lon="167.89057">
        <ele>25.66</ele>
      </trkpt>
      <trkpt lat="-44.6885" lon="167.89063">
        <ele>24.79</ele>
      </trkpt>
      <trkpt lat="-44.68846" lon="167.89069">
        <ele>24.1</ele>
      </trkpt>
      <trkpt lat="-44.68841" lon="167.89073">
        <ele>23.49</ele>
      </trkpt>
      <trkpt lat="-44.68836" lon="167.89078">
        <ele>23.06</ele>
      </trkpt>
      <trkpt lat="-44.6883" lon="167.89081">
        <ele>23.03</ele>
      </trkpt>
      <trkpt lat="-44.68828" lon="167.89087">
        <ele>23.32</ele>
      </trkpt>
      <trkpt lat="-44.68828" lon="167.89096">
        <ele>23.65</ele>
      </trkpt>
      <trkpt lat="-44.68828" lon="167.89104">
        <ele>23.94</ele>
      </trkpt>
      <trkpt lat="-44.68828" lon="167.89112">
        <ele>24.17</ele>
      </trkpt>
      <trkpt lat="-44.68828" lon="167.8912">
        <ele>23.93</ele>
      </trkpt>
      <trkpt lat="-44.68828" lon="167.89128">
        <ele>23.7</ele>
      </trkpt>
      <trkpt lat="-44.68829" lon="167.89136">
        <ele>23.4</ele>
      </trkpt>
      <trkpt lat="-44.68826" lon="167.89145">
        <ele>23.31</ele>
      </trkpt>
      <trkpt lat="-44.68826" lon="167.89153">
        <ele>23.02</ele>
      </trkpt>
      <trkpt lat="-44.68825" lon="167.89162">
        <ele>22.77</ele>
      </trkpt>
      <trkpt lat="-44.68824" lon="167.8917">
        <ele>22.83</ele>
      </trkpt>
      <trkpt lat="-44.68822" lon="167.89178">
        <ele>23.3</ele>
      </trkpt>
      <trkpt lat="-44.68821" lon="167.89187">
        <ele>23.7</ele>
      </trkpt>
      <trkpt lat="-44.68818" lon="167.89196">
        <ele>24.11</ele>
      </trkpt>
      <trkpt lat="-44.68816" lon="167.89204">
        <ele>24.69</ele>
      </trkpt>
      <trkpt lat="-44.68813" lon="167.89213">
        <ele>25.34</ele>
      </trkpt>
      <trkpt lat="-44.6881" lon="167.89222">
        <ele>25.98</ele>
      </trkpt>
      <trkpt lat="-44.68807" lon="167.8923">
        <ele>25.72</ele>
      </trkpt>
      <trkpt lat="-44.68805" lon="167.89239">
        <ele>25.42</ele>
      </trkpt>
      <trkpt lat="-44.68801" lon="167.89246">
        <ele>25.33</ele>
      </trkpt>
      <trkpt lat="-44.68799" lon="167.89252">
        <ele>25.24</ele>
      </trkpt>
      <trkpt lat="-44.68798" lon="167.89254">
        <ele>25.27</ele>
      </trkpt>
      <trkpt lat="-44.68794" lon="167.89261">
        <ele>25.42</ele>
      </trkpt>
      <trkpt lat="-44.6879" lon="167.89267">
        <ele>25.56</ele>
      </trkpt>
      <trkpt lat="-44.68787" lon="167.89275">
        <ele>25.67</ele>
      </trkpt>
      <trkpt lat="-44.68787" lon="167.89284">
        <ele>25.44</ele>
      </trkpt>
      <trkpt lat="-44.68786" lon="167.89292">
        <ele>25.19</ele>
      </trkpt>
      <trkpt lat="-44.68785" lon="167.89301">
        <ele>24.9</ele>
      </trkpt>
      <trkpt lat="-44.68783" lon="167.89309">
        <ele>24.69</ele>
      </trkpt>
      <trkpt lat="-44.68781" lon="167.89318">
        <ele>24.44</ele>
      </trkpt>
      <trkpt lat="-44.68778" lon="167.89326">
        <ele>24.26</ele>
      </trkpt>
      <trkpt lat="-44.68775" lon="167.89335">
        <ele>24.27</ele>
      </trkpt>
      <trkpt lat="-44.68773" lon="167.89344">
        <ele>23.79</ele>
      </trkpt>
      <trkpt lat="-44.6877" lon="167.89353">
        <ele>23.31</ele>
      </trkpt>
      <trkpt lat="-44.68767" lon="167.89361">
        <ele>22.79</ele>
      </trkpt>
      <trkpt lat="-44.68765" lon="167.8937">
        <ele>22.33</ele>
      </trkpt>
      <trkpt lat="-44.68762" lon="167.89379">
        <ele>21.67</ele>
      </trkpt>
      <trkpt lat="-44.68758" lon="167.89386">
        <ele>20.87</ele>
      </trkpt>
      <trkpt lat="-44.68753" lon="167.89389">
        <ele>20.2</ele>
      </trkpt>
      <trkpt lat="-44.68746" lon="167.8939">
        <ele>20.17</ele>
      </trkpt>
      <trkpt lat="-44.68739" lon="167.89392">
        <ele>20.46</ele>
      </trkpt>
      <trkpt lat="-44.68733" lon="167.89393">
        <ele>20.78</ele>
      </trkpt>
      <trkpt lat="-44.68726" lon="167.89394">
        <ele>21.18</ele>
      </trkpt>
      <trkpt lat="-44.6872" lon="167.89394">
        <ele>21.32</ele>
      </trkpt>
      <trkpt lat="-44.68714" lon="167.89394">
        <ele>20.96</ele>
      </trkpt>
      <trkpt lat="-44.68708" lon="167.89393">
        <ele>20.68</ele>
      </trkpt>
      <trkpt lat="-44.68701" lon="167.89393">
        <ele>20.25</ele>
      </trkpt>
      <trkpt lat="-44.68695" lon="167.89392">
        <ele>19.92</ele>
      </trkpt>
      <trkpt lat="-44.68689" lon="167.89394">
        <ele>19.42</ele>
      </trkpt>
      <trkpt lat="-44.68682" lon="167.89395">
        <ele>18.88</ele>
      </trkpt>
      <trkpt lat="-44.68675" lon="167.89396">
        <ele>18.34</ele>
      </trkpt>
      <trkpt lat="-44.68669" lon="167.89398">
        <ele>17.84</ele>
      </trkpt>
      <trkpt lat="-44.68662" lon="167.89399">
        <ele>18.02</ele>
      </trkpt>
      <trkpt lat="-44.68655" lon="167.89401">
        <ele>18.46</ele>
      </trkpt>
      <trkpt lat="-44.68649" lon="167.89402">
        <ele>18.84</ele>
      </trkpt>
      <trkpt lat="-44.68642" lon="167.89403">
        <ele>19.25</ele>
      </trkpt>
      <trkpt lat="-44.68636" lon="167.89407">
        <ele>20.02</ele>
      </trkpt>
      <trkpt lat="-44.68633" lon="167.89413">
        <ele>20.33</ele>
      </trkpt>
      <trkpt lat="-44.6863" lon="167.89422">
        <ele>20.5</ele>
      </trkpt>
      <trkpt lat="-44.68627" lon="167.89429">
        <ele>20.84</ele>
      </trkpt>
      <trkpt lat="-44.68623" lon="167.89437">
        <ele>21.16</ele>
      </trkpt>
      <trkpt lat="-44.6862" lon="167.89444">
        <ele>21.13</ele>
      </trkpt>
      <trkpt lat="-44.68616" lon="167.89451">
        <ele>22.03</ele>
      </trkpt>
      <trkpt lat="-44.68613" lon="167.89458">
        <ele>22.66</ele>
      </trkpt>
      <trkpt lat="-44.6861" lon="167.89467">
        <ele>23.7</ele>
      </trkpt>
      <trkpt lat="-44.68607" lon="167.89476">
        <ele>25.82</ele>
      </trkpt>
      <trkpt lat="-44.68605" lon="167.89485">
        <ele>27.61</ele>
      </trkpt>
      <trkpt lat="-44.68603" lon="167.89493">
        <ele>29.12</ele>
      </trkpt>
      <trkpt lat="-44.68602" lon="167.89501">
        <ele>29.97</ele>
      </trkpt>
      <trkpt lat="-44.68601" lon="167.8951">
        <ele>30.69</ele>
      </trkpt>
      <trkpt lat="-44.68601" lon="167.89518">
        <ele>30.96</ele>
      </trkpt>
      <trkpt lat="-44.68601" lon="167.89526">
        <ele>31.22</ele>
      </trkpt>
      <trkpt lat="-44.686" lon="167.89535">
        <ele>31.6</ele>
      </trkpt>
      <trkpt lat="-44.68598" lon="167.89541">
        <ele>32.08</ele>
      </trkpt>
      <trkpt lat="-44.68594" lon="167.89547">
        <ele>32.8</ele>
      </trkpt>
      <trkpt lat="-44.68591" lon="167.89554">
        <ele>32.99</ele>
      </trkpt>
      <trkpt lat="-44.68587" lon="167.89562">
        <ele>33.04</ele>
      </trkpt>
      <trkpt lat="-44.68585" lon="167.8957">
        <ele>32.75</ele>
      </trkpt>
      <trkpt lat="-44.68582" lon="167.89579">
        <ele>33.03</ele>
      </trkpt>
      <trkpt lat="-44.68579" lon="167.89588">
        <ele>33.69</ele>
      </trkpt>
      <trkpt lat="-44.68576" lon="167.89597">
        <ele>33.93</ele>
      </trkpt>
      <trkpt lat="-44.68574" lon="167.89605">
        <ele>33.57</ele>
      </trkpt>
      <trkpt lat="-44.68571" lon="167.89614">
        <ele>33.11</ele>
      </trkpt>
      <trkpt lat="-44.68568" lon="167.89623">
        <ele>32.38</ele>
      </trkpt>
      <trkpt lat="-44.68567" lon="167.89631">
        <ele>31.17</ele>
      </trkpt>
      <trkpt lat="-44.68566" lon="167.8964">
        <ele>29.7</ele>
      </trkpt>
      <trkpt lat="-44.68564" lon="167.89648">
        <ele>28.65</ele>
      </trkpt>
      <trkpt lat="-44.68563" lon="167.89657">
        <ele>27.29</ele>
      </trkpt>
      <trkpt lat="-44.68562" lon="167.89665">
        <ele>26.04</ele>
      </trkpt>
      <trkpt lat="-44.68559" lon="167.89674">
        <ele>25.32</ele>
      </trkpt>
      <trkpt lat="-44.68556" lon="167.89682">
        <ele>24.87</ele>
      </trkpt>
      <trkpt lat="-44.68554" lon="167.89691">
        <ele>24.73</ele>
      </trkpt>
      <trkpt lat="-44.68552" lon="167.897">
        <ele>24.62</ele>
      </trkpt>
      <trkpt lat="-44.68551" lon="167.89708">
        <ele>24.34</ele>
      </trkpt>
      <trkpt lat="-44.6855" lon="167.89716">
        <ele>24.05</ele>
      </trkpt>
      <trkpt lat="-44.68548" lon="167.89725">
        <ele>24.02</ele>
      </trkpt>
      <trkpt lat="-44.68547" lon="167.89733">
        <ele>23.84</ele>
      </trkpt>
      <trkpt lat="-44.68544" lon="167.89742">
        <ele>24.02</ele>
      </trkpt>
      <trkpt lat="-44.68542" lon="167.89751">
        <ele>23.86</ele>
      </trkpt>
      <trkpt lat="-44.6854" lon="167.89759">
        <ele>23.67</ele>
      </trkpt>
      <trkpt lat="-44.68539" lon="167.89768">
        <ele>23.16</ele>
      </trkpt>
      <trkpt lat="-44.68538" lon="167.89776">
        <ele>22.67</ele>
      </trkpt>
      <trkpt lat="-44.68538" lon="167.89784">
        <ele>22.45</ele>
      </trkpt>
      <trkpt lat="-44.68538" lon="167.89792">
        <ele>22.34</ele>
      </trkpt>
      <trkpt lat="-44.68536" lon="167.89801">
        <ele>22.57</ele>
      </trkpt>
      <trkpt lat="-44.68535" lon="167.89809">
        <ele>22.61</ele>
      </trkpt>
      <trkpt lat="-44.68534" lon="167.89818">
        <ele>22.53</ele>
      </trkpt>
      <trkpt lat="-44.68531" lon="167.89827">
        <ele>22.74</ele>
      </trkpt>
      <trkpt lat="-44.68528" lon="167.89835">
        <ele>22.91</ele>
      </trkpt>
      <trkpt lat="-44.68525" lon="167.89842">
        <ele>23.13</ele>
      </trkpt>
      <trkpt lat="-44.68521" lon="167.8985">
        <ele>23.33</ele>
      </trkpt>
      <trkpt lat="-44.68518" lon="167.89857">
        <ele>23.31</ele>
      </trkpt>
      <trkpt lat="-44.68514" lon="167.89864">
        <ele>23.18</ele>
      </trkpt>
      <trkpt lat="-44.68511" lon="167.89871">
        <ele>22.74</ele>
      </trkpt>
      <trkpt lat="-44.6851" lon="167.8988">
        <ele>21.88</ele>
      </trkpt>
      <trkpt lat="-44.68508" lon="167.89888">
        <ele>21.23</ele>
      </trkpt>
      <trkpt lat="-44.68507" lon="167.89897">
        <ele>20.52</ele>
      </trkpt>
      <trkpt lat="-44.68506" lon="167.89905">
        <ele>19.86</ele>
      </trkpt>
      <trkpt lat="-44.68504" lon="167.89914">
        <ele>19.12</ele>
      </trkpt>
      <trkpt lat="-44.68501" lon="167.89922">
        <ele>17.83</ele>
      </trkpt>
      <trkpt lat="-44.68499" lon="167.89931">
        <ele>16.09</ele>
      </trkpt>
      <trkpt lat="-44.68496" lon="167.8994">
        <ele>14.78</ele>
      </trkpt>
      <trkpt lat="-44.68493" lon="167.89949">
        <ele>14.1</ele>
      </trkpt>
      <trkpt lat="-44.6849" lon="167.89956">
        <ele>13.85</ele>
      </trkpt>
      <trkpt lat="-44.68487" lon="167.89963">
        <ele>13.26</ele>
      </trkpt>
      <trkpt lat="-44.68483" lon="167.8997">
        <ele>12.37</ele>
      </trkpt>
      <trkpt lat="-44.6848" lon="167.89978">
        <ele>11.7</ele>
      </trkpt>
      <trkpt lat="-44.68476" lon="167.89985">
        <ele>11.21</ele>
      </trkpt>
      <trkpt lat="-44.68475" lon="167.89993">
        <ele>10.65</ele>
      </trkpt>
      <trkpt lat="-44.68474" lon="167.89998">
        <ele>10.26</ele>
      </trkpt>
      <trkpt lat="-44.68473" lon="167.90002">
        <ele>10.06</ele>
      </trkpt>
      <trkpt lat="-44.68472" lon="167.9001">
        <ele>10.03</ele>
      </trkpt>
      <trkpt lat="-44.68471" lon="167.90019">
        <ele>10.15</ele>
      </trkpt>
      <trkpt lat="-44.68469" lon="167.90027">
        <ele>10.35</ele>
      </trkpt>
      <trkpt lat="-44.68468" lon="167.90036">
        <ele>10.41</ele>
      </trkpt>
      <trkpt lat="-44.68466" lon="167.90042">
        <ele>10.56</ele>
      </trkpt>
      <trkpt lat="-44.68465" lon="167.9005">
        <ele>10.57</ele>
      </trkpt>
      <trkpt lat="-44.68462" lon="167.90056">
        <ele>10.75</ele>
      </trkpt>
      <trkpt lat="-44.68459" lon="167.90063">
        <ele>11.11</ele>
      </trkpt>
      <trkpt lat="-44.68456" lon="167.90071">
        <ele>11.31</ele>
      </trkpt>
      <trkpt lat="-44.68453" lon="167.90079">
        <ele>11.32</ele>
      </trkpt>
      <trkpt lat="-44.6845" lon="167.90087">
        <ele>11.15</ele>
      </trkpt>
      <trkpt lat="-44.68446" lon="167.90094">
        <ele>11.01</ele>
      </trkpt>
      <trkpt lat="-44.68443" lon="167.90101">
        <ele>11.16</ele>
      </trkpt>
      <trkpt lat="-44.68439" lon="167.90108">
        <ele>11.59</ele>
      </trkpt>
      <trkpt lat="-44.68436" lon="167.90116">
        <ele>11.7</ele>
      </trkpt>
      <trkpt lat="-44.68432" lon="167.90123">
        <ele>11.58</ele>
      </trkpt>
      <trkpt lat="-44.68429" lon="167.9013">
        <ele>11.16</ele>
      </trkpt>
      <trkpt lat="-44.68426" lon="167.90137">
        <ele>10.52</ele>
      </trkpt>
      <trkpt lat="-44.68421" lon="167.90143">
        <ele>10.48</ele>
      </trkpt>
      <trkpt lat="-44.68417" lon="167.90149">
        <ele>10.74</ele>
      </trkpt>
      <trkpt lat="-44.68414" lon="167.90156">
        <ele>11.31</ele>
      </trkpt>
      <trkpt lat="-44.6841" lon="167.90163">
        <ele>11.8</ele>
      </trkpt>
      <trkpt lat="-44.68407" lon="167.90171">
        <ele>12.05</ele>
      </trkpt>
      <trkpt lat="-44.68403" lon="167.90178">
        <ele>12.01</ele>
      </trkpt>
      <trkpt lat="-44.684" lon="167.90186">
        <ele>11.86</ele>
      </trkpt>
      <trkpt lat="-44.68395" lon="167.90191">
        <ele>11.51</ele>
      </trkpt>
      <trkpt lat="-44.68391" lon="167.90197">
        <ele>11.24</ele>
      </trkpt>
      <trkpt lat="-44.68387" lon="167.90203">
        <ele>11.24</ele>
      </trkpt>
      <trkpt lat="-44.68383" lon="167.90208">
        <ele>11.28</ele>
      </trkpt>
      <trkpt lat="-44.68378" lon="167.90214">
        <ele>11.31</ele>
      </trkpt>
      <trkpt lat="-44.68375" lon="167.90221">
        <ele>11.46</ele>
      </trkpt>
      <trkpt lat="-44.68371" lon="167.90227">
        <ele>11.59</ele>
      </trkpt>
      <trkpt lat="-44.68366" lon="167.90233">
        <ele>11.63</ele>
      </trkpt>
      <trkpt lat="-44.68364" lon="167.90237">
        <ele>11.69</ele>
      </trkpt>
      <trkpt lat="-44.68363" lon="167.9024">
        <ele>11.75</ele>
      </trkpt>
    </trkseg>
  </trk>
</gpx>
