<?xml version="1.0"?>
<gpx xmlns="http://www.topografix.com/GPX/1/1" xmlns:xsi="http://www.w3.org/2001/XMLSchema-instance" version="1.1" creator="AllTrails.com" xsi:schemaLocation="http://www.topografix.com/GPX/1/1 http://www.topografix.com/GPX/1/1/gpx.xsd">
  <metadata>
    <name><![CDATA[Mt. Fuji: Yoshida Route [CLOSED]]]></name>
    <desc><![CDATA[]]></desc>
    <link href="http://www.alltrails.com">
      <text>AllTrails, LLC</text>
    </link>
    <bounds minlat="35.3596" minlon="138.72695" maxlat="35.39471" maxlon="138.75205"/>
  </metadata>
  <wpt lat="35.36288" lon="138.7314">
    <name><![CDATA[Mt. Fuji]]></name>
    <desc><![CDATA[]]></desc>
  </wpt>
  <wpt lat="35.3853723" lon="138.747168">
    <name><![CDATA[Police Station & Bathroom]]></name>
    <desc><![CDATA[]]></desc>
  </wpt>
  <trk>
    <name><![CDATA[Mt. Fuji: Yoshida Route [CLOSED]]]></name>
    <src>AllTrails</src>
    <trkseg>
      <trkpt lat="35.39471" lon="138.73294">
        <ele>2304.28</ele>
      </trkpt>
      <trkpt lat="35.39465" lon="138.7329">
        <ele>2303.53</ele>
      </trkpt>
      <trkpt lat="35.39462" lon="138.7329">
        <ele>2303.44</ele>
      </trkpt>
      <trkpt lat="35.39459" lon="138.7329">
        <ele>2303.34</ele>
      </trkpt>
      <trkpt lat="35.39453" lon="138.73289">
        <ele>2303.06</ele>
      </trkpt>
      <trkpt lat="35.39448" lon="138.73293">
        <ele>2303.24</ele>
      </trkpt>
      <trkpt lat="35.39444" lon="138.73298">
        <ele>2303.48</ele>
      </trkpt>
      <trkpt lat="35.39441" lon="138.73304">
        <ele>2304.03</ele>
      </trkpt>
      <trkpt lat="35.39438" lon="138.73309">
        <ele>2304.33</ele>
      </trkpt>
      <trkpt lat="35.39435" lon="138.73314">
        <ele>2304.54</ele>
      </trkpt>
      <trkpt lat="35.39432" lon="138.7332">
        <ele>2304.74</ele>
      </trkpt>
      <trkpt lat="35.39427" lon="138.73325">
        <ele>2304.89</ele>
      </trkpt>
      <trkpt lat="35.39423" lon="138.7333">
        <ele>2304.97</ele>
      </trkpt>
      <trkpt lat="35.39418" lon="138.73334">
        <ele>2304.93</ele>
      </trkpt>
      <trkpt lat="35.39413" lon="138.73338">
        <ele>2304.19</ele>
      </trkpt>
      <trkpt lat="35.39408" lon="138.73342">
        <ele>2303.25</ele>
      </trkpt>
      <trkpt lat="35.39404" lon="138.73346">
        <ele>2302.3</ele>
      </trkpt>
      <trkpt lat="35.39398" lon="138.73348">
        <ele>2301.36</ele>
      </trkpt>
      <trkpt lat="35.39394" lon="138.73352">
        <ele>2300.26</ele>
      </trkpt>
      <trkpt lat="35.39389" lon="138.73356">
        <ele>2298.93</ele>
      </trkpt>
      <trkpt lat="35.39384" lon="138.7336">
        <ele>2298.4</ele>
      </trkpt>
      <trkpt lat="35.39379" lon="138.73362">
        <ele>2298.27</ele>
      </trkpt>
      <trkpt lat="35.39374" lon="138.73367">
        <ele>2297.88</ele>
      </trkpt>
      <trkpt lat="35.39369" lon="138.73368">
        <ele>2297.86</ele>
      </trkpt>
      <trkpt lat="35.39364" lon="138.73371">
        <ele>2297.55</ele>
      </trkpt>
      <trkpt lat="35.39358" lon="138.73372">
        <ele>2297.64</ele>
      </trkpt>
      <trkpt lat="35.39353" lon="138.73374">
        <ele>2297.61</ele>
      </trkpt>
      <trkpt lat="35.39348" lon="138.73377">
        <ele>2297.32</ele>
      </trkpt>
      <trkpt lat="35.39343" lon="138.73379">
        <ele>2297.12</ele>
      </trkpt>
      <trkpt lat="35.39338" lon="138.73382">
        <ele>2296.61</ele>
      </trkpt>
      <trkpt lat="35.39333" lon="138.73385">
        <ele>2296.17</ele>
      </trkpt>
      <trkpt lat="35.39328" lon="138.73389">
        <ele>2297.88</ele>
      </trkpt>
      <trkpt lat="35.39323" lon="138.73393">
        <ele>2300.16</ele>
      </trkpt>
      <trkpt lat="35.39319" lon="138.73398">
        <ele>2301.2</ele>
      </trkpt>
      <trkpt lat="35.39314" lon="138.73403">
        <ele>2301.86</ele>
      </trkpt>
      <trkpt lat="35.3931" lon="138.73409">
        <ele>2301.14</ele>
      </trkpt>
      <trkpt lat="35.39305" lon="138.73414">
        <ele>2300.4</ele>
      </trkpt>
      <trkpt lat="35.39301" lon="138.73419">
        <ele>2301.44</ele>
      </trkpt>
      <trkpt lat="35.39296" lon="138.73423">
        <ele>2303.61</ele>
      </trkpt>
      <trkpt lat="35.39291" lon="138.73427">
        <ele>2305.43</ele>
      </trkpt>
      <trkpt lat="35.39286" lon="138.7343">
        <ele>2307.16</ele>
      </trkpt>
      <trkpt lat="35.39281" lon="138.73434">
        <ele>2308.29</ele>
      </trkpt>
      <trkpt lat="35.39277" lon="138.73438">
        <ele>2308.85</ele>
      </trkpt>
      <trkpt lat="35.39272" lon="138.73443">
        <ele>2310.64</ele>
      </trkpt>
      <trkpt lat="35.39268" lon="138.73448">
        <ele>2313.03</ele>
      </trkpt>
      <trkpt lat="35.39263" lon="138.73454">
        <ele>2316.43</ele>
      </trkpt>
      <trkpt lat="35.39259" lon="138.73459">
        <ele>2318.98</ele>
      </trkpt>
      <trkpt lat="35.39256" lon="138.73464">
        <ele>2320.73</ele>
      </trkpt>
      <trkpt lat="35.39252" lon="138.7347">
        <ele>2322.92</ele>
      </trkpt>
      <trkpt lat="35.39249" lon="138.73475">
        <ele>2324.2</ele>
      </trkpt>
      <trkpt lat="35.39247" lon="138.73481">
        <ele>2324.5</ele>
      </trkpt>
      <trkpt lat="35.39246" lon="138.73487">
        <ele>2324.17</ele>
      </trkpt>
      <trkpt lat="35.39244" lon="138.73493">
        <ele>2324.36</ele>
      </trkpt>
      <trkpt lat="35.39243" lon="138.73499">
        <ele>2323.94</ele>
      </trkpt>
      <trkpt lat="35.39243" lon="138.73505">
        <ele>2322.92</ele>
      </trkpt>
      <trkpt lat="35.39241" lon="138.73511">
        <ele>2322.89</ele>
      </trkpt>
      <trkpt lat="35.39239" lon="138.73517">
        <ele>2322.76</ele>
      </trkpt>
      <trkpt lat="35.39237" lon="138.73523">
        <ele>2322.55</ele>
      </trkpt>
      <trkpt lat="35.39233" lon="138.73528">
        <ele>2323.3</ele>
      </trkpt>
      <trkpt lat="35.3923" lon="138.73534">
        <ele>2323.39</ele>
      </trkpt>
      <trkpt lat="35.39227" lon="138.73539">
        <ele>2323.46</ele>
      </trkpt>
      <trkpt lat="35.39222" lon="138.73545">
        <ele>2323.76</ele>
      </trkpt>
      <trkpt lat="35.39219" lon="138.7355">
        <ele>2323.77</ele>
      </trkpt>
      <trkpt lat="35.39216" lon="138.73556">
        <ele>2323.41</ele>
      </trkpt>
      <trkpt lat="35.39213" lon="138.73561">
        <ele>2324.06</ele>
      </trkpt>
      <trkpt lat="35.39209" lon="138.73567">
        <ele>2325.18</ele>
      </trkpt>
      <trkpt lat="35.39206" lon="138.73572">
        <ele>2326.09</ele>
      </trkpt>
      <trkpt lat="35.39202" lon="138.73577">
        <ele>2327.61</ele>
      </trkpt>
      <trkpt lat="35.39198" lon="138.73583">
        <ele>2329.22</ele>
      </trkpt>
      <trkpt lat="35.39195" lon="138.73588">
        <ele>2329.38</ele>
      </trkpt>
      <trkpt lat="35.39192" lon="138.73594">
        <ele>2328.86</ele>
      </trkpt>
      <trkpt lat="35.39189" lon="138.73599">
        <ele>2328.69</ele>
      </trkpt>
      <trkpt lat="35.39187" lon="138.73605">
        <ele>2328.01</ele>
      </trkpt>
      <trkpt lat="35.39183" lon="138.73611">
        <ele>2328.38</ele>
      </trkpt>
      <trkpt lat="35.3918" lon="138.73616">
        <ele>2328.35</ele>
      </trkpt>
      <trkpt lat="35.39177" lon="138.73622">
        <ele>2328.03</ele>
      </trkpt>
      <trkpt lat="35.39175" lon="138.73628">
        <ele>2327.24</ele>
      </trkpt>
      <trkpt lat="35.39172" lon="138.73633">
        <ele>2327.2</ele>
      </trkpt>
      <trkpt lat="35.39168" lon="138.73639">
        <ele>2327.34</ele>
      </trkpt>
      <trkpt lat="35.39166" lon="138.73644">
        <ele>2326.44</ele>
      </trkpt>
      <trkpt lat="35.39164" lon="138.7365">
        <ele>2325.08</ele>
      </trkpt>
      <trkpt lat="35.39162" lon="138.73656">
        <ele>2323.65</ele>
      </trkpt>
      <trkpt lat="35.3916" lon="138.73662">
        <ele>2322.16</ele>
      </trkpt>
      <trkpt lat="35.39158" lon="138.73668">
        <ele>2320.67</ele>
      </trkpt>
      <trkpt lat="35.39156" lon="138.73674">
        <ele>2319.44</ele>
      </trkpt>
      <trkpt lat="35.39154" lon="138.73679">
        <ele>2318.69</ele>
      </trkpt>
      <trkpt lat="35.39152" lon="138.73685">
        <ele>2317.76</ele>
      </trkpt>
      <trkpt lat="35.3915" lon="138.73691">
        <ele>2316.99</ele>
      </trkpt>
      <trkpt lat="35.3915" lon="138.73697">
        <ele>2315.15</ele>
      </trkpt>
      <trkpt lat="35.39148" lon="138.73703">
        <ele>2314.2</ele>
      </trkpt>
      <trkpt lat="35.39147" lon="138.73709">
        <ele>2312.69</ele>
      </trkpt>
      <trkpt lat="35.39145" lon="138.73715">
        <ele>2311.63</ele>
      </trkpt>
      <trkpt lat="35.39143" lon="138.73721">
        <ele>2310.5</ele>
      </trkpt>
      <trkpt lat="35.39141" lon="138.73727">
        <ele>2309.97</ele>
      </trkpt>
      <trkpt lat="35.39139" lon="138.73732">
        <ele>2309.83</ele>
      </trkpt>
      <trkpt lat="35.39137" lon="138.73738">
        <ele>2309.91</ele>
      </trkpt>
      <trkpt lat="35.39135" lon="138.73744">
        <ele>2310.19</ele>
      </trkpt>
      <trkpt lat="35.39134" lon="138.7375">
        <ele>2309.87</ele>
      </trkpt>
      <trkpt lat="35.39132" lon="138.73756">
        <ele>2310.16</ele>
      </trkpt>
      <trkpt lat="35.39131" lon="138.73762">
        <ele>2309.54</ele>
      </trkpt>
      <trkpt lat="35.39129" lon="138.73768">
        <ele>2309.39</ele>
      </trkpt>
      <trkpt lat="35.39127" lon="138.73774">
        <ele>2309.0</ele>
      </trkpt>
      <trkpt lat="35.39125" lon="138.7378">
        <ele>2308.56</ele>
      </trkpt>
      <trkpt lat="35.39123" lon="138.73786">
        <ele>2308.36</ele>
      </trkpt>
      <trkpt lat="35.39121" lon="138.73791">
        <ele>2308.33</ele>
      </trkpt>
      <trkpt lat="35.39119" lon="138.73797">
        <ele>2308.07</ele>
      </trkpt>
      <trkpt lat="35.39118" lon="138.73803">
        <ele>2307.31</ele>
      </trkpt>
      <trkpt lat="35.39116" lon="138.73809">
        <ele>2306.73</ele>
      </trkpt>
      <trkpt lat="35.39114" lon="138.73815">
        <ele>2305.8</ele>
      </trkpt>
      <trkpt lat="35.39112" lon="138.73821">
        <ele>2304.69</ele>
      </trkpt>
      <trkpt lat="35.3911" lon="138.73827">
        <ele>2303.6</ele>
      </trkpt>
      <trkpt lat="35.39108" lon="138.73833">
        <ele>2302.67</ele>
      </trkpt>
      <trkpt lat="35.39106" lon="138.73838">
        <ele>2302.74</ele>
      </trkpt>
      <trkpt lat="35.39104" lon="138.73844">
        <ele>2302.66</ele>
      </trkpt>
      <trkpt lat="35.39102" lon="138.7385">
        <ele>2302.59</ele>
      </trkpt>
      <trkpt lat="35.391" lon="138.73856">
        <ele>2302.52</ele>
      </trkpt>
      <trkpt lat="35.39098" lon="138.73862">
        <ele>2302.5</ele>
      </trkpt>
      <trkpt lat="35.39096" lon="138.73868">
        <ele>2302.69</ele>
      </trkpt>
      <trkpt lat="35.39094" lon="138.73873">
        <ele>2302.88</ele>
      </trkpt>
      <trkpt lat="35.39092" lon="138.73879">
        <ele>2302.77</ele>
      </trkpt>
      <trkpt lat="35.3909" lon="138.73885">
        <ele>2302.51</ele>
      </trkpt>
      <trkpt lat="35.39088" lon="138.73891">
        <ele>2302.21</ele>
      </trkpt>
      <trkpt lat="35.39086" lon="138.73897">
        <ele>2302.02</ele>
      </trkpt>
      <trkpt lat="35.39084" lon="138.73903">
        <ele>2301.78</ele>
      </trkpt>
      <trkpt lat="35.39082" lon="138.73908">
        <ele>2301.78</ele>
      </trkpt>
      <trkpt lat="35.3908" lon="138.73914">
        <ele>2301.46</ele>
      </trkpt>
      <trkpt lat="35.39078" lon="138.7392">
        <ele>2300.67</ele>
      </trkpt>
      <trkpt lat="35.39076" lon="138.73926">
        <ele>2299.67</ele>
      </trkpt>
      <trkpt lat="35.39075" lon="138.73932">
        <ele>2298.37</ele>
      </trkpt>
      <trkpt lat="35.39073" lon="138.73938">
        <ele>2297.31</ele>
      </trkpt>
      <trkpt lat="35.39072" lon="138.73944">
        <ele>2295.97</ele>
      </trkpt>
      <trkpt lat="35.3907" lon="138.7395">
        <ele>2295.16</ele>
      </trkpt>
      <trkpt lat="35.3907" lon="138.73956">
        <ele>2293.86</ele>
      </trkpt>
      <trkpt lat="35.39068" lon="138.73962">
        <ele>2293.07</ele>
      </trkpt>
      <trkpt lat="35.39067" lon="138.73968">
        <ele>2292.03</ele>
      </trkpt>
      <trkpt lat="35.39065" lon="138.73974">
        <ele>2291.32</ele>
      </trkpt>
      <trkpt lat="35.39064" lon="138.7398">
        <ele>2290.56</ele>
      </trkpt>
      <trkpt lat="35.39062" lon="138.73986">
        <ele>2290.01</ele>
      </trkpt>
      <trkpt lat="35.3906" lon="138.73992">
        <ele>2289.43</ele>
      </trkpt>
      <trkpt lat="35.39058" lon="138.73997">
        <ele>2289.0</ele>
      </trkpt>
      <trkpt lat="35.39056" lon="138.74003">
        <ele>2288.9</ele>
      </trkpt>
      <trkpt lat="35.39054" lon="138.74009">
        <ele>2289.75</ele>
      </trkpt>
      <trkpt lat="35.39052" lon="138.74015">
        <ele>2290.73</ele>
      </trkpt>
      <trkpt lat="35.3905" lon="138.74021">
        <ele>2291.75</ele>
      </trkpt>
      <trkpt lat="35.39048" lon="138.74027">
        <ele>2292.8</ele>
      </trkpt>
      <trkpt lat="35.39046" lon="138.74032">
        <ele>2294.12</ele>
      </trkpt>
      <trkpt lat="35.39044" lon="138.74038">
        <ele>2295.65</ele>
      </trkpt>
      <trkpt lat="35.39043" lon="138.74044">
        <ele>2296.7</ele>
      </trkpt>
      <trkpt lat="35.39042" lon="138.74051">
        <ele>2297.89</ele>
      </trkpt>
      <trkpt lat="35.39041" lon="138.74057">
        <ele>2298.75</ele>
      </trkpt>
      <trkpt lat="35.39042" lon="138.74063">
        <ele>2297.49</ele>
      </trkpt>
      <trkpt lat="35.39042" lon="138.7407">
        <ele>2296.74</ele>
      </trkpt>
      <trkpt lat="35.39043" lon="138.74076">
        <ele>2295.48</ele>
      </trkpt>
      <trkpt lat="35.39045" lon="138.74083">
        <ele>2293.5</ele>
      </trkpt>
      <trkpt lat="35.39045" lon="138.74089">
        <ele>2293.41</ele>
      </trkpt>
      <trkpt lat="35.39046" lon="138.74096">
        <ele>2292.71</ele>
      </trkpt>
      <trkpt lat="35.39045" lon="138.74102">
        <ele>2293.3</ele>
      </trkpt>
      <trkpt lat="35.39044" lon="138.74108">
        <ele>2293.92</ele>
      </trkpt>
      <trkpt lat="35.39042" lon="138.74114">
        <ele>2294.75</ele>
      </trkpt>
      <trkpt lat="35.39041" lon="138.7412">
        <ele>2294.36</ele>
      </trkpt>
      <trkpt lat="35.39039" lon="138.74126">
        <ele>2294.64</ele>
      </trkpt>
      <trkpt lat="35.39038" lon="138.74132">
        <ele>2294.25</ele>
      </trkpt>
      <trkpt lat="35.39036" lon="138.74138">
        <ele>2294.54</ele>
      </trkpt>
      <trkpt lat="35.39035" lon="138.74144">
        <ele>2293.05</ele>
      </trkpt>
      <trkpt lat="35.39035" lon="138.74146">
        <ele>2292.26</ele>
      </trkpt>
      <trkpt lat="35.39033" lon="138.7415">
        <ele>2291.83</ele>
      </trkpt>
      <trkpt lat="35.39033" lon="138.74156">
        <ele>2289.35</ele>
      </trkpt>
      <trkpt lat="35.39031" lon="138.74162">
        <ele>2287.75</ele>
      </trkpt>
      <trkpt lat="35.3903" lon="138.74168">
        <ele>2285.84</ele>
      </trkpt>
      <trkpt lat="35.39025" lon="138.74173">
        <ele>2287.52</ele>
      </trkpt>
      <trkpt lat="35.39022" lon="138.74179">
        <ele>2288.03</ele>
      </trkpt>
      <trkpt lat="35.39018" lon="138.74184">
        <ele>2289.2</ele>
      </trkpt>
      <trkpt lat="35.39013" lon="138.74189">
        <ele>2290.68</ele>
      </trkpt>
      <trkpt lat="35.39011" lon="138.74192">
        <ele>2290.85</ele>
      </trkpt>
      <trkpt lat="35.39011" lon="138.74192">
        <ele>2290.85</ele>
      </trkpt>
      <trkpt lat="35.39009" lon="138.74194">
        <ele>2291.29</ele>
      </trkpt>
      <trkpt lat="35.39004" lon="138.742">
        <ele>2291.87</ele>
      </trkpt>
      <trkpt lat="35.39" lon="138.74205">
        <ele>2292.2</ele>
      </trkpt>
      <trkpt lat="35.38995" lon="138.7421">
        <ele>2292.9</ele>
      </trkpt>
      <trkpt lat="35.38995" lon="138.74211">
        <ele>2292.53</ele>
      </trkpt>
      <trkpt lat="35.38983" lon="138.7422">
        <ele>2294.85</ele>
      </trkpt>
      <trkpt lat="35.38983" lon="138.7422">
        <ele>2294.85</ele>
      </trkpt>
      <trkpt lat="35.38946" lon="138.74224">
        <ele>2310.26</ele>
      </trkpt>
      <trkpt lat="35.38946" lon="138.74224">
        <ele>2310.26</ele>
      </trkpt>
      <trkpt lat="35.38905" lon="138.7424">
        <ele>2314.92</ele>
      </trkpt>
      <trkpt lat="35.38905" lon="138.7424">
        <ele>2314.92</ele>
      </trkpt>
      <trkpt lat="35.38875" lon="138.74259">
        <ele>2312.61</ele>
      </trkpt>
      <trkpt lat="35.38875" lon="138.74259">
        <ele>2312.61</ele>
      </trkpt>
      <trkpt lat="35.3887" lon="138.74263">
        <ele>2312.5</ele>
      </trkpt>
      <trkpt lat="35.38866" lon="138.74267">
        <ele>2312.07</ele>
      </trkpt>
      <trkpt lat="35.38861" lon="138.74271">
        <ele>2311.99</ele>
      </trkpt>
      <trkpt lat="35.38856" lon="138.74275">
        <ele>2312.9</ele>
      </trkpt>
      <trkpt lat="35.38851" lon="138.7428">
        <ele>2314.01</ele>
      </trkpt>
      <trkpt lat="35.38847" lon="138.74285">
        <ele>2315.19</ele>
      </trkpt>
      <trkpt lat="35.38842" lon="138.7429">
        <ele>2316.98</ele>
      </trkpt>
      <trkpt lat="35.38838" lon="138.74296">
        <ele>2318.09</ele>
      </trkpt>
      <trkpt lat="35.38834" lon="138.74301">
        <ele>2319.44</ele>
      </trkpt>
      <trkpt lat="35.3883" lon="138.74305">
        <ele>2319.97</ele>
      </trkpt>
      <trkpt lat="35.38829" lon="138.74306">
        <ele>2319.98</ele>
      </trkpt>
      <trkpt lat="35.38825" lon="138.74311">
        <ele>2319.94</ele>
      </trkpt>
      <trkpt lat="35.3882" lon="138.74315">
        <ele>2320.78</ele>
      </trkpt>
      <trkpt lat="35.38815" lon="138.74319">
        <ele>2321.98</ele>
      </trkpt>
      <trkpt lat="35.3881" lon="138.74323">
        <ele>2323.55</ele>
      </trkpt>
      <trkpt lat="35.38805" lon="138.74325">
        <ele>2325.67</ele>
      </trkpt>
      <trkpt lat="35.388" lon="138.74328">
        <ele>2328.83</ele>
      </trkpt>
      <trkpt lat="35.38795" lon="138.74331">
        <ele>2331.96</ele>
      </trkpt>
      <trkpt lat="35.3879" lon="138.74335">
        <ele>2335.11</ele>
      </trkpt>
      <trkpt lat="35.38785" lon="138.74339">
        <ele>2338.37</ele>
      </trkpt>
      <trkpt lat="35.38781" lon="138.74344">
        <ele>2340.96</ele>
      </trkpt>
      <trkpt lat="35.38776" lon="138.74349">
        <ele>2344.09</ele>
      </trkpt>
      <trkpt lat="35.38772" lon="138.74355">
        <ele>2346.54</ele>
      </trkpt>
      <trkpt lat="35.38767" lon="138.7436">
        <ele>2349.6</ele>
      </trkpt>
      <trkpt lat="35.38763" lon="138.74365">
        <ele>2351.6</ele>
      </trkpt>
      <trkpt lat="35.38758" lon="138.74369">
        <ele>2353.89</ele>
      </trkpt>
      <trkpt lat="35.38753" lon="138.74372">
        <ele>2356.07</ele>
      </trkpt>
      <trkpt lat="35.38749" lon="138.74376">
        <ele>2357.23</ele>
      </trkpt>
      <trkpt lat="35.38743" lon="138.74379">
        <ele>2359.18</ele>
      </trkpt>
      <trkpt lat="35.38738" lon="138.74381">
        <ele>2360.82</ele>
      </trkpt>
      <trkpt lat="35.38733" lon="138.74385">
        <ele>2361.83</ele>
      </trkpt>
      <trkpt lat="35.38729" lon="138.74389">
        <ele>2362.3</ele>
      </trkpt>
      <trkpt lat="35.38723" lon="138.74391">
        <ele>2364.24</ele>
      </trkpt>
      <trkpt lat="35.38719" lon="138.74395">
        <ele>2364.49</ele>
      </trkpt>
      <trkpt lat="35.38714" lon="138.74399">
        <ele>2364.51</ele>
      </trkpt>
      <trkpt lat="35.38709" lon="138.74403">
        <ele>2364.06</ele>
      </trkpt>
      <trkpt lat="35.38704" lon="138.74405">
        <ele>2364.0</ele>
      </trkpt>
      <trkpt lat="35.38699" lon="138.74409">
        <ele>2362.73</ele>
      </trkpt>
      <trkpt lat="35.38694" lon="138.74413">
        <ele>2361.09</ele>
      </trkpt>
      <trkpt lat="35.38689" lon="138.74415">
        <ele>2361.36</ele>
      </trkpt>
      <trkpt lat="35.38685" lon="138.7442">
        <ele>2360.64</ele>
      </trkpt>
      <trkpt lat="35.38683" lon="138.74426">
        <ele>2359.11</ele>
      </trkpt>
      <trkpt lat="35.38679" lon="138.74432">
        <ele>2357.74</ele>
      </trkpt>
      <trkpt lat="35.38676" lon="138.74437">
        <ele>2356.27</ele>
      </trkpt>
      <trkpt lat="35.38673" lon="138.74443">
        <ele>2354.15</ele>
      </trkpt>
      <trkpt lat="35.38668" lon="138.74448">
        <ele>2354.26</ele>
      </trkpt>
      <trkpt lat="35.38664" lon="138.74453">
        <ele>2356.46</ele>
      </trkpt>
      <trkpt lat="35.38659" lon="138.74457">
        <ele>2359.77</ele>
      </trkpt>
      <trkpt lat="35.38654" lon="138.74461">
        <ele>2363.08</ele>
      </trkpt>
      <trkpt lat="35.38649" lon="138.74465">
        <ele>2366.4</ele>
      </trkpt>
      <trkpt lat="35.38645" lon="138.74468">
        <ele>2369.02</ele>
      </trkpt>
      <trkpt lat="35.3864" lon="138.74472">
        <ele>2372.34</ele>
      </trkpt>
      <trkpt lat="35.38635" lon="138.74476">
        <ele>2375.36</ele>
      </trkpt>
      <trkpt lat="35.3863" lon="138.7448">
        <ele>2378.0</ele>
      </trkpt>
      <trkpt lat="35.38625" lon="138.74484">
        <ele>2380.23</ele>
      </trkpt>
      <trkpt lat="35.38621" lon="138.74488">
        <ele>2381.59</ele>
      </trkpt>
      <trkpt lat="35.38616" lon="138.74491">
        <ele>2383.23</ele>
      </trkpt>
      <trkpt lat="35.38612" lon="138.74497">
        <ele>2383.44</ele>
      </trkpt>
      <trkpt lat="35.38608" lon="138.74502">
        <ele>2383.9</ele>
      </trkpt>
      <trkpt lat="35.38607" lon="138.74508">
        <ele>2383.57</ele>
      </trkpt>
      <trkpt lat="35.38606" lon="138.74514">
        <ele>2383.24</ele>
      </trkpt>
      <trkpt lat="35.38607" lon="138.74521">
        <ele>2382.1</ele>
      </trkpt>
      <trkpt lat="35.38606" lon="138.74527">
        <ele>2381.75</ele>
      </trkpt>
      <trkpt lat="35.38598" lon="138.74558">
        <ele>2375.25</ele>
      </trkpt>
      <trkpt lat="35.38598" lon="138.74558">
        <ele>2375.25</ele>
      </trkpt>
      <trkpt lat="35.38592" lon="138.74578">
        <ele>2372.64</ele>
      </trkpt>
      <trkpt lat="35.38592" lon="138.74578">
        <ele>2372.64</ele>
      </trkpt>
      <trkpt lat="35.38578" lon="138.74589">
        <ele>2375.1</ele>
      </trkpt>
      <trkpt lat="35.38578" lon="138.74589">
        <ele>2375.1</ele>
      </trkpt>
      <trkpt lat="35.38578" lon="138.74589">
        <ele>2375.1</ele>
      </trkpt>
      <trkpt lat="35.38578" lon="138.7459">
        <ele>2374.94</ele>
      </trkpt>
      <trkpt lat="35.38577" lon="138.74596">
        <ele>2374.28</ele>
      </trkpt>
      <trkpt lat="35.38576" lon="138.74602">
        <ele>2373.67</ele>
      </trkpt>
      <trkpt lat="35.38575" lon="138.74608">
        <ele>2373.13</ele>
      </trkpt>
      <trkpt lat="35.38575" lon="138.74614">
        <ele>2372.87</ele>
      </trkpt>
      <trkpt lat="35.38574" lon="138.7462">
        <ele>2373.56</ele>
      </trkpt>
      <trkpt lat="35.38573" lon="138.74626">
        <ele>2374.28</ele>
      </trkpt>
      <trkpt lat="35.38571" lon="138.74632">
        <ele>2375.42</ele>
      </trkpt>
      <trkpt lat="35.38571" lon="138.74635">
        <ele>2375.62</ele>
      </trkpt>
      <trkpt lat="35.3857" lon="138.74638">
        <ele>2376.22</ele>
      </trkpt>
      <trkpt lat="35.38568" lon="138.74644">
        <ele>2377.09</ele>
      </trkpt>
      <trkpt lat="35.38567" lon="138.7465">
        <ele>2377.54</ele>
      </trkpt>
      <trkpt lat="35.38565" lon="138.74656">
        <ele>2378.46</ele>
      </trkpt>
      <trkpt lat="35.38565" lon="138.74662">
        <ele>2378.53</ele>
      </trkpt>
      <trkpt lat="35.38563" lon="138.74668">
        <ele>2379.6</ele>
      </trkpt>
      <trkpt lat="35.38562" lon="138.74674">
        <ele>2380.45</ele>
      </trkpt>
      <trkpt lat="35.38557" lon="138.7468">
        <ele>2383.26</ele>
      </trkpt>
      <trkpt lat="35.38554" lon="138.74685">
        <ele>2384.9</ele>
      </trkpt>
      <trkpt lat="35.3855" lon="138.7469">
        <ele>2386.71</ele>
      </trkpt>
      <trkpt lat="35.38546" lon="138.74696">
        <ele>2388.41</ele>
      </trkpt>
      <trkpt lat="35.38542" lon="138.74701">
        <ele>2389.87</ele>
      </trkpt>
      <trkpt lat="35.38542" lon="138.74704">
        <ele>2389.86</ele>
      </trkpt>
      <trkpt lat="35.38541" lon="138.74707">
        <ele>2390.28</ele>
      </trkpt>
      <trkpt lat="35.38539" lon="138.74713">
        <ele>2391.22</ele>
      </trkpt>
      <trkpt lat="35.38538" lon="138.74719">
        <ele>2391.79</ele>
      </trkpt>
      <trkpt lat="35.38536" lon="138.74725">
        <ele>2392.92</ele>
      </trkpt>
      <trkpt lat="35.38534" lon="138.74731">
        <ele>2394.01</ele>
      </trkpt>
      <trkpt lat="35.38532" lon="138.74737">
        <ele>2395.03</ele>
      </trkpt>
      <trkpt lat="35.3853" lon="138.74742">
        <ele>2395.99</ele>
      </trkpt>
      <trkpt lat="35.38528" lon="138.74748">
        <ele>2396.9</ele>
      </trkpt>
      <trkpt lat="35.38526" lon="138.74751">
        <ele>2397.96</ele>
      </trkpt>
      <trkpt lat="35.38524" lon="138.74755">
        <ele>2398.99</ele>
      </trkpt>
      <trkpt lat="35.38522" lon="138.74757">
        <ele>2400.02</ele>
      </trkpt>
      <trkpt lat="35.38521" lon="138.74759">
        <ele>2400.5</ele>
      </trkpt>
      <trkpt lat="35.38517" lon="138.74761">
        <ele>2402.51</ele>
      </trkpt>
      <trkpt lat="35.38513" lon="138.74758">
        <ele>2404.67</ele>
      </trkpt>
      <trkpt lat="35.38509" lon="138.74754">
        <ele>2406.95</ele>
      </trkpt>
      <trkpt lat="35.38507" lon="138.74748">
        <ele>2408.38</ele>
      </trkpt>
      <trkpt lat="35.38504" lon="138.74743">
        <ele>2410.49</ele>
      </trkpt>
      <trkpt lat="35.38501" lon="138.74737">
        <ele>2412.81</ele>
      </trkpt>
      <trkpt lat="35.38499" lon="138.74731">
        <ele>2414.49</ele>
      </trkpt>
      <trkpt lat="35.38496" lon="138.74726">
        <ele>2416.41</ele>
      </trkpt>
      <trkpt lat="35.38494" lon="138.7472">
        <ele>2417.49</ele>
      </trkpt>
      <trkpt lat="35.38492" lon="138.74713">
        <ele>2417.56</ele>
      </trkpt>
      <trkpt lat="35.3849" lon="138.74706">
        <ele>2417.81</ele>
      </trkpt>
      <trkpt lat="35.38487" lon="138.74701">
        <ele>2419.05</ele>
      </trkpt>
      <trkpt lat="35.38483" lon="138.747">
        <ele>2421.4</ele>
      </trkpt>
      <trkpt lat="35.38477" lon="138.74701">
        <ele>2425.11</ele>
      </trkpt>
      <trkpt lat="35.38472" lon="138.74704">
        <ele>2428.07</ele>
      </trkpt>
      <trkpt lat="35.38467" lon="138.74707">
        <ele>2429.54</ele>
      </trkpt>
      <trkpt lat="35.38464" lon="138.74709">
        <ele>2430.34</ele>
      </trkpt>
      <trkpt lat="35.38461" lon="138.74705">
        <ele>2431.43</ele>
      </trkpt>
      <trkpt lat="35.38459" lon="138.74699">
        <ele>2432.45</ele>
      </trkpt>
      <trkpt lat="35.38457" lon="138.74693">
        <ele>2433.28</ele>
      </trkpt>
      <trkpt lat="35.38454" lon="138.74692">
        <ele>2434.24</ele>
      </trkpt>
      <trkpt lat="35.38452" lon="138.74696">
        <ele>2435.12</ele>
      </trkpt>
      <trkpt lat="35.38449" lon="138.74702">
        <ele>2435.45</ele>
      </trkpt>
      <trkpt lat="35.38447" lon="138.74708">
        <ele>2435.31</ele>
      </trkpt>
      <trkpt lat="35.38445" lon="138.74713">
        <ele>2435.18</ele>
      </trkpt>
      <trkpt lat="35.38445" lon="138.74713">
        <ele>2435.18</ele>
      </trkpt>
      <trkpt lat="35.38441" lon="138.74719">
        <ele>2435.38</ele>
      </trkpt>
      <trkpt lat="35.38437" lon="138.74722">
        <ele>2435.91</ele>
      </trkpt>
      <trkpt lat="35.38431" lon="138.74724">
        <ele>2436.72</ele>
      </trkpt>
      <trkpt lat="35.38426" lon="138.74726">
        <ele>2437.2</ele>
      </trkpt>
      <trkpt lat="35.3842" lon="138.74725">
        <ele>2439.07</ele>
      </trkpt>
      <trkpt lat="35.38414" lon="138.74724">
        <ele>2440.8</ele>
      </trkpt>
      <trkpt lat="35.38412" lon="138.74724">
        <ele>2441.18</ele>
      </trkpt>
      <trkpt lat="35.38412" lon="138.74723">
        <ele>2441.55</ele>
      </trkpt>
      <trkpt lat="35.38408" lon="138.74723">
        <ele>2442.29</ele>
      </trkpt>
      <trkpt lat="35.38402" lon="138.74722">
        <ele>2443.69</ele>
      </trkpt>
      <trkpt lat="35.38396" lon="138.74722">
        <ele>2444.77</ele>
      </trkpt>
      <trkpt lat="35.3839" lon="138.74722">
        <ele>2445.85</ele>
      </trkpt>
      <trkpt lat="35.38385" lon="138.74722">
        <ele>2447.45</ele>
      </trkpt>
      <trkpt lat="35.38379" lon="138.74723">
        <ele>2449.34</ele>
      </trkpt>
      <trkpt lat="35.38373" lon="138.74722">
        <ele>2451.76</ele>
      </trkpt>
      <trkpt lat="35.38367" lon="138.74722">
        <ele>2453.92</ele>
      </trkpt>
      <trkpt lat="35.38362" lon="138.74723">
        <ele>2455.43</ele>
      </trkpt>
      <trkpt lat="35.38356" lon="138.74724">
        <ele>2456.56</ele>
      </trkpt>
      <trkpt lat="35.38351" lon="138.74724">
        <ele>2457.68</ele>
      </trkpt>
      <trkpt lat="35.38345" lon="138.74725">
        <ele>2458.75</ele>
      </trkpt>
      <trkpt lat="35.3834" lon="138.74726">
        <ele>2459.65</ele>
      </trkpt>
      <trkpt lat="35.38334" lon="138.74726">
        <ele>2461.03</ele>
      </trkpt>
      <trkpt lat="35.38328" lon="138.74727">
        <ele>2462.85</ele>
      </trkpt>
      <trkpt lat="35.38323" lon="138.74728">
        <ele>2464.39</ele>
      </trkpt>
      <trkpt lat="35.38317" lon="138.74728">
        <ele>2466.51</ele>
      </trkpt>
      <trkpt lat="35.38312" lon="138.74729">
        <ele>2468.03</ele>
      </trkpt>
      <trkpt lat="35.38305" lon="138.74727">
        <ele>2471.0</ele>
      </trkpt>
      <trkpt lat="35.38302" lon="138.74725">
        <ele>2472.58</ele>
      </trkpt>
      <trkpt lat="35.38302" lon="138.7472">
        <ele>2473.78</ele>
      </trkpt>
      <trkpt lat="35.38304" lon="138.74714">
        <ele>2474.37</ele>
      </trkpt>
      <trkpt lat="35.38307" lon="138.74709">
        <ele>2474.39</ele>
      </trkpt>
      <trkpt lat="35.38309" lon="138.74703">
        <ele>2475.08</ele>
      </trkpt>
      <trkpt lat="35.38311" lon="138.74697">
        <ele>2475.84</ele>
      </trkpt>
      <trkpt lat="35.38312" lon="138.74691">
        <ele>2476.92</ele>
      </trkpt>
      <trkpt lat="35.38312" lon="138.74685">
        <ele>2478.26</ele>
      </trkpt>
      <trkpt lat="35.3831" lon="138.74681">
        <ele>2479.7</ele>
      </trkpt>
      <trkpt lat="35.38306" lon="138.74681">
        <ele>2480.78</ele>
      </trkpt>
      <trkpt lat="35.383" lon="138.74683">
        <ele>2482.54</ele>
      </trkpt>
      <trkpt lat="35.38295" lon="138.74685">
        <ele>2484.08</ele>
      </trkpt>
      <trkpt lat="35.3829" lon="138.74686">
        <ele>2485.86</ele>
      </trkpt>
      <trkpt lat="35.38284" lon="138.74688">
        <ele>2487.98</ele>
      </trkpt>
      <trkpt lat="35.38279" lon="138.74688">
        <ele>2489.98</ele>
      </trkpt>
      <trkpt lat="35.38273" lon="138.74686">
        <ele>2492.26</ele>
      </trkpt>
      <trkpt lat="35.38272" lon="138.7468">
        <ele>2493.13</ele>
      </trkpt>
      <trkpt lat="35.38274" lon="138.74674">
        <ele>2492.9</ele>
      </trkpt>
      <trkpt lat="35.38275" lon="138.74668">
        <ele>2492.99</ele>
      </trkpt>
      <trkpt lat="35.38276" lon="138.74662">
        <ele>2493.1</ele>
      </trkpt>
      <trkpt lat="35.38276" lon="138.74656">
        <ele>2493.62</ele>
      </trkpt>
      <trkpt lat="35.38273" lon="138.7465">
        <ele>2495.71</ele>
      </trkpt>
      <trkpt lat="35.38269" lon="138.74649">
        <ele>2497.95</ele>
      </trkpt>
      <trkpt lat="35.38264" lon="138.74653">
        <ele>2499.9</ele>
      </trkpt>
      <trkpt lat="35.38259" lon="138.74655">
        <ele>2501.98</ele>
      </trkpt>
      <trkpt lat="35.38254" lon="138.74659">
        <ele>2503.39</ele>
      </trkpt>
      <trkpt lat="35.38249" lon="138.74663">
        <ele>2504.65</ele>
      </trkpt>
      <trkpt lat="35.38244" lon="138.74667">
        <ele>2506.6</ele>
      </trkpt>
      <trkpt lat="35.3824" lon="138.74672">
        <ele>2507.66</ele>
      </trkpt>
      <trkpt lat="35.38235" lon="138.74677">
        <ele>2508.68</ele>
      </trkpt>
      <trkpt lat="35.38231" lon="138.74681">
        <ele>2509.03</ele>
      </trkpt>
      <trkpt lat="35.38229" lon="138.74682">
        <ele>2509.47</ele>
      </trkpt>
      <trkpt lat="35.38226" lon="138.74686">
        <ele>2508.89</ele>
      </trkpt>
      <trkpt lat="35.38221" lon="138.74687">
        <ele>2510.42</ele>
      </trkpt>
      <trkpt lat="35.38215" lon="138.74688">
        <ele>2513.21</ele>
      </trkpt>
      <trkpt lat="35.3821" lon="138.74689">
        <ele>2515.43</ele>
      </trkpt>
      <trkpt lat="35.38205" lon="138.7469">
        <ele>2517.64</ele>
      </trkpt>
      <trkpt lat="35.38205" lon="138.7469">
        <ele>2517.64</ele>
      </trkpt>
      <trkpt lat="35.38204" lon="138.7469">
        <ele>2518.18</ele>
      </trkpt>
      <trkpt lat="35.38199" lon="138.74691">
        <ele>2520.38</ele>
      </trkpt>
      <trkpt lat="35.38194" lon="138.7469">
        <ele>2523.6</ele>
      </trkpt>
      <trkpt lat="35.38193" lon="138.74685">
        <ele>2526.71</ele>
      </trkpt>
      <trkpt lat="35.38193" lon="138.74678">
        <ele>2530.43</ele>
      </trkpt>
      <trkpt lat="35.38194" lon="138.74672">
        <ele>2533.28</ele>
      </trkpt>
      <trkpt lat="35.38191" lon="138.74667">
        <ele>2536.94</ele>
      </trkpt>
      <trkpt lat="35.38187" lon="138.74666">
        <ele>2538.6</ele>
      </trkpt>
      <trkpt lat="35.38181" lon="138.74668">
        <ele>2539.73</ele>
      </trkpt>
      <trkpt lat="35.38176" lon="138.74669">
        <ele>2540.94</ele>
      </trkpt>
      <trkpt lat="35.38171" lon="138.74671">
        <ele>2541.78</ele>
      </trkpt>
      <trkpt lat="35.38168" lon="138.7467">
        <ele>2543.22</ele>
      </trkpt>
      <trkpt lat="35.38168" lon="138.74666">
        <ele>2544.76</ele>
      </trkpt>
      <trkpt lat="35.38169" lon="138.74659">
        <ele>2546.45</ele>
      </trkpt>
      <trkpt lat="35.3817" lon="138.74653">
        <ele>2547.86</ele>
      </trkpt>
      <trkpt lat="35.3817" lon="138.74647">
        <ele>2549.58</ele>
      </trkpt>
      <trkpt lat="35.3817" lon="138.74641">
        <ele>2551.31</ele>
      </trkpt>
      <trkpt lat="35.38171" lon="138.74636">
        <ele>2552.77</ele>
      </trkpt>
      <trkpt lat="35.38167" lon="138.74633">
        <ele>2555.23</ele>
      </trkpt>
      <trkpt lat="35.38161" lon="138.74632">
        <ele>2557.0</ele>
      </trkpt>
      <trkpt lat="35.38155" lon="138.74633">
        <ele>2557.94</ele>
      </trkpt>
      <trkpt lat="35.3815" lon="138.74634">
        <ele>2558.64</ele>
      </trkpt>
      <trkpt lat="35.38144" lon="138.74634">
        <ele>2559.98</ele>
      </trkpt>
      <trkpt lat="35.38139" lon="138.74631">
        <ele>2562.38</ele>
      </trkpt>
      <trkpt lat="35.38138" lon="138.74626">
        <ele>2564.96</ele>
      </trkpt>
      <trkpt lat="35.3814" lon="138.7462">
        <ele>2566.89</ele>
      </trkpt>
      <trkpt lat="35.3814" lon="138.74614">
        <ele>2569.48</ele>
      </trkpt>
      <trkpt lat="35.38142" lon="138.74608">
        <ele>2571.31</ele>
      </trkpt>
      <trkpt lat="35.38142" lon="138.74601">
        <ele>2573.77</ele>
      </trkpt>
      <trkpt lat="35.38139" lon="138.74596">
        <ele>2576.41</ele>
      </trkpt>
      <trkpt lat="35.38134" lon="138.74595">
        <ele>2578.46</ele>
      </trkpt>
      <trkpt lat="35.38129" lon="138.74597">
        <ele>2579.46</ele>
      </trkpt>
      <trkpt lat="35.38125" lon="138.74598">
        <ele>2580.48</ele>
      </trkpt>
      <trkpt lat="35.38124" lon="138.74598">
        <ele>2580.83</ele>
      </trkpt>
      <trkpt lat="35.38119" lon="138.746">
        <ele>2581.87</ele>
      </trkpt>
      <trkpt lat="35.38113" lon="138.74601">
        <ele>2583.62</ele>
      </trkpt>
      <trkpt lat="35.38108" lon="138.74604">
        <ele>2584.34</ele>
      </trkpt>
      <trkpt lat="35.38103" lon="138.74602">
        <ele>2586.77</ele>
      </trkpt>
      <trkpt lat="35.38101" lon="138.74598">
        <ele>2589.02</ele>
      </trkpt>
      <trkpt lat="35.38101" lon="138.74598">
        <ele>2589.02</ele>
      </trkpt>
      <trkpt lat="35.381" lon="138.74597">
        <ele>2589.79</ele>
      </trkpt>
      <trkpt lat="35.381" lon="138.7459">
        <ele>2592.56</ele>
      </trkpt>
      <trkpt lat="35.38103" lon="138.74585">
        <ele>2593.17</ele>
      </trkpt>
      <trkpt lat="35.38105" lon="138.74579">
        <ele>2594.16</ele>
      </trkpt>
      <trkpt lat="35.38109" lon="138.74573">
        <ele>2594.25</ele>
      </trkpt>
      <trkpt lat="35.38111" lon="138.74568">
        <ele>2595.01</ele>
      </trkpt>
      <trkpt lat="35.38113" lon="138.74562">
        <ele>2596.3</ele>
      </trkpt>
      <trkpt lat="35.38112" lon="138.74557">
        <ele>2598.24</ele>
      </trkpt>
      <trkpt lat="35.38107" lon="138.74554">
        <ele>2600.94</ele>
      </trkpt>
      <trkpt lat="35.38101" lon="138.74552">
        <ele>2603.76</ele>
      </trkpt>
      <trkpt lat="35.38095" lon="138.74552">
        <ele>2605.97</ele>
      </trkpt>
      <trkpt lat="35.3809" lon="138.74555">
        <ele>2606.79</ele>
      </trkpt>
      <trkpt lat="35.38085" lon="138.74556">
        <ele>2608.3</ele>
      </trkpt>
      <trkpt lat="35.38079" lon="138.74558">
        <ele>2609.52</ele>
      </trkpt>
      <trkpt lat="35.38074" lon="138.74558">
        <ele>2610.74</ele>
      </trkpt>
      <trkpt lat="35.38069" lon="138.74555">
        <ele>2612.8</ele>
      </trkpt>
      <trkpt lat="35.38067" lon="138.7455">
        <ele>2615.0</ele>
      </trkpt>
      <trkpt lat="35.38069" lon="138.74544">
        <ele>2616.56</ele>
      </trkpt>
      <trkpt lat="35.3807" lon="138.74538">
        <ele>2618.38</ele>
      </trkpt>
      <trkpt lat="35.38071" lon="138.74532">
        <ele>2620.21</ele>
      </trkpt>
      <trkpt lat="35.38071" lon="138.74525">
        <ele>2622.59</ele>
      </trkpt>
      <trkpt lat="35.38069" lon="138.74522">
        <ele>2623.95</ele>
      </trkpt>
      <trkpt lat="35.38064" lon="138.74522">
        <ele>2624.88</ele>
      </trkpt>
      <trkpt lat="35.38059" lon="138.74521">
        <ele>2626.09</ele>
      </trkpt>
      <trkpt lat="35.38053" lon="138.74522">
        <ele>2627.54</ele>
      </trkpt>
      <trkpt lat="35.38047" lon="138.74522">
        <ele>2630.09</ele>
      </trkpt>
      <trkpt lat="35.38042" lon="138.74521">
        <ele>2632.44</ele>
      </trkpt>
      <trkpt lat="35.38036" lon="138.74522">
        <ele>2634.76</ele>
      </trkpt>
      <trkpt lat="35.38031" lon="138.74525">
        <ele>2636.22</ele>
      </trkpt>
      <trkpt lat="35.38025" lon="138.74526">
        <ele>2638.6</ele>
      </trkpt>
      <trkpt lat="35.3802" lon="138.74529">
        <ele>2639.98</ele>
      </trkpt>
      <trkpt lat="35.38017" lon="138.74529">
        <ele>2641.28</ele>
      </trkpt>
      <trkpt lat="35.38018" lon="138.74524">
        <ele>2642.14</ele>
      </trkpt>
      <trkpt lat="35.38019" lon="138.74518">
        <ele>2643.13</ele>
      </trkpt>
      <trkpt lat="35.3802" lon="138.74512">
        <ele>2644.09</ele>
      </trkpt>
      <trkpt lat="35.38019" lon="138.74507">
        <ele>2645.75</ele>
      </trkpt>
      <trkpt lat="35.38015" lon="138.74506">
        <ele>2647.95</ele>
      </trkpt>
      <trkpt lat="35.3801" lon="138.74509">
        <ele>2649.6</ele>
      </trkpt>
      <trkpt lat="35.38005" lon="138.74513">
        <ele>2650.9</ele>
      </trkpt>
      <trkpt lat="35.38" lon="138.74511">
        <ele>2653.83</ele>
      </trkpt>
      <trkpt lat="35.37999" lon="138.74506">
        <ele>2655.65</ele>
      </trkpt>
      <trkpt lat="35.38" lon="138.745">
        <ele>2657.0</ele>
      </trkpt>
      <trkpt lat="35.37999" lon="138.74497">
        <ele>2658.13</ele>
      </trkpt>
      <trkpt lat="35.37995" lon="138.74497">
        <ele>2659.61</ele>
      </trkpt>
      <trkpt lat="35.37989" lon="138.74496">
        <ele>2662.14</ele>
      </trkpt>
      <trkpt lat="35.37983" lon="138.74496">
        <ele>2664.39</ele>
      </trkpt>
      <trkpt lat="35.37978" lon="138.74493">
        <ele>2667.28</ele>
      </trkpt>
      <trkpt lat="35.37978" lon="138.74491">
        <ele>2667.96</ele>
      </trkpt>
      <trkpt lat="35.37977" lon="138.74488">
        <ele>2669.38</ele>
      </trkpt>
      <trkpt lat="35.3798" lon="138.74482">
        <ele>2670.14</ele>
      </trkpt>
      <trkpt lat="35.37983" lon="138.74477">
        <ele>2670.44</ele>
      </trkpt>
      <trkpt lat="35.37984" lon="138.74471">
        <ele>2671.85</ele>
      </trkpt>
      <trkpt lat="35.37985" lon="138.74466">
        <ele>2672.88</ele>
      </trkpt>
      <trkpt lat="35.37982" lon="138.74465">
        <ele>2674.44</ele>
      </trkpt>
      <trkpt lat="35.37976" lon="138.74466">
        <ele>2676.73</ele>
      </trkpt>
      <trkpt lat="35.37973" lon="138.74466">
        <ele>2678.01</ele>
      </trkpt>
      <trkpt lat="35.37973" lon="138.74467">
        <ele>2677.79</ele>
      </trkpt>
      <trkpt lat="35.37971" lon="138.74467">
        <ele>2678.37</ele>
      </trkpt>
      <trkpt lat="35.37965" lon="138.74467">
        <ele>2679.54</ele>
      </trkpt>
      <trkpt lat="35.37961" lon="138.74467">
        <ele>2680.32</ele>
      </trkpt>
      <trkpt lat="35.3796" lon="138.74464">
        <ele>2681.03</ele>
      </trkpt>
      <trkpt lat="35.3796" lon="138.74458">
        <ele>2682.04</ele>
      </trkpt>
      <trkpt lat="35.37961" lon="138.74452">
        <ele>2682.91</ele>
      </trkpt>
      <trkpt lat="35.37962" lon="138.74445">
        <ele>2684.01</ele>
      </trkpt>
      <trkpt lat="35.37962" lon="138.74439">
        <ele>2685.0</ele>
      </trkpt>
      <trkpt lat="35.37961" lon="138.74434">
        <ele>2686.03</ele>
      </trkpt>
      <trkpt lat="35.37956" lon="138.74431">
        <ele>2687.7</ele>
      </trkpt>
      <trkpt lat="35.3795" lon="138.74431">
        <ele>2689.08</ele>
      </trkpt>
      <trkpt lat="35.37945" lon="138.74432">
        <ele>2689.91</ele>
      </trkpt>
      <trkpt lat="35.37939" lon="138.74432">
        <ele>2692.69</ele>
      </trkpt>
      <trkpt lat="35.37933" lon="138.74432">
        <ele>2695.62</ele>
      </trkpt>
      <trkpt lat="35.37927" lon="138.74431">
        <ele>2698.84</ele>
      </trkpt>
      <trkpt lat="35.37921" lon="138.7443">
        <ele>2702.06</ele>
      </trkpt>
      <trkpt lat="35.37916" lon="138.74432">
        <ele>2704.01</ele>
      </trkpt>
      <trkpt lat="35.3791" lon="138.74434">
        <ele>2707.27</ele>
      </trkpt>
      <trkpt lat="35.37906" lon="138.74437">
        <ele>2708.88</ele>
      </trkpt>
      <trkpt lat="35.37903" lon="138.74443">
        <ele>2708.83</ele>
      </trkpt>
      <trkpt lat="35.37901" lon="138.74449">
        <ele>2708.51</ele>
      </trkpt>
      <trkpt lat="35.37898" lon="138.74454">
        <ele>2709.13</ele>
      </trkpt>
      <trkpt lat="35.37893" lon="138.74458">
        <ele>2711.14</ele>
      </trkpt>
      <trkpt lat="35.37893" lon="138.74458">
        <ele>2711.14</ele>
      </trkpt>
      <trkpt lat="35.37888" lon="138.74459">
        <ele>2713.99</ele>
      </trkpt>
      <trkpt lat="35.37883" lon="138.74461">
        <ele>2717.15</ele>
      </trkpt>
      <trkpt lat="35.37877" lon="138.74461">
        <ele>2721.56</ele>
      </trkpt>
      <trkpt lat="35.37871" lon="138.7446">
        <ele>2726.24</ele>
      </trkpt>
      <trkpt lat="35.3787" lon="138.74459">
        <ele>2727.26</ele>
      </trkpt>
      <trkpt lat="35.3787" lon="138.74459">
        <ele>2727.26</ele>
      </trkpt>
      <trkpt lat="35.37866" lon="138.74457">
        <ele>2730.77</ele>
      </trkpt>
      <trkpt lat="35.37865" lon="138.74452">
        <ele>2732.92</ele>
      </trkpt>
      <trkpt lat="35.37865" lon="138.74451">
        <ele>2733.21</ele>
      </trkpt>
      <trkpt lat="35.37865" lon="138.74452">
        <ele>2732.92</ele>
      </trkpt>
      <trkpt lat="35.37867" lon="138.74446">
        <ele>2733.11</ele>
      </trkpt>
      <trkpt lat="35.37869" lon="138.7444">
        <ele>2733.06</ele>
      </trkpt>
      <trkpt lat="35.37872" lon="138.74435">
        <ele>2732.13</ele>
      </trkpt>
      <trkpt lat="35.37872" lon="138.74436">
        <ele>2731.88</ele>
      </trkpt>
      <trkpt lat="35.37881" lon="138.74425">
        <ele>2728.97</ele>
      </trkpt>
      <trkpt lat="35.37881" lon="138.74425">
        <ele>2728.97</ele>
      </trkpt>
      <trkpt lat="35.37876" lon="138.74408">
        <ele>2736.01</ele>
      </trkpt>
      <trkpt lat="35.37876" lon="138.74407">
        <ele>2736.19</ele>
      </trkpt>
      <trkpt lat="35.37872" lon="138.74402">
        <ele>2739.25</ele>
      </trkpt>
      <trkpt lat="35.37872" lon="138.74402">
        <ele>2739.25</ele>
      </trkpt>
      <trkpt lat="35.37867" lon="138.74406">
        <ele>2741.31</ele>
      </trkpt>
      <trkpt lat="35.37867" lon="138.74406">
        <ele>2741.31</ele>
      </trkpt>
      <trkpt lat="35.37865" lon="138.74397">
        <ele>2743.79</ele>
      </trkpt>
      <trkpt lat="35.37864" lon="138.74397">
        <ele>2744.32</ele>
      </trkpt>
      <trkpt lat="35.37859" lon="138.74401">
        <ele>2746.73</ele>
      </trkpt>
      <trkpt lat="35.37859" lon="138.74401">
        <ele>2746.73</ele>
      </trkpt>
      <trkpt lat="35.37855" lon="138.7441">
        <ele>2748.31</ele>
      </trkpt>
      <trkpt lat="35.37855" lon="138.7441">
        <ele>2748.31</ele>
      </trkpt>
      <trkpt lat="35.37849" lon="138.74399">
        <ele>2753.99</ele>
      </trkpt>
      <trkpt lat="35.37849" lon="138.74399">
        <ele>2753.99</ele>
      </trkpt>
      <trkpt lat="35.37837" lon="138.74407">
        <ele>2761.45</ele>
      </trkpt>
      <trkpt lat="35.37837" lon="138.74407">
        <ele>2761.45</ele>
      </trkpt>
      <trkpt lat="35.37837" lon="138.74397">
        <ele>2762.58</ele>
      </trkpt>
      <trkpt lat="35.37837" lon="138.74397">
        <ele>2762.58</ele>
      </trkpt>
      <trkpt lat="35.37843" lon="138.74383">
        <ele>2759.74</ele>
      </trkpt>
      <trkpt lat="35.37843" lon="138.74383">
        <ele>2759.74</ele>
      </trkpt>
      <trkpt lat="35.37829" lon="138.74357">
        <ele>2772.13</ele>
      </trkpt>
      <trkpt lat="35.37829" lon="138.74357">
        <ele>2772.13</ele>
      </trkpt>
      <trkpt lat="35.37816" lon="138.74361">
        <ele>2782.36</ele>
      </trkpt>
      <trkpt lat="35.37816" lon="138.74361">
        <ele>2782.36</ele>
      </trkpt>
      <trkpt lat="35.37809" lon="138.74362">
        <ele>2788.08</ele>
      </trkpt>
      <trkpt lat="35.37809" lon="138.74362">
        <ele>2788.08</ele>
      </trkpt>
      <trkpt lat="35.37795" lon="138.74378">
        <ele>2797.15</ele>
      </trkpt>
      <trkpt lat="35.37795" lon="138.74378">
        <ele>2797.15</ele>
      </trkpt>
      <trkpt lat="35.37777" lon="138.7438">
        <ele>2809.26</ele>
      </trkpt>
      <trkpt lat="35.37777" lon="138.7438">
        <ele>2809.26</ele>
      </trkpt>
      <trkpt lat="35.3777" lon="138.74375">
        <ele>2812.72</ele>
      </trkpt>
      <trkpt lat="35.3777" lon="138.74375">
        <ele>2812.72</ele>
      </trkpt>
      <trkpt lat="35.37765" lon="138.74371">
        <ele>2815.55</ele>
      </trkpt>
      <trkpt lat="35.37765" lon="138.74371">
        <ele>2815.55</ele>
      </trkpt>
      <trkpt lat="35.37776" lon="138.74349">
        <ele>2811.11</ele>
      </trkpt>
      <trkpt lat="35.37776" lon="138.74349">
        <ele>2811.11</ele>
      </trkpt>
      <trkpt lat="35.37767" lon="138.74341">
        <ele>2815.83</ele>
      </trkpt>
      <trkpt lat="35.37767" lon="138.74341">
        <ele>2815.83</ele>
      </trkpt>
      <trkpt lat="35.37748" lon="138.74346">
        <ele>2827.76</ele>
      </trkpt>
      <trkpt lat="35.37748" lon="138.74346">
        <ele>2827.76</ele>
      </trkpt>
      <trkpt lat="35.3774" lon="138.7435">
        <ele>2836.2</ele>
      </trkpt>
      <trkpt lat="35.3774" lon="138.7435">
        <ele>2836.2</ele>
      </trkpt>
      <trkpt lat="35.37731" lon="138.74345">
        <ele>2846.72</ele>
      </trkpt>
      <trkpt lat="35.37731" lon="138.74345">
        <ele>2846.72</ele>
      </trkpt>
      <trkpt lat="35.37736" lon="138.74335">
        <ele>2842.42</ele>
      </trkpt>
      <trkpt lat="35.37736" lon="138.74335">
        <ele>2842.42</ele>
      </trkpt>
      <trkpt lat="35.37744" lon="138.74323">
        <ele>2833.23</ele>
      </trkpt>
      <trkpt lat="35.37744" lon="138.74323">
        <ele>2833.23</ele>
      </trkpt>
      <trkpt lat="35.37746" lon="138.74308">
        <ele>2831.53</ele>
      </trkpt>
      <trkpt lat="35.37746" lon="138.74308">
        <ele>2831.53</ele>
      </trkpt>
      <trkpt lat="35.37739" lon="138.74293">
        <ele>2840.71</ele>
      </trkpt>
      <trkpt lat="35.37739" lon="138.74293">
        <ele>2840.71</ele>
      </trkpt>
      <trkpt lat="35.37727" lon="138.74301">
        <ele>2849.58</ele>
      </trkpt>
      <trkpt lat="35.37727" lon="138.74301">
        <ele>2849.58</ele>
      </trkpt>
      <trkpt lat="35.37718" lon="138.74294">
        <ele>2857.61</ele>
      </trkpt>
      <trkpt lat="35.37718" lon="138.74294">
        <ele>2857.61</ele>
      </trkpt>
      <trkpt lat="35.3771" lon="138.74302">
        <ele>2861.99</ele>
      </trkpt>
      <trkpt lat="35.3771" lon="138.74302">
        <ele>2861.99</ele>
      </trkpt>
      <trkpt lat="35.37701" lon="138.74306">
        <ele>2868.22</ele>
      </trkpt>
      <trkpt lat="35.37701" lon="138.74306">
        <ele>2868.22</ele>
      </trkpt>
      <trkpt lat="35.37695" lon="138.743">
        <ele>2872.03</ele>
      </trkpt>
      <trkpt lat="35.37695" lon="138.743">
        <ele>2872.03</ele>
      </trkpt>
      <trkpt lat="35.37697" lon="138.74282">
        <ele>2869.24</ele>
      </trkpt>
      <trkpt lat="35.37697" lon="138.74282">
        <ele>2869.24</ele>
      </trkpt>
      <trkpt lat="35.37692" lon="138.74282">
        <ele>2871.15</ele>
      </trkpt>
      <trkpt lat="35.37692" lon="138.74282">
        <ele>2871.15</ele>
      </trkpt>
      <trkpt lat="35.37684" lon="138.74289">
        <ele>2873.53</ele>
      </trkpt>
      <trkpt lat="35.3768" lon="138.74284">
        <ele>2874.54</ele>
      </trkpt>
      <trkpt lat="35.37676" lon="138.7428">
        <ele>2875.84</ele>
      </trkpt>
      <trkpt lat="35.37671" lon="138.74281">
        <ele>2877.26</ele>
      </trkpt>
      <trkpt lat="35.37667" lon="138.74285">
        <ele>2877.87</ele>
      </trkpt>
      <trkpt lat="35.37664" lon="138.74289">
        <ele>2878.27</ele>
      </trkpt>
      <trkpt lat="35.3766" lon="138.74293">
        <ele>2879.12</ele>
      </trkpt>
      <trkpt lat="35.37656" lon="138.74292">
        <ele>2880.61</ele>
      </trkpt>
      <trkpt lat="35.37651" lon="138.7429">
        <ele>2882.5</ele>
      </trkpt>
      <trkpt lat="35.37648" lon="138.74285">
        <ele>2883.86</ele>
      </trkpt>
      <trkpt lat="35.37645" lon="138.74281">
        <ele>2885.05</ele>
      </trkpt>
      <trkpt lat="35.37641" lon="138.74277">
        <ele>2886.53</ele>
      </trkpt>
      <trkpt lat="35.37636" lon="138.74277">
        <ele>2888.26</ele>
      </trkpt>
      <trkpt lat="35.37635" lon="138.74277">
        <ele>2888.65</ele>
      </trkpt>
      <trkpt lat="35.37608" lon="138.74281">
        <ele>2898.76</ele>
      </trkpt>
      <trkpt lat="35.37608" lon="138.74281">
        <ele>2898.76</ele>
      </trkpt>
      <trkpt lat="35.37597" lon="138.74289">
        <ele>2901.77</ele>
      </trkpt>
      <trkpt lat="35.37594" lon="138.74294">
        <ele>2902.08</ele>
      </trkpt>
      <trkpt lat="35.3759" lon="138.74298">
        <ele>2902.89</ele>
      </trkpt>
      <trkpt lat="35.37586" lon="138.74302">
        <ele>2903.67</ele>
      </trkpt>
      <trkpt lat="35.37582" lon="138.74304">
        <ele>2905.14</ele>
      </trkpt>
      <trkpt lat="35.37578" lon="138.74308">
        <ele>2906.89</ele>
      </trkpt>
      <trkpt lat="35.37573" lon="138.74306">
        <ele>2910.59</ele>
      </trkpt>
      <trkpt lat="35.37569" lon="138.74302">
        <ele>2913.93</ele>
      </trkpt>
      <trkpt lat="35.37566" lon="138.74298">
        <ele>2916.59</ele>
      </trkpt>
      <trkpt lat="35.37563" lon="138.74293">
        <ele>2919.44</ele>
      </trkpt>
      <trkpt lat="35.37559" lon="138.74292">
        <ele>2922.21</ele>
      </trkpt>
      <trkpt lat="35.37558" lon="138.74292">
        <ele>2922.86</ele>
      </trkpt>
      <trkpt lat="35.37543" lon="138.74293">
        <ele>2932.15</ele>
      </trkpt>
      <trkpt lat="35.37543" lon="138.74293">
        <ele>2932.15</ele>
      </trkpt>
      <trkpt lat="35.37534" lon="138.74297">
        <ele>2936.97</ele>
      </trkpt>
      <trkpt lat="35.37529" lon="138.74297">
        <ele>2940.09</ele>
      </trkpt>
      <trkpt lat="35.37524" lon="138.74294">
        <ele>2943.54</ele>
      </trkpt>
      <trkpt lat="35.37519" lon="138.74294">
        <ele>2946.24</ele>
      </trkpt>
      <trkpt lat="35.37514" lon="138.74295">
        <ele>2948.72</ele>
      </trkpt>
      <trkpt lat="35.3751" lon="138.74295">
        <ele>2950.88</ele>
      </trkpt>
      <trkpt lat="35.37508" lon="138.74289">
        <ele>2953.26</ele>
      </trkpt>
      <trkpt lat="35.3751" lon="138.74284">
        <ele>2953.26</ele>
      </trkpt>
      <trkpt lat="35.37512" lon="138.74279">
        <ele>2953.26</ele>
      </trkpt>
      <trkpt lat="35.37512" lon="138.74278">
        <ele>2953.47</ele>
      </trkpt>
      <trkpt lat="35.37504" lon="138.74259">
        <ele>2962.86</ele>
      </trkpt>
      <trkpt lat="35.37501" lon="138.74254">
        <ele>2966.18</ele>
      </trkpt>
      <trkpt lat="35.37498" lon="138.7425">
        <ele>2969.44</ele>
      </trkpt>
      <trkpt lat="35.37494" lon="138.74246">
        <ele>2973.7</ele>
      </trkpt>
      <trkpt lat="35.37489" lon="138.74246">
        <ele>2977.25</ele>
      </trkpt>
      <trkpt lat="35.37485" lon="138.74246">
        <ele>2980.08</ele>
      </trkpt>
      <trkpt lat="35.3748" lon="138.74247">
        <ele>2983.32</ele>
      </trkpt>
      <trkpt lat="35.37476" lon="138.74248">
        <ele>2985.88</ele>
      </trkpt>
      <trkpt lat="35.37471" lon="138.74247">
        <ele>2989.26</ele>
      </trkpt>
      <trkpt lat="35.37467" lon="138.74245">
        <ele>2991.13</ele>
      </trkpt>
      <trkpt lat="35.37462" lon="138.74243">
        <ele>2993.33</ele>
      </trkpt>
      <trkpt lat="35.37458" lon="138.7424">
        <ele>2995.49</ele>
      </trkpt>
      <trkpt lat="35.37454" lon="138.74236">
        <ele>2997.94</ele>
      </trkpt>
      <trkpt lat="35.37452" lon="138.74232">
        <ele>2999.74</ele>
      </trkpt>
      <trkpt lat="35.37451" lon="138.7423">
        <ele>3000.64</ele>
      </trkpt>
      <trkpt lat="35.37448" lon="138.74215">
        <ele>3005.53</ele>
      </trkpt>
      <trkpt lat="35.37443" lon="138.74208">
        <ele>3009.11</ele>
      </trkpt>
      <trkpt lat="35.3744" lon="138.74203">
        <ele>3011.51</ele>
      </trkpt>
      <trkpt lat="35.37438" lon="138.74198">
        <ele>3013.6</ele>
      </trkpt>
      <trkpt lat="35.37434" lon="138.74194">
        <ele>3016.26</ele>
      </trkpt>
      <trkpt lat="35.37433" lon="138.74193">
        <ele>3016.93</ele>
      </trkpt>
      <trkpt lat="35.3743" lon="138.74183">
        <ele>3021.05</ele>
      </trkpt>
      <trkpt lat="35.37429" lon="138.74177">
        <ele>3023.28</ele>
      </trkpt>
      <trkpt lat="35.37427" lon="138.74172">
        <ele>3025.79</ele>
      </trkpt>
      <trkpt lat="35.37424" lon="138.74167">
        <ele>3028.93</ele>
      </trkpt>
      <trkpt lat="35.37424" lon="138.74161">
        <ele>3030.41</ele>
      </trkpt>
      <trkpt lat="35.37425" lon="138.74155">
        <ele>3031.31</ele>
      </trkpt>
      <trkpt lat="35.37423" lon="138.7415">
        <ele>3033.64</ele>
      </trkpt>
      <trkpt lat="35.37419" lon="138.74146">
        <ele>3036.89</ele>
      </trkpt>
      <trkpt lat="35.37414" lon="138.74146">
        <ele>3039.65</ele>
      </trkpt>
      <trkpt lat="35.37409" lon="138.74148">
        <ele>3041.84</ele>
      </trkpt>
      <trkpt lat="35.37405" lon="138.74151">
        <ele>3043.25</ele>
      </trkpt>
      <trkpt lat="35.37401" lon="138.74154">
        <ele>3044.65</ele>
      </trkpt>
      <trkpt lat="35.37396" lon="138.74157">
        <ele>3046.6</ele>
      </trkpt>
      <trkpt lat="35.37392" lon="138.74157">
        <ele>3048.76</ele>
      </trkpt>
      <trkpt lat="35.37387" lon="138.74154">
        <ele>3051.95</ele>
      </trkpt>
      <trkpt lat="35.37384" lon="138.74149">
        <ele>3054.34</ele>
      </trkpt>
      <trkpt lat="35.37383" lon="138.74144">
        <ele>3055.91</ele>
      </trkpt>
      <trkpt lat="35.37382" lon="138.74139">
        <ele>3057.45</ele>
      </trkpt>
      <trkpt lat="35.37382" lon="138.74138">
        <ele>3057.57</ele>
      </trkpt>
      <trkpt lat="35.37382" lon="138.74125">
        <ele>3058.85</ele>
      </trkpt>
      <trkpt lat="35.3738" lon="138.7412">
        <ele>3060.21</ele>
      </trkpt>
      <trkpt lat="35.37376" lon="138.74115">
        <ele>3062.56</ele>
      </trkpt>
      <trkpt lat="35.37372" lon="138.74111">
        <ele>3064.95</ele>
      </trkpt>
      <trkpt lat="35.37368" lon="138.74107">
        <ele>3068.44</ele>
      </trkpt>
      <trkpt lat="35.37364" lon="138.74105">
        <ele>3071.09</ele>
      </trkpt>
      <trkpt lat="35.37359" lon="138.74103">
        <ele>3075.03</ele>
      </trkpt>
      <trkpt lat="35.37353" lon="138.74102">
        <ele>3080.53</ele>
      </trkpt>
      <trkpt lat="35.37349" lon="138.74103">
        <ele>3083.66</ele>
      </trkpt>
      <trkpt lat="35.37344" lon="138.74105">
        <ele>3087.49</ele>
      </trkpt>
      <trkpt lat="35.3734" lon="138.74108">
        <ele>3090.4</ele>
      </trkpt>
      <trkpt lat="35.37336" lon="138.74111">
        <ele>3093.52</ele>
      </trkpt>
      <trkpt lat="35.37335" lon="138.74111">
        <ele>3094.46</ele>
      </trkpt>
      <trkpt lat="35.37308" lon="138.74121">
        <ele>3104.45</ele>
      </trkpt>
      <trkpt lat="35.37308" lon="138.74121">
        <ele>3104.45</ele>
      </trkpt>
      <trkpt lat="35.37311" lon="138.74102">
        <ele>3106.42</ele>
      </trkpt>
      <trkpt lat="35.37311" lon="138.74102">
        <ele>3106.42</ele>
      </trkpt>
      <trkpt lat="35.37303" lon="138.74105">
        <ele>3108.29</ele>
      </trkpt>
      <trkpt lat="35.37303" lon="138.74105">
        <ele>3108.29</ele>
      </trkpt>
      <trkpt lat="35.37302" lon="138.74096">
        <ele>3110.2</ele>
      </trkpt>
      <trkpt lat="35.37302" lon="138.74096">
        <ele>3110.2</ele>
      </trkpt>
      <trkpt lat="35.3729" lon="138.74103">
        <ele>3109.84</ele>
      </trkpt>
      <trkpt lat="35.3729" lon="138.74103">
        <ele>3109.84</ele>
      </trkpt>
      <trkpt lat="35.37289" lon="138.74089">
        <ele>3113.95</ele>
      </trkpt>
      <trkpt lat="35.37289" lon="138.74089">
        <ele>3113.95</ele>
      </trkpt>
      <trkpt lat="35.37295" lon="138.74045">
        <ele>3119.0</ele>
      </trkpt>
      <trkpt lat="35.37295" lon="138.74045">
        <ele>3119.0</ele>
      </trkpt>
      <trkpt lat="35.3729" lon="138.74021">
        <ele>3122.69</ele>
      </trkpt>
      <trkpt lat="35.37288" lon="138.74016">
        <ele>3124.02</ele>
      </trkpt>
      <trkpt lat="35.37283" lon="138.74014">
        <ele>3126.76</ele>
      </trkpt>
      <trkpt lat="35.37279" lon="138.74017">
        <ele>3128.54</ele>
      </trkpt>
      <trkpt lat="35.37279" lon="138.74017">
        <ele>3128.54</ele>
      </trkpt>
      <trkpt lat="35.37255" lon="138.74037">
        <ele>3142.26</ele>
      </trkpt>
      <trkpt lat="35.37255" lon="138.74037">
        <ele>3142.26</ele>
      </trkpt>
      <trkpt lat="35.37246" lon="138.74037">
        <ele>3148.65</ele>
      </trkpt>
      <trkpt lat="35.37246" lon="138.74037">
        <ele>3148.65</ele>
      </trkpt>
      <trkpt lat="35.37248" lon="138.74002">
        <ele>3153.49</ele>
      </trkpt>
      <trkpt lat="35.37248" lon="138.74002">
        <ele>3153.49</ele>
      </trkpt>
      <trkpt lat="35.37233" lon="138.74008">
        <ele>3165.44</ele>
      </trkpt>
      <trkpt lat="35.37233" lon="138.74008">
        <ele>3165.44</ele>
      </trkpt>
      <trkpt lat="35.37232" lon="138.73991">
        <ele>3169.59</ele>
      </trkpt>
      <trkpt lat="35.37232" lon="138.73991">
        <ele>3169.59</ele>
      </trkpt>
      <trkpt lat="35.37216" lon="138.74001">
        <ele>3180.28</ele>
      </trkpt>
      <trkpt lat="35.37216" lon="138.74001">
        <ele>3180.28</ele>
      </trkpt>
      <trkpt lat="35.37216" lon="138.73977">
        <ele>3185.47</ele>
      </trkpt>
      <trkpt lat="35.37216" lon="138.73977">
        <ele>3185.47</ele>
      </trkpt>
      <trkpt lat="35.37201" lon="138.73992">
        <ele>3191.54</ele>
      </trkpt>
      <trkpt lat="35.37201" lon="138.73992">
        <ele>3191.54</ele>
      </trkpt>
      <trkpt lat="35.37198" lon="138.73973">
        <ele>3199.2</ele>
      </trkpt>
      <trkpt lat="35.37198" lon="138.73973">
        <ele>3199.2</ele>
      </trkpt>
      <trkpt lat="35.37156" lon="138.74001">
        <ele>3210.59</ele>
      </trkpt>
      <trkpt lat="35.37156" lon="138.74001">
        <ele>3210.59</ele>
      </trkpt>
      <trkpt lat="35.37154" lon="138.73993">
        <ele>3212.73</ele>
      </trkpt>
      <trkpt lat="35.37154" lon="138.73993">
        <ele>3212.73</ele>
      </trkpt>
      <trkpt lat="35.37171" lon="138.73962">
        <ele>3211.85</ele>
      </trkpt>
      <trkpt lat="35.37171" lon="138.73962">
        <ele>3211.85</ele>
      </trkpt>
      <trkpt lat="35.37165" lon="138.73937">
        <ele>3216.23</ele>
      </trkpt>
      <trkpt lat="35.37165" lon="138.73937">
        <ele>3216.23</ele>
      </trkpt>
      <trkpt lat="35.37158" lon="138.73904">
        <ele>3224.81</ele>
      </trkpt>
      <trkpt lat="35.37158" lon="138.73904">
        <ele>3224.81</ele>
      </trkpt>
      <trkpt lat="35.37149" lon="138.73895">
        <ele>3233.77</ele>
      </trkpt>
      <trkpt lat="35.37145" lon="138.73898">
        <ele>3235.84</ele>
      </trkpt>
      <trkpt lat="35.37142" lon="138.73903">
        <ele>3236.23</ele>
      </trkpt>
      <trkpt lat="35.37139" lon="138.73908">
        <ele>3236.36</ele>
      </trkpt>
      <trkpt lat="35.37137" lon="138.73913">
        <ele>3235.6</ele>
      </trkpt>
      <trkpt lat="35.37133" lon="138.7391">
        <ele>3239.19</ele>
      </trkpt>
      <trkpt lat="35.37132" lon="138.73903">
        <ele>3242.51</ele>
      </trkpt>
      <trkpt lat="35.37132" lon="138.73897">
        <ele>3244.83</ele>
      </trkpt>
      <trkpt lat="35.37131" lon="138.73892">
        <ele>3247.34</ele>
      </trkpt>
      <trkpt lat="35.3713" lon="138.73886">
        <ele>3249.43</ele>
      </trkpt>
      <trkpt lat="35.37129" lon="138.73883">
        <ele>3250.35</ele>
      </trkpt>
      <trkpt lat="35.37125" lon="138.73865">
        <ele>3255.01</ele>
      </trkpt>
      <trkpt lat="35.37125" lon="138.73865">
        <ele>3255.01</ele>
      </trkpt>
      <trkpt lat="35.37121" lon="138.73865">
        <ele>3257.69</ele>
      </trkpt>
      <trkpt lat="35.37121" lon="138.73865">
        <ele>3257.69</ele>
      </trkpt>
      <trkpt lat="35.37113" lon="138.73895">
        <ele>3256.7</ele>
      </trkpt>
      <trkpt lat="35.37113" lon="138.73895">
        <ele>3256.7</ele>
      </trkpt>
      <trkpt lat="35.37101" lon="138.73933">
        <ele>3252.5</ele>
      </trkpt>
      <trkpt lat="35.37101" lon="138.73933">
        <ele>3252.5</ele>
      </trkpt>
      <trkpt lat="35.37088" lon="138.7393">
        <ele>3261.58</ele>
      </trkpt>
      <trkpt lat="35.37083" lon="138.7393">
        <ele>3264.9</ele>
      </trkpt>
      <trkpt lat="35.37078" lon="138.73932">
        <ele>3269.06</ele>
      </trkpt>
      <trkpt lat="35.37074" lon="138.73934">
        <ele>3272.36</ele>
      </trkpt>
      <trkpt lat="35.37069" lon="138.73936">
        <ele>3276.62</ele>
      </trkpt>
      <trkpt lat="35.37068" lon="138.7393">
        <ele>3278.38</ele>
      </trkpt>
      <trkpt lat="35.37067" lon="138.73926">
        <ele>3279.83</ele>
      </trkpt>
      <trkpt lat="35.37064" lon="138.73897">
        <ele>3284.35</ele>
      </trkpt>
      <trkpt lat="35.37064" lon="138.73897">
        <ele>3284.35</ele>
      </trkpt>
      <trkpt lat="35.37058" lon="138.73898">
        <ele>3289.07</ele>
      </trkpt>
      <trkpt lat="35.37058" lon="138.73898">
        <ele>3289.07</ele>
      </trkpt>
      <trkpt lat="35.37043" lon="138.73917">
        <ele>3299.56</ele>
      </trkpt>
      <trkpt lat="35.37043" lon="138.73917">
        <ele>3299.56</ele>
      </trkpt>
      <trkpt lat="35.3704" lon="138.73897">
        <ele>3302.83</ele>
      </trkpt>
      <trkpt lat="35.3704" lon="138.73897">
        <ele>3302.83</ele>
      </trkpt>
      <trkpt lat="35.37015" lon="138.73916">
        <ele>3319.29</ele>
      </trkpt>
      <trkpt lat="35.37015" lon="138.73916">
        <ele>3319.29</ele>
      </trkpt>
      <trkpt lat="35.37004" lon="138.73923">
        <ele>3326.27</ele>
      </trkpt>
      <trkpt lat="35.37004" lon="138.73923">
        <ele>3326.27</ele>
      </trkpt>
      <trkpt lat="35.37004" lon="138.73894">
        <ele>3330.96</ele>
      </trkpt>
      <trkpt lat="35.37004" lon="138.73894">
        <ele>3330.96</ele>
      </trkpt>
      <trkpt lat="35.37001" lon="138.73863">
        <ele>3335.14</ele>
      </trkpt>
      <trkpt lat="35.37001" lon="138.73863">
        <ele>3335.14</ele>
      </trkpt>
      <trkpt lat="35.36995" lon="138.73867">
        <ele>3339.09</ele>
      </trkpt>
      <trkpt lat="35.36995" lon="138.73867">
        <ele>3339.09</ele>
      </trkpt>
      <trkpt lat="35.36981" lon="138.73878">
        <ele>3347.14</ele>
      </trkpt>
      <trkpt lat="35.36981" lon="138.73878">
        <ele>3347.14</ele>
      </trkpt>
      <trkpt lat="35.36974" lon="138.73879">
        <ele>3351.33</ele>
      </trkpt>
      <trkpt lat="35.36974" lon="138.73879">
        <ele>3351.33</ele>
      </trkpt>
      <trkpt lat="35.36971" lon="138.73857">
        <ele>3356.31</ele>
      </trkpt>
      <trkpt lat="35.36971" lon="138.73857">
        <ele>3356.31</ele>
      </trkpt>
      <trkpt lat="35.36954" lon="138.73861">
        <ele>3363.55</ele>
      </trkpt>
      <trkpt lat="35.36954" lon="138.73861">
        <ele>3363.55</ele>
      </trkpt>
      <trkpt lat="35.3694" lon="138.73873">
        <ele>3366.99</ele>
      </trkpt>
      <trkpt lat="35.36938" lon="138.73879">
        <ele>3366.24</ele>
      </trkpt>
      <trkpt lat="35.36938" lon="138.73885">
        <ele>3364.79</ele>
      </trkpt>
      <trkpt lat="35.36938" lon="138.73891">
        <ele>3363.42</ele>
      </trkpt>
      <trkpt lat="35.36936" lon="138.73897">
        <ele>3362.71</ele>
      </trkpt>
      <trkpt lat="35.36936" lon="138.73898">
        <ele>3362.49</ele>
      </trkpt>
      <trkpt lat="35.36921" lon="138.73918">
        <ele>3360.76</ele>
      </trkpt>
      <trkpt lat="35.36916" lon="138.73922">
        <ele>3360.18</ele>
      </trkpt>
      <trkpt lat="35.36912" lon="138.73923">
        <ele>3360.41</ele>
      </trkpt>
      <trkpt lat="35.36907" lon="138.73922">
        <ele>3361.55</ele>
      </trkpt>
      <trkpt lat="35.36905" lon="138.73917">
        <ele>3363.96</ele>
      </trkpt>
      <trkpt lat="35.36906" lon="138.73914">
        <ele>3364.72</ele>
      </trkpt>
      <trkpt lat="35.36917" lon="138.73902">
        <ele>3366.14</ele>
      </trkpt>
      <trkpt lat="35.36917" lon="138.73902">
        <ele>3366.14</ele>
      </trkpt>
      <trkpt lat="35.36924" lon="138.7388">
        <ele>3370.51</ele>
      </trkpt>
      <trkpt lat="35.3692" lon="138.73876">
        <ele>3373.05</ele>
      </trkpt>
      <trkpt lat="35.36916" lon="138.73879">
        <ele>3373.37</ele>
      </trkpt>
      <trkpt lat="35.36913" lon="138.73884">
        <ele>3372.45</ele>
      </trkpt>
      <trkpt lat="35.3691" lon="138.73889">
        <ele>3371.41</ele>
      </trkpt>
      <trkpt lat="35.36906" lon="138.73894">
        <ele>3370.76</ele>
      </trkpt>
      <trkpt lat="35.36901" lon="138.73893">
        <ele>3372.12</ele>
      </trkpt>
      <trkpt lat="35.36898" lon="138.7389">
        <ele>3373.69</ele>
      </trkpt>
      <trkpt lat="35.36893" lon="138.73885">
        <ele>3376.73</ele>
      </trkpt>
      <trkpt lat="35.3689" lon="138.73881">
        <ele>3379.13</ele>
      </trkpt>
      <trkpt lat="35.36886" lon="138.73878">
        <ele>3381.6</ele>
      </trkpt>
      <trkpt lat="35.36881" lon="138.73877">
        <ele>3383.61</ele>
      </trkpt>
      <trkpt lat="35.36879" lon="138.73872">
        <ele>3386.65</ele>
      </trkpt>
      <trkpt lat="35.36881" lon="138.73867">
        <ele>3388.34</ele>
      </trkpt>
      <trkpt lat="35.36884" lon="138.73862">
        <ele>3389.53</ele>
      </trkpt>
      <trkpt lat="35.36884" lon="138.73862">
        <ele>3389.53</ele>
      </trkpt>
      <trkpt lat="35.3689" lon="138.73843">
        <ele>3397.26</ele>
      </trkpt>
      <trkpt lat="35.36887" lon="138.73838">
        <ele>3400.95</ele>
      </trkpt>
      <trkpt lat="35.36883" lon="138.7384">
        <ele>3400.93</ele>
      </trkpt>
      <trkpt lat="35.36878" lon="138.73843">
        <ele>3400.81</ele>
      </trkpt>
      <trkpt lat="35.36873" lon="138.73844">
        <ele>3401.77</ele>
      </trkpt>
      <trkpt lat="35.36868" lon="138.73842">
        <ele>3404.01</ele>
      </trkpt>
      <trkpt lat="35.36866" lon="138.73837">
        <ele>3406.51</ele>
      </trkpt>
      <trkpt lat="35.36869" lon="138.73831">
        <ele>3408.27</ele>
      </trkpt>
      <trkpt lat="35.36873" lon="138.73827">
        <ele>3408.91</ele>
      </trkpt>
      <trkpt lat="35.36875" lon="138.73822">
        <ele>3410.28</ele>
      </trkpt>
      <trkpt lat="35.36866" lon="138.73819">
        <ele>3414.2</ele>
      </trkpt>
      <trkpt lat="35.36861" lon="138.7382">
        <ele>3415.26</ele>
      </trkpt>
      <trkpt lat="35.36856" lon="138.73818">
        <ele>3416.96</ele>
      </trkpt>
      <trkpt lat="35.36852" lon="138.73816">
        <ele>3418.38</ele>
      </trkpt>
      <trkpt lat="35.36847" lon="138.73813">
        <ele>3420.21</ele>
      </trkpt>
      <trkpt lat="35.36842" lon="138.7381">
        <ele>3421.85</ele>
      </trkpt>
      <trkpt lat="35.36838" lon="138.73808">
        <ele>3422.89</ele>
      </trkpt>
      <trkpt lat="35.36832" lon="138.73806">
        <ele>3424.01</ele>
      </trkpt>
      <trkpt lat="35.36827" lon="138.73804">
        <ele>3425.24</ele>
      </trkpt>
      <trkpt lat="35.36823" lon="138.73802">
        <ele>3426.46</ele>
      </trkpt>
      <trkpt lat="35.36821" lon="138.73796">
        <ele>3429.04</ele>
      </trkpt>
      <trkpt lat="35.36822" lon="138.73792">
        <ele>3430.41</ele>
      </trkpt>
      <trkpt lat="35.36845" lon="138.73779">
        <ele>3431.36</ele>
      </trkpt>
      <trkpt lat="35.36845" lon="138.73779">
        <ele>3431.36</ele>
      </trkpt>
      <trkpt lat="35.36848" lon="138.73771">
        <ele>3433.86</ele>
      </trkpt>
      <trkpt lat="35.36848" lon="138.73771">
        <ele>3433.86</ele>
      </trkpt>
      <trkpt lat="35.36834" lon="138.73767">
        <ele>3436.81</ele>
      </trkpt>
      <trkpt lat="35.36834" lon="138.73767">
        <ele>3436.81</ele>
      </trkpt>
      <trkpt lat="35.36826" lon="138.73765">
        <ele>3439.81</ele>
      </trkpt>
      <trkpt lat="35.36826" lon="138.73765">
        <ele>3439.81</ele>
      </trkpt>
      <trkpt lat="35.36838" lon="138.73748">
        <ele>3443.85</ele>
      </trkpt>
      <trkpt lat="35.36838" lon="138.73748">
        <ele>3443.85</ele>
      </trkpt>
      <trkpt lat="35.36829" lon="138.73745">
        <ele>3448.23</ele>
      </trkpt>
      <trkpt lat="35.36829" lon="138.73745">
        <ele>3448.23</ele>
      </trkpt>
      <trkpt lat="35.36795" lon="138.73745">
        <ele>3456.55</ele>
      </trkpt>
      <trkpt lat="35.36795" lon="138.73745">
        <ele>3456.55</ele>
      </trkpt>
      <trkpt lat="35.3677" lon="138.73733">
        <ele>3463.58</ele>
      </trkpt>
      <trkpt lat="35.3677" lon="138.73733">
        <ele>3463.58</ele>
      </trkpt>
      <trkpt lat="35.36771" lon="138.73728">
        <ele>3465.93</ele>
      </trkpt>
      <trkpt lat="35.36771" lon="138.73728">
        <ele>3465.93</ele>
      </trkpt>
      <trkpt lat="35.36803" lon="138.73711">
        <ele>3474.15</ele>
      </trkpt>
      <trkpt lat="35.36803" lon="138.73711">
        <ele>3474.15</ele>
      </trkpt>
      <trkpt lat="35.36802" lon="138.73706">
        <ele>3476.18</ele>
      </trkpt>
      <trkpt lat="35.36802" lon="138.73706">
        <ele>3476.18</ele>
      </trkpt>
      <trkpt lat="35.36787" lon="138.73701">
        <ele>3480.39</ele>
      </trkpt>
      <trkpt lat="35.36787" lon="138.73701">
        <ele>3480.39</ele>
      </trkpt>
      <trkpt lat="35.36801" lon="138.73689">
        <ele>3483.92</ele>
      </trkpt>
      <trkpt lat="35.36801" lon="138.73689">
        <ele>3483.92</ele>
      </trkpt>
      <trkpt lat="35.368" lon="138.73682">
        <ele>3487.92</ele>
      </trkpt>
      <trkpt lat="35.368" lon="138.73682">
        <ele>3487.92</ele>
      </trkpt>
      <trkpt lat="35.36779" lon="138.73679">
        <ele>3494.08</ele>
      </trkpt>
      <trkpt lat="35.36779" lon="138.73679">
        <ele>3494.08</ele>
      </trkpt>
      <trkpt lat="35.36773" lon="138.73674">
        <ele>3498.07</ele>
      </trkpt>
      <trkpt lat="35.36773" lon="138.73674">
        <ele>3498.07</ele>
      </trkpt>
      <trkpt lat="35.36784" lon="138.73665">
        <ele>3500.23</ele>
      </trkpt>
      <trkpt lat="35.36784" lon="138.73665">
        <ele>3500.23</ele>
      </trkpt>
      <trkpt lat="35.36784" lon="138.73658">
        <ele>3502.64</ele>
      </trkpt>
      <trkpt lat="35.36784" lon="138.73658">
        <ele>3502.64</ele>
      </trkpt>
      <trkpt lat="35.36768" lon="138.73655">
        <ele>3507.46</ele>
      </trkpt>
      <trkpt lat="35.36768" lon="138.73655">
        <ele>3507.46</ele>
      </trkpt>
      <trkpt lat="35.36753" lon="138.73644">
        <ele>3515.24</ele>
      </trkpt>
      <trkpt lat="35.36753" lon="138.73644">
        <ele>3515.24</ele>
      </trkpt>
      <trkpt lat="35.36755" lon="138.73636">
        <ele>3517.99</ele>
      </trkpt>
      <trkpt lat="35.36755" lon="138.73636">
        <ele>3517.99</ele>
      </trkpt>
      <trkpt lat="35.36761" lon="138.73629">
        <ele>3519.5</ele>
      </trkpt>
      <trkpt lat="35.36761" lon="138.73629">
        <ele>3519.5</ele>
      </trkpt>
      <trkpt lat="35.36754" lon="138.73626">
        <ele>3522.56</ele>
      </trkpt>
      <trkpt lat="35.36754" lon="138.73626">
        <ele>3522.56</ele>
      </trkpt>
      <trkpt lat="35.36748" lon="138.73626">
        <ele>3523.77</ele>
      </trkpt>
      <trkpt lat="35.36748" lon="138.73626">
        <ele>3523.77</ele>
      </trkpt>
      <trkpt lat="35.36752" lon="138.73613">
        <ele>3528.68</ele>
      </trkpt>
      <trkpt lat="35.36752" lon="138.73613">
        <ele>3528.68</ele>
      </trkpt>
      <trkpt lat="35.36742" lon="138.73608">
        <ele>3532.27</ele>
      </trkpt>
      <trkpt lat="35.36742" lon="138.73608">
        <ele>3532.27</ele>
      </trkpt>
      <trkpt lat="35.36723" lon="138.73602">
        <ele>3538.42</ele>
      </trkpt>
      <trkpt lat="35.36723" lon="138.73602">
        <ele>3538.42</ele>
      </trkpt>
      <trkpt lat="35.36722" lon="138.73594">
        <ele>3541.83</ele>
      </trkpt>
      <trkpt lat="35.36722" lon="138.73594">
        <ele>3541.83</ele>
      </trkpt>
      <trkpt lat="35.36729" lon="138.73587">
        <ele>3542.27</ele>
      </trkpt>
      <trkpt lat="35.36732" lon="138.73582">
        <ele>3542.88</ele>
      </trkpt>
      <trkpt lat="35.36729" lon="138.73578">
        <ele>3545.14</ele>
      </trkpt>
      <trkpt lat="35.36724" lon="138.73578">
        <ele>3546.91</ele>
      </trkpt>
      <trkpt lat="35.36719" lon="138.73578">
        <ele>3548.62</ele>
      </trkpt>
      <trkpt lat="35.36714" lon="138.73578">
        <ele>3550.31</ele>
      </trkpt>
      <trkpt lat="35.3671" lon="138.73575">
        <ele>3552.62</ele>
      </trkpt>
      <trkpt lat="35.36714" lon="138.7357">
        <ele>3552.79</ele>
      </trkpt>
      <trkpt lat="35.36719" lon="138.73567">
        <ele>3551.88</ele>
      </trkpt>
      <trkpt lat="35.36721" lon="138.73562">
        <ele>3552.61</ele>
      </trkpt>
      <trkpt lat="35.36722" lon="138.73557">
        <ele>3553.67</ele>
      </trkpt>
      <trkpt lat="35.36717" lon="138.73557">
        <ele>3555.63</ele>
      </trkpt>
      <trkpt lat="35.36711" lon="138.73559">
        <ele>3557.35</ele>
      </trkpt>
      <trkpt lat="35.36707" lon="138.73561">
        <ele>3558.25</ele>
      </trkpt>
      <trkpt lat="35.36704" lon="138.73556">
        <ele>3561.07</ele>
      </trkpt>
      <trkpt lat="35.36706" lon="138.7355">
        <ele>3562.26</ele>
      </trkpt>
      <trkpt lat="35.36707" lon="138.73549">
        <ele>3562.17</ele>
      </trkpt>
      <trkpt lat="35.36713" lon="138.73539">
        <ele>3562.82</ele>
      </trkpt>
      <trkpt lat="35.3671" lon="138.73534">
        <ele>3565.73</ele>
      </trkpt>
      <trkpt lat="35.36704" lon="138.73534">
        <ele>3568.44</ele>
      </trkpt>
      <trkpt lat="35.367" lon="138.73535">
        <ele>3569.9</ele>
      </trkpt>
      <trkpt lat="35.36693" lon="138.73534">
        <ele>3573.25</ele>
      </trkpt>
      <trkpt lat="35.36695" lon="138.73529">
        <ele>3574.3</ele>
      </trkpt>
      <trkpt lat="35.36699" lon="138.73525">
        <ele>3574.12</ele>
      </trkpt>
      <trkpt lat="35.36703" lon="138.73521">
        <ele>3573.94</ele>
      </trkpt>
      <trkpt lat="35.36704" lon="138.7352">
        <ele>3573.88</ele>
      </trkpt>
      <trkpt lat="35.36707" lon="138.73509">
        <ele>3577.0</ele>
      </trkpt>
      <trkpt lat="35.36707" lon="138.73509">
        <ele>3577.0</ele>
      </trkpt>
      <trkpt lat="35.36702" lon="138.73513">
        <ele>3577.95</ele>
      </trkpt>
      <trkpt lat="35.36701" lon="138.73513">
        <ele>3578.47</ele>
      </trkpt>
      <trkpt lat="35.36693" lon="138.73517">
        <ele>3580.58</ele>
      </trkpt>
      <trkpt lat="35.36688" lon="138.73515">
        <ele>3583.41</ele>
      </trkpt>
      <trkpt lat="35.36684" lon="138.73513">
        <ele>3585.88</ele>
      </trkpt>
      <trkpt lat="35.36682" lon="138.73508">
        <ele>3589.05</ele>
      </trkpt>
      <trkpt lat="35.36684" lon="138.73502">
        <ele>3591.17</ele>
      </trkpt>
      <trkpt lat="35.36686" lon="138.73497">
        <ele>3592.35</ele>
      </trkpt>
      <trkpt lat="35.36686" lon="138.73496">
        <ele>3592.68</ele>
      </trkpt>
      <trkpt lat="35.36683" lon="138.73492">
        <ele>3595.24</ele>
      </trkpt>
      <trkpt lat="35.36678" lon="138.73492">
        <ele>3597.27</ele>
      </trkpt>
      <trkpt lat="35.36673" lon="138.73491">
        <ele>3599.66</ele>
      </trkpt>
      <trkpt lat="35.36667" lon="138.7349">
        <ele>3602.46</ele>
      </trkpt>
      <trkpt lat="35.36663" lon="138.73488">
        <ele>3604.68</ele>
      </trkpt>
      <trkpt lat="35.36662" lon="138.73481">
        <ele>3607.7</ele>
      </trkpt>
      <trkpt lat="35.36666" lon="138.73478">
        <ele>3607.19</ele>
      </trkpt>
      <trkpt lat="35.3667" lon="138.73474">
        <ele>3606.93</ele>
      </trkpt>
      <trkpt lat="35.36673" lon="138.7347">
        <ele>3607.56</ele>
      </trkpt>
      <trkpt lat="35.36669" lon="138.73465">
        <ele>3612.5</ele>
      </trkpt>
      <trkpt lat="35.36664" lon="138.73466">
        <ele>3614.08</ele>
      </trkpt>
      <trkpt lat="35.36659" lon="138.73466">
        <ele>3616.03</ele>
      </trkpt>
      <trkpt lat="35.36655" lon="138.73466">
        <ele>3617.6</ele>
      </trkpt>
      <trkpt lat="35.3665" lon="138.73466">
        <ele>3619.56</ele>
      </trkpt>
      <trkpt lat="35.36645" lon="138.73465">
        <ele>3622.03</ele>
      </trkpt>
      <trkpt lat="35.36645" lon="138.73459">
        <ele>3625.07</ele>
      </trkpt>
      <trkpt lat="35.36649" lon="138.73455">
        <ele>3625.82</ele>
      </trkpt>
      <trkpt lat="35.36651" lon="138.73454">
        <ele>3625.73</ele>
      </trkpt>
      <trkpt lat="35.36655" lon="138.73444">
        <ele>3630.22</ele>
      </trkpt>
      <trkpt lat="35.3665" lon="138.7344">
        <ele>3634.02</ele>
      </trkpt>
      <trkpt lat="35.36646" lon="138.7344">
        <ele>3635.05</ele>
      </trkpt>
      <trkpt lat="35.36641" lon="138.7344">
        <ele>3636.34</ele>
      </trkpt>
      <trkpt lat="35.36636" lon="138.73439">
        <ele>3638.32</ele>
      </trkpt>
      <trkpt lat="35.36633" lon="138.73435">
        <ele>3641.52</ele>
      </trkpt>
      <trkpt lat="35.36635" lon="138.7343">
        <ele>3644.11</ele>
      </trkpt>
      <trkpt lat="35.36639" lon="138.73425">
        <ele>3646.57</ele>
      </trkpt>
      <trkpt lat="35.36641" lon="138.7342">
        <ele>3649.24</ele>
      </trkpt>
      <trkpt lat="35.36642" lon="138.73414">
        <ele>3652.51</ele>
      </trkpt>
      <trkpt lat="35.3664" lon="138.73409">
        <ele>3655.79</ele>
      </trkpt>
      <trkpt lat="35.36636" lon="138.73406">
        <ele>3658.13</ele>
      </trkpt>
      <trkpt lat="35.36632" lon="138.73404">
        <ele>3659.79</ele>
      </trkpt>
      <trkpt lat="35.3663" lon="138.73398">
        <ele>3663.58</ele>
      </trkpt>
      <trkpt lat="35.36631" lon="138.73397">
        <ele>3663.99</ele>
      </trkpt>
      <trkpt lat="35.36632" lon="138.73389">
        <ele>3668.42</ele>
      </trkpt>
      <trkpt lat="35.36628" lon="138.73386">
        <ele>3670.66</ele>
      </trkpt>
      <trkpt lat="35.36624" lon="138.73384">
        <ele>3672.41</ele>
      </trkpt>
      <trkpt lat="35.3662" lon="138.73381">
        <ele>3674.58</ele>
      </trkpt>
      <trkpt lat="35.36618" lon="138.7338">
        <ele>3675.43</ele>
      </trkpt>
      <trkpt lat="35.36602" lon="138.73363">
        <ele>3685.78</ele>
      </trkpt>
      <trkpt lat="35.36598" lon="138.73358">
        <ele>3688.38</ele>
      </trkpt>
      <trkpt lat="35.36594" lon="138.73354">
        <ele>3690.27</ele>
      </trkpt>
      <trkpt lat="35.36589" lon="138.73352">
        <ele>3691.54</ele>
      </trkpt>
      <trkpt lat="35.36585" lon="138.73351">
        <ele>3692.34</ele>
      </trkpt>
      <trkpt lat="35.3658" lon="138.73348">
        <ele>3693.61</ele>
      </trkpt>
      <trkpt lat="35.36576" lon="138.73345">
        <ele>3694.66</ele>
      </trkpt>
      <trkpt lat="35.36571" lon="138.73345">
        <ele>3695.06</ele>
      </trkpt>
      <trkpt lat="35.36566" lon="138.73346">
        <ele>3695.29</ele>
      </trkpt>
      <trkpt lat="35.36562" lon="138.73348">
        <ele>3695.29</ele>
      </trkpt>
      <trkpt lat="35.36558" lon="138.73344">
        <ele>3696.27</ele>
      </trkpt>
      <trkpt lat="35.3656" lon="138.73338">
        <ele>3697.09</ele>
      </trkpt>
      <trkpt lat="35.36564" lon="138.73333">
        <ele>3697.76</ele>
      </trkpt>
      <trkpt lat="35.36565" lon="138.73332">
        <ele>3697.92</ele>
      </trkpt>
      <trkpt lat="35.36585" lon="138.7329">
        <ele>3704.31</ele>
      </trkpt>
      <trkpt lat="35.36585" lon="138.7329">
        <ele>3704.31</ele>
      </trkpt>
      <trkpt lat="35.36575" lon="138.73294">
        <ele>3704.12</ele>
      </trkpt>
      <trkpt lat="35.36574" lon="138.73294">
        <ele>3704.11</ele>
      </trkpt>
      <trkpt lat="35.36568" lon="138.73297">
        <ele>3703.75</ele>
      </trkpt>
      <trkpt lat="35.36565" lon="138.73299">
        <ele>3703.55</ele>
      </trkpt>
      <trkpt lat="35.36559" lon="138.733">
        <ele>3703.42</ele>
      </trkpt>
      <trkpt lat="35.36554" lon="138.73302">
        <ele>3703.23</ele>
      </trkpt>
      <trkpt lat="35.36549" lon="138.73303">
        <ele>3703.1</ele>
      </trkpt>
      <trkpt lat="35.36545" lon="138.73305">
        <ele>3703.01</ele>
      </trkpt>
      <trkpt lat="35.36544" lon="138.73306">
        <ele>3702.94</ele>
      </trkpt>
      <trkpt lat="35.36538" lon="138.73307">
        <ele>3702.84</ele>
      </trkpt>
      <trkpt lat="35.36534" lon="138.73312">
        <ele>3702.38</ele>
      </trkpt>
      <trkpt lat="35.36528" lon="138.73314">
        <ele>3702.38</ele>
      </trkpt>
      <trkpt lat="35.36524" lon="138.73318">
        <ele>3702.21</ele>
      </trkpt>
      <trkpt lat="35.36519" lon="138.73322">
        <ele>3702.25</ele>
      </trkpt>
      <trkpt lat="35.36514" lon="138.73324">
        <ele>3702.49</ele>
      </trkpt>
      <trkpt lat="35.36508" lon="138.73327">
        <ele>3702.94</ele>
      </trkpt>
      <trkpt lat="35.36496" lon="138.73336">
        <ele>3703.84</ele>
      </trkpt>
      <trkpt lat="35.36495" lon="138.73334">
        <ele>3703.96</ele>
      </trkpt>
      <trkpt lat="35.36489" lon="138.73332">
        <ele>3703.75</ele>
      </trkpt>
      <trkpt lat="35.36474" lon="138.73343">
        <ele>3703.96</ele>
      </trkpt>
      <trkpt lat="35.36471" lon="138.73347">
        <ele>3703.98</ele>
      </trkpt>
      <trkpt lat="35.36467" lon="138.73351">
        <ele>3704.03</ele>
      </trkpt>
      <trkpt lat="35.36462" lon="138.73354">
        <ele>3704.26</ele>
      </trkpt>
      <trkpt lat="35.36458" lon="138.73357">
        <ele>3704.65</ele>
      </trkpt>
      <trkpt lat="35.36453" lon="138.7336">
        <ele>3705.25</ele>
      </trkpt>
      <trkpt lat="35.36449" lon="138.73363">
        <ele>3705.47</ele>
      </trkpt>
      <trkpt lat="35.36449" lon="138.73364">
        <ele>3705.36</ele>
      </trkpt>
      <trkpt lat="35.36414" lon="138.73387">
        <ele>3707.91</ele>
      </trkpt>
      <trkpt lat="35.36414" lon="138.73387">
        <ele>3707.91</ele>
      </trkpt>
      <trkpt lat="35.36399" lon="138.73401">
        <ele>3706.57</ele>
      </trkpt>
      <trkpt lat="35.36399" lon="138.73401">
        <ele>3706.57</ele>
      </trkpt>
      <trkpt lat="35.36376" lon="138.73414">
        <ele>3705.12</ele>
      </trkpt>
      <trkpt lat="35.36376" lon="138.73414">
        <ele>3705.12</ele>
      </trkpt>
      <trkpt lat="35.36354" lon="138.73424">
        <ele>3706.71</ele>
      </trkpt>
      <trkpt lat="35.36354" lon="138.73424">
        <ele>3706.71</ele>
      </trkpt>
      <trkpt lat="35.36335" lon="138.73427">
        <ele>3712.37</ele>
      </trkpt>
      <trkpt lat="35.36335" lon="138.73427">
        <ele>3712.37</ele>
      </trkpt>
      <trkpt lat="35.3632" lon="138.73433">
        <ele>3712.49</ele>
      </trkpt>
      <trkpt lat="35.3632" lon="138.73433">
        <ele>3712.49</ele>
      </trkpt>
      <trkpt lat="35.36293" lon="138.73433">
        <ele>3710.64</ele>
      </trkpt>
      <trkpt lat="35.36293" lon="138.73433">
        <ele>3710.64</ele>
      </trkpt>
      <trkpt lat="35.36283" lon="138.73435">
        <ele>3708.69</ele>
      </trkpt>
      <trkpt lat="35.36278" lon="138.73438">
        <ele>3707.21</ele>
      </trkpt>
      <trkpt lat="35.36274" lon="138.7344">
        <ele>3706.24</ele>
      </trkpt>
      <trkpt lat="35.36268" lon="138.73439">
        <ele>3705.44</ele>
      </trkpt>
      <trkpt lat="35.36263" lon="138.73438">
        <ele>3704.7</ele>
      </trkpt>
      <trkpt lat="35.36262" lon="138.73437">
        <ele>3704.57</ele>
      </trkpt>
      <trkpt lat="35.36236" lon="138.73426">
        <ele>3700.32</ele>
      </trkpt>
      <trkpt lat="35.36236" lon="138.73426">
        <ele>3700.32</ele>
      </trkpt>
      <trkpt lat="35.36226" lon="138.73415">
        <ele>3700.17</ele>
      </trkpt>
      <trkpt lat="35.36222" lon="138.73411">
        <ele>3700.17</ele>
      </trkpt>
      <trkpt lat="35.3622" lon="138.7341">
        <ele>3699.86</ele>
      </trkpt>
      <trkpt lat="35.36191" lon="138.7341">
        <ele>3696.03</ele>
      </trkpt>
      <trkpt lat="35.36191" lon="138.7341">
        <ele>3696.03</ele>
      </trkpt>
      <trkpt lat="35.36173" lon="138.73402">
        <ele>3700.82</ele>
      </trkpt>
      <trkpt lat="35.36173" lon="138.73402">
        <ele>3700.82</ele>
      </trkpt>
      <trkpt lat="35.36161" lon="138.73393">
        <ele>3706.48</ele>
      </trkpt>
      <trkpt lat="35.36157" lon="138.73392">
        <ele>3707.93</ele>
      </trkpt>
      <trkpt lat="35.36152" lon="138.73391">
        <ele>3709.66</ele>
      </trkpt>
      <trkpt lat="35.36147" lon="138.73393">
        <ele>3710.58</ele>
      </trkpt>
      <trkpt lat="35.36143" lon="138.73397">
        <ele>3710.73</ele>
      </trkpt>
      <trkpt lat="35.36139" lon="138.73399">
        <ele>3711.42</ele>
      </trkpt>
      <trkpt lat="35.36134" lon="138.73397">
        <ele>3712.04</ele>
      </trkpt>
      <trkpt lat="35.36134" lon="138.73397">
        <ele>3712.04</ele>
      </trkpt>
      <trkpt lat="35.36117" lon="138.73398">
        <ele>3712.21</ele>
      </trkpt>
      <trkpt lat="35.36117" lon="138.73398">
        <ele>3712.21</ele>
      </trkpt>
      <trkpt lat="35.36084" lon="138.73386">
        <ele>3707.09</ele>
      </trkpt>
      <trkpt lat="35.36084" lon="138.73386">
        <ele>3707.09</ele>
      </trkpt>
      <trkpt lat="35.36062" lon="138.7337">
        <ele>3708.56</ele>
      </trkpt>
      <trkpt lat="35.36062" lon="138.7337">
        <ele>3708.56</ele>
      </trkpt>
      <trkpt lat="35.36048" lon="138.73345">
        <ele>3715.36</ele>
      </trkpt>
      <trkpt lat="35.36048" lon="138.73345">
        <ele>3715.36</ele>
      </trkpt>
      <trkpt lat="35.36044" lon="138.73309">
        <ele>3725.58</ele>
      </trkpt>
      <trkpt lat="35.36044" lon="138.73309">
        <ele>3725.58</ele>
      </trkpt>
      <trkpt lat="35.3603" lon="138.73294">
        <ele>3724.69</ele>
      </trkpt>
      <trkpt lat="35.3603" lon="138.73294">
        <ele>3724.69</ele>
      </trkpt>
      <trkpt lat="35.36005" lon="138.73261">
        <ele>3716.31</ele>
      </trkpt>
      <trkpt lat="35.36005" lon="138.73261">
        <ele>3716.31</ele>
      </trkpt>
      <trkpt lat="35.35991" lon="138.73238">
        <ele>3707.3</ele>
      </trkpt>
      <trkpt lat="35.35988" lon="138.73232">
        <ele>3705.48</ele>
      </trkpt>
      <trkpt lat="35.35987" lon="138.73226">
        <ele>3704.61</ele>
      </trkpt>
      <trkpt lat="35.35987" lon="138.73221">
        <ele>3704.3</ele>
      </trkpt>
      <trkpt lat="35.35987" lon="138.73221">
        <ele>3704.3</ele>
      </trkpt>
      <trkpt lat="35.35989" lon="138.73208">
        <ele>3704.73</ele>
      </trkpt>
      <trkpt lat="35.35993" lon="138.73205">
        <ele>3706.02</ele>
      </trkpt>
      <trkpt lat="35.35997" lon="138.73201">
        <ele>3707.24</ele>
      </trkpt>
      <trkpt lat="35.36001" lon="138.73198">
        <ele>3708.3</ele>
      </trkpt>
      <trkpt lat="35.36004" lon="138.73194">
        <ele>3708.6</ele>
      </trkpt>
      <trkpt lat="35.36005" lon="138.73193">
        <ele>3708.81</ele>
      </trkpt>
      <trkpt lat="35.36007" lon="138.73188">
        <ele>3709.36</ele>
      </trkpt>
      <trkpt lat="35.36007" lon="138.73188">
        <ele>3709.36</ele>
      </trkpt>
      <trkpt lat="35.36" lon="138.73173">
        <ele>3709.54</ele>
      </trkpt>
      <trkpt lat="35.36" lon="138.73173">
        <ele>3709.54</ele>
      </trkpt>
      <trkpt lat="35.3598" lon="138.73162">
        <ele>3705.78</ele>
      </trkpt>
      <trkpt lat="35.3598" lon="138.73162">
        <ele>3705.78</ele>
      </trkpt>
      <trkpt lat="35.35963" lon="138.73154">
        <ele>3702.72</ele>
      </trkpt>
      <trkpt lat="35.35961" lon="138.73149">
        <ele>3703.29</ele>
      </trkpt>
      <trkpt lat="35.35966" lon="138.73147">
        <ele>3705.33</ele>
      </trkpt>
      <trkpt lat="35.35966" lon="138.73147">
        <ele>3705.33</ele>
      </trkpt>
      <trkpt lat="35.35961" lon="138.7313">
        <ele>3707.88</ele>
      </trkpt>
      <trkpt lat="35.3596" lon="138.73125">
        <ele>3708.76</ele>
      </trkpt>
      <trkpt lat="35.35961" lon="138.73119">
        <ele>3710.49</ele>
      </trkpt>
      <trkpt lat="35.35964" lon="138.73115">
        <ele>3712.4</ele>
      </trkpt>
      <trkpt lat="35.35964" lon="138.73115">
        <ele>3712.4</ele>
      </trkpt>
      <trkpt lat="35.35974" lon="138.73075">
        <ele>3715.64</ele>
      </trkpt>
      <trkpt lat="35.35974" lon="138.73075">
        <ele>3715.64</ele>
      </trkpt>
      <trkpt lat="35.35977" lon="138.73039">
        <ele>3713.74</ele>
      </trkpt>
      <trkpt lat="35.35977" lon="138.73039">
        <ele>3713.74</ele>
      </trkpt>
      <trkpt lat="35.35981" lon="138.73002">
        <ele>3713.68</ele>
      </trkpt>
      <trkpt lat="35.35979" lon="138.72997">
        <ele>3714.35</ele>
      </trkpt>
      <trkpt lat="35.35978" lon="138.72991">
        <ele>3715.14</ele>
      </trkpt>
      <trkpt lat="35.35978" lon="138.72984">
        <ele>3715.9</ele>
      </trkpt>
      <trkpt lat="35.35979" lon="138.7298">
        <ele>3716.18</ele>
      </trkpt>
      <trkpt lat="35.35988" lon="138.72943">
        <ele>3719.35</ele>
      </trkpt>
      <trkpt lat="35.35988" lon="138.72943">
        <ele>3719.35</ele>
      </trkpt>
      <trkpt lat="35.35985" lon="138.72931">
        <ele>3721.37</ele>
      </trkpt>
      <trkpt lat="35.35982" lon="138.72925">
        <ele>3722.59</ele>
      </trkpt>
      <trkpt lat="35.35979" lon="138.72919">
        <ele>3723.75</ele>
      </trkpt>
      <trkpt lat="35.35977" lon="138.72914">
        <ele>3724.36</ele>
      </trkpt>
      <trkpt lat="35.35975" lon="138.72908">
        <ele>3724.69</ele>
      </trkpt>
      <trkpt lat="35.35975" lon="138.72903">
        <ele>3724.75</ele>
      </trkpt>
      <trkpt lat="35.35975" lon="138.729">
        <ele>3724.78</ele>
      </trkpt>
      <trkpt lat="35.35978" lon="138.72876">
        <ele>3723.88</ele>
      </trkpt>
      <trkpt lat="35.35979" lon="138.72871">
        <ele>3723.61</ele>
      </trkpt>
      <trkpt lat="35.35979" lon="138.72865">
        <ele>3723.23</ele>
      </trkpt>
      <trkpt lat="35.35979" lon="138.72858">
        <ele>3722.86</ele>
      </trkpt>
      <trkpt lat="35.35978" lon="138.72852">
        <ele>3722.5</ele>
      </trkpt>
      <trkpt lat="35.35977" lon="138.72846">
        <ele>3722.14</ele>
      </trkpt>
      <trkpt lat="35.35978" lon="138.72841">
        <ele>3722.11</ele>
      </trkpt>
      <trkpt lat="35.35981" lon="138.72835">
        <ele>3722.32</ele>
      </trkpt>
      <trkpt lat="35.35983" lon="138.72832">
        <ele>3722.62</ele>
      </trkpt>
      <trkpt lat="35.36032" lon="138.72767">
        <ele>3742.92</ele>
      </trkpt>
      <trkpt lat="35.36032" lon="138.72767">
        <ele>3742.92</ele>
      </trkpt>
      <trkpt lat="35.36048" lon="138.72758">
        <ele>3746.76</ele>
      </trkpt>
      <trkpt lat="35.36053" lon="138.72759">
        <ele>3746.87</ele>
      </trkpt>
      <trkpt lat="35.36057" lon="138.7276">
        <ele>3746.66</ele>
      </trkpt>
      <trkpt lat="35.36058" lon="138.7276">
        <ele>3746.54</ele>
      </trkpt>
      <trkpt lat="35.36106" lon="138.72738">
        <ele>3745.71</ele>
      </trkpt>
      <trkpt lat="35.36106" lon="138.72738">
        <ele>3745.71</ele>
      </trkpt>
      <trkpt lat="35.36122" lon="138.72726">
        <ele>3744.47</ele>
      </trkpt>
      <trkpt lat="35.36127" lon="138.72726">
        <ele>3742.82</ele>
      </trkpt>
      <trkpt lat="35.36132" lon="138.72724">
        <ele>3741.74</ele>
      </trkpt>
      <trkpt lat="35.36136" lon="138.72722">
        <ele>3740.97</ele>
      </trkpt>
      <trkpt lat="35.36141" lon="138.72721">
        <ele>3739.68</ele>
      </trkpt>
      <trkpt lat="35.36145" lon="138.72722">
        <ele>3738.5</ele>
      </trkpt>
      <trkpt lat="35.36148" lon="138.72723">
        <ele>3737.44</ele>
      </trkpt>
      <trkpt lat="35.36199" lon="138.72717">
        <ele>3717.34</ele>
      </trkpt>
      <trkpt lat="35.36199" lon="138.72717">
        <ele>3717.34</ele>
      </trkpt>
      <trkpt lat="35.36236" lon="138.7273">
        <ele>3707.15</ele>
      </trkpt>
      <trkpt lat="35.36236" lon="138.7273">
        <ele>3707.15</ele>
      </trkpt>
      <trkpt lat="35.36256" lon="138.72738">
        <ele>3706.11</ele>
      </trkpt>
      <trkpt lat="35.36261" lon="138.72741">
        <ele>3706.21</ele>
      </trkpt>
      <trkpt lat="35.36264" lon="138.72745">
        <ele>3706.32</ele>
      </trkpt>
      <trkpt lat="35.36269" lon="138.72747">
        <ele>3706.25</ele>
      </trkpt>
      <trkpt lat="35.36273" lon="138.72747">
        <ele>3706.13</ele>
      </trkpt>
      <trkpt lat="35.36278" lon="138.72745">
        <ele>3705.99</ele>
      </trkpt>
      <trkpt lat="35.36282" lon="138.72741">
        <ele>3705.94</ele>
      </trkpt>
      <trkpt lat="35.36285" lon="138.72738">
        <ele>3706.12</ele>
      </trkpt>
      <trkpt lat="35.36293" lon="138.72727">
        <ele>3707.99</ele>
      </trkpt>
      <trkpt lat="35.36298" lon="138.72722">
        <ele>3709.6</ele>
      </trkpt>
      <trkpt lat="35.36301" lon="138.72718">
        <ele>3709.37</ele>
      </trkpt>
      <trkpt lat="35.36305" lon="138.72714">
        <ele>3709.41</ele>
      </trkpt>
      <trkpt lat="35.3631" lon="138.72711">
        <ele>3708.69</ele>
      </trkpt>
      <trkpt lat="35.36314" lon="138.72708">
        <ele>3707.99</ele>
      </trkpt>
      <trkpt lat="35.36318" lon="138.72704">
        <ele>3707.26</ele>
      </trkpt>
      <trkpt lat="35.36321" lon="138.727">
        <ele>3706.67</ele>
      </trkpt>
      <trkpt lat="35.36326" lon="138.72698">
        <ele>3706.36</ele>
      </trkpt>
      <trkpt lat="35.3633" lon="138.72698">
        <ele>3706.3</ele>
      </trkpt>
      <trkpt lat="35.3633" lon="138.72698">
        <ele>3706.3</ele>
      </trkpt>
      <trkpt lat="35.36364" lon="138.727">
        <ele>3711.18</ele>
      </trkpt>
      <trkpt lat="35.36364" lon="138.727">
        <ele>3711.18</ele>
      </trkpt>
      <trkpt lat="35.36379" lon="138.72698">
        <ele>3716.68</ele>
      </trkpt>
      <trkpt lat="35.36379" lon="138.72698">
        <ele>3716.68</ele>
      </trkpt>
      <trkpt lat="35.364" lon="138.72696">
        <ele>3721.59</ele>
      </trkpt>
      <trkpt lat="35.36405" lon="138.72695">
        <ele>3722.11</ele>
      </trkpt>
      <trkpt lat="35.36409" lon="138.72696">
        <ele>3722.38</ele>
      </trkpt>
      <trkpt lat="35.36413" lon="138.727">
        <ele>3722.72</ele>
      </trkpt>
      <trkpt lat="35.36414" lon="138.72702">
        <ele>3722.87</ele>
      </trkpt>
      <trkpt lat="35.36449" lon="138.72718">
        <ele>3723.29</ele>
      </trkpt>
      <trkpt lat="35.36449" lon="138.72718">
        <ele>3723.29</ele>
      </trkpt>
      <trkpt lat="35.36462" lon="138.72722">
        <ele>3722.7</ele>
      </trkpt>
      <trkpt lat="35.36466" lon="138.72726">
        <ele>3722.27</ele>
      </trkpt>
      <trkpt lat="35.36468" lon="138.72732">
        <ele>3721.98</ele>
      </trkpt>
      <trkpt lat="35.3647" lon="138.72737">
        <ele>3721.9</ele>
      </trkpt>
      <trkpt lat="35.36471" lon="138.72739">
        <ele>3721.93</ele>
      </trkpt>
      <trkpt lat="35.36489" lon="138.72788">
        <ele>3708.83</ele>
      </trkpt>
      <trkpt lat="35.36489" lon="138.72788">
        <ele>3708.83</ele>
      </trkpt>
      <trkpt lat="35.36498" lon="138.72807">
        <ele>3700.68</ele>
      </trkpt>
      <trkpt lat="35.36497" lon="138.72813">
        <ele>3699.36</ele>
      </trkpt>
      <trkpt lat="35.36495" lon="138.72815">
        <ele>3698.9</ele>
      </trkpt>
      <trkpt lat="35.36476" lon="138.72856">
        <ele>3693.58</ele>
      </trkpt>
      <trkpt lat="35.36476" lon="138.72856">
        <ele>3693.58</ele>
      </trkpt>
      <trkpt lat="35.36474" lon="138.72867">
        <ele>3693.29</ele>
      </trkpt>
      <trkpt lat="35.36474" lon="138.72874">
        <ele>3692.76</ele>
      </trkpt>
      <trkpt lat="35.36478" lon="138.72878">
        <ele>3691.7</ele>
      </trkpt>
      <trkpt lat="35.36478" lon="138.72881">
        <ele>3691.44</ele>
      </trkpt>
      <trkpt lat="35.36478" lon="138.72896">
        <ele>3689.79</ele>
      </trkpt>
      <trkpt lat="35.36482" lon="138.729">
        <ele>3688.73</ele>
      </trkpt>
      <trkpt lat="35.36486" lon="138.72903">
        <ele>3688.0</ele>
      </trkpt>
      <trkpt lat="35.3649" lon="138.72906">
        <ele>3687.45</ele>
      </trkpt>
      <trkpt lat="35.36494" lon="138.72909">
        <ele>3687.08</ele>
      </trkpt>
      <trkpt lat="35.36497" lon="138.7291">
        <ele>3686.92</ele>
      </trkpt>
      <trkpt lat="35.36545" lon="138.72939">
        <ele>3691.96</ele>
      </trkpt>
      <trkpt lat="35.36545" lon="138.72939">
        <ele>3691.96</ele>
      </trkpt>
      <trkpt lat="35.36564" lon="138.72981">
        <ele>3700.35</ele>
      </trkpt>
      <trkpt lat="35.36564" lon="138.72981">
        <ele>3700.35</ele>
      </trkpt>
      <trkpt lat="35.36592" lon="138.73046">
        <ele>3705.28</ele>
      </trkpt>
      <trkpt lat="35.36592" lon="138.73046">
        <ele>3705.28</ele>
      </trkpt>
      <trkpt lat="35.3661" lon="138.73081">
        <ele>3708.8</ele>
      </trkpt>
      <trkpt lat="35.3661" lon="138.73081">
        <ele>3708.8</ele>
      </trkpt>
      <trkpt lat="35.36632" lon="138.73115">
        <ele>3708.37</ele>
      </trkpt>
      <trkpt lat="35.36632" lon="138.73115">
        <ele>3708.37</ele>
      </trkpt>
      <trkpt lat="35.3663" lon="138.73157">
        <ele>3704.81</ele>
      </trkpt>
      <trkpt lat="35.3663" lon="138.73157">
        <ele>3704.81</ele>
      </trkpt>
      <trkpt lat="35.36622" lon="138.7318">
        <ele>3705.11</ele>
      </trkpt>
      <trkpt lat="35.36622" lon="138.7318">
        <ele>3705.11</ele>
      </trkpt>
      <trkpt lat="35.36619" lon="138.73197">
        <ele>3706.15</ele>
      </trkpt>
      <trkpt lat="35.36619" lon="138.73197">
        <ele>3706.15</ele>
      </trkpt>
      <trkpt lat="35.36609" lon="138.7323">
        <ele>3706.61</ele>
      </trkpt>
      <trkpt lat="35.36609" lon="138.7323">
        <ele>3706.61</ele>
      </trkpt>
      <trkpt lat="35.36607" lon="138.73264">
        <ele>3702.72</ele>
      </trkpt>
      <trkpt lat="35.36607" lon="138.73264">
        <ele>3702.72</ele>
      </trkpt>
      <trkpt lat="35.36591" lon="138.73281">
        <ele>3703.78</ele>
      </trkpt>
      <trkpt lat="35.36591" lon="138.73281">
        <ele>3703.78</ele>
      </trkpt>
      <trkpt lat="35.36579" lon="138.73286">
        <ele>3705.0</ele>
      </trkpt>
      <trkpt lat="35.36579" lon="138.73286">
        <ele>3705.0</ele>
      </trkpt>
      <trkpt lat="35.3657" lon="138.73293">
        <ele>3704.14</ele>
      </trkpt>
      <trkpt lat="35.36569" lon="138.73293">
        <ele>3704.12</ele>
      </trkpt>
      <trkpt lat="35.36565" lon="138.73298">
        <ele>3703.64</ele>
      </trkpt>
      <trkpt lat="35.36559" lon="138.733">
        <ele>3703.42</ele>
      </trkpt>
      <trkpt lat="35.36554" lon="138.73302">
        <ele>3703.23</ele>
      </trkpt>
      <trkpt lat="35.36549" lon="138.73303">
        <ele>3703.1</ele>
      </trkpt>
      <trkpt lat="35.36544" lon="138.73306">
        <ele>3702.94</ele>
      </trkpt>
      <trkpt lat="35.36538" lon="138.73307">
        <ele>3702.84</ele>
      </trkpt>
      <trkpt lat="35.36534" lon="138.73312">
        <ele>3702.38</ele>
      </trkpt>
      <trkpt lat="35.36528" lon="138.73314">
        <ele>3702.38</ele>
      </trkpt>
      <trkpt lat="35.36524" lon="138.73318">
        <ele>3702.21</ele>
      </trkpt>
      <trkpt lat="35.36519" lon="138.73322">
        <ele>3702.25</ele>
      </trkpt>
      <trkpt lat="35.36514" lon="138.73324">
        <ele>3702.49</ele>
      </trkpt>
      <trkpt lat="35.36508" lon="138.73327">
        <ele>3702.94</ele>
      </trkpt>
      <trkpt lat="35.36507" lon="138.73328">
        <ele>3703.05</ele>
      </trkpt>
      <trkpt lat="35.36504" lon="138.73331">
        <ele>3703.45</ele>
      </trkpt>
      <trkpt lat="35.36499" lon="138.73335">
        <ele>3703.88</ele>
      </trkpt>
      <trkpt lat="35.36495" lon="138.73338">
        <ele>3703.72</ele>
      </trkpt>
      <trkpt lat="35.36492" lon="138.73341">
        <ele>3703.61</ele>
      </trkpt>
      <trkpt lat="35.3649" lon="138.73347">
        <ele>3703.37</ele>
      </trkpt>
      <trkpt lat="35.36489" lon="138.73357">
        <ele>3702.97</ele>
      </trkpt>
      <trkpt lat="35.36488" lon="138.73363">
        <ele>3702.74</ele>
      </trkpt>
      <trkpt lat="35.36486" lon="138.73368">
        <ele>3702.51</ele>
      </trkpt>
      <trkpt lat="35.36483" lon="138.73373">
        <ele>3702.27</ele>
      </trkpt>
      <trkpt lat="35.3648" lon="138.73377">
        <ele>3702.04</ele>
      </trkpt>
      <trkpt lat="35.36478" lon="138.73383">
        <ele>3701.55</ele>
      </trkpt>
      <trkpt lat="35.36476" lon="138.73388">
        <ele>3701.09</ele>
      </trkpt>
      <trkpt lat="35.36474" lon="138.73394">
        <ele>3700.92</ele>
      </trkpt>
      <trkpt lat="35.36472" lon="138.73399">
        <ele>3701.0</ele>
      </trkpt>
      <trkpt lat="35.36471" lon="138.73403">
        <ele>3701.0</ele>
      </trkpt>
      <trkpt lat="35.3646" lon="138.73433">
        <ele>3697.11</ele>
      </trkpt>
      <trkpt lat="35.36456" lon="138.73439">
        <ele>3695.95</ele>
      </trkpt>
      <trkpt lat="35.36451" lon="138.73446">
        <ele>3694.57</ele>
      </trkpt>
      <trkpt lat="35.36445" lon="138.73451">
        <ele>3693.12</ele>
      </trkpt>
      <trkpt lat="35.36445" lon="138.73452">
        <ele>3692.83</ele>
      </trkpt>
      <trkpt lat="35.36409" lon="138.73483">
        <ele>3683.96</ele>
      </trkpt>
      <trkpt lat="35.36409" lon="138.73483">
        <ele>3683.96</ele>
      </trkpt>
      <trkpt lat="35.36383" lon="138.7352">
        <ele>3671.85</ele>
      </trkpt>
      <trkpt lat="35.3638" lon="138.73526">
        <ele>3670.52</ele>
      </trkpt>
      <trkpt lat="35.36377" lon="138.7353">
        <ele>3669.69</ele>
      </trkpt>
      <trkpt lat="35.36374" lon="138.73534">
        <ele>3668.92</ele>
      </trkpt>
      <trkpt lat="35.36375" lon="138.7354">
        <ele>3666.38</ele>
      </trkpt>
      <trkpt lat="35.3638" lon="138.7354">
        <ele>3664.75</ele>
      </trkpt>
      <trkpt lat="35.36383" lon="138.73539">
        <ele>3664.22</ele>
      </trkpt>
      <trkpt lat="35.36425" lon="138.73545">
        <ele>3649.74</ele>
      </trkpt>
      <trkpt lat="35.36425" lon="138.73545">
        <ele>3649.74</ele>
      </trkpt>
      <trkpt lat="35.36477" lon="138.73562">
        <ele>3635.59</ele>
      </trkpt>
      <trkpt lat="35.36477" lon="138.73562">
        <ele>3635.59</ele>
      </trkpt>
      <trkpt lat="35.36525" lon="138.73569">
        <ele>3618.07</ele>
      </trkpt>
      <trkpt lat="35.3653" lon="138.73569">
        <ele>3615.39</ele>
      </trkpt>
      <trkpt lat="35.36535" lon="138.73568">
        <ele>3612.87</ele>
      </trkpt>
      <trkpt lat="35.36539" lon="138.73566">
        <ele>3611.4</ele>
      </trkpt>
      <trkpt lat="35.36544" lon="138.73564">
        <ele>3609.3</ele>
      </trkpt>
      <trkpt lat="35.36548" lon="138.73562">
        <ele>3607.78</ele>
      </trkpt>
      <trkpt lat="35.36553" lon="138.73559">
        <ele>3606.06</ele>
      </trkpt>
      <trkpt lat="35.36557" lon="138.73557">
        <ele>3605.01</ele>
      </trkpt>
      <trkpt lat="35.36561" lon="138.73561">
        <ele>3602.28</ele>
      </trkpt>
      <trkpt lat="35.36558" lon="138.73566">
        <ele>3600.87</ele>
      </trkpt>
      <trkpt lat="35.36556" lon="138.73571">
        <ele>3599.22</ele>
      </trkpt>
      <trkpt lat="35.36536" lon="138.73612">
        <ele>3592.76</ele>
      </trkpt>
      <trkpt lat="35.36536" lon="138.73612">
        <ele>3592.76</ele>
      </trkpt>
      <trkpt lat="35.36501" lon="138.73648">
        <ele>3586.78</ele>
      </trkpt>
      <trkpt lat="35.36501" lon="138.73648">
        <ele>3586.78</ele>
      </trkpt>
      <trkpt lat="35.3646" lon="138.73683">
        <ele>3576.44</ele>
      </trkpt>
      <trkpt lat="35.3646" lon="138.73683">
        <ele>3576.44</ele>
      </trkpt>
      <trkpt lat="35.36464" lon="138.73687">
        <ele>3573.5</ele>
      </trkpt>
      <trkpt lat="35.36464" lon="138.73687">
        <ele>3573.5</ele>
      </trkpt>
      <trkpt lat="35.36504" lon="138.73696">
        <ele>3565.33</ele>
      </trkpt>
      <trkpt lat="35.36504" lon="138.73696">
        <ele>3565.33</ele>
      </trkpt>
      <trkpt lat="35.36547" lon="138.73703">
        <ele>3541.92</ele>
      </trkpt>
      <trkpt lat="35.36547" lon="138.73703">
        <ele>3541.92</ele>
      </trkpt>
      <trkpt lat="35.36576" lon="138.73701">
        <ele>3533.4</ele>
      </trkpt>
      <trkpt lat="35.36576" lon="138.73701">
        <ele>3533.4</ele>
      </trkpt>
      <trkpt lat="35.36606" lon="138.73692">
        <ele>3532.08</ele>
      </trkpt>
      <trkpt lat="35.36606" lon="138.73692">
        <ele>3532.08</ele>
      </trkpt>
      <trkpt lat="35.36638" lon="138.73682">
        <ele>3523.3</ele>
      </trkpt>
      <trkpt lat="35.36643" lon="138.73683">
        <ele>3521.7</ele>
      </trkpt>
      <trkpt lat="35.36644" lon="138.73689">
        <ele>3519.09</ele>
      </trkpt>
      <trkpt lat="35.36641" lon="138.73692">
        <ele>3518.52</ele>
      </trkpt>
      <trkpt lat="35.36612" lon="138.73749">
        <ele>3500.31</ele>
      </trkpt>
      <trkpt lat="35.36612" lon="138.73749">
        <ele>3500.31</ele>
      </trkpt>
      <trkpt lat="35.36579" lon="138.73817">
        <ele>3477.92</ele>
      </trkpt>
      <trkpt lat="35.36579" lon="138.73817">
        <ele>3477.92</ele>
      </trkpt>
      <trkpt lat="35.36572" lon="138.73823">
        <ele>3478.34</ele>
      </trkpt>
      <trkpt lat="35.36577" lon="138.73826">
        <ele>3476.04</ele>
      </trkpt>
      <trkpt lat="35.36581" lon="138.73825">
        <ele>3475.11</ele>
      </trkpt>
      <trkpt lat="35.36613" lon="138.7382">
        <ele>3467.73</ele>
      </trkpt>
      <trkpt lat="35.36613" lon="138.7382">
        <ele>3467.73</ele>
      </trkpt>
      <trkpt lat="35.36674" lon="138.73818">
        <ele>3450.42</ele>
      </trkpt>
      <trkpt lat="35.36674" lon="138.73818">
        <ele>3450.42</ele>
      </trkpt>
      <trkpt lat="35.36749" lon="138.73823">
        <ele>3431.51</ele>
      </trkpt>
      <trkpt lat="35.36749" lon="138.73823">
        <ele>3431.51</ele>
      </trkpt>
      <trkpt lat="35.36781" lon="138.73825">
        <ele>3416.93</ele>
      </trkpt>
      <trkpt lat="35.36781" lon="138.73825">
        <ele>3416.93</ele>
      </trkpt>
      <trkpt lat="35.36806" lon="138.73855">
        <ele>3405.4</ele>
      </trkpt>
      <trkpt lat="35.36806" lon="138.73855">
        <ele>3405.4</ele>
      </trkpt>
      <trkpt lat="35.36831" lon="138.73888">
        <ele>3385.92</ele>
      </trkpt>
      <trkpt lat="35.36831" lon="138.73888">
        <ele>3385.92</ele>
      </trkpt>
      <trkpt lat="35.36861" lon="138.73918">
        <ele>3370.6</ele>
      </trkpt>
      <trkpt lat="35.36861" lon="138.73918">
        <ele>3370.6</ele>
      </trkpt>
      <trkpt lat="35.36884" lon="138.73934">
        <ele>3359.52</ele>
      </trkpt>
      <trkpt lat="35.36887" lon="138.73939">
        <ele>3356.29</ele>
      </trkpt>
      <trkpt lat="35.36884" lon="138.73944">
        <ele>3354.79</ele>
      </trkpt>
      <trkpt lat="35.36879" lon="138.73946">
        <ele>3355.6</ele>
      </trkpt>
      <trkpt lat="35.36876" lon="138.73947">
        <ele>3356.17</ele>
      </trkpt>
      <trkpt lat="35.3686" lon="138.73958">
        <ele>3356.36</ele>
      </trkpt>
      <trkpt lat="35.36856" lon="138.73961">
        <ele>3355.84</ele>
      </trkpt>
      <trkpt lat="35.36853" lon="138.73966">
        <ele>3354.21</ele>
      </trkpt>
      <trkpt lat="35.36851" lon="138.73971">
        <ele>3352.36</ele>
      </trkpt>
      <trkpt lat="35.36853" lon="138.73977">
        <ele>3348.61</ele>
      </trkpt>
      <trkpt lat="35.36857" lon="138.7398">
        <ele>3346.18</ele>
      </trkpt>
      <trkpt lat="35.36861" lon="138.73983">
        <ele>3343.81</ele>
      </trkpt>
      <trkpt lat="35.36866" lon="138.73985">
        <ele>3341.57</ele>
      </trkpt>
      <trkpt lat="35.36866" lon="138.73985">
        <ele>3341.57</ele>
      </trkpt>
      <trkpt lat="35.36898" lon="138.74009">
        <ele>3324.02</ele>
      </trkpt>
      <trkpt lat="35.36903" lon="138.74012">
        <ele>3322.07</ele>
      </trkpt>
      <trkpt lat="35.36909" lon="138.74014">
        <ele>3320.42</ele>
      </trkpt>
      <trkpt lat="35.36913" lon="138.74015">
        <ele>3319.45</ele>
      </trkpt>
      <trkpt lat="35.36918" lon="138.74017">
        <ele>3318.17</ele>
      </trkpt>
      <trkpt lat="35.36922" lon="138.7402">
        <ele>3317.16</ele>
      </trkpt>
      <trkpt lat="35.36926" lon="138.74023">
        <ele>3316.19</ele>
      </trkpt>
      <trkpt lat="35.36921" lon="138.74027">
        <ele>3313.83</ele>
      </trkpt>
      <trkpt lat="35.36917" lon="138.74028">
        <ele>3312.92</ele>
      </trkpt>
      <trkpt lat="35.36894" lon="138.74043">
        <ele>3308.14</ele>
      </trkpt>
      <trkpt lat="35.36894" lon="138.74043">
        <ele>3308.14</ele>
      </trkpt>
      <trkpt lat="35.36885" lon="138.74056">
        <ele>3302.45</ele>
      </trkpt>
      <trkpt lat="35.36885" lon="138.74063">
        <ele>3298.57</ele>
      </trkpt>
      <trkpt lat="35.36885" lon="138.74067">
        <ele>3296.35</ele>
      </trkpt>
      <trkpt lat="35.36899" lon="138.74092">
        <ele>3282.55</ele>
      </trkpt>
      <trkpt lat="35.36904" lon="138.74096">
        <ele>3280.24</ele>
      </trkpt>
      <trkpt lat="35.36908" lon="138.741">
        <ele>3277.87</ele>
      </trkpt>
      <trkpt lat="35.36912" lon="138.74103">
        <ele>3275.9</ele>
      </trkpt>
      <trkpt lat="35.36916" lon="138.74107">
        <ele>3273.31</ele>
      </trkpt>
      <trkpt lat="35.3692" lon="138.74109">
        <ele>3272.12</ele>
      </trkpt>
      <trkpt lat="35.36925" lon="138.74111">
        <ele>3271.06</ele>
      </trkpt>
      <trkpt lat="35.36929" lon="138.74113">
        <ele>3270.31</ele>
      </trkpt>
      <trkpt lat="35.36933" lon="138.74115">
        <ele>3269.47</ele>
      </trkpt>
      <trkpt lat="35.36935" lon="138.74119">
        <ele>3267.79</ele>
      </trkpt>
      <trkpt lat="35.36944" lon="138.74122">
        <ele>3265.94</ele>
      </trkpt>
      <trkpt lat="35.36949" lon="138.74122">
        <ele>3264.83</ele>
      </trkpt>
      <trkpt lat="35.36954" lon="138.74121">
        <ele>3264.16</ele>
      </trkpt>
      <trkpt lat="35.36959" lon="138.74119">
        <ele>3264.09</ele>
      </trkpt>
      <trkpt lat="35.36959" lon="138.74119">
        <ele>3264.09</ele>
      </trkpt>
      <trkpt lat="35.36984" lon="138.7411">
        <ele>3262.27</ele>
      </trkpt>
      <trkpt lat="35.36989" lon="138.74109">
        <ele>3260.98</ele>
      </trkpt>
      <trkpt lat="35.36994" lon="138.74108">
        <ele>3259.74</ele>
      </trkpt>
      <trkpt lat="35.36999" lon="138.74108">
        <ele>3258.02</ele>
      </trkpt>
      <trkpt lat="35.37003" lon="138.74109">
        <ele>3256.49</ele>
      </trkpt>
      <trkpt lat="35.37023" lon="138.74107">
        <ele>3253.25</ele>
      </trkpt>
      <trkpt lat="35.37028" lon="138.74108">
        <ele>3251.57</ele>
      </trkpt>
      <trkpt lat="35.37034" lon="138.74107">
        <ele>3249.08</ele>
      </trkpt>
      <trkpt lat="35.37038" lon="138.74106">
        <ele>3247.61</ele>
      </trkpt>
      <trkpt lat="35.37056" lon="138.74101">
        <ele>3241.28</ele>
      </trkpt>
      <trkpt lat="35.3706" lon="138.74098">
        <ele>3241.19</ele>
      </trkpt>
      <trkpt lat="35.37064" lon="138.74094">
        <ele>3241.38</ele>
      </trkpt>
      <trkpt lat="35.37067" lon="138.7409">
        <ele>3241.81</ele>
      </trkpt>
      <trkpt lat="35.37071" lon="138.74088">
        <ele>3240.7</ele>
      </trkpt>
      <trkpt lat="35.37073" lon="138.74095">
        <ele>3236.86</ele>
      </trkpt>
      <trkpt lat="35.37071" lon="138.74101">
        <ele>3235.24</ele>
      </trkpt>
      <trkpt lat="35.37068" lon="138.74106">
        <ele>3234.23</ele>
      </trkpt>
      <trkpt lat="35.37067" lon="138.74109">
        <ele>3233.24</ele>
      </trkpt>
      <trkpt lat="35.37049" lon="138.74147">
        <ele>3221.76</ele>
      </trkpt>
      <trkpt lat="35.37049" lon="138.74147">
        <ele>3221.76</ele>
      </trkpt>
      <trkpt lat="35.37029" lon="138.7417">
        <ele>3213.57</ele>
      </trkpt>
      <trkpt lat="35.37029" lon="138.74171">
        <ele>3213.21</ele>
      </trkpt>
      <trkpt lat="35.37039" lon="138.74171">
        <ele>3211.29</ele>
      </trkpt>
      <trkpt lat="35.37039" lon="138.74171">
        <ele>3211.29</ele>
      </trkpt>
      <trkpt lat="35.37064" lon="138.74166">
        <ele>3209.1</ele>
      </trkpt>
      <trkpt lat="35.37064" lon="138.74166">
        <ele>3209.1</ele>
      </trkpt>
      <trkpt lat="35.37082" lon="138.74161">
        <ele>3208.47</ele>
      </trkpt>
      <trkpt lat="35.37087" lon="138.74159">
        <ele>3208.58</ele>
      </trkpt>
      <trkpt lat="35.37091" lon="138.74158">
        <ele>3208.5</ele>
      </trkpt>
      <trkpt lat="35.37096" lon="138.74157">
        <ele>3208.32</ele>
      </trkpt>
      <trkpt lat="35.37098" lon="138.74163">
        <ele>3205.48</ele>
      </trkpt>
      <trkpt lat="35.37095" lon="138.74168">
        <ele>3203.71</ele>
      </trkpt>
      <trkpt lat="35.37092" lon="138.74172">
        <ele>3202.24</ele>
      </trkpt>
      <trkpt lat="35.37092" lon="138.74172">
        <ele>3202.24</ele>
      </trkpt>
      <trkpt lat="35.37065" lon="138.74219">
        <ele>3185.97</ele>
      </trkpt>
      <trkpt lat="35.37065" lon="138.74219">
        <ele>3185.97</ele>
      </trkpt>
      <trkpt lat="35.37051" lon="138.74243">
        <ele>3176.79</ele>
      </trkpt>
      <trkpt lat="35.37054" lon="138.74247">
        <ele>3173.95</ele>
      </trkpt>
      <trkpt lat="35.37054" lon="138.74247">
        <ele>3173.95</ele>
      </trkpt>
      <trkpt lat="35.37058" lon="138.74246">
        <ele>3173.71</ele>
      </trkpt>
      <trkpt lat="35.37061" lon="138.74244">
        <ele>3174.46</ele>
      </trkpt>
      <trkpt lat="35.37087" lon="138.74238">
        <ele>3174.9</ele>
      </trkpt>
      <trkpt lat="35.37087" lon="138.74238">
        <ele>3174.9</ele>
      </trkpt>
      <trkpt lat="35.3711" lon="138.74232">
        <ele>3171.34</ele>
      </trkpt>
      <trkpt lat="35.37115" lon="138.7423">
        <ele>3170.72</ele>
      </trkpt>
      <trkpt lat="35.37115" lon="138.74236">
        <ele>3167.17</ele>
      </trkpt>
      <trkpt lat="35.37111" lon="138.74241">
        <ele>3165.54</ele>
      </trkpt>
      <trkpt lat="35.37107" lon="138.74244">
        <ele>3165.06</ele>
      </trkpt>
      <trkpt lat="35.37106" lon="138.74245">
        <ele>3164.8</ele>
      </trkpt>
      <trkpt lat="35.37074" lon="138.74291">
        <ele>3152.61</ele>
      </trkpt>
      <trkpt lat="35.37074" lon="138.74292">
        <ele>3152.2</ele>
      </trkpt>
      <trkpt lat="35.37063" lon="138.74308">
        <ele>3147.84</ele>
      </trkpt>
      <trkpt lat="35.3706" lon="138.74312">
        <ele>3147.07</ele>
      </trkpt>
      <trkpt lat="35.37064" lon="138.74316">
        <ele>3144.98</ele>
      </trkpt>
      <trkpt lat="35.37069" lon="138.74314">
        <ele>3144.7</ele>
      </trkpt>
      <trkpt lat="35.37074" lon="138.74311">
        <ele>3144.79</ele>
      </trkpt>
      <trkpt lat="35.37076" lon="138.74309">
        <ele>3145.11</ele>
      </trkpt>
      <trkpt lat="35.37125" lon="138.74295">
        <ele>3133.99</ele>
      </trkpt>
      <trkpt lat="35.37125" lon="138.74295">
        <ele>3133.99</ele>
      </trkpt>
      <trkpt lat="35.37148" lon="138.74289">
        <ele>3128.86</ele>
      </trkpt>
      <trkpt lat="35.37152" lon="138.74288">
        <ele>3128.31</ele>
      </trkpt>
      <trkpt lat="35.37157" lon="138.74288">
        <ele>3127.17</ele>
      </trkpt>
      <trkpt lat="35.37162" lon="138.74286">
        <ele>3126.8</ele>
      </trkpt>
      <trkpt lat="35.37164" lon="138.74284">
        <ele>3127.13</ele>
      </trkpt>
      <trkpt lat="35.37179" lon="138.74279">
        <ele>3125.77</ele>
      </trkpt>
      <trkpt lat="35.37179" lon="138.74285">
        <ele>3123.01</ele>
      </trkpt>
      <trkpt lat="35.37176" lon="138.74289">
        <ele>3122.0</ele>
      </trkpt>
      <trkpt lat="35.37172" lon="138.74292">
        <ele>3121.82</ele>
      </trkpt>
      <trkpt lat="35.37171" lon="138.74293">
        <ele>3121.69</ele>
      </trkpt>
      <trkpt lat="35.37139" lon="138.74328">
        <ele>3112.04</ele>
      </trkpt>
      <trkpt lat="35.37139" lon="138.74328">
        <ele>3112.04</ele>
      </trkpt>
      <trkpt lat="35.37127" lon="138.74349">
        <ele>3107.87</ele>
      </trkpt>
      <trkpt lat="35.37128" lon="138.74355">
        <ele>3104.38</ele>
      </trkpt>
      <trkpt lat="35.37133" lon="138.74355">
        <ele>3102.21</ele>
      </trkpt>
      <trkpt lat="35.37137" lon="138.74353">
        <ele>3101.35</ele>
      </trkpt>
      <trkpt lat="35.37138" lon="138.74353">
        <ele>3100.9</ele>
      </trkpt>
      <trkpt lat="35.37189" lon="138.74342">
        <ele>3091.03</ele>
      </trkpt>
      <trkpt lat="35.37189" lon="138.74342">
        <ele>3091.03</ele>
      </trkpt>
      <trkpt lat="35.37226" lon="138.74332">
        <ele>3089.73</ele>
      </trkpt>
      <trkpt lat="35.37228" lon="138.74337">
        <ele>3087.48</ele>
      </trkpt>
      <trkpt lat="35.37226" lon="138.74342">
        <ele>3085.85</ele>
      </trkpt>
      <trkpt lat="35.37224" lon="138.74344">
        <ele>3085.43</ele>
      </trkpt>
      <trkpt lat="35.37203" lon="138.74373">
        <ele>3075.84</ele>
      </trkpt>
      <trkpt lat="35.37203" lon="138.74373">
        <ele>3075.84</ele>
      </trkpt>
      <trkpt lat="35.37172" lon="138.74432">
        <ele>3052.4</ele>
      </trkpt>
      <trkpt lat="35.37172" lon="138.74432">
        <ele>3052.4</ele>
      </trkpt>
      <trkpt lat="35.37168" lon="138.74442">
        <ele>3048.78</ele>
      </trkpt>
      <trkpt lat="35.37173" lon="138.74443">
        <ele>3047.28</ele>
      </trkpt>
      <trkpt lat="35.37178" lon="138.74443">
        <ele>3046.22</ele>
      </trkpt>
      <trkpt lat="35.3718" lon="138.74441">
        <ele>3046.73</ele>
      </trkpt>
      <trkpt lat="35.37222" lon="138.74442">
        <ele>3039.18</ele>
      </trkpt>
      <trkpt lat="35.37222" lon="138.74442">
        <ele>3039.18</ele>
      </trkpt>
      <trkpt lat="35.37263" lon="138.74452">
        <ele>3022.28</ele>
      </trkpt>
      <trkpt lat="35.37263" lon="138.74452">
        <ele>3022.28</ele>
      </trkpt>
      <trkpt lat="35.37279" lon="138.74456">
        <ele>3020.67</ele>
      </trkpt>
      <trkpt lat="35.37285" lon="138.74456">
        <ele>3018.58</ele>
      </trkpt>
      <trkpt lat="35.3729" lon="138.74456">
        <ele>3016.84</ele>
      </trkpt>
      <trkpt lat="35.3729" lon="138.74461">
        <ele>3014.05</ele>
      </trkpt>
      <trkpt lat="35.37286" lon="138.74466">
        <ele>3012.25</ele>
      </trkpt>
      <trkpt lat="35.37282" lon="138.74469">
        <ele>3011.3</ele>
      </trkpt>
      <trkpt lat="35.37279" lon="138.74471">
        <ele>3010.6</ele>
      </trkpt>
      <trkpt lat="35.37259" lon="138.74511">
        <ele>2996.41</ele>
      </trkpt>
      <trkpt lat="35.37259" lon="138.74511">
        <ele>2996.41</ele>
      </trkpt>
      <trkpt lat="35.37249" lon="138.74525">
        <ele>2990.21</ele>
      </trkpt>
      <trkpt lat="35.37253" lon="138.74528">
        <ele>2987.19</ele>
      </trkpt>
      <trkpt lat="35.37258" lon="138.74528">
        <ele>2985.93</ele>
      </trkpt>
      <trkpt lat="35.37261" lon="138.74527">
        <ele>2985.72</ele>
      </trkpt>
      <trkpt lat="35.37302" lon="138.74521">
        <ele>2981.66</ele>
      </trkpt>
      <trkpt lat="35.37302" lon="138.74521">
        <ele>2981.66</ele>
      </trkpt>
      <trkpt lat="35.37352" lon="138.74526">
        <ele>2967.47</ele>
      </trkpt>
      <trkpt lat="35.37352" lon="138.74526">
        <ele>2967.47</ele>
      </trkpt>
      <trkpt lat="35.37374" lon="138.74533">
        <ele>2959.69</ele>
      </trkpt>
      <trkpt lat="35.37374" lon="138.74533">
        <ele>2959.69</ele>
      </trkpt>
      <trkpt lat="35.37392" lon="138.74533">
        <ele>2955.93</ele>
      </trkpt>
      <trkpt lat="35.37392" lon="138.7454">
        <ele>2951.67</ele>
      </trkpt>
      <trkpt lat="35.37389" lon="138.74547">
        <ele>2948.21</ele>
      </trkpt>
      <trkpt lat="35.37385" lon="138.74551">
        <ele>2946.72</ele>
      </trkpt>
      <trkpt lat="35.37384" lon="138.74551">
        <ele>2946.96</ele>
      </trkpt>
      <trkpt lat="35.37359" lon="138.74584">
        <ele>2936.32</ele>
      </trkpt>
      <trkpt lat="35.37359" lon="138.74584">
        <ele>2936.32</ele>
      </trkpt>
      <trkpt lat="35.37382" lon="138.74584">
        <ele>2931.24</ele>
      </trkpt>
      <trkpt lat="35.37382" lon="138.74584">
        <ele>2931.24</ele>
      </trkpt>
      <trkpt lat="35.37407" lon="138.74586">
        <ele>2924.38</ele>
      </trkpt>
      <trkpt lat="35.37411" lon="138.74584">
        <ele>2924.16</ele>
      </trkpt>
      <trkpt lat="35.37415" lon="138.74588">
        <ele>2921.57</ele>
      </trkpt>
      <trkpt lat="35.37412" lon="138.74593">
        <ele>2920.35</ele>
      </trkpt>
      <trkpt lat="35.37409" lon="138.74597">
        <ele>2919.52</ele>
      </trkpt>
      <trkpt lat="35.37405" lon="138.74599">
        <ele>2919.74</ele>
      </trkpt>
      <trkpt lat="35.37384" lon="138.74627">
        <ele>2914.12</ele>
      </trkpt>
      <trkpt lat="35.37384" lon="138.74627">
        <ele>2914.12</ele>
      </trkpt>
      <trkpt lat="35.37398" lon="138.74628">
        <ele>2909.42</ele>
      </trkpt>
      <trkpt lat="35.37398" lon="138.74628">
        <ele>2909.42</ele>
      </trkpt>
      <trkpt lat="35.37419" lon="138.74629">
        <ele>2902.39</ele>
      </trkpt>
      <trkpt lat="35.37424" lon="138.74629">
        <ele>2901.12</ele>
      </trkpt>
      <trkpt lat="35.37428" lon="138.74628">
        <ele>2900.56</ele>
      </trkpt>
      <trkpt lat="35.37433" lon="138.74628">
        <ele>2899.27</ele>
      </trkpt>
      <trkpt lat="35.37438" lon="138.74629">
        <ele>2897.56</ele>
      </trkpt>
      <trkpt lat="35.37438" lon="138.74635">
        <ele>2895.03</ele>
      </trkpt>
      <trkpt lat="35.37435" lon="138.74639">
        <ele>2893.99</ele>
      </trkpt>
      <trkpt lat="35.37431" lon="138.74644">
        <ele>2892.7</ele>
      </trkpt>
      <trkpt lat="35.37428" lon="138.74647">
        <ele>2892.05</ele>
      </trkpt>
      <trkpt lat="35.37404" lon="138.74683">
        <ele>2882.14</ele>
      </trkpt>
      <trkpt lat="35.37404" lon="138.74683">
        <ele>2882.14</ele>
      </trkpt>
      <trkpt lat="35.37429" lon="138.74683">
        <ele>2874.32</ele>
      </trkpt>
      <trkpt lat="35.37429" lon="138.74683">
        <ele>2874.32</ele>
      </trkpt>
      <trkpt lat="35.37454" lon="138.74686">
        <ele>2865.79</ele>
      </trkpt>
      <trkpt lat="35.37459" lon="138.74685">
        <ele>2865.1</ele>
      </trkpt>
      <trkpt lat="35.37464" lon="138.74683">
        <ele>2864.91</ele>
      </trkpt>
      <trkpt lat="35.37467" lon="138.74689">
        <ele>2860.98</ele>
      </trkpt>
      <trkpt lat="35.37464" lon="138.74694">
        <ele>2859.01</ele>
      </trkpt>
      <trkpt lat="35.3746" lon="138.74699">
        <ele>2857.82</ele>
      </trkpt>
      <trkpt lat="35.3746" lon="138.74699">
        <ele>2857.82</ele>
      </trkpt>
      <trkpt lat="35.37439" lon="138.74734">
        <ele>2850.24</ele>
      </trkpt>
      <trkpt lat="35.37439" lon="138.74734">
        <ele>2850.24</ele>
      </trkpt>
      <trkpt lat="35.37463" lon="138.74735">
        <ele>2843.06</ele>
      </trkpt>
      <trkpt lat="35.37463" lon="138.74735">
        <ele>2843.06</ele>
      </trkpt>
      <trkpt lat="35.3748" lon="138.74731">
        <ele>2839.11</ele>
      </trkpt>
      <trkpt lat="35.37485" lon="138.74732">
        <ele>2837.07</ele>
      </trkpt>
      <trkpt lat="35.37489" lon="138.74733">
        <ele>2835.41</ele>
      </trkpt>
      <trkpt lat="35.37486" lon="138.74739">
        <ele>2834.7</ele>
      </trkpt>
      <trkpt lat="35.37485" lon="138.7474">
        <ele>2834.72</ele>
      </trkpt>
      <trkpt lat="35.37459" lon="138.74788">
        <ele>2827.98</ele>
      </trkpt>
      <trkpt lat="35.37459" lon="138.74787">
        <ele>2828.36</ele>
      </trkpt>
      <trkpt lat="35.37485" lon="138.74787">
        <ele>2819.83</ele>
      </trkpt>
      <trkpt lat="35.37485" lon="138.74787">
        <ele>2819.83</ele>
      </trkpt>
      <trkpt lat="35.37498" lon="138.74782">
        <ele>2816.19</ele>
      </trkpt>
      <trkpt lat="35.37503" lon="138.74781">
        <ele>2814.56</ele>
      </trkpt>
      <trkpt lat="35.37503" lon="138.74789">
        <ele>2811.46</ele>
      </trkpt>
      <trkpt lat="35.375" lon="138.74794">
        <ele>2810.58</ele>
      </trkpt>
      <trkpt lat="35.37497" lon="138.74797">
        <ele>2810.68</ele>
      </trkpt>
      <trkpt lat="35.37479" lon="138.74829">
        <ele>2808.34</ele>
      </trkpt>
      <trkpt lat="35.37479" lon="138.74829">
        <ele>2808.34</ele>
      </trkpt>
      <trkpt lat="35.37509" lon="138.74828">
        <ele>2794.2</ele>
      </trkpt>
      <trkpt lat="35.37527" lon="138.74828">
        <ele>2788.36</ele>
      </trkpt>
      <trkpt lat="35.37527" lon="138.74828">
        <ele>2788.36</ele>
      </trkpt>
      <trkpt lat="35.37513" lon="138.7485">
        <ele>2785.67</ele>
      </trkpt>
      <trkpt lat="35.37513" lon="138.7485">
        <ele>2785.67</ele>
      </trkpt>
      <trkpt lat="35.37498" lon="138.7488">
        <ele>2779.34</ele>
      </trkpt>
      <trkpt lat="35.37501" lon="138.74884">
        <ele>2776.59</ele>
      </trkpt>
      <trkpt lat="35.37506" lon="138.74883">
        <ele>2775.26</ele>
      </trkpt>
      <trkpt lat="35.37509" lon="138.74883">
        <ele>2774.23</ele>
      </trkpt>
      <trkpt lat="35.3755" lon="138.74885">
        <ele>2762.26</ele>
      </trkpt>
      <trkpt lat="35.3755" lon="138.74885">
        <ele>2762.26</ele>
      </trkpt>
      <trkpt lat="35.37534" lon="138.74911">
        <ele>2754.77</ele>
      </trkpt>
      <trkpt lat="35.37534" lon="138.74911">
        <ele>2754.77</ele>
      </trkpt>
      <trkpt lat="35.37525" lon="138.74934">
        <ele>2747.47</ele>
      </trkpt>
      <trkpt lat="35.37525" lon="138.74934">
        <ele>2747.47</ele>
      </trkpt>
      <trkpt lat="35.37561" lon="138.74932">
        <ele>2741.08</ele>
      </trkpt>
      <trkpt lat="35.37561" lon="138.74932">
        <ele>2741.08</ele>
      </trkpt>
      <trkpt lat="35.37577" lon="138.74931">
        <ele>2737.04</ele>
      </trkpt>
      <trkpt lat="35.37581" lon="138.74934">
        <ele>2734.8</ele>
      </trkpt>
      <trkpt lat="35.37579" lon="138.74941">
        <ele>2732.71</ele>
      </trkpt>
      <trkpt lat="35.37574" lon="138.74943">
        <ele>2733.54</ele>
      </trkpt>
      <trkpt lat="35.37574" lon="138.74943">
        <ele>2733.54</ele>
      </trkpt>
      <trkpt lat="35.37549" lon="138.74981">
        <ele>2726.5</ele>
      </trkpt>
      <trkpt lat="35.37549" lon="138.74981">
        <ele>2726.5</ele>
      </trkpt>
      <trkpt lat="35.37561" lon="138.74983">
        <ele>2721.77</ele>
      </trkpt>
      <trkpt lat="35.37561" lon="138.74983">
        <ele>2721.77</ele>
      </trkpt>
      <trkpt lat="35.37594" lon="138.74984">
        <ele>2716.72</ele>
      </trkpt>
      <trkpt lat="35.37594" lon="138.74984">
        <ele>2716.72</ele>
      </trkpt>
      <trkpt lat="35.37607" lon="138.74987">
        <ele>2712.28</ele>
      </trkpt>
      <trkpt lat="35.37607" lon="138.74987">
        <ele>2712.28</ele>
      </trkpt>
      <trkpt lat="35.37588" lon="138.75007">
        <ele>2711.21</ele>
      </trkpt>
      <trkpt lat="35.37588" lon="138.75007">
        <ele>2711.21</ele>
      </trkpt>
      <trkpt lat="35.37579" lon="138.75025">
        <ele>2706.35</ele>
      </trkpt>
      <trkpt lat="35.37579" lon="138.75025">
        <ele>2706.35</ele>
      </trkpt>
      <trkpt lat="35.37614" lon="138.75027">
        <ele>2691.46</ele>
      </trkpt>
      <trkpt lat="35.37614" lon="138.75027">
        <ele>2691.46</ele>
      </trkpt>
      <trkpt lat="35.37627" lon="138.75028">
        <ele>2686.79</ele>
      </trkpt>
      <trkpt lat="35.37627" lon="138.75028">
        <ele>2686.79</ele>
      </trkpt>
      <trkpt lat="35.3761" lon="138.75054">
        <ele>2681.91</ele>
      </trkpt>
      <trkpt lat="35.3761" lon="138.75054">
        <ele>2681.91</ele>
      </trkpt>
      <trkpt lat="35.37592" lon="138.75077">
        <ele>2672.64</ele>
      </trkpt>
      <trkpt lat="35.37592" lon="138.75077">
        <ele>2672.64</ele>
      </trkpt>
      <trkpt lat="35.37605" lon="138.75081">
        <ele>2668.2</ele>
      </trkpt>
      <trkpt lat="35.37605" lon="138.75081">
        <ele>2668.2</ele>
      </trkpt>
      <trkpt lat="35.37646" lon="138.75082">
        <ele>2662.0</ele>
      </trkpt>
      <trkpt lat="35.37646" lon="138.75082">
        <ele>2662.0</ele>
      </trkpt>
      <trkpt lat="35.37649" lon="138.75088">
        <ele>2657.86</ele>
      </trkpt>
      <trkpt lat="35.37649" lon="138.75088">
        <ele>2657.86</ele>
      </trkpt>
      <trkpt lat="35.37632" lon="138.75116">
        <ele>2645.42</ele>
      </trkpt>
      <trkpt lat="35.37632" lon="138.75116">
        <ele>2645.42</ele>
      </trkpt>
      <trkpt lat="35.37617" lon="138.75142">
        <ele>2637.03</ele>
      </trkpt>
      <trkpt lat="35.37617" lon="138.75142">
        <ele>2637.03</ele>
      </trkpt>
      <trkpt lat="35.3764" lon="138.75144">
        <ele>2630.97</ele>
      </trkpt>
      <trkpt lat="35.3764" lon="138.75144">
        <ele>2630.97</ele>
      </trkpt>
      <trkpt lat="35.37671" lon="138.75139">
        <ele>2631.86</ele>
      </trkpt>
      <trkpt lat="35.37671" lon="138.75139">
        <ele>2631.86</ele>
      </trkpt>
      <trkpt lat="35.37672" lon="138.75146">
        <ele>2628.58</ele>
      </trkpt>
      <trkpt lat="35.37672" lon="138.75146">
        <ele>2628.58</ele>
      </trkpt>
      <trkpt lat="35.37657" lon="138.75166">
        <ele>2621.63</ele>
      </trkpt>
      <trkpt lat="35.37657" lon="138.75166">
        <ele>2621.63</ele>
      </trkpt>
      <trkpt lat="35.37639" lon="138.75202">
        <ele>2607.16</ele>
      </trkpt>
      <trkpt lat="35.37639" lon="138.75202">
        <ele>2607.16</ele>
      </trkpt>
      <trkpt lat="35.37643" lon="138.75205">
        <ele>2604.5</ele>
      </trkpt>
      <trkpt lat="35.37643" lon="138.75205">
        <ele>2604.5</ele>
      </trkpt>
      <trkpt lat="35.37684" lon="138.75201">
        <ele>2596.91</ele>
      </trkpt>
      <trkpt lat="35.37684" lon="138.75201">
        <ele>2596.91</ele>
      </trkpt>
      <trkpt lat="35.37752" lon="138.75201">
        <ele>2588.21</ele>
      </trkpt>
      <trkpt lat="35.37752" lon="138.75201">
        <ele>2588.21</ele>
      </trkpt>
      <trkpt lat="35.37765" lon="138.75195">
        <ele>2586.23</ele>
      </trkpt>
      <trkpt lat="35.37769" lon="138.75192">
        <ele>2585.7</ele>
      </trkpt>
      <trkpt lat="35.37773" lon="138.75188">
        <ele>2585.54</ele>
      </trkpt>
      <trkpt lat="35.37777" lon="138.75184">
        <ele>2585.45</ele>
      </trkpt>
      <trkpt lat="35.37777" lon="138.75183">
        <ele>2585.84</ele>
      </trkpt>
      <trkpt lat="35.37795" lon="138.75154">
        <ele>2582.19</ele>
      </trkpt>
      <trkpt lat="35.37795" lon="138.75154">
        <ele>2582.19</ele>
      </trkpt>
      <trkpt lat="35.37832" lon="138.75115">
        <ele>2558.62</ele>
      </trkpt>
      <trkpt lat="35.37832" lon="138.75115">
        <ele>2558.62</ele>
      </trkpt>
      <trkpt lat="35.3786" lon="138.75091">
        <ele>2543.15</ele>
      </trkpt>
      <trkpt lat="35.3786" lon="138.75091">
        <ele>2543.15</ele>
      </trkpt>
      <trkpt lat="35.37904" lon="138.75051">
        <ele>2522.79</ele>
      </trkpt>
      <trkpt lat="35.37904" lon="138.75051">
        <ele>2522.79</ele>
      </trkpt>
      <trkpt lat="35.3794" lon="138.75035">
        <ele>2514.77</ele>
      </trkpt>
      <trkpt lat="35.3794" lon="138.75034">
        <ele>2514.89</ele>
      </trkpt>
      <trkpt lat="35.37989" lon="138.75021">
        <ele>2503.78</ele>
      </trkpt>
      <trkpt lat="35.37989" lon="138.75021">
        <ele>2503.78</ele>
      </trkpt>
      <trkpt lat="35.38025" lon="138.75009">
        <ele>2488.7</ele>
      </trkpt>
      <trkpt lat="35.38025" lon="138.75009">
        <ele>2488.7</ele>
      </trkpt>
      <trkpt lat="35.38042" lon="138.75002">
        <ele>2478.75</ele>
      </trkpt>
      <trkpt lat="35.38042" lon="138.75002">
        <ele>2478.75</ele>
      </trkpt>
      <trkpt lat="35.38083" lon="138.74964">
        <ele>2470.68</ele>
      </trkpt>
      <trkpt lat="35.38083" lon="138.74964">
        <ele>2470.68</ele>
      </trkpt>
      <trkpt lat="35.38117" lon="138.74939">
        <ele>2467.5</ele>
      </trkpt>
      <trkpt lat="35.38121" lon="138.74937">
        <ele>2466.91</ele>
      </trkpt>
      <trkpt lat="35.38126" lon="138.74938">
        <ele>2464.51</ele>
      </trkpt>
      <trkpt lat="35.38123" lon="138.74943">
        <ele>2463.38</ele>
      </trkpt>
      <trkpt lat="35.38121" lon="138.74947">
        <ele>2462.42</ele>
      </trkpt>
      <trkpt lat="35.38123" lon="138.74953">
        <ele>2459.24</ele>
      </trkpt>
      <trkpt lat="35.38128" lon="138.74952">
        <ele>2457.7</ele>
      </trkpt>
      <trkpt lat="35.38132" lon="138.7495">
        <ele>2457.03</ele>
      </trkpt>
      <trkpt lat="35.38134" lon="138.74949">
        <ele>2456.71</ele>
      </trkpt>
      <trkpt lat="35.38162" lon="138.7493">
        <ele>2450.74</ele>
      </trkpt>
      <trkpt lat="35.38162" lon="138.7493">
        <ele>2450.74</ele>
      </trkpt>
      <trkpt lat="35.38171" lon="138.74916">
        <ele>2454.66</ele>
      </trkpt>
      <trkpt lat="35.38175" lon="138.74913">
        <ele>2454.73</ele>
      </trkpt>
      <trkpt lat="35.3818" lon="138.74909">
        <ele>2454.87</ele>
      </trkpt>
      <trkpt lat="35.38185" lon="138.74906">
        <ele>2454.38</ele>
      </trkpt>
      <trkpt lat="35.3819" lon="138.74904">
        <ele>2453.29</ele>
      </trkpt>
      <trkpt lat="35.38195" lon="138.74904">
        <ele>2451.26</ele>
      </trkpt>
      <trkpt lat="35.382" lon="138.74903">
        <ele>2450.59</ele>
      </trkpt>
      <trkpt lat="35.38202" lon="138.74902">
        <ele>2450.6</ele>
      </trkpt>
      <trkpt lat="35.38216" lon="138.74903">
        <ele>2446.86</ele>
      </trkpt>
      <trkpt lat="35.38221" lon="138.749">
        <ele>2446.9</ele>
      </trkpt>
      <trkpt lat="35.38225" lon="138.74897">
        <ele>2447.32</ele>
      </trkpt>
      <trkpt lat="35.3823" lon="138.74894">
        <ele>2447.63</ele>
      </trkpt>
      <trkpt lat="35.38235" lon="138.74891">
        <ele>2447.9</ele>
      </trkpt>
      <trkpt lat="35.38239" lon="138.74888">
        <ele>2448.33</ele>
      </trkpt>
      <trkpt lat="35.38241" lon="138.74887">
        <ele>2448.37</ele>
      </trkpt>
      <trkpt lat="35.38257" lon="138.74873">
        <ele>2450.53</ele>
      </trkpt>
      <trkpt lat="35.38257" lon="138.74873">
        <ele>2450.53</ele>
      </trkpt>
      <trkpt lat="35.38278" lon="138.7485">
        <ele>2453.53</ele>
      </trkpt>
      <trkpt lat="35.38278" lon="138.7485">
        <ele>2453.53</ele>
      </trkpt>
      <trkpt lat="35.38304" lon="138.74819">
        <ele>2452.68</ele>
      </trkpt>
      <trkpt lat="35.38306" lon="138.74815">
        <ele>2452.77</ele>
      </trkpt>
      <trkpt lat="35.38309" lon="138.74811">
        <ele>2452.34</ele>
      </trkpt>
      <trkpt lat="35.38313" lon="138.74806">
        <ele>2451.69</ele>
      </trkpt>
      <trkpt lat="35.38314" lon="138.74805">
        <ele>2451.46</ele>
      </trkpt>
      <trkpt lat="35.38318" lon="138.74801">
        <ele>2450.59</ele>
      </trkpt>
      <trkpt lat="35.38322" lon="138.74795">
        <ele>2450.25</ele>
      </trkpt>
      <trkpt lat="35.38323" lon="138.74795">
        <ele>2449.84</ele>
      </trkpt>
      <trkpt lat="35.38323" lon="138.74795">
        <ele>2449.84</ele>
      </trkpt>
      <trkpt lat="35.38325" lon="138.74793">
        <ele>2449.49</ele>
      </trkpt>
      <trkpt lat="35.38329" lon="138.74789">
        <ele>2448.86</ele>
      </trkpt>
      <trkpt lat="35.3833" lon="138.74788">
        <ele>2448.71</ele>
      </trkpt>
      <trkpt lat="35.38376" lon="138.74759">
        <ele>2440.27</ele>
      </trkpt>
      <trkpt lat="35.38376" lon="138.74759">
        <ele>2440.27</ele>
      </trkpt>
      <trkpt lat="35.38398" lon="138.74748">
        <ele>2436.65</ele>
      </trkpt>
      <trkpt lat="35.38403" lon="138.74745">
        <ele>2436.05</ele>
      </trkpt>
      <trkpt lat="35.38404" lon="138.74743">
        <ele>2436.42</ele>
      </trkpt>
      <trkpt lat="35.38407" lon="138.74741">
        <ele>2436.24</ele>
      </trkpt>
      <trkpt lat="35.38411" lon="138.74736">
        <ele>2436.97</ele>
      </trkpt>
      <trkpt lat="35.38416" lon="138.74732">
        <ele>2437.28</ele>
      </trkpt>
      <trkpt lat="35.38421" lon="138.74728">
        <ele>2437.65</ele>
      </trkpt>
      <trkpt lat="35.38426" lon="138.74726">
        <ele>2437.2</ele>
      </trkpt>
      <trkpt lat="35.38431" lon="138.74724">
        <ele>2436.72</ele>
      </trkpt>
      <trkpt lat="35.38437" lon="138.74722">
        <ele>2435.91</ele>
      </trkpt>
      <trkpt lat="35.38441" lon="138.74719">
        <ele>2435.38</ele>
      </trkpt>
      <trkpt lat="35.38445" lon="138.74713">
        <ele>2435.18</ele>
      </trkpt>
      <trkpt lat="35.38445" lon="138.74712">
        <ele>2435.32</ele>
      </trkpt>
      <trkpt lat="35.38444" lon="138.74712">
        <ele>2435.6</ele>
      </trkpt>
      <trkpt lat="35.38449" lon="138.74702">
        <ele>2435.45</ele>
      </trkpt>
      <trkpt lat="35.38452" lon="138.74696">
        <ele>2435.12</ele>
      </trkpt>
      <trkpt lat="35.38454" lon="138.74692">
        <ele>2434.24</ele>
      </trkpt>
      <trkpt lat="35.38457" lon="138.74693">
        <ele>2433.28</ele>
      </trkpt>
      <trkpt lat="35.38459" lon="138.74699">
        <ele>2432.45</ele>
      </trkpt>
      <trkpt lat="35.38461" lon="138.74705">
        <ele>2431.43</ele>
      </trkpt>
      <trkpt lat="35.38464" lon="138.74709">
        <ele>2430.34</ele>
      </trkpt>
      <trkpt lat="35.38467" lon="138.74707">
        <ele>2429.54</ele>
      </trkpt>
      <trkpt lat="35.38472" lon="138.74704">
        <ele>2428.07</ele>
      </trkpt>
      <trkpt lat="35.38477" lon="138.74701">
        <ele>2425.11</ele>
      </trkpt>
      <trkpt lat="35.38483" lon="138.747">
        <ele>2421.4</ele>
      </trkpt>
      <trkpt lat="35.38487" lon="138.74701">
        <ele>2419.05</ele>
      </trkpt>
      <trkpt lat="35.3849" lon="138.74706">
        <ele>2417.81</ele>
      </trkpt>
      <trkpt lat="35.38492" lon="138.74713">
        <ele>2417.56</ele>
      </trkpt>
      <trkpt lat="35.38494" lon="138.7472">
        <ele>2417.49</ele>
      </trkpt>
      <trkpt lat="35.38496" lon="138.74726">
        <ele>2416.41</ele>
      </trkpt>
      <trkpt lat="35.38499" lon="138.74731">
        <ele>2414.49</ele>
      </trkpt>
      <trkpt lat="35.38501" lon="138.74737">
        <ele>2412.81</ele>
      </trkpt>
      <trkpt lat="35.38504" lon="138.74743">
        <ele>2410.49</ele>
      </trkpt>
      <trkpt lat="35.38507" lon="138.74748">
        <ele>2408.38</ele>
      </trkpt>
      <trkpt lat="35.38509" lon="138.74754">
        <ele>2406.95</ele>
      </trkpt>
      <trkpt lat="35.38513" lon="138.74758">
        <ele>2404.67</ele>
      </trkpt>
      <trkpt lat="35.38517" lon="138.74761">
        <ele>2402.51</ele>
      </trkpt>
      <trkpt lat="35.38521" lon="138.74759">
        <ele>2400.5</ele>
      </trkpt>
      <trkpt lat="35.38521" lon="138.74759">
        <ele>2400.5</ele>
      </trkpt>
      <trkpt lat="35.38528" lon="138.74768">
        <ele>2396.89</ele>
      </trkpt>
      <trkpt lat="35.38533" lon="138.74769">
        <ele>2394.49</ele>
      </trkpt>
      <trkpt lat="35.38534" lon="138.74768">
        <ele>2394.02</ele>
      </trkpt>
      <trkpt lat="35.38539" lon="138.74763">
        <ele>2391.77</ele>
      </trkpt>
      <trkpt lat="35.38539" lon="138.74763">
        <ele>2391.77</ele>
      </trkpt>
      <trkpt lat="35.38548" lon="138.74752">
        <ele>2388.16</ele>
      </trkpt>
      <trkpt lat="35.38548" lon="138.74752">
        <ele>2388.16</ele>
      </trkpt>
      <trkpt lat="35.38559" lon="138.74732">
        <ele>2382.01</ele>
      </trkpt>
      <trkpt lat="35.38559" lon="138.74732">
        <ele>2382.01</ele>
      </trkpt>
      <trkpt lat="35.38567" lon="138.74723">
        <ele>2377.3</ele>
      </trkpt>
      <trkpt lat="35.38567" lon="138.74723">
        <ele>2377.3</ele>
      </trkpt>
      <trkpt lat="35.38581" lon="138.74724">
        <ele>2370.36</ele>
      </trkpt>
      <trkpt lat="35.38581" lon="138.74724">
        <ele>2370.36</ele>
      </trkpt>
      <trkpt lat="35.38596" lon="138.74732">
        <ele>2365.23</ele>
      </trkpt>
      <trkpt lat="35.38596" lon="138.74732">
        <ele>2365.23</ele>
      </trkpt>
      <trkpt lat="35.38597" lon="138.74732">
        <ele>2364.84</ele>
      </trkpt>
      <trkpt lat="35.38601" lon="138.74736">
        <ele>2364.12</ele>
      </trkpt>
      <trkpt lat="35.38606" lon="138.74739">
        <ele>2362.99</ele>
      </trkpt>
      <trkpt lat="35.3861" lon="138.74743">
        <ele>2362.6</ele>
      </trkpt>
      <trkpt lat="35.38615" lon="138.74746">
        <ele>2361.81</ele>
      </trkpt>
      <trkpt lat="35.38621" lon="138.74746">
        <ele>2359.99</ele>
      </trkpt>
      <trkpt lat="35.38626" lon="138.74742">
        <ele>2357.23</ele>
      </trkpt>
      <trkpt lat="35.3863" lon="138.74737">
        <ele>2354.33</ele>
      </trkpt>
      <trkpt lat="35.38635" lon="138.74732">
        <ele>2350.91</ele>
      </trkpt>
      <trkpt lat="35.38639" lon="138.74727">
        <ele>2347.68</ele>
      </trkpt>
      <trkpt lat="35.38644" lon="138.74722">
        <ele>2344.12</ele>
      </trkpt>
      <trkpt lat="35.38645" lon="138.7472">
        <ele>2343.35</ele>
      </trkpt>
      <trkpt lat="35.38648" lon="138.74716">
        <ele>2341.38</ele>
      </trkpt>
      <trkpt lat="35.38653" lon="138.74711">
        <ele>2338.28</ele>
      </trkpt>
      <trkpt lat="35.38656" lon="138.74706">
        <ele>2335.84</ele>
      </trkpt>
      <trkpt lat="35.38659" lon="138.747">
        <ele>2333.02</ele>
      </trkpt>
      <trkpt lat="35.38662" lon="138.74695">
        <ele>2330.33</ele>
      </trkpt>
      <trkpt lat="35.38664" lon="138.74689">
        <ele>2327.81</ele>
      </trkpt>
      <trkpt lat="35.38667" lon="138.74684">
        <ele>2324.79</ele>
      </trkpt>
      <trkpt lat="35.38669" lon="138.74679">
        <ele>2322.24</ele>
      </trkpt>
      <trkpt lat="35.38673" lon="138.74677">
        <ele>2319.5</ele>
      </trkpt>
      <trkpt lat="35.38678" lon="138.74675">
        <ele>2316.36</ele>
      </trkpt>
      <trkpt lat="35.38684" lon="138.74675">
        <ele>2313.16</ele>
      </trkpt>
      <trkpt lat="35.38689" lon="138.74678">
        <ele>2310.84</ele>
      </trkpt>
      <trkpt lat="35.38694" lon="138.74681">
        <ele>2308.29</ele>
      </trkpt>
      <trkpt lat="35.38699" lon="138.74684">
        <ele>2305.97</ele>
      </trkpt>
      <trkpt lat="35.38704" lon="138.74687">
        <ele>2303.88</ele>
      </trkpt>
      <trkpt lat="35.3871" lon="138.74688">
        <ele>2301.17</ele>
      </trkpt>
      <trkpt lat="35.38716" lon="138.74688">
        <ele>2298.32</ele>
      </trkpt>
      <trkpt lat="35.38721" lon="138.74685">
        <ele>2295.22</ele>
      </trkpt>
      <trkpt lat="35.38726" lon="138.7468">
        <ele>2291.73</ele>
      </trkpt>
      <trkpt lat="35.3873" lon="138.74676">
        <ele>2288.99</ele>
      </trkpt>
      <trkpt lat="35.38735" lon="138.74671">
        <ele>2285.57</ele>
      </trkpt>
      <trkpt lat="35.3874" lon="138.74669">
        <ele>2282.91</ele>
      </trkpt>
      <trkpt lat="35.38746" lon="138.74667">
        <ele>2279.81</ele>
      </trkpt>
      <trkpt lat="35.38752" lon="138.74669">
        <ele>2277.8</ele>
      </trkpt>
      <trkpt lat="35.38757" lon="138.74669">
        <ele>2275.84</ele>
      </trkpt>
      <trkpt lat="35.38764" lon="138.7467">
        <ele>2273.36</ele>
      </trkpt>
      <trkpt lat="35.38769" lon="138.74673">
        <ele>2272.23</ele>
      </trkpt>
      <trkpt lat="35.38774" lon="138.74676">
        <ele>2271.14</ele>
      </trkpt>
      <trkpt lat="35.38779" lon="138.74678">
        <ele>2269.72</ele>
      </trkpt>
      <trkpt lat="35.38785" lon="138.74681">
        <ele>2268.02</ele>
      </trkpt>
      <trkpt lat="35.3879" lon="138.74684">
        <ele>2266.93</ele>
      </trkpt>
      <trkpt lat="35.38796" lon="138.74685">
        <ele>2264.83</ele>
      </trkpt>
      <trkpt lat="35.38802" lon="138.74687">
        <ele>2263.2</ele>
      </trkpt>
      <trkpt lat="35.38808" lon="138.7469">
        <ele>2262.08</ele>
      </trkpt>
      <trkpt lat="35.38813" lon="138.74692">
        <ele>2260.7</ele>
      </trkpt>
      <trkpt lat="35.38817" lon="138.74696">
        <ele>2260.0</ele>
      </trkpt>
      <trkpt lat="35.38822" lon="138.747">
        <ele>2258.62</ele>
      </trkpt>
      <trkpt lat="35.38822" lon="138.747">
        <ele>2258.62</ele>
      </trkpt>
      <trkpt lat="35.38825" lon="138.74705">
        <ele>2258.45</ele>
      </trkpt>
      <trkpt lat="35.38828" lon="138.74709">
        <ele>2258.06</ele>
      </trkpt>
      <trkpt lat="35.38832" lon="138.74714">
        <ele>2257.52</ele>
      </trkpt>
      <trkpt lat="35.38835" lon="138.7472">
        <ele>2257.68</ele>
      </trkpt>
      <trkpt lat="35.3884" lon="138.74726">
        <ele>2256.52</ele>
      </trkpt>
      <trkpt lat="35.3884" lon="138.74726">
        <ele>2256.52</ele>
      </trkpt>
      <trkpt lat="35.38844" lon="138.74725">
        <ele>2254.52</ele>
      </trkpt>
      <trkpt lat="35.38848" lon="138.74721">
        <ele>2251.94</ele>
      </trkpt>
      <trkpt lat="35.3885" lon="138.74715">
        <ele>2250.16</ele>
      </trkpt>
      <trkpt lat="35.38851" lon="138.74713">
        <ele>2249.46</ele>
      </trkpt>
      <trkpt lat="35.38853" lon="138.74707">
        <ele>2247.9</ele>
      </trkpt>
      <trkpt lat="35.38855" lon="138.74701">
        <ele>2246.49</ele>
      </trkpt>
      <trkpt lat="35.38857" lon="138.74695">
        <ele>2245.24</ele>
      </trkpt>
      <trkpt lat="35.38859" lon="138.74689">
        <ele>2244.03</ele>
      </trkpt>
      <trkpt lat="35.3886" lon="138.74683">
        <ele>2243.1</ele>
      </trkpt>
      <trkpt lat="35.38861" lon="138.74677">
        <ele>2242.15</ele>
      </trkpt>
      <trkpt lat="35.38861" lon="138.74675">
        <ele>2241.93</ele>
      </trkpt>
      <trkpt lat="35.38862" lon="138.74671">
        <ele>2241.21</ele>
      </trkpt>
      <trkpt lat="35.38862" lon="138.74665">
        <ele>2240.85</ele>
      </trkpt>
      <trkpt lat="35.38862" lon="138.74658">
        <ele>2241.31</ele>
      </trkpt>
      <trkpt lat="35.38862" lon="138.74652">
        <ele>2241.7</ele>
      </trkpt>
      <trkpt lat="35.38861" lon="138.74645">
        <ele>2242.6</ele>
      </trkpt>
      <trkpt lat="35.38859" lon="138.74639">
        <ele>2243.68</ele>
      </trkpt>
      <trkpt lat="35.38858" lon="138.74632">
        <ele>2244.28</ele>
      </trkpt>
      <trkpt lat="35.38856" lon="138.74625">
        <ele>2245.25</ele>
      </trkpt>
      <trkpt lat="35.38854" lon="138.74618">
        <ele>2246.25</ele>
      </trkpt>
      <trkpt lat="35.38853" lon="138.74611">
        <ele>2246.94</ele>
      </trkpt>
      <trkpt lat="35.38852" lon="138.74605">
        <ele>2248.3</ele>
      </trkpt>
      <trkpt lat="35.38851" lon="138.74598">
        <ele>2249.87</ele>
      </trkpt>
      <trkpt lat="35.38853" lon="138.74592">
        <ele>2250.07</ele>
      </trkpt>
      <trkpt lat="35.38853" lon="138.74586">
        <ele>2251.06</ele>
      </trkpt>
      <trkpt lat="35.38855" lon="138.7458">
        <ele>2251.33</ele>
      </trkpt>
      <trkpt lat="35.38857" lon="138.74574">
        <ele>2251.74</ele>
      </trkpt>
      <trkpt lat="35.38859" lon="138.74569">
        <ele>2251.97</ele>
      </trkpt>
      <trkpt lat="35.38861" lon="138.74563">
        <ele>2252.44</ele>
      </trkpt>
      <trkpt lat="35.38863" lon="138.74557">
        <ele>2253.07</ele>
      </trkpt>
      <trkpt lat="35.38865" lon="138.74551">
        <ele>2253.75</ele>
      </trkpt>
      <trkpt lat="35.38866" lon="138.74545">
        <ele>2254.76</ele>
      </trkpt>
      <trkpt lat="35.38868" lon="138.74539">
        <ele>2255.49</ele>
      </trkpt>
      <trkpt lat="35.38869" lon="138.74533">
        <ele>2256.55</ele>
      </trkpt>
      <trkpt lat="35.38871" lon="138.74527">
        <ele>2257.28</ele>
      </trkpt>
      <trkpt lat="35.38872" lon="138.74521">
        <ele>2257.9</ele>
      </trkpt>
      <trkpt lat="35.38874" lon="138.74515">
        <ele>2258.01</ele>
      </trkpt>
      <trkpt lat="35.38875" lon="138.74509">
        <ele>2258.37</ele>
      </trkpt>
      <trkpt lat="35.38877" lon="138.74503">
        <ele>2258.1</ele>
      </trkpt>
      <trkpt lat="35.38877" lon="138.74497">
        <ele>2259.73</ele>
      </trkpt>
      <trkpt lat="35.38879" lon="138.74491">
        <ele>2261.32</ele>
      </trkpt>
      <trkpt lat="35.3888" lon="138.74485">
        <ele>2263.47</ele>
      </trkpt>
      <trkpt lat="35.38882" lon="138.74479">
        <ele>2265.17</ele>
      </trkpt>
      <trkpt lat="35.38883" lon="138.74473">
        <ele>2267.4</ele>
      </trkpt>
      <trkpt lat="35.38884" lon="138.74467">
        <ele>2268.01</ele>
      </trkpt>
      <trkpt lat="35.38885" lon="138.74461">
        <ele>2268.38</ele>
      </trkpt>
      <trkpt lat="35.38885" lon="138.74455">
        <ele>2269.21</ele>
      </trkpt>
      <trkpt lat="35.38885" lon="138.74448">
        <ele>2270.19</ele>
      </trkpt>
      <trkpt lat="35.38886" lon="138.74442">
        <ele>2270.75</ele>
      </trkpt>
      <trkpt lat="35.38886" lon="138.74436">
        <ele>2271.98</ele>
      </trkpt>
      <trkpt lat="35.38887" lon="138.7443">
        <ele>2272.83</ele>
      </trkpt>
      <trkpt lat="35.38888" lon="138.74423">
        <ele>2273.94</ele>
      </trkpt>
      <trkpt lat="35.38888" lon="138.74423">
        <ele>2273.94</ele>
      </trkpt>
      <trkpt lat="35.38889" lon="138.74417">
        <ele>2274.9</ele>
      </trkpt>
      <trkpt lat="35.3889" lon="138.74411">
        <ele>2274.32</ele>
      </trkpt>
      <trkpt lat="35.3889" lon="138.74405">
        <ele>2273.94</ele>
      </trkpt>
      <trkpt lat="35.38891" lon="138.74399">
        <ele>2273.41</ele>
      </trkpt>
      <trkpt lat="35.38892" lon="138.74393">
        <ele>2272.97</ele>
      </trkpt>
      <trkpt lat="35.38894" lon="138.74387">
        <ele>2272.69</ele>
      </trkpt>
      <trkpt lat="35.38896" lon="138.74381">
        <ele>2272.7</ele>
      </trkpt>
      <trkpt lat="35.38898" lon="138.74375">
        <ele>2272.68</ele>
      </trkpt>
      <trkpt lat="35.389" lon="138.74369">
        <ele>2272.63</ele>
      </trkpt>
      <trkpt lat="35.38903" lon="138.74364">
        <ele>2272.42</ele>
      </trkpt>
      <trkpt lat="35.38906" lon="138.74358">
        <ele>2272.8</ele>
      </trkpt>
      <trkpt lat="35.3891" lon="138.74353">
        <ele>2273.32</ele>
      </trkpt>
      <trkpt lat="35.38913" lon="138.74347">
        <ele>2274.07</ele>
      </trkpt>
      <trkpt lat="35.38916" lon="138.74342">
        <ele>2274.55</ele>
      </trkpt>
      <trkpt lat="35.38919" lon="138.74336">
        <ele>2274.96</ele>
      </trkpt>
      <trkpt lat="35.38923" lon="138.74331">
        <ele>2274.86</ele>
      </trkpt>
      <trkpt lat="35.38926" lon="138.74325">
        <ele>2275.35</ele>
      </trkpt>
      <trkpt lat="35.38929" lon="138.7432">
        <ele>2275.72</ele>
      </trkpt>
      <trkpt lat="35.38932" lon="138.74314">
        <ele>2276.38</ele>
      </trkpt>
      <trkpt lat="35.38936" lon="138.74309">
        <ele>2276.73</ele>
      </trkpt>
      <trkpt lat="35.38939" lon="138.74303">
        <ele>2277.84</ele>
      </trkpt>
      <trkpt lat="35.3894" lon="138.74302">
        <ele>2277.99</ele>
      </trkpt>
      <trkpt lat="35.38952" lon="138.74285">
        <ele>2280.97</ele>
      </trkpt>
      <trkpt lat="35.38952" lon="138.74285">
        <ele>2280.97</ele>
      </trkpt>
      <trkpt lat="35.38963" lon="138.74269">
        <ele>2283.38</ele>
      </trkpt>
      <trkpt lat="35.38963" lon="138.74269">
        <ele>2283.38</ele>
      </trkpt>
      <trkpt lat="35.38973" lon="138.74258">
        <ele>2284.17</ele>
      </trkpt>
      <trkpt lat="35.38973" lon="138.74258">
        <ele>2284.17</ele>
      </trkpt>
      <trkpt lat="35.38993" lon="138.74246">
        <ele>2280.92</ele>
      </trkpt>
      <trkpt lat="35.38993" lon="138.74246">
        <ele>2280.92</ele>
      </trkpt>
      <trkpt lat="35.39003" lon="138.74227">
        <ele>2283.0</ele>
      </trkpt>
      <trkpt lat="35.39003" lon="138.74227">
        <ele>2283.0</ele>
      </trkpt>
      <trkpt lat="35.3902" lon="138.74189">
        <ele>2286.65</ele>
      </trkpt>
      <trkpt lat="35.39017" lon="138.74185">
        <ele>2289.52</ele>
      </trkpt>
      <trkpt lat="35.39022" lon="138.74179">
        <ele>2288.03</ele>
      </trkpt>
      <trkpt lat="35.39025" lon="138.74173">
        <ele>2287.52</ele>
      </trkpt>
      <trkpt lat="35.3903" lon="138.74168">
        <ele>2285.84</ele>
      </trkpt>
      <trkpt lat="35.39031" lon="138.74162">
        <ele>2287.75</ele>
      </trkpt>
      <trkpt lat="35.39033" lon="138.74156">
        <ele>2289.35</ele>
      </trkpt>
      <trkpt lat="35.39033" lon="138.7415">
        <ele>2291.83</ele>
      </trkpt>
      <trkpt lat="35.39035" lon="138.74144">
        <ele>2293.05</ele>
      </trkpt>
      <trkpt lat="35.39036" lon="138.74138">
        <ele>2294.54</ele>
      </trkpt>
      <trkpt lat="35.39038" lon="138.74132">
        <ele>2294.25</ele>
      </trkpt>
      <trkpt lat="35.39039" lon="138.74126">
        <ele>2294.64</ele>
      </trkpt>
      <trkpt lat="35.39041" lon="138.7412">
        <ele>2294.36</ele>
      </trkpt>
      <trkpt lat="35.39042" lon="138.74114">
        <ele>2294.75</ele>
      </trkpt>
      <trkpt lat="35.39044" lon="138.74108">
        <ele>2293.92</ele>
      </trkpt>
      <trkpt lat="35.39045" lon="138.74102">
        <ele>2293.3</ele>
      </trkpt>
      <trkpt lat="35.39046" lon="138.74096">
        <ele>2292.71</ele>
      </trkpt>
      <trkpt lat="35.39045" lon="138.74089">
        <ele>2293.41</ele>
      </trkpt>
      <trkpt lat="35.39045" lon="138.74083">
        <ele>2293.5</ele>
      </trkpt>
      <trkpt lat="35.39043" lon="138.74076">
        <ele>2295.48</ele>
      </trkpt>
      <trkpt lat="35.39042" lon="138.7407">
        <ele>2296.74</ele>
      </trkpt>
      <trkpt lat="35.39042" lon="138.74063">
        <ele>2297.49</ele>
      </trkpt>
      <trkpt lat="35.39041" lon="138.74057">
        <ele>2298.75</ele>
      </trkpt>
      <trkpt lat="35.39042" lon="138.74051">
        <ele>2297.89</ele>
      </trkpt>
      <trkpt lat="35.39043" lon="138.74044">
        <ele>2296.7</ele>
      </trkpt>
      <trkpt lat="35.39044" lon="138.74038">
        <ele>2295.65</ele>
      </trkpt>
      <trkpt lat="35.39046" lon="138.74032">
        <ele>2294.12</ele>
      </trkpt>
      <trkpt lat="35.39048" lon="138.74027">
        <ele>2292.8</ele>
      </trkpt>
      <trkpt lat="35.3905" lon="138.74021">
        <ele>2291.75</ele>
      </trkpt>
      <trkpt lat="35.39052" lon="138.74015">
        <ele>2290.73</ele>
      </trkpt>
      <trkpt lat="35.39054" lon="138.74009">
        <ele>2289.75</ele>
      </trkpt>
      <trkpt lat="35.39056" lon="138.74003">
        <ele>2288.9</ele>
      </trkpt>
      <trkpt lat="35.39058" lon="138.73997">
        <ele>2289.0</ele>
      </trkpt>
      <trkpt lat="35.3906" lon="138.73992">
        <ele>2289.43</ele>
      </trkpt>
      <trkpt lat="35.39062" lon="138.73986">
        <ele>2290.01</ele>
      </trkpt>
      <trkpt lat="35.39064" lon="138.7398">
        <ele>2290.56</ele>
      </trkpt>
      <trkpt lat="35.39065" lon="138.73974">
        <ele>2291.32</ele>
      </trkpt>
      <trkpt lat="35.39067" lon="138.73968">
        <ele>2292.03</ele>
      </trkpt>
      <trkpt lat="35.39068" lon="138.73962">
        <ele>2293.07</ele>
      </trkpt>
      <trkpt lat="35.3907" lon="138.73956">
        <ele>2293.86</ele>
      </trkpt>
      <trkpt lat="35.3907" lon="138.7395">
        <ele>2295.16</ele>
      </trkpt>
      <trkpt lat="35.39072" lon="138.73944">
        <ele>2295.97</ele>
      </trkpt>
      <trkpt lat="35.39073" lon="138.73938">
        <ele>2297.31</ele>
      </trkpt>
      <trkpt lat="35.39075" lon="138.73932">
        <ele>2298.37</ele>
      </trkpt>
      <trkpt lat="35.39076" lon="138.73926">
        <ele>2299.67</ele>
      </trkpt>
      <trkpt lat="35.39078" lon="138.7392">
        <ele>2300.67</ele>
      </trkpt>
      <trkpt lat="35.3908" lon="138.73914">
        <ele>2301.46</ele>
      </trkpt>
      <trkpt lat="35.39082" lon="138.73908">
        <ele>2301.78</ele>
      </trkpt>
      <trkpt lat="35.39084" lon="138.73903">
        <ele>2301.78</ele>
      </trkpt>
      <trkpt lat="35.39086" lon="138.73897">
        <ele>2302.02</ele>
      </trkpt>
      <trkpt lat="35.39088" lon="138.73891">
        <ele>2302.21</ele>
      </trkpt>
      <trkpt lat="35.3909" lon="138.73885">
        <ele>2302.51</ele>
      </trkpt>
      <trkpt lat="35.39092" lon="138.73879">
        <ele>2302.77</ele>
      </trkpt>
      <trkpt lat="35.39094" lon="138.73873">
        <ele>2302.88</ele>
      </trkpt>
      <trkpt lat="35.39096" lon="138.73868">
        <ele>2302.69</ele>
      </trkpt>
      <trkpt lat="35.39098" lon="138.73862">
        <ele>2302.5</ele>
      </trkpt>
      <trkpt lat="35.391" lon="138.73856">
        <ele>2302.52</ele>
      </trkpt>
      <trkpt lat="35.39102" lon="138.7385">
        <ele>2302.59</ele>
      </trkpt>
      <trkpt lat="35.39104" lon="138.73844">
        <ele>2302.66</ele>
      </trkpt>
      <trkpt lat="35.39106" lon="138.73838">
        <ele>2302.74</ele>
      </trkpt>
      <trkpt lat="35.39108" lon="138.73833">
        <ele>2302.67</ele>
      </trkpt>
      <trkpt lat="35.3911" lon="138.73827">
        <ele>2303.6</ele>
      </trkpt>
      <trkpt lat="35.39112" lon="138.73821">
        <ele>2304.69</ele>
      </trkpt>
      <trkpt lat="35.39114" lon="138.73815">
        <ele>2305.8</ele>
      </trkpt>
      <trkpt lat="35.39116" lon="138.73809">
        <ele>2306.73</ele>
      </trkpt>
      <trkpt lat="35.39118" lon="138.73803">
        <ele>2307.31</ele>
      </trkpt>
      <trkpt lat="35.39119" lon="138.73797">
        <ele>2308.07</ele>
      </trkpt>
      <trkpt lat="35.39121" lon="138.73791">
        <ele>2308.33</ele>
      </trkpt>
      <trkpt lat="35.39123" lon="138.73786">
        <ele>2308.36</ele>
      </trkpt>
      <trkpt lat="35.39125" lon="138.7378">
        <ele>2308.56</ele>
      </trkpt>
      <trkpt lat="35.39127" lon="138.73774">
        <ele>2309.0</ele>
      </trkpt>
      <trkpt lat="35.39129" lon="138.73768">
        <ele>2309.39</ele>
      </trkpt>
      <trkpt lat="35.39131" lon="138.73762">
        <ele>2309.54</ele>
      </trkpt>
      <trkpt lat="35.39132" lon="138.73756">
        <ele>2310.16</ele>
      </trkpt>
      <trkpt lat="35.39134" lon="138.7375">
        <ele>2309.87</ele>
      </trkpt>
      <trkpt lat="35.39135" lon="138.73744">
        <ele>2310.19</ele>
      </trkpt>
      <trkpt lat="35.39137" lon="138.73738">
        <ele>2309.91</ele>
      </trkpt>
      <trkpt lat="35.39139" lon="138.73732">
        <ele>2309.83</ele>
      </trkpt>
      <trkpt lat="35.39141" lon="138.73727">
        <ele>2309.97</ele>
      </trkpt>
      <trkpt lat="35.39143" lon="138.73721">
        <ele>2310.5</ele>
      </trkpt>
      <trkpt lat="35.39145" lon="138.73715">
        <ele>2311.63</ele>
      </trkpt>
      <trkpt lat="35.39147" lon="138.73709">
        <ele>2312.69</ele>
      </trkpt>
      <trkpt lat="35.39148" lon="138.73703">
        <ele>2314.2</ele>
      </trkpt>
      <trkpt lat="35.3915" lon="138.73697">
        <ele>2315.15</ele>
      </trkpt>
      <trkpt lat="35.3915" lon="138.73691">
        <ele>2316.99</ele>
      </trkpt>
      <trkpt lat="35.39152" lon="138.73685">
        <ele>2317.76</ele>
      </trkpt>
      <trkpt lat="35.39154" lon="138.73679">
        <ele>2318.69</ele>
      </trkpt>
      <trkpt lat="35.39156" lon="138.73674">
        <ele>2319.44</ele>
      </trkpt>
      <trkpt lat="35.39158" lon="138.73668">
        <ele>2320.67</ele>
      </trkpt>
      <trkpt lat="35.3916" lon="138.73662">
        <ele>2322.16</ele>
      </trkpt>
      <trkpt lat="35.39162" lon="138.73656">
        <ele>2323.65</ele>
      </trkpt>
      <trkpt lat="35.39164" lon="138.7365">
        <ele>2325.08</ele>
      </trkpt>
      <trkpt lat="35.39166" lon="138.73644">
        <ele>2326.44</ele>
      </trkpt>
      <trkpt lat="35.39168" lon="138.73639">
        <ele>2327.34</ele>
      </trkpt>
      <trkpt lat="35.39172" lon="138.73633">
        <ele>2327.2</ele>
      </trkpt>
      <trkpt lat="35.39175" lon="138.73628">
        <ele>2327.24</ele>
      </trkpt>
      <trkpt lat="35.39177" lon="138.73622">
        <ele>2328.03</ele>
      </trkpt>
      <trkpt lat="35.3918" lon="138.73616">
        <ele>2328.35</ele>
      </trkpt>
      <trkpt lat="35.39183" lon="138.73611">
        <ele>2328.38</ele>
      </trkpt>
      <trkpt lat="35.39187" lon="138.73605">
        <ele>2328.01</ele>
      </trkpt>
      <trkpt lat="35.39189" lon="138.73599">
        <ele>2328.69</ele>
      </trkpt>
      <trkpt lat="35.39192" lon="138.73594">
        <ele>2328.86</ele>
      </trkpt>
      <trkpt lat="35.39195" lon="138.73588">
        <ele>2329.38</ele>
      </trkpt>
      <trkpt lat="35.39198" lon="138.73583">
        <ele>2329.22</ele>
      </trkpt>
      <trkpt lat="35.39202" lon="138.73577">
        <ele>2327.61</ele>
      </trkpt>
      <trkpt lat="35.39206" lon="138.73572">
        <ele>2326.09</ele>
      </trkpt>
      <trkpt lat="35.39209" lon="138.73567">
        <ele>2325.18</ele>
      </trkpt>
      <trkpt lat="35.39213" lon="138.73561">
        <ele>2324.06</ele>
      </trkpt>
      <trkpt lat="35.39216" lon="138.73556">
        <ele>2323.41</ele>
      </trkpt>
      <trkpt lat="35.39219" lon="138.7355">
        <ele>2323.77</ele>
      </trkpt>
      <trkpt lat="35.39222" lon="138.73545">
        <ele>2323.76</ele>
      </trkpt>
      <trkpt lat="35.39227" lon="138.73539">
        <ele>2323.46</ele>
      </trkpt>
      <trkpt lat="35.3923" lon="138.73534">
        <ele>2323.39</ele>
      </trkpt>
      <trkpt lat="35.39233" lon="138.73528">
        <ele>2323.3</ele>
      </trkpt>
      <trkpt lat="35.39237" lon="138.73523">
        <ele>2322.55</ele>
      </trkpt>
      <trkpt lat="35.39239" lon="138.73517">
        <ele>2322.76</ele>
      </trkpt>
      <trkpt lat="35.39241" lon="138.73511">
        <ele>2322.89</ele>
      </trkpt>
      <trkpt lat="35.39243" lon="138.73505">
        <ele>2322.92</ele>
      </trkpt>
      <trkpt lat="35.39243" lon="138.73499">
        <ele>2323.94</ele>
      </trkpt>
      <trkpt lat="35.39244" lon="138.73493">
        <ele>2324.36</ele>
      </trkpt>
      <trkpt lat="35.39246" lon="138.73487">
        <ele>2324.17</ele>
      </trkpt>
      <trkpt lat="35.39247" lon="138.73481">
        <ele>2324.5</ele>
      </trkpt>
      <trkpt lat="35.39249" lon="138.73475">
        <ele>2324.2</ele>
      </trkpt>
      <trkpt lat="35.39252" lon="138.7347">
        <ele>2322.92</ele>
      </trkpt>
      <trkpt lat="35.39256" lon="138.73464">
        <ele>2320.73</ele>
      </trkpt>
      <trkpt lat="35.39259" lon="138.73459">
        <ele>2318.98</ele>
      </trkpt>
      <trkpt lat="35.39263" lon="138.73454">
        <ele>2316.43</ele>
      </trkpt>
      <trkpt lat="35.39268" lon="138.73448">
        <ele>2313.03</ele>
      </trkpt>
      <trkpt lat="35.39272" lon="138.73443">
        <ele>2310.64</ele>
      </trkpt>
      <trkpt lat="35.39277" lon="138.73438">
        <ele>2308.85</ele>
      </trkpt>
      <trkpt lat="35.39281" lon="138.73434">
        <ele>2308.29</ele>
      </trkpt>
      <trkpt lat="35.39286" lon="138.7343">
        <ele>2307.16</ele>
      </trkpt>
      <trkpt lat="35.39291" lon="138.73427">
        <ele>2305.43</ele>
      </trkpt>
      <trkpt lat="35.39296" lon="138.73423">
        <ele>2303.61</ele>
      </trkpt>
      <trkpt lat="35.39301" lon="138.73419">
        <ele>2301.44</ele>
      </trkpt>
      <trkpt lat="35.39305" lon="138.73414">
        <ele>2300.4</ele>
      </trkpt>
      <trkpt lat="35.3931" lon="138.73409">
        <ele>2301.14</ele>
      </trkpt>
      <trkpt lat="35.39314" lon="138.73403">
        <ele>2301.86</ele>
      </trkpt>
      <trkpt lat="35.39319" lon="138.73398">
        <ele>2301.2</ele>
      </trkpt>
      <trkpt lat="35.39323" lon="138.73393">
        <ele>2300.16</ele>
      </trkpt>
      <trkpt lat="35.39328" lon="138.73389">
        <ele>2297.88</ele>
      </trkpt>
      <trkpt lat="35.39333" lon="138.73385">
        <ele>2296.17</ele>
      </trkpt>
      <trkpt lat="35.39338" lon="138.73382">
        <ele>2296.61</ele>
      </trkpt>
      <trkpt lat="35.39343" lon="138.73379">
        <ele>2297.12</ele>
      </trkpt>
      <trkpt lat="35.39348" lon="138.73377">
        <ele>2297.32</ele>
      </trkpt>
      <trkpt lat="35.39353" lon="138.73374">
        <ele>2297.61</ele>
      </trkpt>
      <trkpt lat="35.39358" lon="138.73372">
        <ele>2297.64</ele>
      </trkpt>
      <trkpt lat="35.39364" lon="138.73371">
        <ele>2297.55</ele>
      </trkpt>
      <trkpt lat="35.39369" lon="138.73368">
        <ele>2297.86</ele>
      </trkpt>
      <trkpt lat="35.39374" lon="138.73367">
        <ele>2297.88</ele>
      </trkpt>
      <trkpt lat="35.39379" lon="138.73362">
        <ele>2298.27</ele>
      </trkpt>
      <trkpt lat="35.39384" lon="138.7336">
        <ele>2298.4</ele>
      </trkpt>
      <trkpt lat="35.39389" lon="138.73356">
        <ele>2298.93</ele>
      </trkpt>
      <trkpt lat="35.39394" lon="138.73352">
        <ele>2300.26</ele>
      </trkpt>
      <trkpt lat="35.39398" lon="138.73348">
        <ele>2301.36</ele>
      </trkpt>
      <trkpt lat="35.39404" lon="138.73346">
        <ele>2302.3</ele>
      </trkpt>
      <trkpt lat="35.39408" lon="138.73342">
        <ele>2303.25</ele>
      </trkpt>
      <trkpt lat="35.39413" lon="138.73338">
        <ele>2304.19</ele>
      </trkpt>
      <trkpt lat="35.39418" lon="138.73334">
        <ele>2304.93</ele>
      </trkpt>
      <trkpt lat="35.39423" lon="138.7333">
        <ele>2304.97</ele>
      </trkpt>
      <trkpt lat="35.39427" lon="138.73325">
        <ele>2304.89</ele>
      </trkpt>
      <trkpt lat="35.39432" lon="138.7332">
        <ele>2304.74</ele>
      </trkpt>
      <trkpt lat="35.39435" lon="138.73314">
        <ele>2304.54</ele>
      </trkpt>
      <trkpt lat="35.39438" lon="138.73309">
        <ele>2304.33</ele>
      </trkpt>
      <trkpt lat="35.39441" lon="138.73304">
        <ele>2304.03</ele>
      </trkpt>
      <trkpt lat="35.39444" lon="138.73298">
        <ele>2303.48</ele>
      </trkpt>
      <trkpt lat="35.39448" lon="138.73293">
        <ele>2303.24</ele>
      </trkpt>
      <trkpt lat="35.39453" lon="138.73289">
        <ele>2303.06</ele>
      </trkpt>
      <trkpt lat="35.39459" lon="138.7329">
        <ele>2303.34</ele>
      </trkpt>
      <trkpt lat="35.39462" lon="138.7329">
        <ele>2303.44</ele>
      </trkpt>
      <trkpt lat="35.39465" lon="138.7329">
        <ele>2303.53</ele>
      </trkpt>
      <trkpt lat="35.39471" lon="138.73294">
        <ele>2304.28</ele>
      </trkpt>
    </trkseg>
  </trk>
</gpx>
