<?xml version="1.0"?>
<gpx xmlns="http://www.topografix.com/GPX/1/1" xmlns:xsi="http://www.w3.org/2001/XMLSchema-instance" version="1.1" creator="AllTrails.com" xsi:schemaLocation="http://www.topografix.com/GPX/1/1 http://www.topografix.com/GPX/1/1/gpx.xsd">
  <metadata>
    <name><![CDATA[Overland Track]]></name>
    <desc><![CDATA[]]></desc>
    <link href="http://www.alltrails.com">
      <text>AllTrails, LLC</text>
    </link>
    <bounds minlat="-42.11645" minlon="145.94369" maxlat="-41.63596" maxlon="146.17551"/>
  </metadata>
  <wpt lat="-41.71467" lon="145.94689">
    <name><![CDATA[Waterfall Valley Hut]]></name>
    <desc><![CDATA[]]></desc>
  </wpt>
  <wpt lat="-41.77158" lon="145.95629">
    <name><![CDATA[Windermere Hut]]></name>
    <desc><![CDATA[]]></desc>
  </wpt>
  <wpt lat="-41.83042" lon="146.04642">
    <name><![CDATA[New Pelion Hut]]></name>
    <desc><![CDATA[]]></desc>
  </wpt>
  <wpt lat="-41.87061" lon="146.03298">
    <name><![CDATA[Mt Ossa]]></name>
    <desc><![CDATA[]]></desc>
  </wpt>
  <wpt lat="-41.93205" lon="146.08888">
    <name><![CDATA[Windy Ridge Hut]]></name>
    <desc><![CDATA[Also Bert Nichols Hut]]></desc>
  </wpt>
  <wpt lat="-42.01246" lon="146.10152">
    <name><![CDATA[Narcissus Hut]]></name>
    <desc><![CDATA[]]></desc>
  </wpt>
  <wpt lat="-42.11595" lon="146.17433">
    <name><![CDATA[Lake St Clair Lodge]]></name>
    <desc><![CDATA[]]></desc>
  </wpt>
  <wpt lat="-41.71442" lon="145.94647">
    <name><![CDATA[End of Day 1 - Waterfall Valley Huts]]></name>
    <desc><![CDATA[]]></desc>
  </wpt>
  <wpt lat="-41.8294281" lon="146.0463161">
    <name><![CDATA[End of Day 3 - New Pelion Hut]]></name>
    <desc><![CDATA[]]></desc>
  </wpt>
  <wpt lat="-41.8915626" lon="146.0819023">
    <name><![CDATA[End of Day 4 - Kia Ora Hut]]></name>
    <desc><![CDATA[]]></desc>
  </wpt>
  <wpt lat="-41.9320372" lon="146.0893035">
    <name><![CDATA[End of Day 5 -  Bert Nichols Hut (Windy Ridge)]]></name>
    <desc><![CDATA[]]></desc>
  </wpt>
  <wpt lat="-42.0123791" lon="146.1017329">
    <name><![CDATA[End of Day 6 - Narcissus Hut]]></name>
    <desc><![CDATA[]]></desc>
  </wpt>
  <wpt lat="-42.1163706" lon="146.1742892">
    <name><![CDATA[End of Day 7 -  Cynthia Bay]]></name>
    <desc><![CDATA[]]></desc>
  </wpt>
  <wpt lat="-41.77153" lon="145.95645">
    <name><![CDATA[End of Day 2 - Windemere Hut]]></name>
    <desc><![CDATA[]]></desc>
  </wpt>
  <trk>
    <name><![CDATA[Overland Track]]></name>
    <src>AllTrails</src>
    <trkseg>
      <trkpt lat="-41.63596" lon="145.94912">
        <ele>860.42</ele>
      </trkpt>
      <trkpt lat="-41.63605" lon="145.94893">
        <ele>858.53</ele>
      </trkpt>
      <trkpt lat="-41.63634" lon="145.94869">
        <ele>860.12</ele>
      </trkpt>
      <trkpt lat="-41.63644" lon="145.94867">
        <ele>859.31</ele>
      </trkpt>
      <trkpt lat="-41.63678" lon="145.94839">
        <ele>855.35</ele>
      </trkpt>
      <trkpt lat="-41.63679" lon="145.94837">
        <ele>855.23</ele>
      </trkpt>
      <trkpt lat="-41.63682" lon="145.94832">
        <ele>855.04</ele>
      </trkpt>
      <trkpt lat="-41.63684" lon="145.94826">
        <ele>855.61</ele>
      </trkpt>
      <trkpt lat="-41.63688" lon="145.94822">
        <ele>855.91</ele>
      </trkpt>
      <trkpt lat="-41.63691" lon="145.94818">
        <ele>856.32</ele>
      </trkpt>
      <trkpt lat="-41.63694" lon="145.94813">
        <ele>856.94</ele>
      </trkpt>
      <trkpt lat="-41.63698" lon="145.94809">
        <ele>857.68</ele>
      </trkpt>
      <trkpt lat="-41.63702" lon="145.94807">
        <ele>858.11</ele>
      </trkpt>
      <trkpt lat="-41.63707" lon="145.94805">
        <ele>858.55</ele>
      </trkpt>
      <trkpt lat="-41.63712" lon="145.94805">
        <ele>858.73</ele>
      </trkpt>
      <trkpt lat="-41.63716" lon="145.94805">
        <ele>858.88</ele>
      </trkpt>
      <trkpt lat="-41.63721" lon="145.94804">
        <ele>859.24</ele>
      </trkpt>
      <trkpt lat="-41.63726" lon="145.94805">
        <ele>858.95</ele>
      </trkpt>
      <trkpt lat="-41.63727" lon="145.94805">
        <ele>858.91</ele>
      </trkpt>
      <trkpt lat="-41.63745" lon="145.94799">
        <ele>858.59</ele>
      </trkpt>
      <trkpt lat="-41.63769" lon="145.94809">
        <ele>862.37</ele>
      </trkpt>
      <trkpt lat="-41.63791" lon="145.94801">
        <ele>866.83</ele>
      </trkpt>
      <trkpt lat="-41.63803" lon="145.94785">
        <ele>867.96</ele>
      </trkpt>
      <trkpt lat="-41.63825" lon="145.94784">
        <ele>863.71</ele>
      </trkpt>
      <trkpt lat="-41.63856" lon="145.94765">
        <ele>857.63</ele>
      </trkpt>
      <trkpt lat="-41.63872" lon="145.94743">
        <ele>857.88</ele>
      </trkpt>
      <trkpt lat="-41.63904" lon="145.94723">
        <ele>859.14</ele>
      </trkpt>
      <trkpt lat="-41.63926" lon="145.94714">
        <ele>858.07</ele>
      </trkpt>
      <trkpt lat="-41.63948" lon="145.94692">
        <ele>862.97</ele>
      </trkpt>
      <trkpt lat="-41.63954" lon="145.94683">
        <ele>862.57</ele>
      </trkpt>
      <trkpt lat="-41.63977" lon="145.94667">
        <ele>859.69</ele>
      </trkpt>
      <trkpt lat="-41.63989" lon="145.94654">
        <ele>858.25</ele>
      </trkpt>
      <trkpt lat="-41.63999" lon="145.94641">
        <ele>857.97</ele>
      </trkpt>
      <trkpt lat="-41.64009" lon="145.94629">
        <ele>859.44</ele>
      </trkpt>
      <trkpt lat="-41.64011" lon="145.94628">
        <ele>859.74</ele>
      </trkpt>
      <trkpt lat="-41.64015" lon="145.94625">
        <ele>860.39</ele>
      </trkpt>
      <trkpt lat="-41.64019" lon="145.94621">
        <ele>861.14</ele>
      </trkpt>
      <trkpt lat="-41.64023" lon="145.94618">
        <ele>861.86</ele>
      </trkpt>
      <trkpt lat="-41.64027" lon="145.94614">
        <ele>862.68</ele>
      </trkpt>
      <trkpt lat="-41.64031" lon="145.94611">
        <ele>863.0</ele>
      </trkpt>
      <trkpt lat="-41.64035" lon="145.94608">
        <ele>863.0</ele>
      </trkpt>
      <trkpt lat="-41.64039" lon="145.94606">
        <ele>863.0</ele>
      </trkpt>
      <trkpt lat="-41.64042" lon="145.94604">
        <ele>863.0</ele>
      </trkpt>
      <trkpt lat="-41.64043" lon="145.94603">
        <ele>863.0</ele>
      </trkpt>
      <trkpt lat="-41.64048" lon="145.94602">
        <ele>863.0</ele>
      </trkpt>
      <trkpt lat="-41.64052" lon="145.94599">
        <ele>863.0</ele>
      </trkpt>
      <trkpt lat="-41.64055" lon="145.94595">
        <ele>863.0</ele>
      </trkpt>
      <trkpt lat="-41.64057" lon="145.94589">
        <ele>862.92</ele>
      </trkpt>
      <trkpt lat="-41.64058" lon="145.94583">
        <ele>862.91</ele>
      </trkpt>
      <trkpt lat="-41.64058" lon="145.94577">
        <ele>862.95</ele>
      </trkpt>
      <trkpt lat="-41.64058" lon="145.94571">
        <ele>862.99</ele>
      </trkpt>
      <trkpt lat="-41.64058" lon="145.94565">
        <ele>863.03</ele>
      </trkpt>
      <trkpt lat="-41.6406" lon="145.94559">
        <ele>863.12</ele>
      </trkpt>
      <trkpt lat="-41.64061" lon="145.94553">
        <ele>863.33</ele>
      </trkpt>
      <trkpt lat="-41.64064" lon="145.94548">
        <ele>863.6</ele>
      </trkpt>
      <trkpt lat="-41.64068" lon="145.94545">
        <ele>863.7</ele>
      </trkpt>
      <trkpt lat="-41.64071" lon="145.94543">
        <ele>863.71</ele>
      </trkpt>
      <trkpt lat="-41.64072" lon="145.94542">
        <ele>863.7</ele>
      </trkpt>
      <trkpt lat="-41.64076" lon="145.9454">
        <ele>863.62</ele>
      </trkpt>
      <trkpt lat="-41.64081" lon="145.94539">
        <ele>863.47</ele>
      </trkpt>
      <trkpt lat="-41.64085" lon="145.94537">
        <ele>863.43</ele>
      </trkpt>
      <trkpt lat="-41.6409" lon="145.94535">
        <ele>863.62</ele>
      </trkpt>
      <trkpt lat="-41.64094" lon="145.94531">
        <ele>863.59</ele>
      </trkpt>
      <trkpt lat="-41.64095" lon="145.94529">
        <ele>863.5</ele>
      </trkpt>
      <trkpt lat="-41.64117" lon="145.94499">
        <ele>864.82</ele>
      </trkpt>
      <trkpt lat="-41.64122" lon="145.9449">
        <ele>864.83</ele>
      </trkpt>
      <trkpt lat="-41.64141" lon="145.94502">
        <ele>864.21</ele>
      </trkpt>
      <trkpt lat="-41.64141" lon="145.94503">
        <ele>864.35</ele>
      </trkpt>
      <trkpt lat="-41.64145" lon="145.94504">
        <ele>864.32</ele>
      </trkpt>
      <trkpt lat="-41.6415" lon="145.94505">
        <ele>864.25</ele>
      </trkpt>
      <trkpt lat="-41.64154" lon="145.94504">
        <ele>863.95</ele>
      </trkpt>
      <trkpt lat="-41.64159" lon="145.94502">
        <ele>863.51</ele>
      </trkpt>
      <trkpt lat="-41.64161" lon="145.945">
        <ele>863.2</ele>
      </trkpt>
      <trkpt lat="-41.6416" lon="145.94501">
        <ele>863.36</ele>
      </trkpt>
      <trkpt lat="-41.64196" lon="145.94478">
        <ele>862.46</ele>
      </trkpt>
      <trkpt lat="-41.64207" lon="145.94472">
        <ele>865.6</ele>
      </trkpt>
      <trkpt lat="-41.64207" lon="145.94472">
        <ele>865.6</ele>
      </trkpt>
      <trkpt lat="-41.64216" lon="145.94466">
        <ele>867.51</ele>
      </trkpt>
      <trkpt lat="-41.64225" lon="145.94464">
        <ele>869.4</ele>
      </trkpt>
      <trkpt lat="-41.6423" lon="145.94461">
        <ele>870.12</ele>
      </trkpt>
      <trkpt lat="-41.64237" lon="145.94459">
        <ele>871.52</ele>
      </trkpt>
      <trkpt lat="-41.64251" lon="145.94462">
        <ele>874.7</ele>
      </trkpt>
      <trkpt lat="-41.64253" lon="145.94465">
        <ele>874.96</ele>
      </trkpt>
      <trkpt lat="-41.64254" lon="145.94469">
        <ele>875.17</ele>
      </trkpt>
      <trkpt lat="-41.6426" lon="145.94472">
        <ele>875.71</ele>
      </trkpt>
      <trkpt lat="-41.64281" lon="145.94478">
        <ele>878.09</ele>
      </trkpt>
      <trkpt lat="-41.64301" lon="145.94481">
        <ele>882.38</ele>
      </trkpt>
      <trkpt lat="-41.64309" lon="145.94485">
        <ele>883.27</ele>
      </trkpt>
      <trkpt lat="-41.64319" lon="145.94485">
        <ele>882.71</ele>
      </trkpt>
      <trkpt lat="-41.64328" lon="145.94488">
        <ele>882.41</ele>
      </trkpt>
      <trkpt lat="-41.64338" lon="145.94495">
        <ele>881.58</ele>
      </trkpt>
      <trkpt lat="-41.64352" lon="145.94498">
        <ele>878.35</ele>
      </trkpt>
      <trkpt lat="-41.64359" lon="145.94493">
        <ele>876.96</ele>
      </trkpt>
      <trkpt lat="-41.64379" lon="145.94492">
        <ele>877.31</ele>
      </trkpt>
      <trkpt lat="-41.64439" lon="145.94508">
        <ele>892.21</ele>
      </trkpt>
      <trkpt lat="-41.64449" lon="145.94505">
        <ele>895.68</ele>
      </trkpt>
      <trkpt lat="-41.64457" lon="145.94505">
        <ele>897.51</ele>
      </trkpt>
      <trkpt lat="-41.64474" lon="145.94508">
        <ele>901.26</ele>
      </trkpt>
      <trkpt lat="-41.64483" lon="145.94506">
        <ele>902.55</ele>
      </trkpt>
      <trkpt lat="-41.64496" lon="145.94512">
        <ele>904.42</ele>
      </trkpt>
      <trkpt lat="-41.64503" lon="145.94501">
        <ele>905.32</ele>
      </trkpt>
      <trkpt lat="-41.64514" lon="145.94497">
        <ele>906.51</ele>
      </trkpt>
      <trkpt lat="-41.64523" lon="145.94485">
        <ele>907.48</ele>
      </trkpt>
      <trkpt lat="-41.64535" lon="145.94479">
        <ele>908.98</ele>
      </trkpt>
      <trkpt lat="-41.64539" lon="145.94466">
        <ele>909.62</ele>
      </trkpt>
      <trkpt lat="-41.64548" lon="145.94467">
        <ele>910.91</ele>
      </trkpt>
      <trkpt lat="-41.64548" lon="145.94467">
        <ele>910.91</ele>
      </trkpt>
      <trkpt lat="-41.6456" lon="145.94475">
        <ele>911.58</ele>
      </trkpt>
      <trkpt lat="-41.64572" lon="145.94478">
        <ele>910.61</ele>
      </trkpt>
      <trkpt lat="-41.64578" lon="145.94482">
        <ele>910.03</ele>
      </trkpt>
      <trkpt lat="-41.64586" lon="145.94488">
        <ele>909.09</ele>
      </trkpt>
      <trkpt lat="-41.64605" lon="145.94497">
        <ele>906.07</ele>
      </trkpt>
      <trkpt lat="-41.64617" lon="145.94492">
        <ele>906.51</ele>
      </trkpt>
      <trkpt lat="-41.64632" lon="145.94492">
        <ele>908.9</ele>
      </trkpt>
      <trkpt lat="-41.64635" lon="145.94493">
        <ele>909.37</ele>
      </trkpt>
      <trkpt lat="-41.64639" lon="145.94497">
        <ele>910.01</ele>
      </trkpt>
      <trkpt lat="-41.64649" lon="145.94498">
        <ele>910.75</ele>
      </trkpt>
      <trkpt lat="-41.64654" lon="145.94501">
        <ele>911.14</ele>
      </trkpt>
      <trkpt lat="-41.64662" lon="145.94508">
        <ele>912.0</ele>
      </trkpt>
      <trkpt lat="-41.64667" lon="145.94518">
        <ele>912.7</ele>
      </trkpt>
      <trkpt lat="-41.64673" lon="145.94525">
        <ele>913.83</ele>
      </trkpt>
      <trkpt lat="-41.64687" lon="145.94527">
        <ele>915.92</ele>
      </trkpt>
      <trkpt lat="-41.64688" lon="145.94528">
        <ele>916.08</ele>
      </trkpt>
      <trkpt lat="-41.64702" lon="145.94537">
        <ele>919.6</ele>
      </trkpt>
      <trkpt lat="-41.64719" lon="145.94555">
        <ele>924.2</ele>
      </trkpt>
      <trkpt lat="-41.64722" lon="145.94558">
        <ele>924.68</ele>
      </trkpt>
      <trkpt lat="-41.64748" lon="145.94585">
        <ele>922.94</ele>
      </trkpt>
      <trkpt lat="-41.64762" lon="145.9459">
        <ele>923.86</ele>
      </trkpt>
      <trkpt lat="-41.64766" lon="145.9461">
        <ele>924.15</ele>
      </trkpt>
      <trkpt lat="-41.64785" lon="145.94617">
        <ele>924.74</ele>
      </trkpt>
      <trkpt lat="-41.64785" lon="145.94617">
        <ele>924.74</ele>
      </trkpt>
      <trkpt lat="-41.64787" lon="145.94618">
        <ele>924.75</ele>
      </trkpt>
      <trkpt lat="-41.64809" lon="145.9463">
        <ele>926.59</ele>
      </trkpt>
      <trkpt lat="-41.64817" lon="145.94625">
        <ele>928.59</ele>
      </trkpt>
      <trkpt lat="-41.6482" lon="145.94624">
        <ele>929.38</ele>
      </trkpt>
      <trkpt lat="-41.64829" lon="145.94631">
        <ele>931.86</ele>
      </trkpt>
      <trkpt lat="-41.64839" lon="145.94629">
        <ele>934.91</ele>
      </trkpt>
      <trkpt lat="-41.64843" lon="145.94629">
        <ele>936.26</ele>
      </trkpt>
      <trkpt lat="-41.64843" lon="145.94629">
        <ele>936.26</ele>
      </trkpt>
      <trkpt lat="-41.64845" lon="145.94629">
        <ele>936.93</ele>
      </trkpt>
      <trkpt lat="-41.64848" lon="145.94631">
        <ele>937.9</ele>
      </trkpt>
      <trkpt lat="-41.64852" lon="145.94634">
        <ele>939.17</ele>
      </trkpt>
      <trkpt lat="-41.64856" lon="145.94635">
        <ele>940.46</ele>
      </trkpt>
      <trkpt lat="-41.64858" lon="145.94639">
        <ele>940.99</ele>
      </trkpt>
      <trkpt lat="-41.64865" lon="145.94646">
        <ele>942.8</ele>
      </trkpt>
      <trkpt lat="-41.6487" lon="145.9464">
        <ele>943.91</ele>
      </trkpt>
      <trkpt lat="-41.64875" lon="145.94628">
        <ele>945.78</ele>
      </trkpt>
      <trkpt lat="-41.64892" lon="145.94613">
        <ele>951.7</ele>
      </trkpt>
      <trkpt lat="-41.6491" lon="145.94607">
        <ele>957.11</ele>
      </trkpt>
      <trkpt lat="-41.64919" lon="145.94606">
        <ele>959.3</ele>
      </trkpt>
      <trkpt lat="-41.64934" lon="145.94613">
        <ele>962.82</ele>
      </trkpt>
      <trkpt lat="-41.6496" lon="145.94614">
        <ele>967.55</ele>
      </trkpt>
      <trkpt lat="-41.64977" lon="145.94609">
        <ele>968.44</ele>
      </trkpt>
      <trkpt lat="-41.64989" lon="145.94608">
        <ele>967.52</ele>
      </trkpt>
      <trkpt lat="-41.64989" lon="145.94608">
        <ele>967.52</ele>
      </trkpt>
      <trkpt lat="-41.64991" lon="145.94602">
        <ele>966.89</ele>
      </trkpt>
      <trkpt lat="-41.64993" lon="145.94596">
        <ele>966.28</ele>
      </trkpt>
      <trkpt lat="-41.64994" lon="145.9459">
        <ele>965.75</ele>
      </trkpt>
      <trkpt lat="-41.64994" lon="145.94583">
        <ele>965.18</ele>
      </trkpt>
      <trkpt lat="-41.64996" lon="145.94577">
        <ele>964.43</ele>
      </trkpt>
      <trkpt lat="-41.65" lon="145.94574">
        <ele>963.99</ele>
      </trkpt>
      <trkpt lat="-41.65005" lon="145.94573">
        <ele>964.38</ele>
      </trkpt>
      <trkpt lat="-41.6501" lon="145.94572">
        <ele>964.79</ele>
      </trkpt>
      <trkpt lat="-41.65014" lon="145.94571">
        <ele>965.12</ele>
      </trkpt>
      <trkpt lat="-41.65016" lon="145.94568">
        <ele>965.13</ele>
      </trkpt>
      <trkpt lat="-41.65016" lon="145.94565">
        <ele>964.93</ele>
      </trkpt>
      <trkpt lat="-41.65018" lon="145.94559">
        <ele>964.8</ele>
      </trkpt>
      <trkpt lat="-41.65019" lon="145.94553">
        <ele>964.86</ele>
      </trkpt>
      <trkpt lat="-41.65021" lon="145.94548">
        <ele>965.44</ele>
      </trkpt>
      <trkpt lat="-41.65024" lon="145.94542">
        <ele>966.3</ele>
      </trkpt>
      <trkpt lat="-41.65026" lon="145.94538">
        <ele>966.93</ele>
      </trkpt>
      <trkpt lat="-41.6503" lon="145.94533">
        <ele>968.07</ele>
      </trkpt>
      <trkpt lat="-41.65035" lon="145.9453">
        <ele>969.36</ele>
      </trkpt>
      <trkpt lat="-41.65039" lon="145.94527">
        <ele>970.59</ele>
      </trkpt>
      <trkpt lat="-41.65043" lon="145.94524">
        <ele>972.12</ele>
      </trkpt>
      <trkpt lat="-41.65047" lon="145.9452">
        <ele>973.94</ele>
      </trkpt>
      <trkpt lat="-41.6505" lon="145.94517">
        <ele>975.36</ele>
      </trkpt>
      <trkpt lat="-41.65051" lon="145.94516">
        <ele>975.84</ele>
      </trkpt>
      <trkpt lat="-41.65055" lon="145.9451">
        <ele>978.33</ele>
      </trkpt>
      <trkpt lat="-41.65055" lon="145.9451">
        <ele>978.33</ele>
      </trkpt>
      <trkpt lat="-41.65059" lon="145.94498">
        <ele>982.38</ele>
      </trkpt>
      <trkpt lat="-41.65071" lon="145.94483">
        <ele>987.42</ele>
      </trkpt>
      <trkpt lat="-41.65078" lon="145.94467">
        <ele>990.17</ele>
      </trkpt>
      <trkpt lat="-41.65086" lon="145.94458">
        <ele>992.44</ele>
      </trkpt>
      <trkpt lat="-41.65095" lon="145.94455">
        <ele>995.7</ele>
      </trkpt>
      <trkpt lat="-41.65103" lon="145.9445">
        <ele>998.49</ele>
      </trkpt>
      <trkpt lat="-41.65139" lon="145.9445">
        <ele>1005.24</ele>
      </trkpt>
      <trkpt lat="-41.65175" lon="145.94447">
        <ele>1018.87</ele>
      </trkpt>
      <trkpt lat="-41.65181" lon="145.94441">
        <ele>1021.39</ele>
      </trkpt>
      <trkpt lat="-41.65188" lon="145.94437">
        <ele>1023.95</ele>
      </trkpt>
      <trkpt lat="-41.65196" lon="145.94437">
        <ele>1026.72</ele>
      </trkpt>
      <trkpt lat="-41.65202" lon="145.94441">
        <ele>1027.51</ele>
      </trkpt>
      <trkpt lat="-41.65207" lon="145.94442">
        <ele>1027.72</ele>
      </trkpt>
      <trkpt lat="-41.65212" lon="145.9444">
        <ele>1027.6</ele>
      </trkpt>
      <trkpt lat="-41.65215" lon="145.94439">
        <ele>1027.6</ele>
      </trkpt>
      <trkpt lat="-41.65215" lon="145.94439">
        <ele>1027.6</ele>
      </trkpt>
      <trkpt lat="-41.65222" lon="145.94437">
        <ele>1027.72</ele>
      </trkpt>
      <trkpt lat="-41.65228" lon="145.9443">
        <ele>1026.84</ele>
      </trkpt>
      <trkpt lat="-41.6523" lon="145.94424">
        <ele>1026.16</ele>
      </trkpt>
      <trkpt lat="-41.65236" lon="145.94418">
        <ele>1024.66</ele>
      </trkpt>
      <trkpt lat="-41.65248" lon="145.94416">
        <ele>1022.36</ele>
      </trkpt>
      <trkpt lat="-41.6526" lon="145.94419">
        <ele>1023.77</ele>
      </trkpt>
      <trkpt lat="-41.6527" lon="145.94424">
        <ele>1025.63</ele>
      </trkpt>
      <trkpt lat="-41.6528" lon="145.94426">
        <ele>1027.34</ele>
      </trkpt>
      <trkpt lat="-41.65285" lon="145.94424">
        <ele>1028.73</ele>
      </trkpt>
      <trkpt lat="-41.65291" lon="145.94423">
        <ele>1030.52</ele>
      </trkpt>
      <trkpt lat="-41.65303" lon="145.94423">
        <ele>1034.21</ele>
      </trkpt>
      <trkpt lat="-41.65303" lon="145.94423">
        <ele>1034.21</ele>
      </trkpt>
      <trkpt lat="-41.65305" lon="145.94424">
        <ele>1034.83</ele>
      </trkpt>
      <trkpt lat="-41.65318" lon="145.94424">
        <ele>1038.02</ele>
      </trkpt>
      <trkpt lat="-41.65333" lon="145.94426">
        <ele>1041.58</ele>
      </trkpt>
      <trkpt lat="-41.65343" lon="145.94434">
        <ele>1040.85</ele>
      </trkpt>
      <trkpt lat="-41.6535" lon="145.94435">
        <ele>1040.52</ele>
      </trkpt>
      <trkpt lat="-41.6536" lon="145.94438">
        <ele>1040.34</ele>
      </trkpt>
      <trkpt lat="-41.65396" lon="145.94493">
        <ele>1041.93</ele>
      </trkpt>
      <trkpt lat="-41.65412" lon="145.94499">
        <ele>1042.11</ele>
      </trkpt>
      <trkpt lat="-41.65416" lon="145.945">
        <ele>1042.02</ele>
      </trkpt>
      <trkpt lat="-41.65432" lon="145.9451">
        <ele>1044.32</ele>
      </trkpt>
      <trkpt lat="-41.65448" lon="145.94517">
        <ele>1045.69</ele>
      </trkpt>
      <trkpt lat="-41.65459" lon="145.94524">
        <ele>1046.87</ele>
      </trkpt>
      <trkpt lat="-41.65464" lon="145.94524">
        <ele>1046.77</ele>
      </trkpt>
      <trkpt lat="-41.65495" lon="145.94552">
        <ele>1050.24</ele>
      </trkpt>
      <trkpt lat="-41.65514" lon="145.94582">
        <ele>1052.67</ele>
      </trkpt>
      <trkpt lat="-41.65529" lon="145.94615">
        <ele>1055.6</ele>
      </trkpt>
      <trkpt lat="-41.65546" lon="145.94647">
        <ele>1059.51</ele>
      </trkpt>
      <trkpt lat="-41.65556" lon="145.94655">
        <ele>1059.34</ele>
      </trkpt>
      <trkpt lat="-41.65566" lon="145.94667">
        <ele>1059.09</ele>
      </trkpt>
      <trkpt lat="-41.65569" lon="145.9468">
        <ele>1062.18</ele>
      </trkpt>
      <trkpt lat="-41.65577" lon="145.94693">
        <ele>1064.66</ele>
      </trkpt>
      <trkpt lat="-41.65587" lon="145.94736">
        <ele>1072.53</ele>
      </trkpt>
      <trkpt lat="-41.6559" lon="145.94743">
        <ele>1072.95</ele>
      </trkpt>
      <trkpt lat="-41.656" lon="145.94752">
        <ele>1073.36</ele>
      </trkpt>
      <trkpt lat="-41.65607" lon="145.94781">
        <ele>1072.66</ele>
      </trkpt>
      <trkpt lat="-41.65608" lon="145.94786">
        <ele>1073.21</ele>
      </trkpt>
      <trkpt lat="-41.65609" lon="145.94788">
        <ele>1073.46</ele>
      </trkpt>
      <trkpt lat="-41.65612" lon="145.94797">
        <ele>1074.74</ele>
      </trkpt>
      <trkpt lat="-41.65614" lon="145.9481">
        <ele>1075.45</ele>
      </trkpt>
      <trkpt lat="-41.65612" lon="145.94828">
        <ele>1073.6</ele>
      </trkpt>
      <trkpt lat="-41.65612" lon="145.94828">
        <ele>1073.6</ele>
      </trkpt>
      <trkpt lat="-41.6563" lon="145.94846">
        <ele>1070.71</ele>
      </trkpt>
      <trkpt lat="-41.65646" lon="145.94864">
        <ele>1071.01</ele>
      </trkpt>
      <trkpt lat="-41.65656" lon="145.94871">
        <ele>1070.11</ele>
      </trkpt>
      <trkpt lat="-41.65668" lon="145.94887">
        <ele>1067.05</ele>
      </trkpt>
      <trkpt lat="-41.65677" lon="145.94894">
        <ele>1069.04</ele>
      </trkpt>
      <trkpt lat="-41.65689" lon="145.94905">
        <ele>1072.9</ele>
      </trkpt>
      <trkpt lat="-41.65697" lon="145.94911">
        <ele>1075.2</ele>
      </trkpt>
      <trkpt lat="-41.65701" lon="145.94912">
        <ele>1075.89</ele>
      </trkpt>
      <trkpt lat="-41.6571" lon="145.94916">
        <ele>1077.74</ele>
      </trkpt>
      <trkpt lat="-41.65718" lon="145.94918">
        <ele>1079.24</ele>
      </trkpt>
      <trkpt lat="-41.65726" lon="145.94922">
        <ele>1080.92</ele>
      </trkpt>
      <trkpt lat="-41.65735" lon="145.94933">
        <ele>1083.43</ele>
      </trkpt>
      <trkpt lat="-41.65741" lon="145.94942">
        <ele>1085.53</ele>
      </trkpt>
      <trkpt lat="-41.65747" lon="145.94949">
        <ele>1087.61</ele>
      </trkpt>
      <trkpt lat="-41.65754" lon="145.94952">
        <ele>1087.78</ele>
      </trkpt>
      <trkpt lat="-41.65755" lon="145.94959">
        <ele>1088.41</ele>
      </trkpt>
      <trkpt lat="-41.65758" lon="145.94967">
        <ele>1088.83</ele>
      </trkpt>
      <trkpt lat="-41.65761" lon="145.94979">
        <ele>1089.98</ele>
      </trkpt>
      <trkpt lat="-41.65763" lon="145.94991">
        <ele>1092.05</ele>
      </trkpt>
      <trkpt lat="-41.65766" lon="145.95">
        <ele>1094.76</ele>
      </trkpt>
      <trkpt lat="-41.6577" lon="145.95">
        <ele>1096.2</ele>
      </trkpt>
      <trkpt lat="-41.65772" lon="145.95001">
        <ele>1097.21</ele>
      </trkpt>
      <trkpt lat="-41.65774" lon="145.95006">
        <ele>1099.47</ele>
      </trkpt>
      <trkpt lat="-41.65773" lon="145.9501">
        <ele>1100.27</ele>
      </trkpt>
      <trkpt lat="-41.65776" lon="145.95014">
        <ele>1102.77</ele>
      </trkpt>
      <trkpt lat="-41.65781" lon="145.95014">
        <ele>1104.64</ele>
      </trkpt>
      <trkpt lat="-41.65784" lon="145.95019">
        <ele>1107.49</ele>
      </trkpt>
      <trkpt lat="-41.65785" lon="145.95025">
        <ele>1110.09</ele>
      </trkpt>
      <trkpt lat="-41.6579" lon="145.95025">
        <ele>1112.16</ele>
      </trkpt>
      <trkpt lat="-41.65793" lon="145.95031">
        <ele>1116.04</ele>
      </trkpt>
      <trkpt lat="-41.65793" lon="145.95031">
        <ele>1116.04</ele>
      </trkpt>
      <trkpt lat="-41.65796" lon="145.95038">
        <ele>1120.2</ele>
      </trkpt>
      <trkpt lat="-41.65803" lon="145.95045">
        <ele>1124.93</ele>
      </trkpt>
      <trkpt lat="-41.65807" lon="145.95051">
        <ele>1127.74</ele>
      </trkpt>
      <trkpt lat="-41.65809" lon="145.9505">
        <ele>1127.7</ele>
      </trkpt>
      <trkpt lat="-41.65812" lon="145.95052">
        <ele>1128.86</ele>
      </trkpt>
      <trkpt lat="-41.65813" lon="145.95053">
        <ele>1129.39</ele>
      </trkpt>
      <trkpt lat="-41.65817" lon="145.95056">
        <ele>1131.21</ele>
      </trkpt>
      <trkpt lat="-41.65819" lon="145.95061">
        <ele>1133.35</ele>
      </trkpt>
      <trkpt lat="-41.65819" lon="145.95068">
        <ele>1135.83</ele>
      </trkpt>
      <trkpt lat="-41.65817" lon="145.95073">
        <ele>1136.79</ele>
      </trkpt>
      <trkpt lat="-41.65815" lon="145.95079">
        <ele>1137.79</ele>
      </trkpt>
      <trkpt lat="-41.65816" lon="145.95085">
        <ele>1139.89</ele>
      </trkpt>
      <trkpt lat="-41.65819" lon="145.95089">
        <ele>1141.99</ele>
      </trkpt>
      <trkpt lat="-41.65821" lon="145.95091">
        <ele>1143.23</ele>
      </trkpt>
      <trkpt lat="-41.65821" lon="145.95091">
        <ele>1143.23</ele>
      </trkpt>
      <trkpt lat="-41.65825" lon="145.95094">
        <ele>1145.46</ele>
      </trkpt>
      <trkpt lat="-41.65828" lon="145.95099">
        <ele>1147.23</ele>
      </trkpt>
      <trkpt lat="-41.65832" lon="145.951">
        <ele>1149.02</ele>
      </trkpt>
      <trkpt lat="-41.65836" lon="145.95103">
        <ele>1149.43</ele>
      </trkpt>
      <trkpt lat="-41.65837" lon="145.95109">
        <ele>1149.63</ele>
      </trkpt>
      <trkpt lat="-41.65837" lon="145.95111">
        <ele>1149.73</ele>
      </trkpt>
      <trkpt lat="-41.65838" lon="145.95112">
        <ele>1149.63</ele>
      </trkpt>
      <trkpt lat="-41.65842" lon="145.95115">
        <ele>1149.44</ele>
      </trkpt>
      <trkpt lat="-41.65846" lon="145.95116">
        <ele>1149.44</ele>
      </trkpt>
      <trkpt lat="-41.65851" lon="145.95117">
        <ele>1149.58</ele>
      </trkpt>
      <trkpt lat="-41.65856" lon="145.95118">
        <ele>1149.85</ele>
      </trkpt>
      <trkpt lat="-41.6586" lon="145.9512">
        <ele>1150.5</ele>
      </trkpt>
      <trkpt lat="-41.65864" lon="145.95122">
        <ele>1151.72</ele>
      </trkpt>
      <trkpt lat="-41.65866" lon="145.95123">
        <ele>1152.38</ele>
      </trkpt>
      <trkpt lat="-41.65868" lon="145.95123">
        <ele>1152.77</ele>
      </trkpt>
      <trkpt lat="-41.65873" lon="145.95123">
        <ele>1153.75</ele>
      </trkpt>
      <trkpt lat="-41.65877" lon="145.95125">
        <ele>1154.86</ele>
      </trkpt>
      <trkpt lat="-41.65878" lon="145.95131">
        <ele>1155.98</ele>
      </trkpt>
      <trkpt lat="-41.65877" lon="145.95137">
        <ele>1156.83</ele>
      </trkpt>
      <trkpt lat="-41.65878" lon="145.95143">
        <ele>1156.71</ele>
      </trkpt>
      <trkpt lat="-41.65881" lon="145.95148">
        <ele>1156.16</ele>
      </trkpt>
      <trkpt lat="-41.65882" lon="145.95149">
        <ele>1156.05</ele>
      </trkpt>
      <trkpt lat="-41.65883" lon="145.9515">
        <ele>1155.92</ele>
      </trkpt>
      <trkpt lat="-41.65888" lon="145.95152">
        <ele>1155.64</ele>
      </trkpt>
      <trkpt lat="-41.65888" lon="145.95152">
        <ele>1155.64</ele>
      </trkpt>
      <trkpt lat="-41.65887" lon="145.95152">
        <ele>1155.63</ele>
      </trkpt>
      <trkpt lat="-41.65893" lon="145.9515">
        <ele>1157.36</ele>
      </trkpt>
      <trkpt lat="-41.65913" lon="145.95151">
        <ele>1163.9</ele>
      </trkpt>
      <trkpt lat="-41.65918" lon="145.95153">
        <ele>1165.27</ele>
      </trkpt>
      <trkpt lat="-41.65927" lon="145.95159">
        <ele>1167.12</ele>
      </trkpt>
      <trkpt lat="-41.65931" lon="145.95159">
        <ele>1168.11</ele>
      </trkpt>
      <trkpt lat="-41.65937" lon="145.95161">
        <ele>1169.67</ele>
      </trkpt>
      <trkpt lat="-41.65943" lon="145.95165">
        <ele>1171.48</ele>
      </trkpt>
      <trkpt lat="-41.65949" lon="145.95169">
        <ele>1173.49</ele>
      </trkpt>
      <trkpt lat="-41.65949" lon="145.95169">
        <ele>1173.49</ele>
      </trkpt>
      <trkpt lat="-41.65961" lon="145.95175">
        <ele>1177.54</ele>
      </trkpt>
      <trkpt lat="-41.65965" lon="145.95178">
        <ele>1178.96</ele>
      </trkpt>
      <trkpt lat="-41.65967" lon="145.95183">
        <ele>1179.79</ele>
      </trkpt>
      <trkpt lat="-41.65974" lon="145.95188">
        <ele>1182.33</ele>
      </trkpt>
      <trkpt lat="-41.6598" lon="145.95195">
        <ele>1184.77</ele>
      </trkpt>
      <trkpt lat="-41.65982" lon="145.95197">
        <ele>1185.41</ele>
      </trkpt>
      <trkpt lat="-41.65991" lon="145.95205">
        <ele>1188.9</ele>
      </trkpt>
      <trkpt lat="-41.65991" lon="145.95206">
        <ele>1188.92</ele>
      </trkpt>
      <trkpt lat="-41.65998" lon="145.95209">
        <ele>1192.14</ele>
      </trkpt>
      <trkpt lat="-41.66001" lon="145.95215">
        <ele>1193.82</ele>
      </trkpt>
      <trkpt lat="-41.66011" lon="145.95225">
        <ele>1197.6</ele>
      </trkpt>
      <trkpt lat="-41.66025" lon="145.95238">
        <ele>1198.45</ele>
      </trkpt>
      <trkpt lat="-41.6604" lon="145.95253">
        <ele>1199.12</ele>
      </trkpt>
      <trkpt lat="-41.6604" lon="145.9525">
        <ele>1200.28</ele>
      </trkpt>
      <trkpt lat="-41.66046" lon="145.95276">
        <ele>1190.21</ele>
      </trkpt>
      <trkpt lat="-41.66048" lon="145.95282">
        <ele>1187.08</ele>
      </trkpt>
      <trkpt lat="-41.66053" lon="145.95271">
        <ele>1193.19</ele>
      </trkpt>
      <trkpt lat="-41.66055" lon="145.95258">
        <ele>1201.65</ele>
      </trkpt>
      <trkpt lat="-41.66055" lon="145.95259">
        <ele>1201.01</ele>
      </trkpt>
      <trkpt lat="-41.66056" lon="145.95253">
        <ele>1204.85</ele>
      </trkpt>
      <trkpt lat="-41.66067" lon="145.95237">
        <ele>1203.16</ele>
      </trkpt>
      <trkpt lat="-41.66075" lon="145.95224">
        <ele>1203.75</ele>
      </trkpt>
      <trkpt lat="-41.66077" lon="145.95217">
        <ele>1203.47</ele>
      </trkpt>
      <trkpt lat="-41.6609" lon="145.95199">
        <ele>1201.41</ele>
      </trkpt>
      <trkpt lat="-41.66095" lon="145.95193">
        <ele>1201.07</ele>
      </trkpt>
      <trkpt lat="-41.66104" lon="145.95187">
        <ele>1200.77</ele>
      </trkpt>
      <trkpt lat="-41.66116" lon="145.95179">
        <ele>1202.14</ele>
      </trkpt>
      <trkpt lat="-41.6612" lon="145.95174">
        <ele>1203.23</ele>
      </trkpt>
      <trkpt lat="-41.6612" lon="145.95174">
        <ele>1203.23</ele>
      </trkpt>
      <trkpt lat="-41.66125" lon="145.95173">
        <ele>1203.97</ele>
      </trkpt>
      <trkpt lat="-41.6614" lon="145.95166">
        <ele>1207.44</ele>
      </trkpt>
      <trkpt lat="-41.66153" lon="145.95158">
        <ele>1212.94</ele>
      </trkpt>
      <trkpt lat="-41.66156" lon="145.9515">
        <ele>1215.67</ele>
      </trkpt>
      <trkpt lat="-41.66161" lon="145.95143">
        <ele>1218.98</ele>
      </trkpt>
      <trkpt lat="-41.6618" lon="145.95142">
        <ele>1224.74</ele>
      </trkpt>
      <trkpt lat="-41.66197" lon="145.95137">
        <ele>1229.5</ele>
      </trkpt>
      <trkpt lat="-41.66211" lon="145.95124">
        <ele>1233.35</ele>
      </trkpt>
      <trkpt lat="-41.66224" lon="145.95123">
        <ele>1235.71</ele>
      </trkpt>
      <trkpt lat="-41.66254" lon="145.95117">
        <ele>1241.65</ele>
      </trkpt>
      <trkpt lat="-41.66268" lon="145.95105">
        <ele>1243.29</ele>
      </trkpt>
      <trkpt lat="-41.66285" lon="145.95094">
        <ele>1241.77</ele>
      </trkpt>
      <trkpt lat="-41.66302" lon="145.95085">
        <ele>1237.84</ele>
      </trkpt>
      <trkpt lat="-41.66312" lon="145.9508">
        <ele>1235.32</ele>
      </trkpt>
      <trkpt lat="-41.66321" lon="145.95077">
        <ele>1233.03</ele>
      </trkpt>
      <trkpt lat="-41.66324" lon="145.95073">
        <ele>1232.55</ele>
      </trkpt>
      <trkpt lat="-41.66338" lon="145.95063">
        <ele>1230.94</ele>
      </trkpt>
      <trkpt lat="-41.66354" lon="145.95062">
        <ele>1230.21</ele>
      </trkpt>
      <trkpt lat="-41.66354" lon="145.95062">
        <ele>1230.21</ele>
      </trkpt>
      <trkpt lat="-41.6636" lon="145.95063">
        <ele>1229.72</ele>
      </trkpt>
      <trkpt lat="-41.66382" lon="145.95056">
        <ele>1237.71</ele>
      </trkpt>
      <trkpt lat="-41.66394" lon="145.95058">
        <ele>1239.17</ele>
      </trkpt>
      <trkpt lat="-41.66398" lon="145.95055">
        <ele>1239.05</ele>
      </trkpt>
      <trkpt lat="-41.66402" lon="145.95042">
        <ele>1239.33</ele>
      </trkpt>
      <trkpt lat="-41.66412" lon="145.9504">
        <ele>1238.16</ele>
      </trkpt>
      <trkpt lat="-41.66412" lon="145.95041">
        <ele>1238.12</ele>
      </trkpt>
      <trkpt lat="-41.66423" lon="145.95037">
        <ele>1238.2</ele>
      </trkpt>
      <trkpt lat="-41.66437" lon="145.9502">
        <ele>1239.74</ele>
      </trkpt>
      <trkpt lat="-41.66451" lon="145.95008">
        <ele>1240.71</ele>
      </trkpt>
      <trkpt lat="-41.66464" lon="145.94993">
        <ele>1241.18</ele>
      </trkpt>
      <trkpt lat="-41.66472" lon="145.94983">
        <ele>1241.61</ele>
      </trkpt>
      <trkpt lat="-41.66479" lon="145.9498">
        <ele>1240.5</ele>
      </trkpt>
      <trkpt lat="-41.66494" lon="145.94969">
        <ele>1238.26</ele>
      </trkpt>
      <trkpt lat="-41.66507" lon="145.94956">
        <ele>1237.71</ele>
      </trkpt>
      <trkpt lat="-41.66516" lon="145.94948">
        <ele>1238.02</ele>
      </trkpt>
      <trkpt lat="-41.66531" lon="145.94936">
        <ele>1238.54</ele>
      </trkpt>
      <trkpt lat="-41.66536" lon="145.94923">
        <ele>1239.09</ele>
      </trkpt>
      <trkpt lat="-41.66545" lon="145.94916">
        <ele>1238.57</ele>
      </trkpt>
      <trkpt lat="-41.66545" lon="145.94917">
        <ele>1238.75</ele>
      </trkpt>
      <trkpt lat="-41.66557" lon="145.94905">
        <ele>1235.49</ele>
      </trkpt>
      <trkpt lat="-41.66572" lon="145.94889">
        <ele>1233.2</ele>
      </trkpt>
      <trkpt lat="-41.66577" lon="145.94878">
        <ele>1233.54</ele>
      </trkpt>
      <trkpt lat="-41.66592" lon="145.94864">
        <ele>1234.49</ele>
      </trkpt>
      <trkpt lat="-41.66624" lon="145.94833">
        <ele>1235.12</ele>
      </trkpt>
      <trkpt lat="-41.66632" lon="145.94827">
        <ele>1233.54</ele>
      </trkpt>
      <trkpt lat="-41.66639" lon="145.94819">
        <ele>1231.97</ele>
      </trkpt>
      <trkpt lat="-41.66646" lon="145.94811">
        <ele>1231.19</ele>
      </trkpt>
      <trkpt lat="-41.6666" lon="145.94797">
        <ele>1230.47</ele>
      </trkpt>
      <trkpt lat="-41.66672" lon="145.94784">
        <ele>1230.97</ele>
      </trkpt>
      <trkpt lat="-41.66677" lon="145.94775">
        <ele>1231.36</ele>
      </trkpt>
      <trkpt lat="-41.66689" lon="145.94763">
        <ele>1231.05</ele>
      </trkpt>
      <trkpt lat="-41.66708" lon="145.94749">
        <ele>1229.57</ele>
      </trkpt>
      <trkpt lat="-41.66717" lon="145.94744">
        <ele>1229.44</ele>
      </trkpt>
      <trkpt lat="-41.66724" lon="145.94738">
        <ele>1229.37</ele>
      </trkpt>
      <trkpt lat="-41.6673" lon="145.94737">
        <ele>1229.19</ele>
      </trkpt>
      <trkpt lat="-41.66742" lon="145.94729">
        <ele>1229.04</ele>
      </trkpt>
      <trkpt lat="-41.6675" lon="145.94718">
        <ele>1229.15</ele>
      </trkpt>
      <trkpt lat="-41.66759" lon="145.94715">
        <ele>1228.29</ele>
      </trkpt>
      <trkpt lat="-41.66758" lon="145.94714">
        <ele>1228.43</ele>
      </trkpt>
      <trkpt lat="-41.66767" lon="145.94707">
        <ele>1227.71</ele>
      </trkpt>
      <trkpt lat="-41.66776" lon="145.94701">
        <ele>1226.96</ele>
      </trkpt>
      <trkpt lat="-41.66776" lon="145.94701">
        <ele>1226.96</ele>
      </trkpt>
      <trkpt lat="-41.66786" lon="145.94698">
        <ele>1227.43</ele>
      </trkpt>
      <trkpt lat="-41.66801" lon="145.94685">
        <ele>1228.96</ele>
      </trkpt>
      <trkpt lat="-41.66807" lon="145.94682">
        <ele>1229.52</ele>
      </trkpt>
      <trkpt lat="-41.66823" lon="145.94667">
        <ele>1231.85</ele>
      </trkpt>
      <trkpt lat="-41.66827" lon="145.94665">
        <ele>1232.44</ele>
      </trkpt>
      <trkpt lat="-41.66827" lon="145.94665">
        <ele>1232.44</ele>
      </trkpt>
      <trkpt lat="-41.66858" lon="145.94646">
        <ele>1236.04</ele>
      </trkpt>
      <trkpt lat="-41.6687" lon="145.94635">
        <ele>1237.92</ele>
      </trkpt>
      <trkpt lat="-41.6688" lon="145.94631">
        <ele>1238.93</ele>
      </trkpt>
      <trkpt lat="-41.66888" lon="145.94625">
        <ele>1239.94</ele>
      </trkpt>
      <trkpt lat="-41.66902" lon="145.94617">
        <ele>1242.84</ele>
      </trkpt>
      <trkpt lat="-41.6691" lon="145.94613">
        <ele>1244.61</ele>
      </trkpt>
      <trkpt lat="-41.66916" lon="145.94607">
        <ele>1246.03</ele>
      </trkpt>
      <trkpt lat="-41.66922" lon="145.94607">
        <ele>1246.81</ele>
      </trkpt>
      <trkpt lat="-41.66922" lon="145.94607">
        <ele>1246.81</ele>
      </trkpt>
      <trkpt lat="-41.66936" lon="145.94605">
        <ele>1248.77</ele>
      </trkpt>
      <trkpt lat="-41.66953" lon="145.946">
        <ele>1251.96</ele>
      </trkpt>
      <trkpt lat="-41.66971" lon="145.94592">
        <ele>1254.86</ele>
      </trkpt>
      <trkpt lat="-41.66984" lon="145.94583">
        <ele>1254.6</ele>
      </trkpt>
      <trkpt lat="-41.66999" lon="145.94582">
        <ele>1254.04</ele>
      </trkpt>
      <trkpt lat="-41.67008" lon="145.94578">
        <ele>1253.48</ele>
      </trkpt>
      <trkpt lat="-41.67018" lon="145.94573">
        <ele>1252.95</ele>
      </trkpt>
      <trkpt lat="-41.67018" lon="145.94574">
        <ele>1252.92</ele>
      </trkpt>
      <trkpt lat="-41.67036" lon="145.94565">
        <ele>1253.75</ele>
      </trkpt>
      <trkpt lat="-41.67045" lon="145.94566">
        <ele>1254.95</ele>
      </trkpt>
      <trkpt lat="-41.67056" lon="145.94562">
        <ele>1256.22</ele>
      </trkpt>
      <trkpt lat="-41.67056" lon="145.94562">
        <ele>1256.22</ele>
      </trkpt>
      <trkpt lat="-41.67066" lon="145.94559">
        <ele>1255.75</ele>
      </trkpt>
      <trkpt lat="-41.67074" lon="145.94555">
        <ele>1255.34</ele>
      </trkpt>
      <trkpt lat="-41.67083" lon="145.94548">
        <ele>1254.75</ele>
      </trkpt>
      <trkpt lat="-41.6709" lon="145.94541">
        <ele>1254.61</ele>
      </trkpt>
      <trkpt lat="-41.67106" lon="145.94542">
        <ele>1254.89</ele>
      </trkpt>
      <trkpt lat="-41.67117" lon="145.94532">
        <ele>1256.27</ele>
      </trkpt>
      <trkpt lat="-41.67123" lon="145.94531">
        <ele>1256.95</ele>
      </trkpt>
      <trkpt lat="-41.67123" lon="145.94531">
        <ele>1256.95</ele>
      </trkpt>
      <trkpt lat="-41.67142" lon="145.94527">
        <ele>1257.91</ele>
      </trkpt>
      <trkpt lat="-41.67151" lon="145.94522">
        <ele>1255.03</ele>
      </trkpt>
      <trkpt lat="-41.6716" lon="145.94515">
        <ele>1252.56</ele>
      </trkpt>
      <trkpt lat="-41.67169" lon="145.9451">
        <ele>1250.53</ele>
      </trkpt>
      <trkpt lat="-41.67178" lon="145.94505">
        <ele>1249.49</ele>
      </trkpt>
      <trkpt lat="-41.67183" lon="145.94506">
        <ele>1248.54</ele>
      </trkpt>
      <trkpt lat="-41.67183" lon="145.94506">
        <ele>1248.54</ele>
      </trkpt>
      <trkpt lat="-41.67188" lon="145.94502">
        <ele>1248.0</ele>
      </trkpt>
      <trkpt lat="-41.67195" lon="145.94495">
        <ele>1247.28</ele>
      </trkpt>
      <trkpt lat="-41.67206" lon="145.94493">
        <ele>1245.74</ele>
      </trkpt>
      <trkpt lat="-41.67206" lon="145.94493">
        <ele>1245.74</ele>
      </trkpt>
      <trkpt lat="-41.67214" lon="145.94491">
        <ele>1244.6</ele>
      </trkpt>
      <trkpt lat="-41.6722" lon="145.94491">
        <ele>1243.67</ele>
      </trkpt>
      <trkpt lat="-41.67227" lon="145.94487">
        <ele>1243.47</ele>
      </trkpt>
      <trkpt lat="-41.67245" lon="145.9448">
        <ele>1243.72</ele>
      </trkpt>
      <trkpt lat="-41.67252" lon="145.94474">
        <ele>1243.57</ele>
      </trkpt>
      <trkpt lat="-41.67264" lon="145.9447">
        <ele>1241.68</ele>
      </trkpt>
      <trkpt lat="-41.6727" lon="145.94463">
        <ele>1241.16</ele>
      </trkpt>
      <trkpt lat="-41.67276" lon="145.94464">
        <ele>1239.93</ele>
      </trkpt>
      <trkpt lat="-41.67276" lon="145.94464">
        <ele>1239.93</ele>
      </trkpt>
      <trkpt lat="-41.67281" lon="145.94467">
        <ele>1239.22</ele>
      </trkpt>
      <trkpt lat="-41.67293" lon="145.94475">
        <ele>1238.36</ele>
      </trkpt>
      <trkpt lat="-41.67306" lon="145.94478">
        <ele>1237.93</ele>
      </trkpt>
      <trkpt lat="-41.6732" lon="145.94488">
        <ele>1236.29</ele>
      </trkpt>
      <trkpt lat="-41.67325" lon="145.94492">
        <ele>1236.0</ele>
      </trkpt>
      <trkpt lat="-41.67334" lon="145.94492">
        <ele>1235.07</ele>
      </trkpt>
      <trkpt lat="-41.67337" lon="145.94495">
        <ele>1235.09</ele>
      </trkpt>
      <trkpt lat="-41.67346" lon="145.94501">
        <ele>1234.53</ele>
      </trkpt>
      <trkpt lat="-41.67354" lon="145.94506">
        <ele>1233.01</ele>
      </trkpt>
      <trkpt lat="-41.67362" lon="145.94514">
        <ele>1230.87</ele>
      </trkpt>
      <trkpt lat="-41.67369" lon="145.94523">
        <ele>1228.97</ele>
      </trkpt>
      <trkpt lat="-41.67387" lon="145.94533">
        <ele>1227.26</ele>
      </trkpt>
      <trkpt lat="-41.67398" lon="145.94537">
        <ele>1225.36</ele>
      </trkpt>
      <trkpt lat="-41.67414" lon="145.94541">
        <ele>1222.05</ele>
      </trkpt>
      <trkpt lat="-41.6742" lon="145.94544">
        <ele>1221.51</ele>
      </trkpt>
      <trkpt lat="-41.67444" lon="145.94561">
        <ele>1220.83</ele>
      </trkpt>
      <trkpt lat="-41.67455" lon="145.94565">
        <ele>1220.15</ele>
      </trkpt>
      <trkpt lat="-41.6747" lon="145.94568">
        <ele>1219.22</ele>
      </trkpt>
      <trkpt lat="-41.6752" lon="145.94601">
        <ele>1219.98</ele>
      </trkpt>
      <trkpt lat="-41.67534" lon="145.94614">
        <ele>1221.18</ele>
      </trkpt>
      <trkpt lat="-41.67546" lon="145.94612">
        <ele>1223.27</ele>
      </trkpt>
      <trkpt lat="-41.67557" lon="145.94618">
        <ele>1225.04</ele>
      </trkpt>
      <trkpt lat="-41.67568" lon="145.94621">
        <ele>1227.2</ele>
      </trkpt>
      <trkpt lat="-41.67572" lon="145.94622">
        <ele>1228.03</ele>
      </trkpt>
      <trkpt lat="-41.67586" lon="145.94626">
        <ele>1230.87</ele>
      </trkpt>
      <trkpt lat="-41.67591" lon="145.94629">
        <ele>1231.57</ele>
      </trkpt>
      <trkpt lat="-41.67591" lon="145.94629">
        <ele>1231.57</ele>
      </trkpt>
      <trkpt lat="-41.67595" lon="145.94631">
        <ele>1232.1</ele>
      </trkpt>
      <trkpt lat="-41.67603" lon="145.9464">
        <ele>1233.12</ele>
      </trkpt>
      <trkpt lat="-41.67613" lon="145.94647">
        <ele>1233.81</ele>
      </trkpt>
      <trkpt lat="-41.67629" lon="145.94672">
        <ele>1234.77</ele>
      </trkpt>
      <trkpt lat="-41.67637" lon="145.94679">
        <ele>1235.78</ele>
      </trkpt>
      <trkpt lat="-41.67644" lon="145.94687">
        <ele>1236.6</ele>
      </trkpt>
      <trkpt lat="-41.67652" lon="145.94697">
        <ele>1238.21</ele>
      </trkpt>
      <trkpt lat="-41.67656" lon="145.94701">
        <ele>1239.24</ele>
      </trkpt>
      <trkpt lat="-41.67669" lon="145.94701">
        <ele>1239.15</ele>
      </trkpt>
      <trkpt lat="-41.67674" lon="145.94707">
        <ele>1240.97</ele>
      </trkpt>
      <trkpt lat="-41.67674" lon="145.94707">
        <ele>1240.97</ele>
      </trkpt>
      <trkpt lat="-41.67682" lon="145.94715">
        <ele>1242.99</ele>
      </trkpt>
      <trkpt lat="-41.67697" lon="145.94717">
        <ele>1243.29</ele>
      </trkpt>
      <trkpt lat="-41.67704" lon="145.94713">
        <ele>1243.73</ele>
      </trkpt>
      <trkpt lat="-41.67709" lon="145.94706">
        <ele>1243.51</ele>
      </trkpt>
      <trkpt lat="-41.67722" lon="145.94706">
        <ele>1246.2</ele>
      </trkpt>
      <trkpt lat="-41.67722" lon="145.94706">
        <ele>1246.2</ele>
      </trkpt>
      <trkpt lat="-41.67741" lon="145.94704">
        <ele>1249.18</ele>
      </trkpt>
      <trkpt lat="-41.6775" lon="145.9471">
        <ele>1251.12</ele>
      </trkpt>
      <trkpt lat="-41.67757" lon="145.94711">
        <ele>1251.8</ele>
      </trkpt>
      <trkpt lat="-41.67762" lon="145.94707">
        <ele>1252.0</ele>
      </trkpt>
      <trkpt lat="-41.67766" lon="145.94709">
        <ele>1252.47</ele>
      </trkpt>
      <trkpt lat="-41.67773" lon="145.94708">
        <ele>1253.06</ele>
      </trkpt>
      <trkpt lat="-41.6778" lon="145.94708">
        <ele>1253.56</ele>
      </trkpt>
      <trkpt lat="-41.67789" lon="145.94702">
        <ele>1253.31</ele>
      </trkpt>
      <trkpt lat="-41.67804" lon="145.94698">
        <ele>1252.67</ele>
      </trkpt>
      <trkpt lat="-41.67811" lon="145.94691">
        <ele>1251.72</ele>
      </trkpt>
      <trkpt lat="-41.67829" lon="145.94683">
        <ele>1250.93</ele>
      </trkpt>
      <trkpt lat="-41.67834" lon="145.94678">
        <ele>1249.96</ele>
      </trkpt>
      <trkpt lat="-41.67849" lon="145.94658">
        <ele>1248.5</ele>
      </trkpt>
      <trkpt lat="-41.67865" lon="145.94642">
        <ele>1249.27</ele>
      </trkpt>
      <trkpt lat="-41.67872" lon="145.94632">
        <ele>1248.01</ele>
      </trkpt>
      <trkpt lat="-41.67874" lon="145.94602">
        <ele>1244.34</ele>
      </trkpt>
      <trkpt lat="-41.67878" lon="145.94585">
        <ele>1243.12</ele>
      </trkpt>
      <trkpt lat="-41.67882" lon="145.94572">
        <ele>1241.47</ele>
      </trkpt>
      <trkpt lat="-41.67889" lon="145.94566">
        <ele>1240.51</ele>
      </trkpt>
      <trkpt lat="-41.67894" lon="145.94557">
        <ele>1239.22</ele>
      </trkpt>
      <trkpt lat="-41.67915" lon="145.9453">
        <ele>1236.35</ele>
      </trkpt>
      <trkpt lat="-41.67944" lon="145.94516">
        <ele>1238.68</ele>
      </trkpt>
      <trkpt lat="-41.67946" lon="145.94512">
        <ele>1238.49</ele>
      </trkpt>
      <trkpt lat="-41.67951" lon="145.94504">
        <ele>1238.17</ele>
      </trkpt>
      <trkpt lat="-41.67966" lon="145.94506">
        <ele>1240.14</ele>
      </trkpt>
      <trkpt lat="-41.67982" lon="145.94508">
        <ele>1240.7</ele>
      </trkpt>
      <trkpt lat="-41.67995" lon="145.945">
        <ele>1239.18</ele>
      </trkpt>
      <trkpt lat="-41.67997" lon="145.94495">
        <ele>1238.21</ele>
      </trkpt>
      <trkpt lat="-41.68002" lon="145.9449">
        <ele>1236.77</ele>
      </trkpt>
      <trkpt lat="-41.68009" lon="145.94475">
        <ele>1232.56</ele>
      </trkpt>
      <trkpt lat="-41.68024" lon="145.94453">
        <ele>1227.84</ele>
      </trkpt>
      <trkpt lat="-41.68032" lon="145.94449">
        <ele>1226.23</ele>
      </trkpt>
      <trkpt lat="-41.68049" lon="145.9444">
        <ele>1222.38</ele>
      </trkpt>
      <trkpt lat="-41.68056" lon="145.94432">
        <ele>1221.05</ele>
      </trkpt>
      <trkpt lat="-41.68057" lon="145.9443">
        <ele>1221.15</ele>
      </trkpt>
      <trkpt lat="-41.68068" lon="145.94423">
        <ele>1222.1</ele>
      </trkpt>
      <trkpt lat="-41.68076" lon="145.94413">
        <ele>1222.22</ele>
      </trkpt>
      <trkpt lat="-41.68079" lon="145.94411">
        <ele>1222.2</ele>
      </trkpt>
      <trkpt lat="-41.68082" lon="145.94411">
        <ele>1222.33</ele>
      </trkpt>
      <trkpt lat="-41.68094" lon="145.94407">
        <ele>1220.8</ele>
      </trkpt>
      <trkpt lat="-41.68094" lon="145.94407">
        <ele>1220.8</ele>
      </trkpt>
      <trkpt lat="-41.68123" lon="145.94396">
        <ele>1217.13</ele>
      </trkpt>
      <trkpt lat="-41.68132" lon="145.94386">
        <ele>1215.24</ele>
      </trkpt>
      <trkpt lat="-41.68144" lon="145.94382">
        <ele>1213.81</ele>
      </trkpt>
      <trkpt lat="-41.68163" lon="145.94391">
        <ele>1211.78</ele>
      </trkpt>
      <trkpt lat="-41.68171" lon="145.94383">
        <ele>1210.67</ele>
      </trkpt>
      <trkpt lat="-41.68179" lon="145.94378">
        <ele>1210.34</ele>
      </trkpt>
      <trkpt lat="-41.68212" lon="145.94369">
        <ele>1211.44</ele>
      </trkpt>
      <trkpt lat="-41.68229" lon="145.9438">
        <ele>1212.92</ele>
      </trkpt>
      <trkpt lat="-41.68241" lon="145.94381">
        <ele>1213.39</ele>
      </trkpt>
      <trkpt lat="-41.68275" lon="145.94419">
        <ele>1217.16</ele>
      </trkpt>
      <trkpt lat="-41.68277" lon="145.94423">
        <ele>1217.45</ele>
      </trkpt>
      <trkpt lat="-41.68287" lon="145.94429">
        <ele>1215.45</ele>
      </trkpt>
      <trkpt lat="-41.68305" lon="145.94453">
        <ele>1210.8</ele>
      </trkpt>
      <trkpt lat="-41.6831" lon="145.94459">
        <ele>1211.05</ele>
      </trkpt>
      <trkpt lat="-41.68314" lon="145.94464">
        <ele>1211.41</ele>
      </trkpt>
      <trkpt lat="-41.6832" lon="145.94472">
        <ele>1211.98</ele>
      </trkpt>
      <trkpt lat="-41.68327" lon="145.94491">
        <ele>1212.83</ele>
      </trkpt>
      <trkpt lat="-41.68337" lon="145.94506">
        <ele>1213.3</ele>
      </trkpt>
      <trkpt lat="-41.68343" lon="145.94522">
        <ele>1214.62</ele>
      </trkpt>
      <trkpt lat="-41.68361" lon="145.94543">
        <ele>1219.18</ele>
      </trkpt>
      <trkpt lat="-41.68366" lon="145.94547">
        <ele>1219.19</ele>
      </trkpt>
      <trkpt lat="-41.68377" lon="145.9455">
        <ele>1218.37</ele>
      </trkpt>
      <trkpt lat="-41.68392" lon="145.94563">
        <ele>1218.01</ele>
      </trkpt>
      <trkpt lat="-41.68418" lon="145.94582">
        <ele>1215.62</ele>
      </trkpt>
      <trkpt lat="-41.68418" lon="145.94582">
        <ele>1215.62</ele>
      </trkpt>
      <trkpt lat="-41.68423" lon="145.94586">
        <ele>1214.9</ele>
      </trkpt>
      <trkpt lat="-41.68428" lon="145.94587">
        <ele>1214.07</ele>
      </trkpt>
      <trkpt lat="-41.68428" lon="145.94587">
        <ele>1214.07</ele>
      </trkpt>
      <trkpt lat="-41.68433" lon="145.94588">
        <ele>1213.26</ele>
      </trkpt>
      <trkpt lat="-41.68443" lon="145.94607">
        <ele>1212.88</ele>
      </trkpt>
      <trkpt lat="-41.68443" lon="145.94607">
        <ele>1212.88</ele>
      </trkpt>
      <trkpt lat="-41.68446" lon="145.94618">
        <ele>1212.86</ele>
      </trkpt>
      <trkpt lat="-41.68455" lon="145.94631">
        <ele>1211.06</ele>
      </trkpt>
      <trkpt lat="-41.68457" lon="145.94644">
        <ele>1211.09</ele>
      </trkpt>
      <trkpt lat="-41.6846" lon="145.94656">
        <ele>1211.11</ele>
      </trkpt>
      <trkpt lat="-41.68465" lon="145.94659">
        <ele>1210.43</ele>
      </trkpt>
      <trkpt lat="-41.68465" lon="145.94659">
        <ele>1210.43</ele>
      </trkpt>
      <trkpt lat="-41.68471" lon="145.94664">
        <ele>1209.9</ele>
      </trkpt>
      <trkpt lat="-41.68491" lon="145.94673">
        <ele>1208.13</ele>
      </trkpt>
      <trkpt lat="-41.68498" lon="145.94673">
        <ele>1207.43</ele>
      </trkpt>
      <trkpt lat="-41.68504" lon="145.94673">
        <ele>1206.25</ele>
      </trkpt>
      <trkpt lat="-41.68511" lon="145.94676">
        <ele>1204.7</ele>
      </trkpt>
      <trkpt lat="-41.68516" lon="145.94682">
        <ele>1203.84</ele>
      </trkpt>
      <trkpt lat="-41.68524" lon="145.94683">
        <ele>1202.05</ele>
      </trkpt>
      <trkpt lat="-41.68528" lon="145.94689">
        <ele>1201.56</ele>
      </trkpt>
      <trkpt lat="-41.68541" lon="145.94704">
        <ele>1200.16</ele>
      </trkpt>
      <trkpt lat="-41.68557" lon="145.94721">
        <ele>1199.93</ele>
      </trkpt>
      <trkpt lat="-41.68568" lon="145.94731">
        <ele>1202.65</ele>
      </trkpt>
      <trkpt lat="-41.68578" lon="145.9474">
        <ele>1204.94</ele>
      </trkpt>
      <trkpt lat="-41.68588" lon="145.94747">
        <ele>1206.24</ele>
      </trkpt>
      <trkpt lat="-41.68595" lon="145.94753">
        <ele>1208.49</ele>
      </trkpt>
      <trkpt lat="-41.68599" lon="145.94762">
        <ele>1214.32</ele>
      </trkpt>
      <trkpt lat="-41.68605" lon="145.94769">
        <ele>1219.3</ele>
      </trkpt>
      <trkpt lat="-41.68619" lon="145.9477">
        <ele>1217.55</ele>
      </trkpt>
      <trkpt lat="-41.68631" lon="145.94774">
        <ele>1215.37</ele>
      </trkpt>
      <trkpt lat="-41.6864" lon="145.94782">
        <ele>1216.17</ele>
      </trkpt>
      <trkpt lat="-41.6864" lon="145.94782">
        <ele>1216.17</ele>
      </trkpt>
      <trkpt lat="-41.68649" lon="145.94788">
        <ele>1217.17</ele>
      </trkpt>
      <trkpt lat="-41.68664" lon="145.94808">
        <ele>1222.25</ele>
      </trkpt>
      <trkpt lat="-41.6867" lon="145.94809">
        <ele>1221.34</ele>
      </trkpt>
      <trkpt lat="-41.68681" lon="145.9481">
        <ele>1220.09</ele>
      </trkpt>
      <trkpt lat="-41.68687" lon="145.94813">
        <ele>1220.5</ele>
      </trkpt>
      <trkpt lat="-41.68687" lon="145.94813">
        <ele>1220.5</ele>
      </trkpt>
      <trkpt lat="-41.687" lon="145.9482">
        <ele>1221.35</ele>
      </trkpt>
      <trkpt lat="-41.68706" lon="145.94822">
        <ele>1221.35</ele>
      </trkpt>
      <trkpt lat="-41.68712" lon="145.94831">
        <ele>1224.94</ele>
      </trkpt>
      <trkpt lat="-41.68723" lon="145.94835">
        <ele>1225.78</ele>
      </trkpt>
      <trkpt lat="-41.68731" lon="145.94839">
        <ele>1228.08</ele>
      </trkpt>
      <trkpt lat="-41.68737" lon="145.94846">
        <ele>1231.54</ele>
      </trkpt>
      <trkpt lat="-41.68746" lon="145.94849">
        <ele>1233.48</ele>
      </trkpt>
      <trkpt lat="-41.68747" lon="145.94849">
        <ele>1233.55</ele>
      </trkpt>
      <trkpt lat="-41.68755" lon="145.94859">
        <ele>1237.56</ele>
      </trkpt>
      <trkpt lat="-41.68765" lon="145.94862">
        <ele>1237.59</ele>
      </trkpt>
      <trkpt lat="-41.68765" lon="145.94862">
        <ele>1237.59</ele>
      </trkpt>
      <trkpt lat="-41.68768" lon="145.94863">
        <ele>1237.49</ele>
      </trkpt>
      <trkpt lat="-41.68774" lon="145.94861">
        <ele>1236.36</ele>
      </trkpt>
      <trkpt lat="-41.68784" lon="145.9486">
        <ele>1236.25</ele>
      </trkpt>
      <trkpt lat="-41.68801" lon="145.94859">
        <ele>1237.8</ele>
      </trkpt>
      <trkpt lat="-41.68812" lon="145.94864">
        <ele>1240.54</ele>
      </trkpt>
      <trkpt lat="-41.68821" lon="145.9486">
        <ele>1239.84</ele>
      </trkpt>
      <trkpt lat="-41.68831" lon="145.94858">
        <ele>1240.23</ele>
      </trkpt>
      <trkpt lat="-41.68843" lon="145.94851">
        <ele>1238.26</ele>
      </trkpt>
      <trkpt lat="-41.68843" lon="145.94851">
        <ele>1238.26</ele>
      </trkpt>
      <trkpt lat="-41.68852" lon="145.94847">
        <ele>1236.79</ele>
      </trkpt>
      <trkpt lat="-41.6886" lon="145.94845">
        <ele>1235.78</ele>
      </trkpt>
      <trkpt lat="-41.68882" lon="145.94835">
        <ele>1231.85</ele>
      </trkpt>
      <trkpt lat="-41.68889" lon="145.94831">
        <ele>1230.84</ele>
      </trkpt>
      <trkpt lat="-41.68894" lon="145.94829">
        <ele>1230.87</ele>
      </trkpt>
      <trkpt lat="-41.68902" lon="145.94823">
        <ele>1230.73</ele>
      </trkpt>
      <trkpt lat="-41.68914" lon="145.94825">
        <ele>1231.3</ele>
      </trkpt>
      <trkpt lat="-41.6893" lon="145.94823">
        <ele>1231.02</ele>
      </trkpt>
      <trkpt lat="-41.6894" lon="145.94816">
        <ele>1229.5</ele>
      </trkpt>
      <trkpt lat="-41.68955" lon="145.94816">
        <ele>1226.74</ele>
      </trkpt>
      <trkpt lat="-41.68955" lon="145.94816">
        <ele>1226.74</ele>
      </trkpt>
      <trkpt lat="-41.68965" lon="145.9481">
        <ele>1222.9</ele>
      </trkpt>
      <trkpt lat="-41.68968" lon="145.9481">
        <ele>1222.16</ele>
      </trkpt>
      <trkpt lat="-41.6899" lon="145.94804">
        <ele>1219.87</ele>
      </trkpt>
      <trkpt lat="-41.68999" lon="145.94805">
        <ele>1219.96</ele>
      </trkpt>
      <trkpt lat="-41.69008" lon="145.94808">
        <ele>1220.94</ele>
      </trkpt>
      <trkpt lat="-41.69012" lon="145.94813">
        <ele>1221.86</ele>
      </trkpt>
      <trkpt lat="-41.69022" lon="145.94813">
        <ele>1222.29</ele>
      </trkpt>
      <trkpt lat="-41.69027" lon="145.94816">
        <ele>1222.73</ele>
      </trkpt>
      <trkpt lat="-41.69033" lon="145.94822">
        <ele>1224.24</ele>
      </trkpt>
      <trkpt lat="-41.69044" lon="145.94834">
        <ele>1227.63</ele>
      </trkpt>
      <trkpt lat="-41.69048" lon="145.94838">
        <ele>1229.25</ele>
      </trkpt>
      <trkpt lat="-41.69056" lon="145.94843">
        <ele>1231.87</ele>
      </trkpt>
      <trkpt lat="-41.69063" lon="145.94843">
        <ele>1233.97</ele>
      </trkpt>
      <trkpt lat="-41.69068" lon="145.94853">
        <ele>1236.94</ele>
      </trkpt>
      <trkpt lat="-41.69068" lon="145.94853">
        <ele>1236.94</ele>
      </trkpt>
      <trkpt lat="-41.69079" lon="145.94858">
        <ele>1240.54</ele>
      </trkpt>
      <trkpt lat="-41.69085" lon="145.94856">
        <ele>1241.7</ele>
      </trkpt>
      <trkpt lat="-41.69085" lon="145.94856">
        <ele>1241.7</ele>
      </trkpt>
      <trkpt lat="-41.69087" lon="145.94856">
        <ele>1242.01</ele>
      </trkpt>
      <trkpt lat="-41.69089" lon="145.94858">
        <ele>1242.59</ele>
      </trkpt>
      <trkpt lat="-41.69093" lon="145.94858">
        <ele>1243.25</ele>
      </trkpt>
      <trkpt lat="-41.6911" lon="145.94849">
        <ele>1243.82</ele>
      </trkpt>
      <trkpt lat="-41.69119" lon="145.94845">
        <ele>1242.66</ele>
      </trkpt>
      <trkpt lat="-41.69127" lon="145.9484">
        <ele>1241.11</ele>
      </trkpt>
      <trkpt lat="-41.69137" lon="145.94844">
        <ele>1241.76</ele>
      </trkpt>
      <trkpt lat="-41.69137" lon="145.94845">
        <ele>1242.01</ele>
      </trkpt>
      <trkpt lat="-41.69143" lon="145.9485">
        <ele>1242.84</ele>
      </trkpt>
      <trkpt lat="-41.69155" lon="145.94859">
        <ele>1244.26</ele>
      </trkpt>
      <trkpt lat="-41.69169" lon="145.94857">
        <ele>1242.59</ele>
      </trkpt>
      <trkpt lat="-41.69172" lon="145.94857">
        <ele>1242.3</ele>
      </trkpt>
      <trkpt lat="-41.69172" lon="145.94857">
        <ele>1242.3</ele>
      </trkpt>
      <trkpt lat="-41.69184" lon="145.94857">
        <ele>1241.13</ele>
      </trkpt>
      <trkpt lat="-41.69192" lon="145.94848">
        <ele>1238.35</ele>
      </trkpt>
      <trkpt lat="-41.69201" lon="145.94842">
        <ele>1236.95</ele>
      </trkpt>
      <trkpt lat="-41.69227" lon="145.9484">
        <ele>1236.25</ele>
      </trkpt>
      <trkpt lat="-41.69235" lon="145.94839">
        <ele>1235.32</ele>
      </trkpt>
      <trkpt lat="-41.69244" lon="145.94835">
        <ele>1233.76</ele>
      </trkpt>
      <trkpt lat="-41.69251" lon="145.94841">
        <ele>1234.36</ele>
      </trkpt>
      <trkpt lat="-41.69255" lon="145.94848">
        <ele>1235.45</ele>
      </trkpt>
      <trkpt lat="-41.69255" lon="145.94848">
        <ele>1235.45</ele>
      </trkpt>
      <trkpt lat="-41.6926" lon="145.9485">
        <ele>1235.57</ele>
      </trkpt>
      <trkpt lat="-41.69278" lon="145.94853">
        <ele>1235.09</ele>
      </trkpt>
      <trkpt lat="-41.69288" lon="145.94856">
        <ele>1234.14</ele>
      </trkpt>
      <trkpt lat="-41.69294" lon="145.94855">
        <ele>1233.2</ele>
      </trkpt>
      <trkpt lat="-41.69303" lon="145.94854">
        <ele>1231.81</ele>
      </trkpt>
      <trkpt lat="-41.69303" lon="145.94854">
        <ele>1231.81</ele>
      </trkpt>
      <trkpt lat="-41.69311" lon="145.94854">
        <ele>1230.88</ele>
      </trkpt>
      <trkpt lat="-41.69329" lon="145.94854">
        <ele>1228.93</ele>
      </trkpt>
      <trkpt lat="-41.69367" lon="145.94851">
        <ele>1224.69</ele>
      </trkpt>
      <trkpt lat="-41.69399" lon="145.94854">
        <ele>1226.06</ele>
      </trkpt>
      <trkpt lat="-41.69428" lon="145.94869">
        <ele>1230.53</ele>
      </trkpt>
      <trkpt lat="-41.6943" lon="145.94873">
        <ele>1232.31</ele>
      </trkpt>
      <trkpt lat="-41.69443" lon="145.94881">
        <ele>1235.78</ele>
      </trkpt>
      <trkpt lat="-41.69461" lon="145.94889">
        <ele>1233.49</ele>
      </trkpt>
      <trkpt lat="-41.69476" lon="145.94888">
        <ele>1228.34</ele>
      </trkpt>
      <trkpt lat="-41.69497" lon="145.94886">
        <ele>1225.49</ele>
      </trkpt>
      <trkpt lat="-41.69509" lon="145.94889">
        <ele>1226.69</ele>
      </trkpt>
      <trkpt lat="-41.69509" lon="145.9489">
        <ele>1227.06</ele>
      </trkpt>
      <trkpt lat="-41.69532" lon="145.94891">
        <ele>1228.12</ele>
      </trkpt>
      <trkpt lat="-41.69542" lon="145.94888">
        <ele>1226.29</ele>
      </trkpt>
      <trkpt lat="-41.69549" lon="145.94884">
        <ele>1224.79</ele>
      </trkpt>
      <trkpt lat="-41.69573" lon="145.94888">
        <ele>1227.94</ele>
      </trkpt>
      <trkpt lat="-41.69586" lon="145.94889">
        <ele>1230.4</ele>
      </trkpt>
      <trkpt lat="-41.69586" lon="145.94889">
        <ele>1230.4</ele>
      </trkpt>
      <trkpt lat="-41.69604" lon="145.94888">
        <ele>1232.75</ele>
      </trkpt>
      <trkpt lat="-41.69634" lon="145.94895">
        <ele>1234.88</ele>
      </trkpt>
      <trkpt lat="-41.69638" lon="145.94896">
        <ele>1235.02</ele>
      </trkpt>
      <trkpt lat="-41.69643" lon="145.94894">
        <ele>1235.06</ele>
      </trkpt>
      <trkpt lat="-41.69647" lon="145.94897">
        <ele>1235.84</ele>
      </trkpt>
      <trkpt lat="-41.69656" lon="145.949">
        <ele>1237.08</ele>
      </trkpt>
      <trkpt lat="-41.69659" lon="145.94904">
        <ele>1238.02</ele>
      </trkpt>
      <trkpt lat="-41.69674" lon="145.94908">
        <ele>1237.53</ele>
      </trkpt>
      <trkpt lat="-41.69685" lon="145.94912">
        <ele>1235.76</ele>
      </trkpt>
      <trkpt lat="-41.69685" lon="145.94912">
        <ele>1235.76</ele>
      </trkpt>
      <trkpt lat="-41.6969" lon="145.94914">
        <ele>1235.16</ele>
      </trkpt>
      <trkpt lat="-41.69725" lon="145.94923">
        <ele>1236.07</ele>
      </trkpt>
      <trkpt lat="-41.69756" lon="145.94939">
        <ele>1234.39</ele>
      </trkpt>
      <trkpt lat="-41.69756" lon="145.94939">
        <ele>1234.39</ele>
      </trkpt>
      <trkpt lat="-41.69779" lon="145.94949">
        <ele>1234.67</ele>
      </trkpt>
      <trkpt lat="-41.69795" lon="145.94958">
        <ele>1233.67</ele>
      </trkpt>
      <trkpt lat="-41.69804" lon="145.94964">
        <ele>1232.69</ele>
      </trkpt>
      <trkpt lat="-41.69804" lon="145.94964">
        <ele>1232.69</ele>
      </trkpt>
      <trkpt lat="-41.69808" lon="145.94968">
        <ele>1232.78</ele>
      </trkpt>
      <trkpt lat="-41.69823" lon="145.94967">
        <ele>1233.25</ele>
      </trkpt>
      <trkpt lat="-41.69823" lon="145.94967">
        <ele>1233.25</ele>
      </trkpt>
      <trkpt lat="-41.69826" lon="145.94967">
        <ele>1233.36</ele>
      </trkpt>
      <trkpt lat="-41.6984" lon="145.94975">
        <ele>1232.68</ele>
      </trkpt>
      <trkpt lat="-41.69857" lon="145.94978">
        <ele>1229.27</ele>
      </trkpt>
      <trkpt lat="-41.69857" lon="145.94978">
        <ele>1229.27</ele>
      </trkpt>
      <trkpt lat="-41.69863" lon="145.94979">
        <ele>1228.35</ele>
      </trkpt>
      <trkpt lat="-41.69873" lon="145.94981">
        <ele>1227.78</ele>
      </trkpt>
      <trkpt lat="-41.69882" lon="145.94981">
        <ele>1227.13</ele>
      </trkpt>
      <trkpt lat="-41.69899" lon="145.94971">
        <ele>1224.4</ele>
      </trkpt>
      <trkpt lat="-41.69903" lon="145.94972">
        <ele>1223.94</ele>
      </trkpt>
      <trkpt lat="-41.69903" lon="145.94973">
        <ele>1224.04</ele>
      </trkpt>
      <trkpt lat="-41.6991" lon="145.94977">
        <ele>1223.43</ele>
      </trkpt>
      <trkpt lat="-41.69917" lon="145.94983">
        <ele>1223.13</ele>
      </trkpt>
      <trkpt lat="-41.69937" lon="145.94987">
        <ele>1221.84</ele>
      </trkpt>
      <trkpt lat="-41.69947" lon="145.94989">
        <ele>1221.55</ele>
      </trkpt>
      <trkpt lat="-41.6996" lon="145.94987">
        <ele>1220.86</ele>
      </trkpt>
      <trkpt lat="-41.6997" lon="145.94982">
        <ele>1220.06</ele>
      </trkpt>
      <trkpt lat="-41.69981" lon="145.94978">
        <ele>1219.43</ele>
      </trkpt>
      <trkpt lat="-41.69995" lon="145.94978">
        <ele>1219.11</ele>
      </trkpt>
      <trkpt lat="-41.70016" lon="145.94976">
        <ele>1217.27</ele>
      </trkpt>
      <trkpt lat="-41.70021" lon="145.94976">
        <ele>1216.73</ele>
      </trkpt>
      <trkpt lat="-41.7004" lon="145.94958">
        <ele>1214.55</ele>
      </trkpt>
      <trkpt lat="-41.70093" lon="145.94921">
        <ele>1209.21</ele>
      </trkpt>
      <trkpt lat="-41.70141" lon="145.94884">
        <ele>1205.57</ele>
      </trkpt>
      <trkpt lat="-41.70154" lon="145.94874">
        <ele>1206.35</ele>
      </trkpt>
      <trkpt lat="-41.70178" lon="145.94856">
        <ele>1205.63</ele>
      </trkpt>
      <trkpt lat="-41.70193" lon="145.9483">
        <ele>1206.5</ele>
      </trkpt>
      <trkpt lat="-41.70208" lon="145.94823">
        <ele>1202.53</ele>
      </trkpt>
      <trkpt lat="-41.70255" lon="145.94779">
        <ele>1199.96</ele>
      </trkpt>
      <trkpt lat="-41.70307" lon="145.94728">
        <ele>1200.96</ele>
      </trkpt>
      <trkpt lat="-41.70329" lon="145.94698">
        <ele>1201.38</ele>
      </trkpt>
      <trkpt lat="-41.70348" lon="145.9469">
        <ele>1194.94</ele>
      </trkpt>
      <trkpt lat="-41.70348" lon="145.9469">
        <ele>1194.94</ele>
      </trkpt>
      <trkpt lat="-41.70358" lon="145.94678">
        <ele>1192.84</ele>
      </trkpt>
      <trkpt lat="-41.70377" lon="145.94664">
        <ele>1188.37</ele>
      </trkpt>
      <trkpt lat="-41.70377" lon="145.94664">
        <ele>1188.37</ele>
      </trkpt>
      <trkpt lat="-41.70404" lon="145.94643">
        <ele>1188.73</ele>
      </trkpt>
      <trkpt lat="-41.70446" lon="145.94604">
        <ele>1187.29</ele>
      </trkpt>
      <trkpt lat="-41.70455" lon="145.94591">
        <ele>1190.62</ele>
      </trkpt>
      <trkpt lat="-41.70467" lon="145.94581">
        <ele>1192.29</ele>
      </trkpt>
      <trkpt lat="-41.70476" lon="145.94567">
        <ele>1194.6</ele>
      </trkpt>
      <trkpt lat="-41.7049" lon="145.94557">
        <ele>1195.65</ele>
      </trkpt>
      <trkpt lat="-41.70497" lon="145.94543">
        <ele>1198.7</ele>
      </trkpt>
      <trkpt lat="-41.70505" lon="145.94537">
        <ele>1200.05</ele>
      </trkpt>
      <trkpt lat="-41.70512" lon="145.94533">
        <ele>1201.09</ele>
      </trkpt>
      <trkpt lat="-41.7052" lon="145.9453">
        <ele>1202.07</ele>
      </trkpt>
      <trkpt lat="-41.70545" lon="145.94545">
        <ele>1191.52</ele>
      </trkpt>
      <trkpt lat="-41.7058" lon="145.94551">
        <ele>1185.85</ele>
      </trkpt>
      <trkpt lat="-41.7058" lon="145.94552">
        <ele>1185.3</ele>
      </trkpt>
      <trkpt lat="-41.70583" lon="145.94558">
        <ele>1182.68</ele>
      </trkpt>
      <trkpt lat="-41.70589" lon="145.94562">
        <ele>1181.87</ele>
      </trkpt>
      <trkpt lat="-41.70635" lon="145.94564">
        <ele>1179.33</ele>
      </trkpt>
      <trkpt lat="-41.70654" lon="145.94565">
        <ele>1177.89</ele>
      </trkpt>
      <trkpt lat="-41.70667" lon="145.94568">
        <ele>1176.69</ele>
      </trkpt>
      <trkpt lat="-41.70677" lon="145.94568">
        <ele>1177.64</ele>
      </trkpt>
      <trkpt lat="-41.70686" lon="145.94574">
        <ele>1177.41</ele>
      </trkpt>
      <trkpt lat="-41.70697" lon="145.94576">
        <ele>1178.25</ele>
      </trkpt>
      <trkpt lat="-41.70704" lon="145.9457">
        <ele>1181.45</ele>
      </trkpt>
      <trkpt lat="-41.70716" lon="145.94571">
        <ele>1184.44</ele>
      </trkpt>
      <trkpt lat="-41.70734" lon="145.94579">
        <ele>1185.92</ele>
      </trkpt>
      <trkpt lat="-41.7074" lon="145.94588">
        <ele>1184.43</ele>
      </trkpt>
      <trkpt lat="-41.70759" lon="145.94615">
        <ele>1182.94</ele>
      </trkpt>
      <trkpt lat="-41.70779" lon="145.9463">
        <ele>1185.81</ele>
      </trkpt>
      <trkpt lat="-41.70822" lon="145.9467">
        <ele>1190.69</ele>
      </trkpt>
      <trkpt lat="-41.70832" lon="145.94686">
        <ele>1189.44</ele>
      </trkpt>
      <trkpt lat="-41.70865" lon="145.94746">
        <ele>1179.66</ele>
      </trkpt>
      <trkpt lat="-41.70888" lon="145.94783">
        <ele>1174.96</ele>
      </trkpt>
      <trkpt lat="-41.70901" lon="145.948">
        <ele>1173.64</ele>
      </trkpt>
      <trkpt lat="-41.7091" lon="145.94821">
        <ele>1169.81</ele>
      </trkpt>
      <trkpt lat="-41.70934" lon="145.94852">
        <ele>1164.67</ele>
      </trkpt>
      <trkpt lat="-41.70962" lon="145.94883">
        <ele>1164.19</ele>
      </trkpt>
      <trkpt lat="-41.70992" lon="145.94923">
        <ele>1160.41</ele>
      </trkpt>
      <trkpt lat="-41.7101" lon="145.94942">
        <ele>1158.39</ele>
      </trkpt>
      <trkpt lat="-41.71012" lon="145.94945">
        <ele>1158.11</ele>
      </trkpt>
      <trkpt lat="-41.71012" lon="145.94945">
        <ele>1158.11</ele>
      </trkpt>
      <trkpt lat="-41.71031" lon="145.94961">
        <ele>1158.67</ele>
      </trkpt>
      <trkpt lat="-41.71043" lon="145.9496">
        <ele>1161.25</ele>
      </trkpt>
      <trkpt lat="-41.71049" lon="145.94955">
        <ele>1163.21</ele>
      </trkpt>
      <trkpt lat="-41.71053" lon="145.94955">
        <ele>1163.99</ele>
      </trkpt>
      <trkpt lat="-41.71054" lon="145.94958">
        <ele>1163.74</ele>
      </trkpt>
      <trkpt lat="-41.71072" lon="145.95003">
        <ele>1156.44</ele>
      </trkpt>
      <trkpt lat="-41.71072" lon="145.95028">
        <ele>1149.95</ele>
      </trkpt>
      <trkpt lat="-41.71075" lon="145.95029">
        <ele>1149.74</ele>
      </trkpt>
      <trkpt lat="-41.71075" lon="145.95028">
        <ele>1149.95</ele>
      </trkpt>
      <trkpt lat="-41.71082" lon="145.95029">
        <ele>1149.74</ele>
      </trkpt>
      <trkpt lat="-41.71094" lon="145.95025">
        <ele>1146.64</ele>
      </trkpt>
      <trkpt lat="-41.7111" lon="145.95009">
        <ele>1142.51</ele>
      </trkpt>
      <trkpt lat="-41.71109" lon="145.95039">
        <ele>1138.71</ele>
      </trkpt>
      <trkpt lat="-41.71121" lon="145.95038">
        <ele>1136.68</ele>
      </trkpt>
      <trkpt lat="-41.71122" lon="145.95056">
        <ele>1134.64</ele>
      </trkpt>
      <trkpt lat="-41.71126" lon="145.95052">
        <ele>1134.76</ele>
      </trkpt>
      <trkpt lat="-41.71126" lon="145.95052">
        <ele>1134.76</ele>
      </trkpt>
      <trkpt lat="-41.71146" lon="145.95034">
        <ele>1132.8</ele>
      </trkpt>
      <trkpt lat="-41.7116" lon="145.9505">
        <ele>1129.14</ele>
      </trkpt>
      <trkpt lat="-41.71165" lon="145.95063">
        <ele>1127.67</ele>
      </trkpt>
      <trkpt lat="-41.71165" lon="145.95063">
        <ele>1127.67</ele>
      </trkpt>
      <trkpt lat="-41.71172" lon="145.95072">
        <ele>1127.29</ele>
      </trkpt>
      <trkpt lat="-41.7118" lon="145.95076">
        <ele>1126.9</ele>
      </trkpt>
      <trkpt lat="-41.71189" lon="145.95078">
        <ele>1126.35</ele>
      </trkpt>
      <trkpt lat="-41.71189" lon="145.95078">
        <ele>1126.35</ele>
      </trkpt>
      <trkpt lat="-41.71199" lon="145.95075">
        <ele>1125.74</ele>
      </trkpt>
      <trkpt lat="-41.71207" lon="145.95086">
        <ele>1125.63</ele>
      </trkpt>
      <trkpt lat="-41.71207" lon="145.95086">
        <ele>1125.63</ele>
      </trkpt>
      <trkpt lat="-41.71215" lon="145.95098">
        <ele>1126.04</ele>
      </trkpt>
      <trkpt lat="-41.71223" lon="145.95094">
        <ele>1125.23</ele>
      </trkpt>
      <trkpt lat="-41.71236" lon="145.95093">
        <ele>1116.14</ele>
      </trkpt>
      <trkpt lat="-41.71243" lon="145.95088">
        <ele>1110.26</ele>
      </trkpt>
      <trkpt lat="-41.71254" lon="145.95093">
        <ele>1105.71</ele>
      </trkpt>
      <trkpt lat="-41.71264" lon="145.95098">
        <ele>1104.88</ele>
      </trkpt>
      <trkpt lat="-41.71272" lon="145.95104">
        <ele>1104.27</ele>
      </trkpt>
      <trkpt lat="-41.71272" lon="145.95104">
        <ele>1104.27</ele>
      </trkpt>
      <trkpt lat="-41.7129" lon="145.95107">
        <ele>1101.27</ele>
      </trkpt>
      <trkpt lat="-41.7129" lon="145.95107">
        <ele>1101.27</ele>
      </trkpt>
      <trkpt lat="-41.71301" lon="145.95099">
        <ele>1098.44</ele>
      </trkpt>
      <trkpt lat="-41.71308" lon="145.95079">
        <ele>1095.45</ele>
      </trkpt>
      <trkpt lat="-41.71314" lon="145.95081">
        <ele>1094.47</ele>
      </trkpt>
      <trkpt lat="-41.71314" lon="145.95081">
        <ele>1094.47</ele>
      </trkpt>
      <trkpt lat="-41.71327" lon="145.95088">
        <ele>1092.51</ele>
      </trkpt>
      <trkpt lat="-41.71332" lon="145.95083">
        <ele>1091.26</ele>
      </trkpt>
      <trkpt lat="-41.71339" lon="145.95089">
        <ele>1090.1</ele>
      </trkpt>
      <trkpt lat="-41.71339" lon="145.95089">
        <ele>1090.1</ele>
      </trkpt>
      <trkpt lat="-41.71342" lon="145.95091">
        <ele>1089.51</ele>
      </trkpt>
      <trkpt lat="-41.71344" lon="145.95089">
        <ele>1088.95</ele>
      </trkpt>
      <trkpt lat="-41.71346" lon="145.95082">
        <ele>1088.27</ele>
      </trkpt>
      <trkpt lat="-41.71356" lon="145.9508">
        <ele>1085.95</ele>
      </trkpt>
      <trkpt lat="-41.71362" lon="145.95074">
        <ele>1083.86</ele>
      </trkpt>
      <trkpt lat="-41.71364" lon="145.95064">
        <ele>1082.12</ele>
      </trkpt>
      <trkpt lat="-41.71376" lon="145.95055">
        <ele>1075.47</ele>
      </trkpt>
      <trkpt lat="-41.7139" lon="145.95059">
        <ele>1068.88</ele>
      </trkpt>
      <trkpt lat="-41.71405" lon="145.95052">
        <ele>1065.59</ele>
      </trkpt>
      <trkpt lat="-41.71415" lon="145.95027">
        <ele>1064.32</ele>
      </trkpt>
      <trkpt lat="-41.71433" lon="145.95004">
        <ele>1061.67</ele>
      </trkpt>
      <trkpt lat="-41.71444" lon="145.94987">
        <ele>1057.22</ele>
      </trkpt>
      <trkpt lat="-41.7145" lon="145.9495">
        <ele>1050.68</ele>
      </trkpt>
      <trkpt lat="-41.7145" lon="145.94926">
        <ele>1047.94</ele>
      </trkpt>
      <trkpt lat="-41.71454" lon="145.94928">
        <ele>1048.08</ele>
      </trkpt>
      <trkpt lat="-41.71454" lon="145.94928">
        <ele>1048.08</ele>
      </trkpt>
      <trkpt lat="-41.7146" lon="145.94929">
        <ele>1048.08</ele>
      </trkpt>
      <trkpt lat="-41.71467" lon="145.94925">
        <ele>1047.66</ele>
      </trkpt>
      <trkpt lat="-41.71463" lon="145.94914">
        <ele>1046.65</ele>
      </trkpt>
      <trkpt lat="-41.71485" lon="145.94922">
        <ele>1043.6</ele>
      </trkpt>
      <trkpt lat="-41.71498" lon="145.9492">
        <ele>1039.33</ele>
      </trkpt>
      <trkpt lat="-41.71504" lon="145.94913">
        <ele>1037.59</ele>
      </trkpt>
      <trkpt lat="-41.71514" lon="145.94911">
        <ele>1037.09</ele>
      </trkpt>
      <trkpt lat="-41.71517" lon="145.94897">
        <ele>1035.97</ele>
      </trkpt>
      <trkpt lat="-41.71515" lon="145.94886">
        <ele>1035.29</ele>
      </trkpt>
      <trkpt lat="-41.71523" lon="145.94871">
        <ele>1033.57</ele>
      </trkpt>
      <trkpt lat="-41.71526" lon="145.94857">
        <ele>1031.51</ele>
      </trkpt>
      <trkpt lat="-41.71527" lon="145.94846">
        <ele>1029.38</ele>
      </trkpt>
      <trkpt lat="-41.71531" lon="145.94839">
        <ele>1027.58</ele>
      </trkpt>
      <trkpt lat="-41.71524" lon="145.94825">
        <ele>1025.87</ele>
      </trkpt>
      <trkpt lat="-41.71518" lon="145.94787">
        <ele>1019.8</ele>
      </trkpt>
      <trkpt lat="-41.71518" lon="145.94788">
        <ele>1019.95</ele>
      </trkpt>
      <trkpt lat="-41.71516" lon="145.9478">
        <ele>1018.78</ele>
      </trkpt>
      <trkpt lat="-41.71512" lon="145.94764">
        <ele>1017.36</ele>
      </trkpt>
      <trkpt lat="-41.71505" lon="145.94741">
        <ele>1016.2</ele>
      </trkpt>
      <trkpt lat="-41.71499" lon="145.94735">
        <ele>1016.55</ele>
      </trkpt>
      <trkpt lat="-41.71495" lon="145.94713">
        <ele>1015.58</ele>
      </trkpt>
      <trkpt lat="-41.71492" lon="145.9471">
        <ele>1015.44</ele>
      </trkpt>
      <trkpt lat="-41.71489" lon="145.94707">
        <ele>1015.26</ele>
      </trkpt>
      <trkpt lat="-41.71489" lon="145.94707">
        <ele>1015.26</ele>
      </trkpt>
      <trkpt lat="-41.71481" lon="145.94699">
        <ele>1014.55</ele>
      </trkpt>
      <trkpt lat="-41.71476" lon="145.94697">
        <ele>1014.34</ele>
      </trkpt>
      <trkpt lat="-41.71478" lon="145.94692">
        <ele>1013.65</ele>
      </trkpt>
      <trkpt lat="-41.71477" lon="145.94686">
        <ele>1012.78</ele>
      </trkpt>
      <trkpt lat="-41.7147" lon="145.94673">
        <ele>1010.73</ele>
      </trkpt>
      <trkpt lat="-41.7147" lon="145.94673">
        <ele>1010.73</ele>
      </trkpt>
      <trkpt lat="-41.71472" lon="145.94666">
        <ele>1009.91</ele>
      </trkpt>
      <trkpt lat="-41.71474" lon="145.94664">
        <ele>1009.7</ele>
      </trkpt>
      <trkpt lat="-41.71479" lon="145.94653">
        <ele>1008.28</ele>
      </trkpt>
      <trkpt lat="-41.71484" lon="145.94648">
        <ele>1007.41</ele>
      </trkpt>
      <trkpt lat="-41.71486" lon="145.94643">
        <ele>1006.6</ele>
      </trkpt>
      <trkpt lat="-41.71486" lon="145.94631">
        <ele>1004.87</ele>
      </trkpt>
      <trkpt lat="-41.715" lon="145.94623">
        <ele>1003.28</ele>
      </trkpt>
      <trkpt lat="-41.715" lon="145.94623">
        <ele>1003.28</ele>
      </trkpt>
      <trkpt lat="-41.71512" lon="145.94612">
        <ele>1003.8</ele>
      </trkpt>
      <trkpt lat="-41.71517" lon="145.94616">
        <ele>1004.76</ele>
      </trkpt>
      <trkpt lat="-41.71524" lon="145.9463">
        <ele>1006.32</ele>
      </trkpt>
      <trkpt lat="-41.71532" lon="145.94639">
        <ele>1007.01</ele>
      </trkpt>
      <trkpt lat="-41.71545" lon="145.94642">
        <ele>1007.09</ele>
      </trkpt>
      <trkpt lat="-41.71552" lon="145.94645">
        <ele>1007.06</ele>
      </trkpt>
      <trkpt lat="-41.71559" lon="145.94644">
        <ele>1006.83</ele>
      </trkpt>
      <trkpt lat="-41.7157" lon="145.94649">
        <ele>1006.1</ele>
      </trkpt>
      <trkpt lat="-41.71581" lon="145.94651">
        <ele>1005.29</ele>
      </trkpt>
      <trkpt lat="-41.71597" lon="145.94664">
        <ele>1004.64</ele>
      </trkpt>
      <trkpt lat="-41.71607" lon="145.94666">
        <ele>1004.88</ele>
      </trkpt>
      <trkpt lat="-41.71616" lon="145.94669">
        <ele>1005.31</ele>
      </trkpt>
      <trkpt lat="-41.7163" lon="145.94672">
        <ele>1005.8</ele>
      </trkpt>
      <trkpt lat="-41.71644" lon="145.94661">
        <ele>1005.34</ele>
      </trkpt>
      <trkpt lat="-41.7165" lon="145.94648">
        <ele>1004.66</ele>
      </trkpt>
      <trkpt lat="-41.71658" lon="145.94635">
        <ele>1004.73</ele>
      </trkpt>
      <trkpt lat="-41.71662" lon="145.94624">
        <ele>1004.92</ele>
      </trkpt>
      <trkpt lat="-41.71678" lon="145.94616">
        <ele>1005.67</ele>
      </trkpt>
      <trkpt lat="-41.71676" lon="145.94607">
        <ele>1005.97</ele>
      </trkpt>
      <trkpt lat="-41.71686" lon="145.94596">
        <ele>1006.3</ele>
      </trkpt>
      <trkpt lat="-41.71691" lon="145.94586">
        <ele>1005.62</ele>
      </trkpt>
      <trkpt lat="-41.71691" lon="145.94585">
        <ele>1005.57</ele>
      </trkpt>
      <trkpt lat="-41.71693" lon="145.9458">
        <ele>1004.98</ele>
      </trkpt>
      <trkpt lat="-41.71697" lon="145.94576">
        <ele>1003.83</ele>
      </trkpt>
      <trkpt lat="-41.717" lon="145.94572">
        <ele>1002.78</ele>
      </trkpt>
      <trkpt lat="-41.71703" lon="145.94568">
        <ele>1001.74</ele>
      </trkpt>
      <trkpt lat="-41.71707" lon="145.94563">
        <ele>1000.37</ele>
      </trkpt>
      <trkpt lat="-41.71711" lon="145.9456">
        <ele>999.15</ele>
      </trkpt>
      <trkpt lat="-41.71716" lon="145.94557">
        <ele>997.67</ele>
      </trkpt>
      <trkpt lat="-41.7172" lon="145.94555">
        <ele>996.6</ele>
      </trkpt>
      <trkpt lat="-41.71724" lon="145.94553">
        <ele>996.83</ele>
      </trkpt>
      <trkpt lat="-41.71729" lon="145.94553">
        <ele>998.65</ele>
      </trkpt>
      <trkpt lat="-41.7173" lon="145.94553">
        <ele>999.01</ele>
      </trkpt>
      <trkpt lat="-41.71732" lon="145.94553">
        <ele>999.74</ele>
      </trkpt>
      <trkpt lat="-41.71737" lon="145.94553">
        <ele>1001.55</ele>
      </trkpt>
      <trkpt lat="-41.71742" lon="145.94554">
        <ele>1003.27</ele>
      </trkpt>
      <trkpt lat="-41.71746" lon="145.94556">
        <ele>1004.5</ele>
      </trkpt>
      <trkpt lat="-41.71751" lon="145.94557">
        <ele>1005.81</ele>
      </trkpt>
      <trkpt lat="-41.71757" lon="145.94557">
        <ele>1006.26</ele>
      </trkpt>
      <trkpt lat="-41.71761" lon="145.94557">
        <ele>1006.55</ele>
      </trkpt>
      <trkpt lat="-41.71766" lon="145.94559">
        <ele>1006.6</ele>
      </trkpt>
      <trkpt lat="-41.71771" lon="145.9456">
        <ele>1006.83</ele>
      </trkpt>
      <trkpt lat="-41.71775" lon="145.94563">
        <ele>1006.7</ele>
      </trkpt>
      <trkpt lat="-41.71778" lon="145.94567">
        <ele>1006.34</ele>
      </trkpt>
      <trkpt lat="-41.71782" lon="145.9457">
        <ele>1005.77</ele>
      </trkpt>
      <trkpt lat="-41.71785" lon="145.94573">
        <ele>1005.23</ele>
      </trkpt>
      <trkpt lat="-41.71785" lon="145.94573">
        <ele>1005.23</ele>
      </trkpt>
      <trkpt lat="-41.71789" lon="145.94576">
        <ele>1004.65</ele>
      </trkpt>
      <trkpt lat="-41.71793" lon="145.94579">
        <ele>1004.08</ele>
      </trkpt>
      <trkpt lat="-41.71797" lon="145.94583">
        <ele>1003.36</ele>
      </trkpt>
      <trkpt lat="-41.71801" lon="145.94585">
        <ele>1002.98</ele>
      </trkpt>
      <trkpt lat="-41.71806" lon="145.94587">
        <ele>1002.63</ele>
      </trkpt>
      <trkpt lat="-41.7181" lon="145.94588">
        <ele>1002.76</ele>
      </trkpt>
      <trkpt lat="-41.71815" lon="145.94589">
        <ele>1002.93</ele>
      </trkpt>
      <trkpt lat="-41.7182" lon="145.94589">
        <ele>1003.22</ele>
      </trkpt>
      <trkpt lat="-41.71825" lon="145.94589">
        <ele>1003.5</ele>
      </trkpt>
      <trkpt lat="-41.71829" lon="145.94588">
        <ele>1003.9</ele>
      </trkpt>
      <trkpt lat="-41.7183" lon="145.94588">
        <ele>1003.96</ele>
      </trkpt>
      <trkpt lat="-41.71834" lon="145.94587">
        <ele>1004.39</ele>
      </trkpt>
      <trkpt lat="-41.71839" lon="145.94584">
        <ele>1005.29</ele>
      </trkpt>
      <trkpt lat="-41.71842" lon="145.9458">
        <ele>1006.59</ele>
      </trkpt>
      <trkpt lat="-41.71844" lon="145.94575">
        <ele>1008.12</ele>
      </trkpt>
      <trkpt lat="-41.71848" lon="145.94571">
        <ele>1009.35</ele>
      </trkpt>
      <trkpt lat="-41.71852" lon="145.94568">
        <ele>1010.2</ele>
      </trkpt>
      <trkpt lat="-41.71856" lon="145.94565">
        <ele>1010.96</ele>
      </trkpt>
      <trkpt lat="-41.71861" lon="145.94562">
        <ele>1011.61</ele>
      </trkpt>
      <trkpt lat="-41.71865" lon="145.9456">
        <ele>1012.46</ele>
      </trkpt>
      <trkpt lat="-41.71869" lon="145.94559">
        <ele>1013.11</ele>
      </trkpt>
      <trkpt lat="-41.71874" lon="145.94557">
        <ele>1014.08</ele>
      </trkpt>
      <trkpt lat="-41.71877" lon="145.94556">
        <ele>1014.62</ele>
      </trkpt>
      <trkpt lat="-41.71879" lon="145.94555">
        <ele>1014.91</ele>
      </trkpt>
      <trkpt lat="-41.71884" lon="145.94555">
        <ele>1015.44</ele>
      </trkpt>
      <trkpt lat="-41.71889" lon="145.94555">
        <ele>1015.95</ele>
      </trkpt>
      <trkpt lat="-41.71894" lon="145.94555">
        <ele>1015.42</ele>
      </trkpt>
      <trkpt lat="-41.71898" lon="145.94554">
        <ele>1014.94</ele>
      </trkpt>
      <trkpt lat="-41.71904" lon="145.94553">
        <ele>1014.28</ele>
      </trkpt>
      <trkpt lat="-41.71908" lon="145.94551">
        <ele>1013.83</ele>
      </trkpt>
      <trkpt lat="-41.71913" lon="145.94551">
        <ele>1013.35</ele>
      </trkpt>
      <trkpt lat="-41.71918" lon="145.9455">
        <ele>1012.88</ele>
      </trkpt>
      <trkpt lat="-41.71923" lon="145.94551">
        <ele>1012.43</ele>
      </trkpt>
      <trkpt lat="-41.71927" lon="145.94554">
        <ele>1011.95</ele>
      </trkpt>
      <trkpt lat="-41.71928" lon="145.94555">
        <ele>1011.8</ele>
      </trkpt>
      <trkpt lat="-41.71928" lon="145.94556">
        <ele>1011.7</ele>
      </trkpt>
      <trkpt lat="-41.71933" lon="145.94558">
        <ele>1010.8</ele>
      </trkpt>
      <trkpt lat="-41.71937" lon="145.9456">
        <ele>1010.0</ele>
      </trkpt>
      <trkpt lat="-41.71942" lon="145.94561">
        <ele>1009.28</ele>
      </trkpt>
      <trkpt lat="-41.71946" lon="145.94563">
        <ele>1008.62</ele>
      </trkpt>
      <trkpt lat="-41.71948" lon="145.94564">
        <ele>1008.39</ele>
      </trkpt>
      <trkpt lat="-41.71948" lon="145.94565">
        <ele>1008.22</ele>
      </trkpt>
      <trkpt lat="-41.71957" lon="145.94583">
        <ele>1005.05</ele>
      </trkpt>
      <trkpt lat="-41.71966" lon="145.94597">
        <ele>1001.01</ele>
      </trkpt>
      <trkpt lat="-41.71979" lon="145.94612">
        <ele>999.19</ele>
      </trkpt>
      <trkpt lat="-41.71992" lon="145.94625">
        <ele>1001.54</ele>
      </trkpt>
      <trkpt lat="-41.71992" lon="145.94625">
        <ele>1001.54</ele>
      </trkpt>
      <trkpt lat="-41.71995" lon="145.94628">
        <ele>1001.84</ele>
      </trkpt>
      <trkpt lat="-41.72007" lon="145.94633">
        <ele>1004.37</ele>
      </trkpt>
      <trkpt lat="-41.72024" lon="145.94645">
        <ele>1006.5</ele>
      </trkpt>
      <trkpt lat="-41.72029" lon="145.94645">
        <ele>1008.01</ele>
      </trkpt>
      <trkpt lat="-41.72034" lon="145.94646">
        <ele>1008.57</ele>
      </trkpt>
      <trkpt lat="-41.72042" lon="145.94651">
        <ele>1008.58</ele>
      </trkpt>
      <trkpt lat="-41.72042" lon="145.94651">
        <ele>1008.58</ele>
      </trkpt>
      <trkpt lat="-41.72044" lon="145.94656">
        <ele>1007.61</ele>
      </trkpt>
      <trkpt lat="-41.7206" lon="145.94679">
        <ele>1005.18</ele>
      </trkpt>
      <trkpt lat="-41.72069" lon="145.94688">
        <ele>1005.11</ele>
      </trkpt>
      <trkpt lat="-41.72078" lon="145.94699">
        <ele>1004.99</ele>
      </trkpt>
      <trkpt lat="-41.72093" lon="145.9471">
        <ele>1005.84</ele>
      </trkpt>
      <trkpt lat="-41.72095" lon="145.94711">
        <ele>1006.08</ele>
      </trkpt>
      <trkpt lat="-41.72095" lon="145.94711">
        <ele>1006.08</ele>
      </trkpt>
      <trkpt lat="-41.72111" lon="145.94718">
        <ele>1008.73</ele>
      </trkpt>
      <trkpt lat="-41.72115" lon="145.9472">
        <ele>1009.36</ele>
      </trkpt>
      <trkpt lat="-41.72121" lon="145.94724">
        <ele>1010.03</ele>
      </trkpt>
      <trkpt lat="-41.72121" lon="145.94724">
        <ele>1010.03</ele>
      </trkpt>
      <trkpt lat="-41.72123" lon="145.94726">
        <ele>1010.02</ele>
      </trkpt>
      <trkpt lat="-41.72129" lon="145.94727">
        <ele>1011.35</ele>
      </trkpt>
      <trkpt lat="-41.72139" lon="145.9472">
        <ele>1015.24</ele>
      </trkpt>
      <trkpt lat="-41.72148" lon="145.94726">
        <ele>1014.6</ele>
      </trkpt>
      <trkpt lat="-41.72155" lon="145.9473">
        <ele>1014.22</ele>
      </trkpt>
      <trkpt lat="-41.72158" lon="145.94735">
        <ele>1013.56</ele>
      </trkpt>
      <trkpt lat="-41.72158" lon="145.94735">
        <ele>1013.56</ele>
      </trkpt>
      <trkpt lat="-41.72164" lon="145.94751">
        <ele>1011.35</ele>
      </trkpt>
      <trkpt lat="-41.72168" lon="145.94762">
        <ele>1007.93</ele>
      </trkpt>
      <trkpt lat="-41.72172" lon="145.94764">
        <ele>1008.02</ele>
      </trkpt>
      <trkpt lat="-41.72173" lon="145.94763">
        <ele>1008.54</ele>
      </trkpt>
      <trkpt lat="-41.72178" lon="145.94762">
        <ele>1009.79</ele>
      </trkpt>
      <trkpt lat="-41.72182" lon="145.94758">
        <ele>1011.57</ele>
      </trkpt>
      <trkpt lat="-41.72186" lon="145.94754">
        <ele>1013.15</ele>
      </trkpt>
      <trkpt lat="-41.72187" lon="145.94748">
        <ele>1014.48</ele>
      </trkpt>
      <trkpt lat="-41.72187" lon="145.94742">
        <ele>1015.35</ele>
      </trkpt>
      <trkpt lat="-41.72186" lon="145.94736">
        <ele>1016.1</ele>
      </trkpt>
      <trkpt lat="-41.72184" lon="145.9473">
        <ele>1016.75</ele>
      </trkpt>
      <trkpt lat="-41.72183" lon="145.94724">
        <ele>1017.51</ele>
      </trkpt>
      <trkpt lat="-41.72183" lon="145.94718">
        <ele>1018.22</ele>
      </trkpt>
      <trkpt lat="-41.72182" lon="145.94712">
        <ele>1018.76</ele>
      </trkpt>
      <trkpt lat="-41.72181" lon="145.94706">
        <ele>1019.3</ele>
      </trkpt>
      <trkpt lat="-41.7218" lon="145.94699">
        <ele>1019.95</ele>
      </trkpt>
      <trkpt lat="-41.7218" lon="145.94693">
        <ele>1020.46</ele>
      </trkpt>
      <trkpt lat="-41.72181" lon="145.94688">
        <ele>1020.68</ele>
      </trkpt>
      <trkpt lat="-41.72181" lon="145.94686">
        <ele>1020.71</ele>
      </trkpt>
      <trkpt lat="-41.72182" lon="145.9468">
        <ele>1021.0</ele>
      </trkpt>
      <trkpt lat="-41.72181" lon="145.94674">
        <ele>1020.95</ele>
      </trkpt>
      <trkpt lat="-41.72181" lon="145.94668">
        <ele>1021.07</ele>
      </trkpt>
      <trkpt lat="-41.72181" lon="145.94661">
        <ele>1021.12</ele>
      </trkpt>
      <trkpt lat="-41.72182" lon="145.94654">
        <ele>1021.45</ele>
      </trkpt>
      <trkpt lat="-41.72184" lon="145.94649">
        <ele>1022.22</ele>
      </trkpt>
      <trkpt lat="-41.72186" lon="145.94643">
        <ele>1023.18</ele>
      </trkpt>
      <trkpt lat="-41.72187" lon="145.94637">
        <ele>1023.88</ele>
      </trkpt>
      <trkpt lat="-41.72188" lon="145.94631">
        <ele>1024.67</ele>
      </trkpt>
      <trkpt lat="-41.72188" lon="145.94624">
        <ele>1025.08</ele>
      </trkpt>
      <trkpt lat="-41.72188" lon="145.94618">
        <ele>1025.43</ele>
      </trkpt>
      <trkpt lat="-41.72188" lon="145.94616">
        <ele>1025.54</ele>
      </trkpt>
      <trkpt lat="-41.72188" lon="145.94616">
        <ele>1025.54</ele>
      </trkpt>
      <trkpt lat="-41.7219" lon="145.94609">
        <ele>1027.41</ele>
      </trkpt>
      <trkpt lat="-41.72191" lon="145.94603">
        <ele>1028.9</ele>
      </trkpt>
      <trkpt lat="-41.72192" lon="145.94597">
        <ele>1030.4</ele>
      </trkpt>
      <trkpt lat="-41.72192" lon="145.9459">
        <ele>1031.39</ele>
      </trkpt>
      <trkpt lat="-41.72192" lon="145.94584">
        <ele>1032.23</ele>
      </trkpt>
      <trkpt lat="-41.72192" lon="145.94577">
        <ele>1032.37</ele>
      </trkpt>
      <trkpt lat="-41.72192" lon="145.94571">
        <ele>1032.41</ele>
      </trkpt>
      <trkpt lat="-41.72193" lon="145.94564">
        <ele>1033.08</ele>
      </trkpt>
      <trkpt lat="-41.72192" lon="145.94558">
        <ele>1032.49</ele>
      </trkpt>
      <trkpt lat="-41.72192" lon="145.94551">
        <ele>1032.22</ele>
      </trkpt>
      <trkpt lat="-41.72191" lon="145.94545">
        <ele>1031.27</ele>
      </trkpt>
      <trkpt lat="-41.72191" lon="145.94544">
        <ele>1031.21</ele>
      </trkpt>
      <trkpt lat="-41.72191" lon="145.94541">
        <ele>1031.04</ele>
      </trkpt>
      <trkpt lat="-41.72192" lon="145.94535">
        <ele>1031.22</ele>
      </trkpt>
      <trkpt lat="-41.72192" lon="145.94528">
        <ele>1030.78</ele>
      </trkpt>
      <trkpt lat="-41.72192" lon="145.94522">
        <ele>1030.58</ele>
      </trkpt>
      <trkpt lat="-41.72192" lon="145.94516">
        <ele>1030.38</ele>
      </trkpt>
      <trkpt lat="-41.72194" lon="145.9451">
        <ele>1031.15</ele>
      </trkpt>
      <trkpt lat="-41.72195" lon="145.94504">
        <ele>1031.16</ele>
      </trkpt>
      <trkpt lat="-41.72196" lon="145.94498">
        <ele>1031.13</ele>
      </trkpt>
      <trkpt lat="-41.72197" lon="145.94492">
        <ele>1031.41</ele>
      </trkpt>
      <trkpt lat="-41.72199" lon="145.94487">
        <ele>1031.71</ele>
      </trkpt>
      <trkpt lat="-41.72201" lon="145.94481">
        <ele>1032.08</ele>
      </trkpt>
      <trkpt lat="-41.72203" lon="145.94475">
        <ele>1032.49</ele>
      </trkpt>
      <trkpt lat="-41.72204" lon="145.94469">
        <ele>1032.58</ele>
      </trkpt>
      <trkpt lat="-41.72206" lon="145.94464">
        <ele>1032.61</ele>
      </trkpt>
      <trkpt lat="-41.72209" lon="145.94459">
        <ele>1032.84</ele>
      </trkpt>
      <trkpt lat="-41.7221" lon="145.94457">
        <ele>1032.94</ele>
      </trkpt>
      <trkpt lat="-41.7221" lon="145.94455">
        <ele>1032.92</ele>
      </trkpt>
      <trkpt lat="-41.72214" lon="145.94452">
        <ele>1033.49</ele>
      </trkpt>
      <trkpt lat="-41.72218" lon="145.94448">
        <ele>1034.17</ele>
      </trkpt>
      <trkpt lat="-41.72221" lon="145.94442">
        <ele>1035.12</ele>
      </trkpt>
      <trkpt lat="-41.72225" lon="145.94437">
        <ele>1035.65</ele>
      </trkpt>
      <trkpt lat="-41.72227" lon="145.94432">
        <ele>1036.03</ele>
      </trkpt>
      <trkpt lat="-41.7223" lon="145.94426">
        <ele>1036.35</ele>
      </trkpt>
      <trkpt lat="-41.72233" lon="145.94422">
        <ele>1036.37</ele>
      </trkpt>
      <trkpt lat="-41.72236" lon="145.94417">
        <ele>1036.48</ele>
      </trkpt>
      <trkpt lat="-41.7224" lon="145.94413">
        <ele>1036.04</ele>
      </trkpt>
      <trkpt lat="-41.72244" lon="145.94411">
        <ele>1035.63</ele>
      </trkpt>
      <trkpt lat="-41.72245" lon="145.94411">
        <ele>1035.5</ele>
      </trkpt>
      <trkpt lat="-41.72247" lon="145.9441">
        <ele>1035.34</ele>
      </trkpt>
      <trkpt lat="-41.72251" lon="145.94408">
        <ele>1035.16</ele>
      </trkpt>
      <trkpt lat="-41.72256" lon="145.94406">
        <ele>1034.91</ele>
      </trkpt>
      <trkpt lat="-41.7226" lon="145.94402">
        <ele>1034.8</ele>
      </trkpt>
      <trkpt lat="-41.72264" lon="145.94399">
        <ele>1034.44</ele>
      </trkpt>
      <trkpt lat="-41.72268" lon="145.94397">
        <ele>1033.89</ele>
      </trkpt>
      <trkpt lat="-41.72273" lon="145.94395">
        <ele>1033.06</ele>
      </trkpt>
      <trkpt lat="-41.72277" lon="145.94391">
        <ele>1032.23</ele>
      </trkpt>
      <trkpt lat="-41.72281" lon="145.94388">
        <ele>1030.85</ele>
      </trkpt>
      <trkpt lat="-41.72282" lon="145.94388">
        <ele>1030.49</ele>
      </trkpt>
      <trkpt lat="-41.72283" lon="145.94387">
        <ele>1030.16</ele>
      </trkpt>
      <trkpt lat="-41.72288" lon="145.94385">
        <ele>1028.47</ele>
      </trkpt>
      <trkpt lat="-41.72293" lon="145.94385">
        <ele>1026.75</ele>
      </trkpt>
      <trkpt lat="-41.72297" lon="145.94385">
        <ele>1025.37</ele>
      </trkpt>
      <trkpt lat="-41.72302" lon="145.94384">
        <ele>1023.74</ele>
      </trkpt>
      <trkpt lat="-41.72306" lon="145.94382">
        <ele>1022.74</ele>
      </trkpt>
      <trkpt lat="-41.72311" lon="145.94381">
        <ele>1022.8</ele>
      </trkpt>
      <trkpt lat="-41.72315" lon="145.94379">
        <ele>1022.95</ele>
      </trkpt>
      <trkpt lat="-41.7232" lon="145.94378">
        <ele>1022.97</ele>
      </trkpt>
      <trkpt lat="-41.72324" lon="145.94378">
        <ele>1022.92</ele>
      </trkpt>
      <trkpt lat="-41.72329" lon="145.94377">
        <ele>1022.92</ele>
      </trkpt>
      <trkpt lat="-41.72331" lon="145.94376">
        <ele>1022.97</ele>
      </trkpt>
      <trkpt lat="-41.72332" lon="145.94377">
        <ele>1022.88</ele>
      </trkpt>
      <trkpt lat="-41.72337" lon="145.94377">
        <ele>1022.08</ele>
      </trkpt>
      <trkpt lat="-41.72342" lon="145.94377">
        <ele>1021.03</ele>
      </trkpt>
      <trkpt lat="-41.72346" lon="145.94378">
        <ele>1020.15</ele>
      </trkpt>
      <trkpt lat="-41.72351" lon="145.94378">
        <ele>1019.11</ele>
      </trkpt>
      <trkpt lat="-41.72356" lon="145.9438">
        <ele>1018.04</ele>
      </trkpt>
      <trkpt lat="-41.7236" lon="145.94381">
        <ele>1017.22</ele>
      </trkpt>
      <trkpt lat="-41.72365" lon="145.94381">
        <ele>1016.7</ele>
      </trkpt>
      <trkpt lat="-41.7237" lon="145.94382">
        <ele>1016.28</ele>
      </trkpt>
      <trkpt lat="-41.72375" lon="145.94381">
        <ele>1015.93</ele>
      </trkpt>
      <trkpt lat="-41.72379" lon="145.9438">
        <ele>1015.69</ele>
      </trkpt>
      <trkpt lat="-41.7238" lon="145.9438">
        <ele>1015.61</ele>
      </trkpt>
      <trkpt lat="-41.72381" lon="145.94379">
        <ele>1015.62</ele>
      </trkpt>
      <trkpt lat="-41.72385" lon="145.94378">
        <ele>1015.43</ele>
      </trkpt>
      <trkpt lat="-41.7239" lon="145.9438">
        <ele>1015.13</ele>
      </trkpt>
      <trkpt lat="-41.72394" lon="145.94381">
        <ele>1015.64</ele>
      </trkpt>
      <trkpt lat="-41.72399" lon="145.94383">
        <ele>1016.17</ele>
      </trkpt>
      <trkpt lat="-41.72403" lon="145.94385">
        <ele>1016.52</ele>
      </trkpt>
      <trkpt lat="-41.72408" lon="145.94386">
        <ele>1017.14</ele>
      </trkpt>
      <trkpt lat="-41.72412" lon="145.94388">
        <ele>1017.45</ele>
      </trkpt>
      <trkpt lat="-41.72416" lon="145.9439">
        <ele>1017.71</ele>
      </trkpt>
      <trkpt lat="-41.72421" lon="145.94392">
        <ele>1018.29</ele>
      </trkpt>
      <trkpt lat="-41.72425" lon="145.94395">
        <ele>1018.66</ele>
      </trkpt>
      <trkpt lat="-41.72428" lon="145.94398">
        <ele>1018.94</ele>
      </trkpt>
      <trkpt lat="-41.72429" lon="145.94398">
        <ele>1019.16</ele>
      </trkpt>
      <trkpt lat="-41.72433" lon="145.94401">
        <ele>1019.79</ele>
      </trkpt>
      <trkpt lat="-41.72438" lon="145.94403">
        <ele>1020.86</ele>
      </trkpt>
      <trkpt lat="-41.72443" lon="145.94404">
        <ele>1022.08</ele>
      </trkpt>
      <trkpt lat="-41.72447" lon="145.94404">
        <ele>1022.92</ele>
      </trkpt>
      <trkpt lat="-41.72452" lon="145.94405">
        <ele>1023.78</ele>
      </trkpt>
      <trkpt lat="-41.72457" lon="145.94407">
        <ele>1024.61</ele>
      </trkpt>
      <trkpt lat="-41.72461" lon="145.94409">
        <ele>1025.26</ele>
      </trkpt>
      <trkpt lat="-41.72465" lon="145.94413">
        <ele>1025.83</ele>
      </trkpt>
      <trkpt lat="-41.72468" lon="145.94416">
        <ele>1026.26</ele>
      </trkpt>
      <trkpt lat="-41.72469" lon="145.94419">
        <ele>1026.19</ele>
      </trkpt>
      <trkpt lat="-41.7247" lon="145.94421">
        <ele>1026.16</ele>
      </trkpt>
      <trkpt lat="-41.72473" lon="145.94425">
        <ele>1026.1</ele>
      </trkpt>
      <trkpt lat="-41.72477" lon="145.94428">
        <ele>1025.78</ele>
      </trkpt>
      <trkpt lat="-41.7248" lon="145.94432">
        <ele>1025.34</ele>
      </trkpt>
      <trkpt lat="-41.7248" lon="145.94432">
        <ele>1025.34</ele>
      </trkpt>
      <trkpt lat="-41.72483" lon="145.94441">
        <ele>1024.37</ele>
      </trkpt>
      <trkpt lat="-41.72492" lon="145.94449">
        <ele>1023.18</ele>
      </trkpt>
      <trkpt lat="-41.72501" lon="145.94453">
        <ele>1022.35</ele>
      </trkpt>
      <trkpt lat="-41.72507" lon="145.94458">
        <ele>1020.92</ele>
      </trkpt>
      <trkpt lat="-41.72509" lon="145.94462">
        <ele>1020.16</ele>
      </trkpt>
      <trkpt lat="-41.72519" lon="145.94465">
        <ele>1019.08</ele>
      </trkpt>
      <trkpt lat="-41.72524" lon="145.94468">
        <ele>1018.5</ele>
      </trkpt>
      <trkpt lat="-41.72524" lon="145.94468">
        <ele>1018.5</ele>
      </trkpt>
      <trkpt lat="-41.72531" lon="145.94468">
        <ele>1018.53</ele>
      </trkpt>
      <trkpt lat="-41.72539" lon="145.94469">
        <ele>1018.92</ele>
      </trkpt>
      <trkpt lat="-41.72549" lon="145.94478">
        <ele>1018.71</ele>
      </trkpt>
      <trkpt lat="-41.72556" lon="145.94484">
        <ele>1018.93</ele>
      </trkpt>
      <trkpt lat="-41.72557" lon="145.94485">
        <ele>1018.78</ele>
      </trkpt>
      <trkpt lat="-41.72562" lon="145.94486">
        <ele>1017.96</ele>
      </trkpt>
      <trkpt lat="-41.72567" lon="145.94486">
        <ele>1017.15</ele>
      </trkpt>
      <trkpt lat="-41.72572" lon="145.94486">
        <ele>1016.35</ele>
      </trkpt>
      <trkpt lat="-41.72576" lon="145.94487">
        <ele>1015.57</ele>
      </trkpt>
      <trkpt lat="-41.72581" lon="145.94489">
        <ele>1014.4</ele>
      </trkpt>
      <trkpt lat="-41.72585" lon="145.94491">
        <ele>1013.68</ele>
      </trkpt>
      <trkpt lat="-41.7259" lon="145.94493">
        <ele>1013.56</ele>
      </trkpt>
      <trkpt lat="-41.72594" lon="145.94494">
        <ele>1013.6</ele>
      </trkpt>
      <trkpt lat="-41.72596" lon="145.94495">
        <ele>1013.57</ele>
      </trkpt>
      <trkpt lat="-41.726" lon="145.94495">
        <ele>1013.78</ele>
      </trkpt>
      <trkpt lat="-41.72605" lon="145.94495">
        <ele>1014.04</ele>
      </trkpt>
      <trkpt lat="-41.7261" lon="145.94494">
        <ele>1014.38</ele>
      </trkpt>
      <trkpt lat="-41.72614" lon="145.94493">
        <ele>1015.23</ele>
      </trkpt>
      <trkpt lat="-41.72619" lon="145.94493">
        <ele>1016.49</ele>
      </trkpt>
      <trkpt lat="-41.72623" lon="145.94496">
        <ele>1017.28</ele>
      </trkpt>
      <trkpt lat="-41.72625" lon="145.94501">
        <ele>1017.52</ele>
      </trkpt>
      <trkpt lat="-41.72627" lon="145.94506">
        <ele>1018.1</ele>
      </trkpt>
      <trkpt lat="-41.7263" lon="145.94511">
        <ele>1018.89</ele>
      </trkpt>
      <trkpt lat="-41.72633" lon="145.94516">
        <ele>1019.64</ele>
      </trkpt>
      <trkpt lat="-41.72636" lon="145.9452">
        <ele>1020.35</ele>
      </trkpt>
      <trkpt lat="-41.7264" lon="145.94524">
        <ele>1021.28</ele>
      </trkpt>
      <trkpt lat="-41.72642" lon="145.94526">
        <ele>1021.78</ele>
      </trkpt>
      <trkpt lat="-41.72642" lon="145.94527">
        <ele>1021.78</ele>
      </trkpt>
      <trkpt lat="-41.72646" lon="145.9453">
        <ele>1022.63</ele>
      </trkpt>
      <trkpt lat="-41.72651" lon="145.94532">
        <ele>1023.75</ele>
      </trkpt>
      <trkpt lat="-41.72655" lon="145.94535">
        <ele>1024.54</ele>
      </trkpt>
      <trkpt lat="-41.72659" lon="145.94538">
        <ele>1025.33</ele>
      </trkpt>
      <trkpt lat="-41.72664" lon="145.94541">
        <ele>1026.38</ele>
      </trkpt>
      <trkpt lat="-41.72667" lon="145.94544">
        <ele>1026.82</ele>
      </trkpt>
      <trkpt lat="-41.7267" lon="145.94549">
        <ele>1026.32</ele>
      </trkpt>
      <trkpt lat="-41.72672" lon="145.94555">
        <ele>1025.84</ele>
      </trkpt>
      <trkpt lat="-41.72673" lon="145.94561">
        <ele>1024.53</ele>
      </trkpt>
      <trkpt lat="-41.72675" lon="145.94567">
        <ele>1023.19</ele>
      </trkpt>
      <trkpt lat="-41.72678" lon="145.94571">
        <ele>1022.38</ele>
      </trkpt>
      <trkpt lat="-41.72682" lon="145.94575">
        <ele>1021.71</ele>
      </trkpt>
      <trkpt lat="-41.72685" lon="145.94578">
        <ele>1021.28</ele>
      </trkpt>
      <trkpt lat="-41.72686" lon="145.94579">
        <ele>1021.16</ele>
      </trkpt>
      <trkpt lat="-41.72688" lon="145.9458">
        <ele>1021.1</ele>
      </trkpt>
      <trkpt lat="-41.72692" lon="145.94583">
        <ele>1020.88</ele>
      </trkpt>
      <trkpt lat="-41.72696" lon="145.94585">
        <ele>1021.12</ele>
      </trkpt>
      <trkpt lat="-41.727" lon="145.94588">
        <ele>1021.63</ele>
      </trkpt>
      <trkpt lat="-41.72704" lon="145.94592">
        <ele>1022.29</ele>
      </trkpt>
      <trkpt lat="-41.72708" lon="145.94595">
        <ele>1023.14</ele>
      </trkpt>
      <trkpt lat="-41.72712" lon="145.94597">
        <ele>1024.1</ele>
      </trkpt>
      <trkpt lat="-41.72717" lon="145.94598">
        <ele>1025.34</ele>
      </trkpt>
      <trkpt lat="-41.72721" lon="145.94598">
        <ele>1026.29</ele>
      </trkpt>
      <trkpt lat="-41.72726" lon="145.94598">
        <ele>1027.05</ele>
      </trkpt>
      <trkpt lat="-41.72728" lon="145.94598">
        <ele>1027.29</ele>
      </trkpt>
      <trkpt lat="-41.72729" lon="145.94598">
        <ele>1027.42</ele>
      </trkpt>
      <trkpt lat="-41.72734" lon="145.94598">
        <ele>1028.03</ele>
      </trkpt>
      <trkpt lat="-41.72739" lon="145.94599">
        <ele>1028.69</ele>
      </trkpt>
      <trkpt lat="-41.72743" lon="145.946">
        <ele>1029.19</ele>
      </trkpt>
      <trkpt lat="-41.72748" lon="145.94602">
        <ele>1029.79</ele>
      </trkpt>
      <trkpt lat="-41.72752" lon="145.94605">
        <ele>1030.63</ele>
      </trkpt>
      <trkpt lat="-41.72756" lon="145.94608">
        <ele>1031.92</ele>
      </trkpt>
      <trkpt lat="-41.72759" lon="145.94612">
        <ele>1033.03</ele>
      </trkpt>
      <trkpt lat="-41.72761" lon="145.94614">
        <ele>1033.92</ele>
      </trkpt>
      <trkpt lat="-41.72761" lon="145.94615">
        <ele>1034.04</ele>
      </trkpt>
      <trkpt lat="-41.72764" lon="145.9462">
        <ele>1035.49</ele>
      </trkpt>
      <trkpt lat="-41.72767" lon="145.94624">
        <ele>1036.69</ele>
      </trkpt>
      <trkpt lat="-41.72772" lon="145.94627">
        <ele>1038.18</ele>
      </trkpt>
      <trkpt lat="-41.72776" lon="145.94629">
        <ele>1039.23</ele>
      </trkpt>
      <trkpt lat="-41.7278" lon="145.94632">
        <ele>1040.23</ele>
      </trkpt>
      <trkpt lat="-41.72784" lon="145.94634">
        <ele>1041.17</ele>
      </trkpt>
      <trkpt lat="-41.72787" lon="145.94638">
        <ele>1041.96</ele>
      </trkpt>
      <trkpt lat="-41.72789" lon="145.9464">
        <ele>1042.39</ele>
      </trkpt>
      <trkpt lat="-41.72793" lon="145.94644">
        <ele>1043.09</ele>
      </trkpt>
      <trkpt lat="-41.72797" lon="145.94647">
        <ele>1043.75</ele>
      </trkpt>
      <trkpt lat="-41.72801" lon="145.94648">
        <ele>1044.47</ele>
      </trkpt>
      <trkpt lat="-41.72806" lon="145.94649">
        <ele>1045.24</ele>
      </trkpt>
      <trkpt lat="-41.72811" lon="145.9465">
        <ele>1044.85</ele>
      </trkpt>
      <trkpt lat="-41.72815" lon="145.94652">
        <ele>1044.4</ele>
      </trkpt>
      <trkpt lat="-41.72819" lon="145.94654">
        <ele>1043.9</ele>
      </trkpt>
      <trkpt lat="-41.72824" lon="145.94656">
        <ele>1043.29</ele>
      </trkpt>
      <trkpt lat="-41.72826" lon="145.94658">
        <ele>1042.88</ele>
      </trkpt>
      <trkpt lat="-41.72827" lon="145.94659">
        <ele>1042.66</ele>
      </trkpt>
      <trkpt lat="-41.72831" lon="145.9466">
        <ele>1042.17</ele>
      </trkpt>
      <trkpt lat="-41.72836" lon="145.94662">
        <ele>1041.38</ele>
      </trkpt>
      <trkpt lat="-41.7284" lon="145.94664">
        <ele>1040.77</ele>
      </trkpt>
      <trkpt lat="-41.72845" lon="145.94666">
        <ele>1040.2</ele>
      </trkpt>
      <trkpt lat="-41.72849" lon="145.94668">
        <ele>1039.9</ele>
      </trkpt>
      <trkpt lat="-41.72853" lon="145.94671">
        <ele>1039.84</ele>
      </trkpt>
      <trkpt lat="-41.72854" lon="145.94677">
        <ele>1040.24</ele>
      </trkpt>
      <trkpt lat="-41.72855" lon="145.94684">
        <ele>1040.84</ele>
      </trkpt>
      <trkpt lat="-41.72855" lon="145.9469">
        <ele>1041.32</ele>
      </trkpt>
      <trkpt lat="-41.72854" lon="145.94696">
        <ele>1041.44</ele>
      </trkpt>
      <trkpt lat="-41.72853" lon="145.94702">
        <ele>1041.09</ele>
      </trkpt>
      <trkpt lat="-41.72852" lon="145.94708">
        <ele>1040.71</ele>
      </trkpt>
      <trkpt lat="-41.72852" lon="145.94708">
        <ele>1040.71</ele>
      </trkpt>
      <trkpt lat="-41.72853" lon="145.94715">
        <ele>1040.82</ele>
      </trkpt>
      <trkpt lat="-41.72854" lon="145.9472">
        <ele>1040.99</ele>
      </trkpt>
      <trkpt lat="-41.72857" lon="145.94726">
        <ele>1041.54</ele>
      </trkpt>
      <trkpt lat="-41.72858" lon="145.94732">
        <ele>1041.4</ele>
      </trkpt>
      <trkpt lat="-41.7286" lon="145.94738">
        <ele>1041.54</ele>
      </trkpt>
      <trkpt lat="-41.72863" lon="145.94743">
        <ele>1041.64</ele>
      </trkpt>
      <trkpt lat="-41.72865" lon="145.94747">
        <ele>1041.5</ele>
      </trkpt>
      <trkpt lat="-41.72868" lon="145.94752">
        <ele>1041.44</ele>
      </trkpt>
      <trkpt lat="-41.72871" lon="145.94757">
        <ele>1041.55</ele>
      </trkpt>
      <trkpt lat="-41.72871" lon="145.94758">
        <ele>1041.53</ele>
      </trkpt>
      <trkpt lat="-41.72872" lon="145.94761">
        <ele>1041.54</ele>
      </trkpt>
      <trkpt lat="-41.72875" lon="145.94765">
        <ele>1041.73</ele>
      </trkpt>
      <trkpt lat="-41.72878" lon="145.94771">
        <ele>1041.92</ele>
      </trkpt>
      <trkpt lat="-41.7288" lon="145.94776">
        <ele>1042.06</ele>
      </trkpt>
      <trkpt lat="-41.72882" lon="145.94782">
        <ele>1041.88</ele>
      </trkpt>
      <trkpt lat="-41.72884" lon="145.94787">
        <ele>1041.69</ele>
      </trkpt>
      <trkpt lat="-41.72888" lon="145.9479">
        <ele>1042.0</ele>
      </trkpt>
      <trkpt lat="-41.72892" lon="145.94791">
        <ele>1042.1</ele>
      </trkpt>
      <trkpt lat="-41.72894" lon="145.94791">
        <ele>1042.14</ele>
      </trkpt>
      <trkpt lat="-41.72899" lon="145.94791">
        <ele>1042.22</ele>
      </trkpt>
      <trkpt lat="-41.72903" lon="145.9479">
        <ele>1042.34</ele>
      </trkpt>
      <trkpt lat="-41.72908" lon="145.94791">
        <ele>1042.38</ele>
      </trkpt>
      <trkpt lat="-41.72912" lon="145.94792">
        <ele>1042.4</ele>
      </trkpt>
      <trkpt lat="-41.72917" lon="145.94793">
        <ele>1042.46</ele>
      </trkpt>
      <trkpt lat="-41.72922" lon="145.94795">
        <ele>1042.57</ele>
      </trkpt>
      <trkpt lat="-41.72926" lon="145.94797">
        <ele>1042.64</ele>
      </trkpt>
      <trkpt lat="-41.72938" lon="145.94799">
        <ele>1043.0</ele>
      </trkpt>
      <trkpt lat="-41.72958" lon="145.9479">
        <ele>1046.0</ele>
      </trkpt>
      <trkpt lat="-41.7297" lon="145.94785">
        <ele>1048.34</ele>
      </trkpt>
      <trkpt lat="-41.72981" lon="145.94783">
        <ele>1049.44</ele>
      </trkpt>
      <trkpt lat="-41.72985" lon="145.94781">
        <ele>1049.8</ele>
      </trkpt>
      <trkpt lat="-41.73003" lon="145.94759">
        <ele>1051.14</ele>
      </trkpt>
      <trkpt lat="-41.7301" lon="145.94752">
        <ele>1051.1</ele>
      </trkpt>
      <trkpt lat="-41.73016" lon="145.94748">
        <ele>1050.92</ele>
      </trkpt>
      <trkpt lat="-41.73023" lon="145.94748">
        <ele>1050.88</ele>
      </trkpt>
      <trkpt lat="-41.73032" lon="145.94739">
        <ele>1050.36</ele>
      </trkpt>
      <trkpt lat="-41.73032" lon="145.94739">
        <ele>1050.36</ele>
      </trkpt>
      <trkpt lat="-41.73037" lon="145.94742">
        <ele>1050.57</ele>
      </trkpt>
      <trkpt lat="-41.73041" lon="145.94745">
        <ele>1050.59</ele>
      </trkpt>
      <trkpt lat="-41.73045" lon="145.94748">
        <ele>1050.46</ele>
      </trkpt>
      <trkpt lat="-41.73049" lon="145.94751">
        <ele>1050.35</ele>
      </trkpt>
      <trkpt lat="-41.73053" lon="145.94753">
        <ele>1050.43</ele>
      </trkpt>
      <trkpt lat="-41.73054" lon="145.94754">
        <ele>1050.5</ele>
      </trkpt>
      <trkpt lat="-41.73055" lon="145.94754">
        <ele>1050.45</ele>
      </trkpt>
      <trkpt lat="-41.73059" lon="145.94756">
        <ele>1051.06</ele>
      </trkpt>
      <trkpt lat="-41.73064" lon="145.94756">
        <ele>1051.67</ele>
      </trkpt>
      <trkpt lat="-41.73068" lon="145.94756">
        <ele>1052.15</ele>
      </trkpt>
      <trkpt lat="-41.73072" lon="145.94759">
        <ele>1052.76</ele>
      </trkpt>
      <trkpt lat="-41.73074" lon="145.94765">
        <ele>1053.2</ele>
      </trkpt>
      <trkpt lat="-41.73078" lon="145.94768">
        <ele>1053.61</ele>
      </trkpt>
      <trkpt lat="-41.73081" lon="145.9477">
        <ele>1053.85</ele>
      </trkpt>
      <trkpt lat="-41.73082" lon="145.94771">
        <ele>1053.92</ele>
      </trkpt>
      <trkpt lat="-41.73086" lon="145.94774">
        <ele>1054.48</ele>
      </trkpt>
      <trkpt lat="-41.7309" lon="145.94778">
        <ele>1055.19</ele>
      </trkpt>
      <trkpt lat="-41.73094" lon="145.94781">
        <ele>1055.78</ele>
      </trkpt>
      <trkpt lat="-41.73099" lon="145.94783">
        <ele>1056.66</ele>
      </trkpt>
      <trkpt lat="-41.73103" lon="145.94785">
        <ele>1057.39</ele>
      </trkpt>
      <trkpt lat="-41.73107" lon="145.94786">
        <ele>1058.17</ele>
      </trkpt>
      <trkpt lat="-41.73112" lon="145.94789">
        <ele>1059.23</ele>
      </trkpt>
      <trkpt lat="-41.73112" lon="145.94789">
        <ele>1059.23</ele>
      </trkpt>
      <trkpt lat="-41.73112" lon="145.9479">
        <ele>1059.23</ele>
      </trkpt>
      <trkpt lat="-41.73116" lon="145.94793">
        <ele>1060.22</ele>
      </trkpt>
      <trkpt lat="-41.7312" lon="145.94797">
        <ele>1061.12</ele>
      </trkpt>
      <trkpt lat="-41.73124" lon="145.94798">
        <ele>1062.04</ele>
      </trkpt>
      <trkpt lat="-41.73128" lon="145.94801">
        <ele>1062.85</ele>
      </trkpt>
      <trkpt lat="-41.73132" lon="145.94805">
        <ele>1063.54</ele>
      </trkpt>
      <trkpt lat="-41.73134" lon="145.9481">
        <ele>1063.41</ele>
      </trkpt>
      <trkpt lat="-41.73137" lon="145.94815">
        <ele>1063.53</ele>
      </trkpt>
      <trkpt lat="-41.73141" lon="145.94819">
        <ele>1063.74</ele>
      </trkpt>
      <trkpt lat="-41.73143" lon="145.94821">
        <ele>1063.71</ele>
      </trkpt>
      <trkpt lat="-41.73145" lon="145.94821">
        <ele>1063.89</ele>
      </trkpt>
      <trkpt lat="-41.7315" lon="145.94823">
        <ele>1064.17</ele>
      </trkpt>
      <trkpt lat="-41.73154" lon="145.94824">
        <ele>1064.46</ele>
      </trkpt>
      <trkpt lat="-41.73159" lon="145.94826">
        <ele>1064.77</ele>
      </trkpt>
      <trkpt lat="-41.73163" lon="145.94829">
        <ele>1064.94</ele>
      </trkpt>
      <trkpt lat="-41.73167" lon="145.94832">
        <ele>1065.09</ele>
      </trkpt>
      <trkpt lat="-41.73171" lon="145.94836">
        <ele>1064.82</ele>
      </trkpt>
      <trkpt lat="-41.73174" lon="145.94839">
        <ele>1064.65</ele>
      </trkpt>
      <trkpt lat="-41.73175" lon="145.9484">
        <ele>1064.59</ele>
      </trkpt>
      <trkpt lat="-41.73179" lon="145.94841">
        <ele>1064.57</ele>
      </trkpt>
      <trkpt lat="-41.73184" lon="145.94842">
        <ele>1064.57</ele>
      </trkpt>
      <trkpt lat="-41.73188" lon="145.94843">
        <ele>1064.57</ele>
      </trkpt>
      <trkpt lat="-41.73193" lon="145.94846">
        <ele>1064.52</ele>
      </trkpt>
      <trkpt lat="-41.73197" lon="145.94849">
        <ele>1065.25</ele>
      </trkpt>
      <trkpt lat="-41.73201" lon="145.94852">
        <ele>1066.37</ele>
      </trkpt>
      <trkpt lat="-41.73204" lon="145.94856">
        <ele>1067.06</ele>
      </trkpt>
      <trkpt lat="-41.73208" lon="145.9486">
        <ele>1067.98</ele>
      </trkpt>
      <trkpt lat="-41.73208" lon="145.9486">
        <ele>1067.98</ele>
      </trkpt>
      <trkpt lat="-41.7322" lon="145.94875">
        <ele>1069.4</ele>
      </trkpt>
      <trkpt lat="-41.73226" lon="145.94878">
        <ele>1068.97</ele>
      </trkpt>
      <trkpt lat="-41.73232" lon="145.9488">
        <ele>1067.76</ele>
      </trkpt>
      <trkpt lat="-41.73235" lon="145.94879">
        <ele>1067.42</ele>
      </trkpt>
      <trkpt lat="-41.73249" lon="145.94887">
        <ele>1064.35</ele>
      </trkpt>
      <trkpt lat="-41.73258" lon="145.9489">
        <ele>1064.21</ele>
      </trkpt>
      <trkpt lat="-41.7327" lon="145.94905">
        <ele>1063.56</ele>
      </trkpt>
      <trkpt lat="-41.73277" lon="145.94912">
        <ele>1063.31</ele>
      </trkpt>
      <trkpt lat="-41.73286" lon="145.94914">
        <ele>1062.71</ele>
      </trkpt>
      <trkpt lat="-41.73295" lon="145.94918">
        <ele>1061.74</ele>
      </trkpt>
      <trkpt lat="-41.73301" lon="145.9492">
        <ele>1061.37</ele>
      </trkpt>
      <trkpt lat="-41.7331" lon="145.94923">
        <ele>1060.71</ele>
      </trkpt>
      <trkpt lat="-41.73322" lon="145.94927">
        <ele>1059.38</ele>
      </trkpt>
      <trkpt lat="-41.73326" lon="145.94927">
        <ele>1058.89</ele>
      </trkpt>
      <trkpt lat="-41.73339" lon="145.94926">
        <ele>1058.61</ele>
      </trkpt>
      <trkpt lat="-41.73348" lon="145.94922">
        <ele>1059.81</ele>
      </trkpt>
      <trkpt lat="-41.73354" lon="145.94923">
        <ele>1060.47</ele>
      </trkpt>
      <trkpt lat="-41.7336" lon="145.94924">
        <ele>1061.08</ele>
      </trkpt>
      <trkpt lat="-41.73373" lon="145.94924">
        <ele>1061.1</ele>
      </trkpt>
      <trkpt lat="-41.73391" lon="145.94924">
        <ele>1060.7</ele>
      </trkpt>
      <trkpt lat="-41.73399" lon="145.94926">
        <ele>1059.57</ele>
      </trkpt>
      <trkpt lat="-41.73401" lon="145.94925">
        <ele>1059.45</ele>
      </trkpt>
      <trkpt lat="-41.73405" lon="145.94923">
        <ele>1059.16</ele>
      </trkpt>
      <trkpt lat="-41.7341" lon="145.94924">
        <ele>1058.51</ele>
      </trkpt>
      <trkpt lat="-41.73414" lon="145.94924">
        <ele>1058.04</ele>
      </trkpt>
      <trkpt lat="-41.73417" lon="145.94924">
        <ele>1057.74</ele>
      </trkpt>
      <trkpt lat="-41.73418" lon="145.94923">
        <ele>1057.8</ele>
      </trkpt>
      <trkpt lat="-41.73423" lon="145.94925">
        <ele>1057.79</ele>
      </trkpt>
      <trkpt lat="-41.73427" lon="145.94927">
        <ele>1057.72</ele>
      </trkpt>
      <trkpt lat="-41.73432" lon="145.94927">
        <ele>1057.77</ele>
      </trkpt>
      <trkpt lat="-41.73437" lon="145.94928">
        <ele>1057.73</ele>
      </trkpt>
      <trkpt lat="-41.73437" lon="145.94928">
        <ele>1057.73</ele>
      </trkpt>
      <trkpt lat="-41.73442" lon="145.94929">
        <ele>1057.66</ele>
      </trkpt>
      <trkpt lat="-41.73446" lon="145.94927">
        <ele>1058.2</ele>
      </trkpt>
      <trkpt lat="-41.7345" lon="145.94924">
        <ele>1059.36</ele>
      </trkpt>
      <trkpt lat="-41.73455" lon="145.94922">
        <ele>1060.63</ele>
      </trkpt>
      <trkpt lat="-41.73459" lon="145.9492">
        <ele>1061.72</ele>
      </trkpt>
      <trkpt lat="-41.73464" lon="145.94918">
        <ele>1063.05</ele>
      </trkpt>
      <trkpt lat="-41.73466" lon="145.94917">
        <ele>1063.61</ele>
      </trkpt>
      <trkpt lat="-41.73498" lon="145.94904">
        <ele>1070.15</ele>
      </trkpt>
      <trkpt lat="-41.73511" lon="145.94895">
        <ele>1071.12</ele>
      </trkpt>
      <trkpt lat="-41.73522" lon="145.94886">
        <ele>1071.36</ele>
      </trkpt>
      <trkpt lat="-41.73524" lon="145.94884">
        <ele>1071.36</ele>
      </trkpt>
      <trkpt lat="-41.73532" lon="145.94887">
        <ele>1070.91</ele>
      </trkpt>
      <trkpt lat="-41.73541" lon="145.94882">
        <ele>1070.65</ele>
      </trkpt>
      <trkpt lat="-41.73549" lon="145.94877">
        <ele>1070.34</ele>
      </trkpt>
      <trkpt lat="-41.73562" lon="145.94874">
        <ele>1072.37</ele>
      </trkpt>
      <trkpt lat="-41.73577" lon="145.9487">
        <ele>1078.55</ele>
      </trkpt>
      <trkpt lat="-41.73589" lon="145.94876">
        <ele>1080.41</ele>
      </trkpt>
      <trkpt lat="-41.73597" lon="145.94877">
        <ele>1081.11</ele>
      </trkpt>
      <trkpt lat="-41.7361" lon="145.9487">
        <ele>1083.61</ele>
      </trkpt>
      <trkpt lat="-41.73621" lon="145.9487">
        <ele>1083.48</ele>
      </trkpt>
      <trkpt lat="-41.73642" lon="145.94868">
        <ele>1083.17</ele>
      </trkpt>
      <trkpt lat="-41.7365" lon="145.94864">
        <ele>1083.33</ele>
      </trkpt>
      <trkpt lat="-41.73671" lon="145.94848">
        <ele>1083.32</ele>
      </trkpt>
      <trkpt lat="-41.73681" lon="145.94833">
        <ele>1083.48</ele>
      </trkpt>
      <trkpt lat="-41.73696" lon="145.94813">
        <ele>1080.57</ele>
      </trkpt>
      <trkpt lat="-41.73703" lon="145.94806">
        <ele>1080.89</ele>
      </trkpt>
      <trkpt lat="-41.73711" lon="145.948">
        <ele>1083.02</ele>
      </trkpt>
      <trkpt lat="-41.73734" lon="145.94789">
        <ele>1086.95</ele>
      </trkpt>
      <trkpt lat="-41.73759" lon="145.94773">
        <ele>1089.4</ele>
      </trkpt>
      <trkpt lat="-41.73768" lon="145.94771">
        <ele>1088.15</ele>
      </trkpt>
      <trkpt lat="-41.73775" lon="145.94761">
        <ele>1087.79</ele>
      </trkpt>
      <trkpt lat="-41.73776" lon="145.94759">
        <ele>1087.74</ele>
      </trkpt>
      <trkpt lat="-41.7378" lon="145.94756">
        <ele>1087.41</ele>
      </trkpt>
      <trkpt lat="-41.73784" lon="145.94753">
        <ele>1087.34</ele>
      </trkpt>
      <trkpt lat="-41.73788" lon="145.9475">
        <ele>1087.26</ele>
      </trkpt>
      <trkpt lat="-41.73792" lon="145.94748">
        <ele>1087.27</ele>
      </trkpt>
      <trkpt lat="-41.73795" lon="145.94744">
        <ele>1087.68</ele>
      </trkpt>
      <trkpt lat="-41.73799" lon="145.9474">
        <ele>1088.1</ele>
      </trkpt>
      <trkpt lat="-41.73799" lon="145.9474">
        <ele>1088.1</ele>
      </trkpt>
      <trkpt lat="-41.738" lon="145.9474">
        <ele>1088.06</ele>
      </trkpt>
      <trkpt lat="-41.73805" lon="145.94737">
        <ele>1088.36</ele>
      </trkpt>
      <trkpt lat="-41.73809" lon="145.94734">
        <ele>1088.24</ele>
      </trkpt>
      <trkpt lat="-41.73813" lon="145.94732">
        <ele>1087.82</ele>
      </trkpt>
      <trkpt lat="-41.73818" lon="145.94731">
        <ele>1087.02</ele>
      </trkpt>
      <trkpt lat="-41.73822" lon="145.9473">
        <ele>1086.38</ele>
      </trkpt>
      <trkpt lat="-41.73827" lon="145.94728">
        <ele>1085.65</ele>
      </trkpt>
      <trkpt lat="-41.73827" lon="145.94728">
        <ele>1085.65</ele>
      </trkpt>
      <trkpt lat="-41.73828" lon="145.94727">
        <ele>1085.57</ele>
      </trkpt>
      <trkpt lat="-41.73832" lon="145.94726">
        <ele>1084.87</ele>
      </trkpt>
      <trkpt lat="-41.73837" lon="145.94723">
        <ele>1084.78</ele>
      </trkpt>
      <trkpt lat="-41.73841" lon="145.9472">
        <ele>1085.0</ele>
      </trkpt>
      <trkpt lat="-41.73845" lon="145.94717">
        <ele>1085.17</ele>
      </trkpt>
      <trkpt lat="-41.73849" lon="145.94715">
        <ele>1085.18</ele>
      </trkpt>
      <trkpt lat="-41.73853" lon="145.94712">
        <ele>1085.24</ele>
      </trkpt>
      <trkpt lat="-41.73858" lon="145.94711">
        <ele>1085.01</ele>
      </trkpt>
      <trkpt lat="-41.73862" lon="145.94709">
        <ele>1084.84</ele>
      </trkpt>
      <trkpt lat="-41.73863" lon="145.94709">
        <ele>1084.71</ele>
      </trkpt>
      <trkpt lat="-41.73864" lon="145.94708">
        <ele>1084.66</ele>
      </trkpt>
      <trkpt lat="-41.73869" lon="145.94707">
        <ele>1084.14</ele>
      </trkpt>
      <trkpt lat="-41.73873" lon="145.94706">
        <ele>1083.78</ele>
      </trkpt>
      <trkpt lat="-41.73877" lon="145.94704">
        <ele>1083.58</ele>
      </trkpt>
      <trkpt lat="-41.73877" lon="145.94704">
        <ele>1083.58</ele>
      </trkpt>
      <trkpt lat="-41.73878" lon="145.94704">
        <ele>1083.47</ele>
      </trkpt>
      <trkpt lat="-41.73883" lon="145.94703">
        <ele>1083.08</ele>
      </trkpt>
      <trkpt lat="-41.73887" lon="145.94701">
        <ele>1083.0</ele>
      </trkpt>
      <trkpt lat="-41.7389" lon="145.94699">
        <ele>1083.16</ele>
      </trkpt>
      <trkpt lat="-41.7389" lon="145.947">
        <ele>1082.98</ele>
      </trkpt>
      <trkpt lat="-41.73898" lon="145.94696">
        <ele>1083.45</ele>
      </trkpt>
      <trkpt lat="-41.73898" lon="145.94696">
        <ele>1083.45</ele>
      </trkpt>
      <trkpt lat="-41.73921" lon="145.94689">
        <ele>1082.78</ele>
      </trkpt>
      <trkpt lat="-41.73931" lon="145.94686">
        <ele>1082.17</ele>
      </trkpt>
      <trkpt lat="-41.73942" lon="145.94682">
        <ele>1081.27</ele>
      </trkpt>
      <trkpt lat="-41.73951" lon="145.94678">
        <ele>1080.11</ele>
      </trkpt>
      <trkpt lat="-41.73951" lon="145.94678">
        <ele>1080.11</ele>
      </trkpt>
      <trkpt lat="-41.73963" lon="145.94673">
        <ele>1078.45</ele>
      </trkpt>
      <trkpt lat="-41.73979" lon="145.94669">
        <ele>1077.13</ele>
      </trkpt>
      <trkpt lat="-41.73988" lon="145.94669">
        <ele>1077.07</ele>
      </trkpt>
      <trkpt lat="-41.73988" lon="145.94669">
        <ele>1077.07</ele>
      </trkpt>
      <trkpt lat="-41.73995" lon="145.9467">
        <ele>1077.04</ele>
      </trkpt>
      <trkpt lat="-41.73998" lon="145.94671">
        <ele>1077.02</ele>
      </trkpt>
      <trkpt lat="-41.74002" lon="145.94672">
        <ele>1077.14</ele>
      </trkpt>
      <trkpt lat="-41.74008" lon="145.94676">
        <ele>1077.58</ele>
      </trkpt>
      <trkpt lat="-41.74023" lon="145.94685">
        <ele>1078.66</ele>
      </trkpt>
      <trkpt lat="-41.74026" lon="145.94688">
        <ele>1078.87</ele>
      </trkpt>
      <trkpt lat="-41.74026" lon="145.94688">
        <ele>1078.87</ele>
      </trkpt>
      <trkpt lat="-41.74029" lon="145.9469">
        <ele>1078.88</ele>
      </trkpt>
      <trkpt lat="-41.74034" lon="145.94694">
        <ele>1078.34</ele>
      </trkpt>
      <trkpt lat="-41.74042" lon="145.94698">
        <ele>1077.33</ele>
      </trkpt>
      <trkpt lat="-41.74048" lon="145.947">
        <ele>1076.52</ele>
      </trkpt>
      <trkpt lat="-41.74056" lon="145.94699">
        <ele>1075.57</ele>
      </trkpt>
      <trkpt lat="-41.74065" lon="145.94698">
        <ele>1073.62</ele>
      </trkpt>
      <trkpt lat="-41.74066" lon="145.94697">
        <ele>1073.49</ele>
      </trkpt>
      <trkpt lat="-41.74071" lon="145.94696">
        <ele>1072.49</ele>
      </trkpt>
      <trkpt lat="-41.74076" lon="145.94695">
        <ele>1071.51</ele>
      </trkpt>
      <trkpt lat="-41.7408" lon="145.94695">
        <ele>1070.64</ele>
      </trkpt>
      <trkpt lat="-41.74085" lon="145.94696">
        <ele>1069.72</ele>
      </trkpt>
      <trkpt lat="-41.74089" lon="145.94697">
        <ele>1069.47</ele>
      </trkpt>
      <trkpt lat="-41.74094" lon="145.94698">
        <ele>1069.2</ele>
      </trkpt>
      <trkpt lat="-41.74094" lon="145.94699">
        <ele>1069.09</ele>
      </trkpt>
      <trkpt lat="-41.74095" lon="145.94699">
        <ele>1069.06</ele>
      </trkpt>
      <trkpt lat="-41.74123" lon="145.947">
        <ele>1067.92</ele>
      </trkpt>
      <trkpt lat="-41.74123" lon="145.947">
        <ele>1067.92</ele>
      </trkpt>
      <trkpt lat="-41.74133" lon="145.94701">
        <ele>1067.32</ele>
      </trkpt>
      <trkpt lat="-41.74143" lon="145.94699">
        <ele>1066.41</ele>
      </trkpt>
      <trkpt lat="-41.74155" lon="145.94698">
        <ele>1064.68</ele>
      </trkpt>
      <trkpt lat="-41.74155" lon="145.94698">
        <ele>1064.68</ele>
      </trkpt>
      <trkpt lat="-41.74158" lon="145.94698">
        <ele>1064.25</ele>
      </trkpt>
      <trkpt lat="-41.74168" lon="145.94699">
        <ele>1063.0</ele>
      </trkpt>
      <trkpt lat="-41.7417" lon="145.94698">
        <ele>1063.0</ele>
      </trkpt>
      <trkpt lat="-41.74174" lon="145.94697">
        <ele>1063.0</ele>
      </trkpt>
      <trkpt lat="-41.74179" lon="145.94698">
        <ele>1063.0</ele>
      </trkpt>
      <trkpt lat="-41.74183" lon="145.94699">
        <ele>1063.0</ele>
      </trkpt>
      <trkpt lat="-41.74188" lon="145.94701">
        <ele>1063.0</ele>
      </trkpt>
      <trkpt lat="-41.74193" lon="145.94702">
        <ele>1063.0</ele>
      </trkpt>
      <trkpt lat="-41.74198" lon="145.94702">
        <ele>1063.22</ele>
      </trkpt>
      <trkpt lat="-41.74202" lon="145.94702">
        <ele>1063.47</ele>
      </trkpt>
      <trkpt lat="-41.74207" lon="145.94703">
        <ele>1063.76</ele>
      </trkpt>
      <trkpt lat="-41.74211" lon="145.94704">
        <ele>1063.99</ele>
      </trkpt>
      <trkpt lat="-41.74212" lon="145.94705">
        <ele>1064.02</ele>
      </trkpt>
      <trkpt lat="-41.74217" lon="145.94705">
        <ele>1064.32</ele>
      </trkpt>
      <trkpt lat="-41.74222" lon="145.94703">
        <ele>1064.68</ele>
      </trkpt>
      <trkpt lat="-41.74226" lon="145.94701">
        <ele>1064.28</ele>
      </trkpt>
      <trkpt lat="-41.74231" lon="145.947">
        <ele>1063.66</ele>
      </trkpt>
      <trkpt lat="-41.74236" lon="145.94699">
        <ele>1063.01</ele>
      </trkpt>
      <trkpt lat="-41.7424" lon="145.94699">
        <ele>1062.49</ele>
      </trkpt>
      <trkpt lat="-41.74245" lon="145.94699">
        <ele>1061.82</ele>
      </trkpt>
      <trkpt lat="-41.7425" lon="145.94699">
        <ele>1061.16</ele>
      </trkpt>
      <trkpt lat="-41.74254" lon="145.947">
        <ele>1061.55</ele>
      </trkpt>
      <trkpt lat="-41.74255" lon="145.947">
        <ele>1061.63</ele>
      </trkpt>
      <trkpt lat="-41.74255" lon="145.947">
        <ele>1061.63</ele>
      </trkpt>
      <trkpt lat="-41.74259" lon="145.94702">
        <ele>1062.1</ele>
      </trkpt>
      <trkpt lat="-41.74264" lon="145.94704">
        <ele>1062.7</ele>
      </trkpt>
      <trkpt lat="-41.74268" lon="145.94705">
        <ele>1063.17</ele>
      </trkpt>
      <trkpt lat="-41.74273" lon="145.94704">
        <ele>1063.57</ele>
      </trkpt>
      <trkpt lat="-41.74278" lon="145.94704">
        <ele>1064.02</ele>
      </trkpt>
      <trkpt lat="-41.74282" lon="145.94706">
        <ele>1064.06</ele>
      </trkpt>
      <trkpt lat="-41.74284" lon="145.94706">
        <ele>1063.97</ele>
      </trkpt>
      <trkpt lat="-41.74307" lon="145.94707">
        <ele>1063.31</ele>
      </trkpt>
      <trkpt lat="-41.74315" lon="145.94705">
        <ele>1065.04</ele>
      </trkpt>
      <trkpt lat="-41.74322" lon="145.94708">
        <ele>1066.55</ele>
      </trkpt>
      <trkpt lat="-41.74334" lon="145.94707">
        <ele>1069.02</ele>
      </trkpt>
      <trkpt lat="-41.74338" lon="145.94705">
        <ele>1069.13</ele>
      </trkpt>
      <trkpt lat="-41.74345" lon="145.94706">
        <ele>1069.35</ele>
      </trkpt>
      <trkpt lat="-41.74354" lon="145.94701">
        <ele>1069.35</ele>
      </trkpt>
      <trkpt lat="-41.74362" lon="145.94703">
        <ele>1069.87</ele>
      </trkpt>
      <trkpt lat="-41.74373" lon="145.94705">
        <ele>1073.18</ele>
      </trkpt>
      <trkpt lat="-41.74383" lon="145.94708">
        <ele>1076.28</ele>
      </trkpt>
      <trkpt lat="-41.74392" lon="145.94712">
        <ele>1078.56</ele>
      </trkpt>
      <trkpt lat="-41.74401" lon="145.94711">
        <ele>1079.32</ele>
      </trkpt>
      <trkpt lat="-41.74406" lon="145.94712">
        <ele>1079.89</ele>
      </trkpt>
      <trkpt lat="-41.74407" lon="145.94712">
        <ele>1079.98</ele>
      </trkpt>
      <trkpt lat="-41.74412" lon="145.94712">
        <ele>1080.45</ele>
      </trkpt>
      <trkpt lat="-41.74417" lon="145.94713">
        <ele>1080.98</ele>
      </trkpt>
      <trkpt lat="-41.74421" lon="145.94714">
        <ele>1080.78</ele>
      </trkpt>
      <trkpt lat="-41.74426" lon="145.94714">
        <ele>1080.4</ele>
      </trkpt>
      <trkpt lat="-41.74429" lon="145.94714">
        <ele>1080.17</ele>
      </trkpt>
      <trkpt lat="-41.74447" lon="145.94715">
        <ele>1078.88</ele>
      </trkpt>
      <trkpt lat="-41.74453" lon="145.94717">
        <ele>1078.63</ele>
      </trkpt>
      <trkpt lat="-41.74455" lon="145.94717">
        <ele>1078.55</ele>
      </trkpt>
      <trkpt lat="-41.74459" lon="145.94717">
        <ele>1078.38</ele>
      </trkpt>
      <trkpt lat="-41.74464" lon="145.94716">
        <ele>1078.14</ele>
      </trkpt>
      <trkpt lat="-41.74469" lon="145.94717">
        <ele>1077.95</ele>
      </trkpt>
      <trkpt lat="-41.74473" lon="145.94719">
        <ele>1077.78</ele>
      </trkpt>
      <trkpt lat="-41.74477" lon="145.9472">
        <ele>1077.27</ele>
      </trkpt>
      <trkpt lat="-41.74482" lon="145.9472">
        <ele>1076.6</ele>
      </trkpt>
      <trkpt lat="-41.74486" lon="145.94722">
        <ele>1076.02</ele>
      </trkpt>
      <trkpt lat="-41.74489" lon="145.94722">
        <ele>1075.59</ele>
      </trkpt>
      <trkpt lat="-41.7449" lon="145.94723">
        <ele>1075.45</ele>
      </trkpt>
      <trkpt lat="-41.74495" lon="145.94724">
        <ele>1074.73</ele>
      </trkpt>
      <trkpt lat="-41.74499" lon="145.94725">
        <ele>1074.15</ele>
      </trkpt>
      <trkpt lat="-41.74504" lon="145.94725">
        <ele>1074.45</ele>
      </trkpt>
      <trkpt lat="-41.74509" lon="145.94726">
        <ele>1075.02</ele>
      </trkpt>
      <trkpt lat="-41.74514" lon="145.94726">
        <ele>1075.58</ele>
      </trkpt>
      <trkpt lat="-41.74518" lon="145.94728">
        <ele>1076.08</ele>
      </trkpt>
      <trkpt lat="-41.74523" lon="145.94729">
        <ele>1076.69</ele>
      </trkpt>
      <trkpt lat="-41.74527" lon="145.9473">
        <ele>1077.19</ele>
      </trkpt>
      <trkpt lat="-41.74529" lon="145.94731">
        <ele>1077.43</ele>
      </trkpt>
      <trkpt lat="-41.74531" lon="145.94731">
        <ele>1077.63</ele>
      </trkpt>
      <trkpt lat="-41.74535" lon="145.94733">
        <ele>1078.07</ele>
      </trkpt>
      <trkpt lat="-41.74539" lon="145.94734">
        <ele>1078.46</ele>
      </trkpt>
      <trkpt lat="-41.74544" lon="145.94736">
        <ele>1078.96</ele>
      </trkpt>
      <trkpt lat="-41.74549" lon="145.94736">
        <ele>1079.41</ele>
      </trkpt>
      <trkpt lat="-41.74553" lon="145.94737">
        <ele>1079.77</ele>
      </trkpt>
      <trkpt lat="-41.74558" lon="145.94737">
        <ele>1079.65</ele>
      </trkpt>
      <trkpt lat="-41.74562" lon="145.94738">
        <ele>1079.07</ele>
      </trkpt>
      <trkpt lat="-41.74562" lon="145.94738">
        <ele>1079.07</ele>
      </trkpt>
      <trkpt lat="-41.74573" lon="145.94739">
        <ele>1077.49</ele>
      </trkpt>
      <trkpt lat="-41.74585" lon="145.94742">
        <ele>1076.23</ele>
      </trkpt>
      <trkpt lat="-41.74599" lon="145.94742">
        <ele>1078.17</ele>
      </trkpt>
      <trkpt lat="-41.74606" lon="145.94743">
        <ele>1079.26</ele>
      </trkpt>
      <trkpt lat="-41.74606" lon="145.94743">
        <ele>1079.26</ele>
      </trkpt>
      <trkpt lat="-41.74622" lon="145.94745">
        <ele>1079.89</ele>
      </trkpt>
      <trkpt lat="-41.7463" lon="145.94747">
        <ele>1079.89</ele>
      </trkpt>
      <trkpt lat="-41.74637" lon="145.94744">
        <ele>1079.2</ele>
      </trkpt>
      <trkpt lat="-41.74651" lon="145.94748">
        <ele>1080.21</ele>
      </trkpt>
      <trkpt lat="-41.74659" lon="145.9475">
        <ele>1080.72</ele>
      </trkpt>
      <trkpt lat="-41.74671" lon="145.94751">
        <ele>1081.15</ele>
      </trkpt>
      <trkpt lat="-41.74685" lon="145.94758">
        <ele>1081.47</ele>
      </trkpt>
      <trkpt lat="-41.74696" lon="145.94754">
        <ele>1081.8</ele>
      </trkpt>
      <trkpt lat="-41.74718" lon="145.94757">
        <ele>1080.9</ele>
      </trkpt>
      <trkpt lat="-41.7473" lon="145.94759">
        <ele>1081.89</ele>
      </trkpt>
      <trkpt lat="-41.7475" lon="145.94758">
        <ele>1085.0</ele>
      </trkpt>
      <trkpt lat="-41.74763" lon="145.9476">
        <ele>1084.7</ele>
      </trkpt>
      <trkpt lat="-41.74771" lon="145.94762">
        <ele>1084.57</ele>
      </trkpt>
      <trkpt lat="-41.74776" lon="145.94759">
        <ele>1084.37</ele>
      </trkpt>
      <trkpt lat="-41.74777" lon="145.94759">
        <ele>1084.34</ele>
      </trkpt>
      <trkpt lat="-41.74781" lon="145.94759">
        <ele>1084.72</ele>
      </trkpt>
      <trkpt lat="-41.74786" lon="145.94759">
        <ele>1085.32</ele>
      </trkpt>
      <trkpt lat="-41.7479" lon="145.94759">
        <ele>1085.81</ele>
      </trkpt>
      <trkpt lat="-41.74795" lon="145.94759">
        <ele>1086.42</ele>
      </trkpt>
      <trkpt lat="-41.748" lon="145.9476">
        <ele>1086.92</ele>
      </trkpt>
      <trkpt lat="-41.74802" lon="145.94761">
        <ele>1087.03</ele>
      </trkpt>
      <trkpt lat="-41.74802" lon="145.94761">
        <ele>1087.03</ele>
      </trkpt>
      <trkpt lat="-41.74806" lon="145.94763">
        <ele>1087.16</ele>
      </trkpt>
      <trkpt lat="-41.74811" lon="145.94765">
        <ele>1087.26</ele>
      </trkpt>
      <trkpt lat="-41.74816" lon="145.94765">
        <ele>1087.65</ele>
      </trkpt>
      <trkpt lat="-41.7482" lon="145.94766">
        <ele>1087.89</ele>
      </trkpt>
      <trkpt lat="-41.74825" lon="145.94769">
        <ele>1088.18</ele>
      </trkpt>
      <trkpt lat="-41.74829" lon="145.9477">
        <ele>1088.55</ele>
      </trkpt>
      <trkpt lat="-41.74834" lon="145.94769">
        <ele>1089.02</ele>
      </trkpt>
      <trkpt lat="-41.74836" lon="145.94767">
        <ele>1089.06</ele>
      </trkpt>
      <trkpt lat="-41.74836" lon="145.94767">
        <ele>1089.06</ele>
      </trkpt>
      <trkpt lat="-41.7484" lon="145.94764">
        <ele>1089.12</ele>
      </trkpt>
      <trkpt lat="-41.74845" lon="145.94762">
        <ele>1089.18</ele>
      </trkpt>
      <trkpt lat="-41.74849" lon="145.94762">
        <ele>1089.24</ele>
      </trkpt>
      <trkpt lat="-41.74854" lon="145.94764">
        <ele>1089.37</ele>
      </trkpt>
      <trkpt lat="-41.74858" lon="145.94765">
        <ele>1089.48</ele>
      </trkpt>
      <trkpt lat="-41.74862" lon="145.94767">
        <ele>1089.56</ele>
      </trkpt>
      <trkpt lat="-41.74866" lon="145.94768">
        <ele>1089.36</ele>
      </trkpt>
      <trkpt lat="-41.74866" lon="145.94767">
        <ele>1089.33</ele>
      </trkpt>
      <trkpt lat="-41.7487" lon="145.94768">
        <ele>1089.12</ele>
      </trkpt>
      <trkpt lat="-41.74875" lon="145.94771">
        <ele>1088.88</ele>
      </trkpt>
      <trkpt lat="-41.74879" lon="145.94773">
        <ele>1088.65</ele>
      </trkpt>
      <trkpt lat="-41.74884" lon="145.94774">
        <ele>1088.33</ele>
      </trkpt>
      <trkpt lat="-41.74888" lon="145.94774">
        <ele>1088.06</ele>
      </trkpt>
      <trkpt lat="-41.74893" lon="145.94774">
        <ele>1087.74</ele>
      </trkpt>
      <trkpt lat="-41.74894" lon="145.94774">
        <ele>1087.68</ele>
      </trkpt>
      <trkpt lat="-41.74894" lon="145.94775">
        <ele>1087.67</ele>
      </trkpt>
      <trkpt lat="-41.74899" lon="145.94775">
        <ele>1087.34</ele>
      </trkpt>
      <trkpt lat="-41.74907" lon="145.94775">
        <ele>1086.83</ele>
      </trkpt>
      <trkpt lat="-41.74916" lon="145.94774">
        <ele>1086.31</ele>
      </trkpt>
      <trkpt lat="-41.74921" lon="145.94774">
        <ele>1086.85</ele>
      </trkpt>
      <trkpt lat="-41.74922" lon="145.94774">
        <ele>1086.99</ele>
      </trkpt>
      <trkpt lat="-41.74927" lon="145.94774">
        <ele>1087.66</ele>
      </trkpt>
      <trkpt lat="-41.74932" lon="145.94773">
        <ele>1088.36</ele>
      </trkpt>
      <trkpt lat="-41.74936" lon="145.94771">
        <ele>1088.93</ele>
      </trkpt>
      <trkpt lat="-41.74941" lon="145.94771">
        <ele>1089.56</ele>
      </trkpt>
      <trkpt lat="-41.74945" lon="145.94771">
        <ele>1089.98</ele>
      </trkpt>
      <trkpt lat="-41.7495" lon="145.94771">
        <ele>1089.8</ele>
      </trkpt>
      <trkpt lat="-41.74953" lon="145.9477">
        <ele>1089.69</ele>
      </trkpt>
      <trkpt lat="-41.74953" lon="145.94769">
        <ele>1089.69</ele>
      </trkpt>
      <trkpt lat="-41.74957" lon="145.94767">
        <ele>1089.55</ele>
      </trkpt>
      <trkpt lat="-41.74961" lon="145.94764">
        <ele>1089.4</ele>
      </trkpt>
      <trkpt lat="-41.74965" lon="145.94761">
        <ele>1089.26</ele>
      </trkpt>
      <trkpt lat="-41.7497" lon="145.9476">
        <ele>1089.08</ele>
      </trkpt>
      <trkpt lat="-41.74975" lon="145.94759">
        <ele>1089.03</ele>
      </trkpt>
      <trkpt lat="-41.74977" lon="145.94758">
        <ele>1089.05</ele>
      </trkpt>
      <trkpt lat="-41.74978" lon="145.94757">
        <ele>1089.05</ele>
      </trkpt>
      <trkpt lat="-41.74983" lon="145.94757">
        <ele>1089.1</ele>
      </trkpt>
      <trkpt lat="-41.74988" lon="145.94757">
        <ele>1089.14</ele>
      </trkpt>
      <trkpt lat="-41.74992" lon="145.94754">
        <ele>1089.1</ele>
      </trkpt>
      <trkpt lat="-41.74996" lon="145.94751">
        <ele>1089.03</ele>
      </trkpt>
      <trkpt lat="-41.75" lon="145.94749">
        <ele>1089.0</ele>
      </trkpt>
      <trkpt lat="-41.75005" lon="145.94746">
        <ele>1089.18</ele>
      </trkpt>
      <trkpt lat="-41.75009" lon="145.94743">
        <ele>1089.32</ele>
      </trkpt>
      <trkpt lat="-41.75014" lon="145.94742">
        <ele>1089.5</ele>
      </trkpt>
      <trkpt lat="-41.75017" lon="145.94741">
        <ele>1089.61</ele>
      </trkpt>
      <trkpt lat="-41.7503" lon="145.94732">
        <ele>1090.06</ele>
      </trkpt>
      <trkpt lat="-41.7504" lon="145.94724">
        <ele>1090.06</ele>
      </trkpt>
      <trkpt lat="-41.75049" lon="145.94722">
        <ele>1089.99</ele>
      </trkpt>
      <trkpt lat="-41.75058" lon="145.9472">
        <ele>1090.03</ele>
      </trkpt>
      <trkpt lat="-41.75058" lon="145.9472">
        <ele>1090.03</ele>
      </trkpt>
      <trkpt lat="-41.75077" lon="145.94719">
        <ele>1090.92</ele>
      </trkpt>
      <trkpt lat="-41.75077" lon="145.94719">
        <ele>1090.92</ele>
      </trkpt>
      <trkpt lat="-41.75082" lon="145.94718">
        <ele>1091.23</ele>
      </trkpt>
      <trkpt lat="-41.75092" lon="145.94712">
        <ele>1092.56</ele>
      </trkpt>
      <trkpt lat="-41.75097" lon="145.94709">
        <ele>1093.19</ele>
      </trkpt>
      <trkpt lat="-41.75097" lon="145.94709">
        <ele>1093.19</ele>
      </trkpt>
      <trkpt lat="-41.75099" lon="145.94709">
        <ele>1093.38</ele>
      </trkpt>
      <trkpt lat="-41.75105" lon="145.9471">
        <ele>1093.88</ele>
      </trkpt>
      <trkpt lat="-41.75115" lon="145.94702">
        <ele>1095.33</ele>
      </trkpt>
      <trkpt lat="-41.75124" lon="145.94697">
        <ele>1096.81</ele>
      </trkpt>
      <trkpt lat="-41.75132" lon="145.94693">
        <ele>1097.88</ele>
      </trkpt>
      <trkpt lat="-41.75132" lon="145.94693">
        <ele>1097.88</ele>
      </trkpt>
      <trkpt lat="-41.75142" lon="145.94686">
        <ele>1098.39</ele>
      </trkpt>
      <trkpt lat="-41.75159" lon="145.94675">
        <ele>1098.57</ele>
      </trkpt>
      <trkpt lat="-41.75159" lon="145.94675">
        <ele>1098.57</ele>
      </trkpt>
      <trkpt lat="-41.75171" lon="145.94672">
        <ele>1098.52</ele>
      </trkpt>
      <trkpt lat="-41.75171" lon="145.94672">
        <ele>1098.52</ele>
      </trkpt>
      <trkpt lat="-41.75174" lon="145.94674">
        <ele>1098.58</ele>
      </trkpt>
      <trkpt lat="-41.75181" lon="145.94673">
        <ele>1098.04</ele>
      </trkpt>
      <trkpt lat="-41.75187" lon="145.94672">
        <ele>1097.61</ele>
      </trkpt>
      <trkpt lat="-41.75192" lon="145.94671">
        <ele>1097.29</ele>
      </trkpt>
      <trkpt lat="-41.75197" lon="145.94679">
        <ele>1097.94</ele>
      </trkpt>
      <trkpt lat="-41.75197" lon="145.94679">
        <ele>1097.94</ele>
      </trkpt>
      <trkpt lat="-41.752" lon="145.94681">
        <ele>1098.62</ele>
      </trkpt>
      <trkpt lat="-41.75217" lon="145.9468">
        <ele>1101.93</ele>
      </trkpt>
      <trkpt lat="-41.75223" lon="145.94682">
        <ele>1102.96</ele>
      </trkpt>
      <trkpt lat="-41.75227" lon="145.94684">
        <ele>1102.35</ele>
      </trkpt>
      <trkpt lat="-41.75231" lon="145.94681">
        <ele>1101.44</ele>
      </trkpt>
      <trkpt lat="-41.75253" lon="145.9468">
        <ele>1097.89</ele>
      </trkpt>
      <trkpt lat="-41.75253" lon="145.9468">
        <ele>1097.89</ele>
      </trkpt>
      <trkpt lat="-41.7526" lon="145.94679">
        <ele>1097.64</ele>
      </trkpt>
      <trkpt lat="-41.75264" lon="145.94676">
        <ele>1097.5</ele>
      </trkpt>
      <trkpt lat="-41.75267" lon="145.94674">
        <ele>1097.39</ele>
      </trkpt>
      <trkpt lat="-41.75273" lon="145.94674">
        <ele>1097.17</ele>
      </trkpt>
      <trkpt lat="-41.75293" lon="145.94681">
        <ele>1097.83</ele>
      </trkpt>
      <trkpt lat="-41.75301" lon="145.94686">
        <ele>1098.42</ele>
      </trkpt>
      <trkpt lat="-41.75301" lon="145.94686">
        <ele>1098.42</ele>
      </trkpt>
      <trkpt lat="-41.75308" lon="145.94688">
        <ele>1098.61</ele>
      </trkpt>
      <trkpt lat="-41.75315" lon="145.94693">
        <ele>1098.29</ele>
      </trkpt>
      <trkpt lat="-41.75325" lon="145.94696">
        <ele>1097.47</ele>
      </trkpt>
      <trkpt lat="-41.75329" lon="145.94698">
        <ele>1097.04</ele>
      </trkpt>
      <trkpt lat="-41.75329" lon="145.94698">
        <ele>1097.04</ele>
      </trkpt>
      <trkpt lat="-41.75337" lon="145.94702">
        <ele>1095.77</ele>
      </trkpt>
      <trkpt lat="-41.7534" lon="145.94704">
        <ele>1095.12</ele>
      </trkpt>
      <trkpt lat="-41.75347" lon="145.94714">
        <ele>1093.68</ele>
      </trkpt>
      <trkpt lat="-41.75352" lon="145.94721">
        <ele>1092.98</ele>
      </trkpt>
      <trkpt lat="-41.75357" lon="145.94723">
        <ele>1092.43</ele>
      </trkpt>
      <trkpt lat="-41.75368" lon="145.94735">
        <ele>1091.75</ele>
      </trkpt>
      <trkpt lat="-41.75369" lon="145.94737">
        <ele>1091.72</ele>
      </trkpt>
      <trkpt lat="-41.75384" lon="145.9475">
        <ele>1091.18</ele>
      </trkpt>
      <trkpt lat="-41.75384" lon="145.9475">
        <ele>1091.18</ele>
      </trkpt>
      <trkpt lat="-41.75398" lon="145.94761">
        <ele>1092.78</ele>
      </trkpt>
      <trkpt lat="-41.75402" lon="145.94766">
        <ele>1093.33</ele>
      </trkpt>
      <trkpt lat="-41.75405" lon="145.94768">
        <ele>1093.56</ele>
      </trkpt>
      <trkpt lat="-41.75416" lon="145.94772">
        <ele>1093.99</ele>
      </trkpt>
      <trkpt lat="-41.75422" lon="145.94782">
        <ele>1093.61</ele>
      </trkpt>
      <trkpt lat="-41.75422" lon="145.94782">
        <ele>1093.61</ele>
      </trkpt>
      <trkpt lat="-41.75424" lon="145.94785">
        <ele>1093.54</ele>
      </trkpt>
      <trkpt lat="-41.75427" lon="145.94786">
        <ele>1093.29</ele>
      </trkpt>
      <trkpt lat="-41.75434" lon="145.94789">
        <ele>1092.78</ele>
      </trkpt>
      <trkpt lat="-41.75438" lon="145.94793">
        <ele>1092.66</ele>
      </trkpt>
      <trkpt lat="-41.75442" lon="145.94791">
        <ele>1092.17</ele>
      </trkpt>
      <trkpt lat="-41.75444" lon="145.94793">
        <ele>1092.14</ele>
      </trkpt>
      <trkpt lat="-41.75454" lon="145.94795">
        <ele>1091.77</ele>
      </trkpt>
      <trkpt lat="-41.75454" lon="145.94795">
        <ele>1091.77</ele>
      </trkpt>
      <trkpt lat="-41.75459" lon="145.94795">
        <ele>1091.52</ele>
      </trkpt>
      <trkpt lat="-41.75465" lon="145.94798">
        <ele>1091.51</ele>
      </trkpt>
      <trkpt lat="-41.75468" lon="145.94802">
        <ele>1091.79</ele>
      </trkpt>
      <trkpt lat="-41.75471" lon="145.94802">
        <ele>1091.67</ele>
      </trkpt>
      <trkpt lat="-41.75483" lon="145.94805">
        <ele>1090.81</ele>
      </trkpt>
      <trkpt lat="-41.75499" lon="145.94811">
        <ele>1089.11</ele>
      </trkpt>
      <trkpt lat="-41.75516" lon="145.94814">
        <ele>1090.15</ele>
      </trkpt>
      <trkpt lat="-41.7552" lon="145.94813">
        <ele>1090.44</ele>
      </trkpt>
      <trkpt lat="-41.7552" lon="145.94813">
        <ele>1090.44</ele>
      </trkpt>
      <trkpt lat="-41.75536" lon="145.94812">
        <ele>1089.54</ele>
      </trkpt>
      <trkpt lat="-41.75539" lon="145.94811">
        <ele>1089.07</ele>
      </trkpt>
      <trkpt lat="-41.7555" lon="145.94815">
        <ele>1086.71</ele>
      </trkpt>
      <trkpt lat="-41.75558" lon="145.94816">
        <ele>1085.1</ele>
      </trkpt>
      <trkpt lat="-41.75565" lon="145.94813">
        <ele>1084.25</ele>
      </trkpt>
      <trkpt lat="-41.7557" lon="145.94812">
        <ele>1083.43</ele>
      </trkpt>
      <trkpt lat="-41.75571" lon="145.94812">
        <ele>1083.25</ele>
      </trkpt>
      <trkpt lat="-41.75576" lon="145.94813">
        <ele>1082.3</ele>
      </trkpt>
      <trkpt lat="-41.7558" lon="145.94817">
        <ele>1081.52</ele>
      </trkpt>
      <trkpt lat="-41.75583" lon="145.94821">
        <ele>1081.05</ele>
      </trkpt>
      <trkpt lat="-41.75585" lon="145.94823">
        <ele>1080.84</ele>
      </trkpt>
      <trkpt lat="-41.75609" lon="145.94835">
        <ele>1079.21</ele>
      </trkpt>
      <trkpt lat="-41.75622" lon="145.94841">
        <ele>1078.99</ele>
      </trkpt>
      <trkpt lat="-41.75622" lon="145.94842">
        <ele>1079.04</ele>
      </trkpt>
      <trkpt lat="-41.75625" lon="145.94847">
        <ele>1079.24</ele>
      </trkpt>
      <trkpt lat="-41.75628" lon="145.94852">
        <ele>1079.47</ele>
      </trkpt>
      <trkpt lat="-41.75632" lon="145.94855">
        <ele>1079.61</ele>
      </trkpt>
      <trkpt lat="-41.75636" lon="145.94858">
        <ele>1079.79</ele>
      </trkpt>
      <trkpt lat="-41.7564" lon="145.94862">
        <ele>1079.55</ele>
      </trkpt>
      <trkpt lat="-41.75641" lon="145.94868">
        <ele>1078.61</ele>
      </trkpt>
      <trkpt lat="-41.75643" lon="145.94873">
        <ele>1077.51</ele>
      </trkpt>
      <trkpt lat="-41.75644" lon="145.94874">
        <ele>1077.12</ele>
      </trkpt>
      <trkpt lat="-41.75645" lon="145.94873">
        <ele>1076.92</ele>
      </trkpt>
      <trkpt lat="-41.7565" lon="145.94874">
        <ele>1075.38</ele>
      </trkpt>
      <trkpt lat="-41.75654" lon="145.9487">
        <ele>1074.49</ele>
      </trkpt>
      <trkpt lat="-41.75655" lon="145.94864">
        <ele>1074.59</ele>
      </trkpt>
      <trkpt lat="-41.75657" lon="145.94858">
        <ele>1074.05</ele>
      </trkpt>
      <trkpt lat="-41.7566" lon="145.94854">
        <ele>1073.04</ele>
      </trkpt>
      <trkpt lat="-41.75665" lon="145.94855">
        <ele>1071.51</ele>
      </trkpt>
      <trkpt lat="-41.75669" lon="145.94858">
        <ele>1069.98</ele>
      </trkpt>
      <trkpt lat="-41.75672" lon="145.94863">
        <ele>1068.64</ele>
      </trkpt>
      <trkpt lat="-41.75673" lon="145.94869">
        <ele>1068.04</ele>
      </trkpt>
      <trkpt lat="-41.75675" lon="145.94875">
        <ele>1067.05</ele>
      </trkpt>
      <trkpt lat="-41.75676" lon="145.94881">
        <ele>1066.49</ele>
      </trkpt>
      <trkpt lat="-41.75675" lon="145.94887">
        <ele>1066.75</ele>
      </trkpt>
      <trkpt lat="-41.75675" lon="145.94893">
        <ele>1066.74</ele>
      </trkpt>
      <trkpt lat="-41.75678" lon="145.94898">
        <ele>1065.65</ele>
      </trkpt>
      <trkpt lat="-41.75679" lon="145.94898">
        <ele>1065.26</ele>
      </trkpt>
      <trkpt lat="-41.75679" lon="145.94899">
        <ele>1065.28</ele>
      </trkpt>
      <trkpt lat="-41.75682" lon="145.94899">
        <ele>1064.13</ele>
      </trkpt>
      <trkpt lat="-41.75702" lon="145.94893">
        <ele>1057.79</ele>
      </trkpt>
      <trkpt lat="-41.75713" lon="145.94895">
        <ele>1055.88</ele>
      </trkpt>
      <trkpt lat="-41.75723" lon="145.94898">
        <ele>1054.05</ele>
      </trkpt>
      <trkpt lat="-41.75741" lon="145.94892">
        <ele>1047.35</ele>
      </trkpt>
      <trkpt lat="-41.75742" lon="145.94892">
        <ele>1046.99</ele>
      </trkpt>
      <trkpt lat="-41.75746" lon="145.9489">
        <ele>1045.48</ele>
      </trkpt>
      <trkpt lat="-41.7575" lon="145.94887">
        <ele>1043.8</ele>
      </trkpt>
      <trkpt lat="-41.75754" lon="145.94882">
        <ele>1041.85</ele>
      </trkpt>
      <trkpt lat="-41.75759" lon="145.94881">
        <ele>1039.96</ele>
      </trkpt>
      <trkpt lat="-41.75763" lon="145.9488">
        <ele>1038.38</ele>
      </trkpt>
      <trkpt lat="-41.75769" lon="145.94879">
        <ele>1036.05</ele>
      </trkpt>
      <trkpt lat="-41.75773" lon="145.94879">
        <ele>1034.6</ele>
      </trkpt>
      <trkpt lat="-41.75778" lon="145.94879">
        <ele>1032.81</ele>
      </trkpt>
      <trkpt lat="-41.75779" lon="145.94877">
        <ele>1032.13</ele>
      </trkpt>
      <trkpt lat="-41.7578" lon="145.94877">
        <ele>1031.88</ele>
      </trkpt>
      <trkpt lat="-41.75784" lon="145.94875">
        <ele>1030.54</ele>
      </trkpt>
      <trkpt lat="-41.75788" lon="145.94871">
        <ele>1029.01</ele>
      </trkpt>
      <trkpt lat="-41.75792" lon="145.94868">
        <ele>1027.81</ele>
      </trkpt>
      <trkpt lat="-41.75797" lon="145.94867">
        <ele>1026.77</ele>
      </trkpt>
      <trkpt lat="-41.75799" lon="145.94867">
        <ele>1026.41</ele>
      </trkpt>
      <trkpt lat="-41.75824" lon="145.94869">
        <ele>1021.96</ele>
      </trkpt>
      <trkpt lat="-41.75834" lon="145.94867">
        <ele>1020.14</ele>
      </trkpt>
      <trkpt lat="-41.7584" lon="145.94864">
        <ele>1019.38</ele>
      </trkpt>
      <trkpt lat="-41.75846" lon="145.94868">
        <ele>1018.88</ele>
      </trkpt>
      <trkpt lat="-41.75866" lon="145.94868">
        <ele>1016.15</ele>
      </trkpt>
      <trkpt lat="-41.75878" lon="145.94863">
        <ele>1012.94</ele>
      </trkpt>
      <trkpt lat="-41.75878" lon="145.94863">
        <ele>1012.94</ele>
      </trkpt>
      <trkpt lat="-41.75887" lon="145.94861">
        <ele>1010.46</ele>
      </trkpt>
      <trkpt lat="-41.75898" lon="145.9486">
        <ele>1008.27</ele>
      </trkpt>
      <trkpt lat="-41.75898" lon="145.9486">
        <ele>1008.27</ele>
      </trkpt>
      <trkpt lat="-41.75915" lon="145.94865">
        <ele>1005.86</ele>
      </trkpt>
      <trkpt lat="-41.75923" lon="145.9487">
        <ele>1006.44</ele>
      </trkpt>
      <trkpt lat="-41.75923" lon="145.9487">
        <ele>1006.44</ele>
      </trkpt>
      <trkpt lat="-41.75932" lon="145.94877">
        <ele>1007.13</ele>
      </trkpt>
      <trkpt lat="-41.75932" lon="145.94877">
        <ele>1007.13</ele>
      </trkpt>
      <trkpt lat="-41.75942" lon="145.94873">
        <ele>1006.97</ele>
      </trkpt>
      <trkpt lat="-41.75942" lon="145.94873">
        <ele>1006.97</ele>
      </trkpt>
      <trkpt lat="-41.7595" lon="145.94875">
        <ele>1006.2</ele>
      </trkpt>
      <trkpt lat="-41.75956" lon="145.9488">
        <ele>1005.19</ele>
      </trkpt>
      <trkpt lat="-41.75957" lon="145.9488">
        <ele>1005.03</ele>
      </trkpt>
      <trkpt lat="-41.75962" lon="145.94879">
        <ele>1004.29</ele>
      </trkpt>
      <trkpt lat="-41.75966" lon="145.94881">
        <ele>1003.56</ele>
      </trkpt>
      <trkpt lat="-41.75971" lon="145.94883">
        <ele>1002.63</ele>
      </trkpt>
      <trkpt lat="-41.75975" lon="145.94884">
        <ele>1002.47</ele>
      </trkpt>
      <trkpt lat="-41.7598" lon="145.94885">
        <ele>1002.6</ele>
      </trkpt>
      <trkpt lat="-41.7598" lon="145.94885">
        <ele>1002.6</ele>
      </trkpt>
      <trkpt lat="-41.7598" lon="145.94884">
        <ele>1002.68</ele>
      </trkpt>
      <trkpt lat="-41.75985" lon="145.94886">
        <ele>1002.72</ele>
      </trkpt>
      <trkpt lat="-41.7599" lon="145.94886">
        <ele>1002.91</ele>
      </trkpt>
      <trkpt lat="-41.75994" lon="145.94885">
        <ele>1003.17</ele>
      </trkpt>
      <trkpt lat="-41.75996" lon="145.94885">
        <ele>1003.26</ele>
      </trkpt>
      <trkpt lat="-41.75996" lon="145.94885">
        <ele>1003.26</ele>
      </trkpt>
      <trkpt lat="-41.76" lon="145.94886">
        <ele>1003.31</ele>
      </trkpt>
      <trkpt lat="-41.76005" lon="145.94886">
        <ele>1003.47</ele>
      </trkpt>
      <trkpt lat="-41.7601" lon="145.94884">
        <ele>1003.82</ele>
      </trkpt>
      <trkpt lat="-41.76013" lon="145.9488">
        <ele>1004.28</ele>
      </trkpt>
      <trkpt lat="-41.76014" lon="145.9488">
        <ele>1004.3</ele>
      </trkpt>
      <trkpt lat="-41.76015" lon="145.94881">
        <ele>1004.24</ele>
      </trkpt>
      <trkpt lat="-41.7602" lon="145.9488">
        <ele>1004.45</ele>
      </trkpt>
      <trkpt lat="-41.76024" lon="145.94881">
        <ele>1004.47</ele>
      </trkpt>
      <trkpt lat="-41.76027" lon="145.94882">
        <ele>1004.47</ele>
      </trkpt>
      <trkpt lat="-41.76028" lon="145.94883">
        <ele>1004.41</ele>
      </trkpt>
      <trkpt lat="-41.76033" lon="145.94882">
        <ele>1004.07</ele>
      </trkpt>
      <trkpt lat="-41.76038" lon="145.94882">
        <ele>1003.67</ele>
      </trkpt>
      <trkpt lat="-41.76042" lon="145.9488">
        <ele>1003.45</ele>
      </trkpt>
      <trkpt lat="-41.76046" lon="145.94877">
        <ele>1003.26</ele>
      </trkpt>
      <trkpt lat="-41.76047" lon="145.94877">
        <ele>1003.18</ele>
      </trkpt>
      <trkpt lat="-41.76052" lon="145.94874">
        <ele>1002.86</ele>
      </trkpt>
      <trkpt lat="-41.76056" lon="145.94872">
        <ele>1002.58</ele>
      </trkpt>
      <trkpt lat="-41.7606" lon="145.9487">
        <ele>1002.42</ele>
      </trkpt>
      <trkpt lat="-41.76065" lon="145.94869">
        <ele>1002.18</ele>
      </trkpt>
      <trkpt lat="-41.76065" lon="145.9487">
        <ele>1002.12</ele>
      </trkpt>
      <trkpt lat="-41.76065" lon="145.9487">
        <ele>1002.12</ele>
      </trkpt>
      <trkpt lat="-41.7607" lon="145.94872">
        <ele>1001.68</ele>
      </trkpt>
      <trkpt lat="-41.76074" lon="145.94873">
        <ele>1001.34</ele>
      </trkpt>
      <trkpt lat="-41.76079" lon="145.94874">
        <ele>1000.91</ele>
      </trkpt>
      <trkpt lat="-41.76083" lon="145.94872">
        <ele>1000.85</ele>
      </trkpt>
      <trkpt lat="-41.76088" lon="145.94871">
        <ele>1000.38</ele>
      </trkpt>
      <trkpt lat="-41.76088" lon="145.94871">
        <ele>1000.38</ele>
      </trkpt>
      <trkpt lat="-41.76088" lon="145.94871">
        <ele>1000.38</ele>
      </trkpt>
      <trkpt lat="-41.76093" lon="145.94871">
        <ele>999.79</ele>
      </trkpt>
      <trkpt lat="-41.76097" lon="145.94868">
        <ele>999.53</ele>
      </trkpt>
      <trkpt lat="-41.76101" lon="145.94864">
        <ele>999.28</ele>
      </trkpt>
      <trkpt lat="-41.76105" lon="145.94863">
        <ele>998.78</ele>
      </trkpt>
      <trkpt lat="-41.76105" lon="145.94862">
        <ele>998.83</ele>
      </trkpt>
      <trkpt lat="-41.76108" lon="145.94862">
        <ele>998.41</ele>
      </trkpt>
      <trkpt lat="-41.76107" lon="145.94862">
        <ele>998.55</ele>
      </trkpt>
      <trkpt lat="-41.76124" lon="145.94868">
        <ele>997.99</ele>
      </trkpt>
      <trkpt lat="-41.76131" lon="145.94867">
        <ele>998.2</ele>
      </trkpt>
      <trkpt lat="-41.76131" lon="145.94867">
        <ele>998.2</ele>
      </trkpt>
      <trkpt lat="-41.76133" lon="145.94866">
        <ele>998.33</ele>
      </trkpt>
      <trkpt lat="-41.76139" lon="145.94867">
        <ele>998.39</ele>
      </trkpt>
      <trkpt lat="-41.76148" lon="145.94867">
        <ele>1000.8</ele>
      </trkpt>
      <trkpt lat="-41.7616" lon="145.94863">
        <ele>1004.22</ele>
      </trkpt>
      <trkpt lat="-41.76169" lon="145.94861">
        <ele>1005.92</ele>
      </trkpt>
      <trkpt lat="-41.76172" lon="145.9486">
        <ele>1005.85</ele>
      </trkpt>
      <trkpt lat="-41.76172" lon="145.94859">
        <ele>1005.88</ele>
      </trkpt>
      <trkpt lat="-41.76176" lon="145.94857">
        <ele>1005.81</ele>
      </trkpt>
      <trkpt lat="-41.76179" lon="145.94856">
        <ele>1005.74</ele>
      </trkpt>
      <trkpt lat="-41.76183" lon="145.94856">
        <ele>1005.6</ele>
      </trkpt>
      <trkpt lat="-41.76183" lon="145.94856">
        <ele>1005.6</ele>
      </trkpt>
      <trkpt lat="-41.76188" lon="145.94857">
        <ele>1005.38</ele>
      </trkpt>
      <trkpt lat="-41.76192" lon="145.94858">
        <ele>1005.2</ele>
      </trkpt>
      <trkpt lat="-41.76196" lon="145.94858">
        <ele>1004.89</ele>
      </trkpt>
      <trkpt lat="-41.76196" lon="145.94857">
        <ele>1004.93</ele>
      </trkpt>
      <trkpt lat="-41.762" lon="145.94854">
        <ele>1004.51</ele>
      </trkpt>
      <trkpt lat="-41.76205" lon="145.94852">
        <ele>1003.93</ele>
      </trkpt>
      <trkpt lat="-41.76209" lon="145.94853">
        <ele>1003.35</ele>
      </trkpt>
      <trkpt lat="-41.76214" lon="145.94853">
        <ele>1002.68</ele>
      </trkpt>
      <trkpt lat="-41.76217" lon="145.94853">
        <ele>1002.28</ele>
      </trkpt>
      <trkpt lat="-41.76218" lon="145.94853">
        <ele>1002.15</ele>
      </trkpt>
      <trkpt lat="-41.76222" lon="145.94851">
        <ele>1001.76</ele>
      </trkpt>
      <trkpt lat="-41.76227" lon="145.9485">
        <ele>1002.04</ele>
      </trkpt>
      <trkpt lat="-41.76232" lon="145.94849">
        <ele>1002.38</ele>
      </trkpt>
      <trkpt lat="-41.76236" lon="145.9485">
        <ele>1002.49</ele>
      </trkpt>
      <trkpt lat="-41.76241" lon="145.94851">
        <ele>1002.65</ele>
      </trkpt>
      <trkpt lat="-41.76245" lon="145.94853">
        <ele>1002.64</ele>
      </trkpt>
      <trkpt lat="-41.76248" lon="145.94854">
        <ele>1002.68</ele>
      </trkpt>
      <trkpt lat="-41.76251" lon="145.94857">
        <ele>1002.62</ele>
      </trkpt>
      <trkpt lat="-41.76251" lon="145.94857">
        <ele>1002.62</ele>
      </trkpt>
      <trkpt lat="-41.76259" lon="145.9486">
        <ele>1003.74</ele>
      </trkpt>
      <trkpt lat="-41.76266" lon="145.94862">
        <ele>1004.72</ele>
      </trkpt>
      <trkpt lat="-41.76276" lon="145.94863">
        <ele>1006.23</ele>
      </trkpt>
      <trkpt lat="-41.76281" lon="145.94861">
        <ele>1007.13</ele>
      </trkpt>
      <trkpt lat="-41.76294" lon="145.94872">
        <ele>1004.61</ele>
      </trkpt>
      <trkpt lat="-41.76306" lon="145.94882">
        <ele>1002.05</ele>
      </trkpt>
      <trkpt lat="-41.76309" lon="145.94883">
        <ele>1002.21</ele>
      </trkpt>
      <trkpt lat="-41.76309" lon="145.94883">
        <ele>1002.21</ele>
      </trkpt>
      <trkpt lat="-41.76315" lon="145.94886">
        <ele>1002.39</ele>
      </trkpt>
      <trkpt lat="-41.7632" lon="145.94883">
        <ele>1003.86</ele>
      </trkpt>
      <trkpt lat="-41.76324" lon="145.94884">
        <ele>1004.26</ele>
      </trkpt>
      <trkpt lat="-41.76337" lon="145.94896">
        <ele>1004.32</ele>
      </trkpt>
      <trkpt lat="-41.76357" lon="145.94907">
        <ele>1002.29</ele>
      </trkpt>
      <trkpt lat="-41.76362" lon="145.94911">
        <ele>1001.43</ele>
      </trkpt>
      <trkpt lat="-41.76362" lon="145.94912">
        <ele>1001.32</ele>
      </trkpt>
      <trkpt lat="-41.76375" lon="145.9493">
        <ele>997.28</ele>
      </trkpt>
      <trkpt lat="-41.76389" lon="145.94947">
        <ele>992.74</ele>
      </trkpt>
      <trkpt lat="-41.7639" lon="145.94951">
        <ele>992.41</ele>
      </trkpt>
      <trkpt lat="-41.76394" lon="145.94958">
        <ele>992.09</ele>
      </trkpt>
      <trkpt lat="-41.76403" lon="145.94969">
        <ele>991.87</ele>
      </trkpt>
      <trkpt lat="-41.76404" lon="145.9497">
        <ele>991.87</ele>
      </trkpt>
      <trkpt lat="-41.76408" lon="145.94982">
        <ele>990.85</ele>
      </trkpt>
      <trkpt lat="-41.76411" lon="145.94985">
        <ele>990.56</ele>
      </trkpt>
      <trkpt lat="-41.76418" lon="145.94991">
        <ele>989.62</ele>
      </trkpt>
      <trkpt lat="-41.76436" lon="145.94998">
        <ele>988.36</ele>
      </trkpt>
      <trkpt lat="-41.76443" lon="145.95001">
        <ele>987.9</ele>
      </trkpt>
      <trkpt lat="-41.7645" lon="145.95006">
        <ele>987.31</ele>
      </trkpt>
      <trkpt lat="-41.76456" lon="145.9501">
        <ele>986.77</ele>
      </trkpt>
      <trkpt lat="-41.76464" lon="145.95013">
        <ele>986.27</ele>
      </trkpt>
      <trkpt lat="-41.76468" lon="145.95015">
        <ele>985.92</ele>
      </trkpt>
      <trkpt lat="-41.76468" lon="145.9502">
        <ele>985.23</ele>
      </trkpt>
      <trkpt lat="-41.76469" lon="145.95023">
        <ele>984.78</ele>
      </trkpt>
      <trkpt lat="-41.76471" lon="145.95029">
        <ele>983.91</ele>
      </trkpt>
      <trkpt lat="-41.76475" lon="145.95031">
        <ele>983.14</ele>
      </trkpt>
      <trkpt lat="-41.76478" lon="145.95031">
        <ele>982.59</ele>
      </trkpt>
      <trkpt lat="-41.76482" lon="145.95033">
        <ele>981.61</ele>
      </trkpt>
      <trkpt lat="-41.76489" lon="145.95036">
        <ele>979.91</ele>
      </trkpt>
      <trkpt lat="-41.7649" lon="145.95035">
        <ele>979.85</ele>
      </trkpt>
      <trkpt lat="-41.76493" lon="145.95038">
        <ele>978.88</ele>
      </trkpt>
      <trkpt lat="-41.76496" lon="145.95042">
        <ele>977.75</ele>
      </trkpt>
      <trkpt lat="-41.76497" lon="145.95046">
        <ele>976.99</ele>
      </trkpt>
      <trkpt lat="-41.76501" lon="145.95053">
        <ele>975.18</ele>
      </trkpt>
      <trkpt lat="-41.76501" lon="145.95058">
        <ele>974.39</ele>
      </trkpt>
      <trkpt lat="-41.76519" lon="145.95072">
        <ele>969.83</ele>
      </trkpt>
      <trkpt lat="-41.76524" lon="145.95077">
        <ele>968.82</ele>
      </trkpt>
      <trkpt lat="-41.7653" lon="145.95081">
        <ele>968.3</ele>
      </trkpt>
      <trkpt lat="-41.76534" lon="145.95082">
        <ele>968.5</ele>
      </trkpt>
      <trkpt lat="-41.76539" lon="145.95083">
        <ele>968.81</ele>
      </trkpt>
      <trkpt lat="-41.76542" lon="145.95085">
        <ele>969.27</ele>
      </trkpt>
      <trkpt lat="-41.76548" lon="145.9509">
        <ele>970.53</ele>
      </trkpt>
      <trkpt lat="-41.76564" lon="145.95109">
        <ele>972.49</ele>
      </trkpt>
      <trkpt lat="-41.7657" lon="145.95113">
        <ele>970.7</ele>
      </trkpt>
      <trkpt lat="-41.76573" lon="145.95115">
        <ele>969.66</ele>
      </trkpt>
      <trkpt lat="-41.7658" lon="145.95126">
        <ele>966.48</ele>
      </trkpt>
      <trkpt lat="-41.76588" lon="145.95125">
        <ele>967.01</ele>
      </trkpt>
      <trkpt lat="-41.76588" lon="145.95125">
        <ele>967.01</ele>
      </trkpt>
      <trkpt lat="-41.76595" lon="145.95124">
        <ele>969.39</ele>
      </trkpt>
      <trkpt lat="-41.76598" lon="145.95126">
        <ele>970.14</ele>
      </trkpt>
      <trkpt lat="-41.7661" lon="145.95138">
        <ele>972.74</ele>
      </trkpt>
      <trkpt lat="-41.76614" lon="145.95141">
        <ele>973.18</ele>
      </trkpt>
      <trkpt lat="-41.76623" lon="145.95157">
        <ele>972.48</ele>
      </trkpt>
      <trkpt lat="-41.76631" lon="145.9516">
        <ele>973.04</ele>
      </trkpt>
      <trkpt lat="-41.7663" lon="145.95161">
        <ele>972.79</ele>
      </trkpt>
      <trkpt lat="-41.76643" lon="145.95167">
        <ele>972.39</ele>
      </trkpt>
      <trkpt lat="-41.76649" lon="145.95169">
        <ele>971.43</ele>
      </trkpt>
      <trkpt lat="-41.76654" lon="145.95173">
        <ele>970.47</ele>
      </trkpt>
      <trkpt lat="-41.76659" lon="145.95178">
        <ele>969.4</ele>
      </trkpt>
      <trkpt lat="-41.76666" lon="145.9518">
        <ele>968.15</ele>
      </trkpt>
      <trkpt lat="-41.76681" lon="145.95184">
        <ele>967.95</ele>
      </trkpt>
      <trkpt lat="-41.76684" lon="145.95185">
        <ele>967.89</ele>
      </trkpt>
      <trkpt lat="-41.76687" lon="145.95187">
        <ele>967.73</ele>
      </trkpt>
      <trkpt lat="-41.76699" lon="145.9519">
        <ele>967.45</ele>
      </trkpt>
      <trkpt lat="-41.76703" lon="145.95193">
        <ele>967.14</ele>
      </trkpt>
      <trkpt lat="-41.76714" lon="145.95199">
        <ele>966.61</ele>
      </trkpt>
      <trkpt lat="-41.76723" lon="145.952">
        <ele>966.46</ele>
      </trkpt>
      <trkpt lat="-41.76724" lon="145.952">
        <ele>966.54</ele>
      </trkpt>
      <trkpt lat="-41.76735" lon="145.95203">
        <ele>967.14</ele>
      </trkpt>
      <trkpt lat="-41.76742" lon="145.95219">
        <ele>966.4</ele>
      </trkpt>
      <trkpt lat="-41.7675" lon="145.95231">
        <ele>966.37</ele>
      </trkpt>
      <trkpt lat="-41.7675" lon="145.95231">
        <ele>966.37</ele>
      </trkpt>
      <trkpt lat="-41.76752" lon="145.95227">
        <ele>966.94</ele>
      </trkpt>
      <trkpt lat="-41.76755" lon="145.95227">
        <ele>967.38</ele>
      </trkpt>
      <trkpt lat="-41.76761" lon="145.95227">
        <ele>968.24</ele>
      </trkpt>
      <trkpt lat="-41.76771" lon="145.95228">
        <ele>969.61</ele>
      </trkpt>
      <trkpt lat="-41.76776" lon="145.95227">
        <ele>970.4</ele>
      </trkpt>
      <trkpt lat="-41.76776" lon="145.95227">
        <ele>970.4</ele>
      </trkpt>
      <trkpt lat="-41.76794" lon="145.95237">
        <ele>970.45</ele>
      </trkpt>
      <trkpt lat="-41.76803" lon="145.95243">
        <ele>969.51</ele>
      </trkpt>
      <trkpt lat="-41.76806" lon="145.95247">
        <ele>968.65</ele>
      </trkpt>
      <trkpt lat="-41.76811" lon="145.95254">
        <ele>967.02</ele>
      </trkpt>
      <trkpt lat="-41.76817" lon="145.95261">
        <ele>965.39</ele>
      </trkpt>
      <trkpt lat="-41.76817" lon="145.95261">
        <ele>965.39</ele>
      </trkpt>
      <trkpt lat="-41.76827" lon="145.95268">
        <ele>963.96</ele>
      </trkpt>
      <trkpt lat="-41.76835" lon="145.95273">
        <ele>963.24</ele>
      </trkpt>
      <trkpt lat="-41.76839" lon="145.95289">
        <ele>961.6</ele>
      </trkpt>
      <trkpt lat="-41.76841" lon="145.95303">
        <ele>960.38</ele>
      </trkpt>
      <trkpt lat="-41.76843" lon="145.95313">
        <ele>959.87</ele>
      </trkpt>
      <trkpt lat="-41.76852" lon="145.95326">
        <ele>960.96</ele>
      </trkpt>
      <trkpt lat="-41.76854" lon="145.95333">
        <ele>961.22</ele>
      </trkpt>
      <trkpt lat="-41.76858" lon="145.95342">
        <ele>962.77</ele>
      </trkpt>
      <trkpt lat="-41.76862" lon="145.95372">
        <ele>965.53</ele>
      </trkpt>
      <trkpt lat="-41.76865" lon="145.95378">
        <ele>966.25</ele>
      </trkpt>
      <trkpt lat="-41.76871" lon="145.95385">
        <ele>967.59</ele>
      </trkpt>
      <trkpt lat="-41.76878" lon="145.95402">
        <ele>969.8</ele>
      </trkpt>
      <trkpt lat="-41.7688" lon="145.95405">
        <ele>970.37</ele>
      </trkpt>
      <trkpt lat="-41.7688" lon="145.95406">
        <ele>970.43</ele>
      </trkpt>
      <trkpt lat="-41.76884" lon="145.95409">
        <ele>971.44</ele>
      </trkpt>
      <trkpt lat="-41.76888" lon="145.95412">
        <ele>972.48</ele>
      </trkpt>
      <trkpt lat="-41.76891" lon="145.95417">
        <ele>972.87</ele>
      </trkpt>
      <trkpt lat="-41.76892" lon="145.95423">
        <ele>973.21</ele>
      </trkpt>
      <trkpt lat="-41.76893" lon="145.95429">
        <ele>973.53</ele>
      </trkpt>
      <trkpt lat="-41.76896" lon="145.95434">
        <ele>973.58</ele>
      </trkpt>
      <trkpt lat="-41.769" lon="145.95439">
        <ele>973.49</ele>
      </trkpt>
      <trkpt lat="-41.76903" lon="145.95443">
        <ele>973.4</ele>
      </trkpt>
      <trkpt lat="-41.76906" lon="145.95447">
        <ele>973.0</ele>
      </trkpt>
      <trkpt lat="-41.76907" lon="145.95448">
        <ele>972.83</ele>
      </trkpt>
      <trkpt lat="-41.7691" lon="145.95452">
        <ele>972.24</ele>
      </trkpt>
      <trkpt lat="-41.76913" lon="145.95457">
        <ele>971.55</ele>
      </trkpt>
      <trkpt lat="-41.76917" lon="145.95462">
        <ele>970.8</ele>
      </trkpt>
      <trkpt lat="-41.7692" lon="145.95467">
        <ele>971.05</ele>
      </trkpt>
      <trkpt lat="-41.76923" lon="145.95472">
        <ele>971.38</ele>
      </trkpt>
      <trkpt lat="-41.76925" lon="145.95478">
        <ele>971.78</ele>
      </trkpt>
      <trkpt lat="-41.76928" lon="145.95484">
        <ele>972.54</ele>
      </trkpt>
      <trkpt lat="-41.7693" lon="145.9549">
        <ele>973.16</ele>
      </trkpt>
      <trkpt lat="-41.76933" lon="145.95495">
        <ele>974.15</ele>
      </trkpt>
      <trkpt lat="-41.76935" lon="145.95497">
        <ele>974.83</ele>
      </trkpt>
      <trkpt lat="-41.76935" lon="145.95497">
        <ele>974.83</ele>
      </trkpt>
      <trkpt lat="-41.76938" lon="145.95503">
        <ele>976.21</ele>
      </trkpt>
      <trkpt lat="-41.7694" lon="145.95508">
        <ele>977.38</ele>
      </trkpt>
      <trkpt lat="-41.76942" lon="145.95514">
        <ele>978.68</ele>
      </trkpt>
      <trkpt lat="-41.76946" lon="145.95519">
        <ele>980.31</ele>
      </trkpt>
      <trkpt lat="-41.76949" lon="145.95523">
        <ele>981.2</ele>
      </trkpt>
      <trkpt lat="-41.76952" lon="145.95528">
        <ele>982.09</ele>
      </trkpt>
      <trkpt lat="-41.76956" lon="145.95531">
        <ele>982.76</ele>
      </trkpt>
      <trkpt lat="-41.7696" lon="145.95534">
        <ele>983.49</ele>
      </trkpt>
      <trkpt lat="-41.7696" lon="145.95535">
        <ele>983.53</ele>
      </trkpt>
      <trkpt lat="-41.76961" lon="145.95536">
        <ele>983.74</ele>
      </trkpt>
      <trkpt lat="-41.76964" lon="145.9554">
        <ele>984.44</ele>
      </trkpt>
      <trkpt lat="-41.76967" lon="145.95545">
        <ele>985.25</ele>
      </trkpt>
      <trkpt lat="-41.7697" lon="145.9555">
        <ele>986.15</ele>
      </trkpt>
      <trkpt lat="-41.76974" lon="145.95555">
        <ele>986.77</ele>
      </trkpt>
      <trkpt lat="-41.76977" lon="145.9556">
        <ele>985.87</ele>
      </trkpt>
      <trkpt lat="-41.76979" lon="145.95565">
        <ele>984.99</ele>
      </trkpt>
      <trkpt lat="-41.76983" lon="145.95569">
        <ele>984.09</ele>
      </trkpt>
      <trkpt lat="-41.76986" lon="145.95573">
        <ele>983.31</ele>
      </trkpt>
      <trkpt lat="-41.76988" lon="145.95575">
        <ele>982.89</ele>
      </trkpt>
      <trkpt lat="-41.76998" lon="145.95587">
        <ele>980.36</ele>
      </trkpt>
      <trkpt lat="-41.76998" lon="145.95586">
        <ele>980.57</ele>
      </trkpt>
      <trkpt lat="-41.77002" lon="145.95591">
        <ele>979.3</ele>
      </trkpt>
      <trkpt lat="-41.77015" lon="145.956">
        <ele>977.94</ele>
      </trkpt>
      <trkpt lat="-41.77015" lon="145.95601">
        <ele>977.82</ele>
      </trkpt>
      <trkpt lat="-41.77018" lon="145.95606">
        <ele>977.45</ele>
      </trkpt>
      <trkpt lat="-41.77021" lon="145.95611">
        <ele>977.28</ele>
      </trkpt>
      <trkpt lat="-41.77024" lon="145.95615">
        <ele>977.17</ele>
      </trkpt>
      <trkpt lat="-41.77029" lon="145.95617">
        <ele>977.54</ele>
      </trkpt>
      <trkpt lat="-41.77033" lon="145.95618">
        <ele>978.05</ele>
      </trkpt>
      <trkpt lat="-41.77036" lon="145.95618">
        <ele>978.51</ele>
      </trkpt>
      <trkpt lat="-41.77037" lon="145.95618">
        <ele>978.66</ele>
      </trkpt>
      <trkpt lat="-41.77042" lon="145.95617">
        <ele>979.44</ele>
      </trkpt>
      <trkpt lat="-41.77047" lon="145.95616">
        <ele>980.16</ele>
      </trkpt>
      <trkpt lat="-41.77051" lon="145.95615">
        <ele>980.67</ele>
      </trkpt>
      <trkpt lat="-41.77055" lon="145.95615">
        <ele>981.21</ele>
      </trkpt>
      <trkpt lat="-41.77071" lon="145.95619">
        <ele>982.68</ele>
      </trkpt>
      <trkpt lat="-41.77079" lon="145.95621">
        <ele>983.4</ele>
      </trkpt>
      <trkpt lat="-41.77095" lon="145.95617">
        <ele>984.51</ele>
      </trkpt>
      <trkpt lat="-41.77095" lon="145.95617">
        <ele>984.51</ele>
      </trkpt>
      <trkpt lat="-41.771" lon="145.95616">
        <ele>984.94</ele>
      </trkpt>
      <trkpt lat="-41.77105" lon="145.95615">
        <ele>985.4</ele>
      </trkpt>
      <trkpt lat="-41.77109" lon="145.95615">
        <ele>985.79</ele>
      </trkpt>
      <trkpt lat="-41.77114" lon="145.95617">
        <ele>986.31</ele>
      </trkpt>
      <trkpt lat="-41.77118" lon="145.95619">
        <ele>986.74</ele>
      </trkpt>
      <trkpt lat="-41.7712" lon="145.95621">
        <ele>986.96</ele>
      </trkpt>
      <trkpt lat="-41.77121" lon="145.95621">
        <ele>987.07</ele>
      </trkpt>
      <trkpt lat="-41.77125" lon="145.95624">
        <ele>987.5</ele>
      </trkpt>
      <trkpt lat="-41.77128" lon="145.95629">
        <ele>987.82</ele>
      </trkpt>
      <trkpt lat="-41.77131" lon="145.95634">
        <ele>988.15</ele>
      </trkpt>
      <trkpt lat="-41.77134" lon="145.95638">
        <ele>988.47</ele>
      </trkpt>
      <trkpt lat="-41.77138" lon="145.95642">
        <ele>989.24</ele>
      </trkpt>
      <trkpt lat="-41.77142" lon="145.95645">
        <ele>990.15</ele>
      </trkpt>
      <trkpt lat="-41.77144" lon="145.95646">
        <ele>990.55</ele>
      </trkpt>
      <trkpt lat="-41.7715" lon="145.95652">
        <ele>991.85</ele>
      </trkpt>
      <trkpt lat="-41.7715" lon="145.95652">
        <ele>991.85</ele>
      </trkpt>
      <trkpt lat="-41.77154" lon="145.95656">
        <ele>992.56</ele>
      </trkpt>
      <trkpt lat="-41.77159" lon="145.95661">
        <ele>993.28</ele>
      </trkpt>
      <trkpt lat="-41.77163" lon="145.95666">
        <ele>993.73</ele>
      </trkpt>
      <trkpt lat="-41.77168" lon="145.95673">
        <ele>994.27</ele>
      </trkpt>
      <trkpt lat="-41.77172" lon="145.95674">
        <ele>995.05</ele>
      </trkpt>
      <trkpt lat="-41.77176" lon="145.95693">
        <ele>995.38</ele>
      </trkpt>
      <trkpt lat="-41.77176" lon="145.95695">
        <ele>995.28</ele>
      </trkpt>
      <trkpt lat="-41.77176" lon="145.95695">
        <ele>995.28</ele>
      </trkpt>
      <trkpt lat="-41.77175" lon="145.95704">
        <ele>994.06</ele>
      </trkpt>
      <trkpt lat="-41.77172" lon="145.95712">
        <ele>992.75</ele>
      </trkpt>
      <trkpt lat="-41.77169" lon="145.95724">
        <ele>990.99</ele>
      </trkpt>
      <trkpt lat="-41.77167" lon="145.95742">
        <ele>988.18</ele>
      </trkpt>
      <trkpt lat="-41.77166" lon="145.95752">
        <ele>987.07</ele>
      </trkpt>
      <trkpt lat="-41.77164" lon="145.9576">
        <ele>987.22</ele>
      </trkpt>
      <trkpt lat="-41.77162" lon="145.95771">
        <ele>987.25</ele>
      </trkpt>
      <trkpt lat="-41.77154" lon="145.9581">
        <ele>985.86</ele>
      </trkpt>
      <trkpt lat="-41.77152" lon="145.9582">
        <ele>985.15</ele>
      </trkpt>
      <trkpt lat="-41.7715" lon="145.95823">
        <ele>984.8</ele>
      </trkpt>
      <trkpt lat="-41.77151" lon="145.95829">
        <ele>984.55</ele>
      </trkpt>
      <trkpt lat="-41.77155" lon="145.95873">
        <ele>985.15</ele>
      </trkpt>
      <trkpt lat="-41.77155" lon="145.95877">
        <ele>985.23</ele>
      </trkpt>
      <trkpt lat="-41.77161" lon="145.95895">
        <ele>986.69</ele>
      </trkpt>
      <trkpt lat="-41.77169" lon="145.95907">
        <ele>988.19</ele>
      </trkpt>
      <trkpt lat="-41.77175" lon="145.95926">
        <ele>988.33</ele>
      </trkpt>
      <trkpt lat="-41.77182" lon="145.95939">
        <ele>988.49</ele>
      </trkpt>
      <trkpt lat="-41.77194" lon="145.95955">
        <ele>988.81</ele>
      </trkpt>
      <trkpt lat="-41.77205" lon="145.95966">
        <ele>987.88</ele>
      </trkpt>
      <trkpt lat="-41.77213" lon="145.9597">
        <ele>987.8</ele>
      </trkpt>
      <trkpt lat="-41.77216" lon="145.95977">
        <ele>987.34</ele>
      </trkpt>
      <trkpt lat="-41.77221" lon="145.95979">
        <ele>987.25</ele>
      </trkpt>
      <trkpt lat="-41.77228" lon="145.95989">
        <ele>985.9</ele>
      </trkpt>
      <trkpt lat="-41.7723" lon="145.95996">
        <ele>985.11</ele>
      </trkpt>
      <trkpt lat="-41.77236" lon="145.96">
        <ele>984.5</ele>
      </trkpt>
      <trkpt lat="-41.77241" lon="145.9601">
        <ele>983.6</ele>
      </trkpt>
      <trkpt lat="-41.77243" lon="145.96017">
        <ele>983.03</ele>
      </trkpt>
      <trkpt lat="-41.77242" lon="145.96018">
        <ele>982.99</ele>
      </trkpt>
      <trkpt lat="-41.77243" lon="145.96021">
        <ele>982.74</ele>
      </trkpt>
      <trkpt lat="-41.77241" lon="145.96029">
        <ele>982.35</ele>
      </trkpt>
      <trkpt lat="-41.77255" lon="145.96052">
        <ele>981.82</ele>
      </trkpt>
      <trkpt lat="-41.77264" lon="145.96072">
        <ele>982.39</ele>
      </trkpt>
      <trkpt lat="-41.77269" lon="145.96077">
        <ele>982.9</ele>
      </trkpt>
      <trkpt lat="-41.77269" lon="145.96092">
        <ele>984.52</ele>
      </trkpt>
      <trkpt lat="-41.77272" lon="145.96098">
        <ele>985.59</ele>
      </trkpt>
      <trkpt lat="-41.77276" lon="145.96104">
        <ele>986.8</ele>
      </trkpt>
      <trkpt lat="-41.77276" lon="145.96104">
        <ele>986.8</ele>
      </trkpt>
      <trkpt lat="-41.77278" lon="145.96107">
        <ele>987.37</ele>
      </trkpt>
      <trkpt lat="-41.7728" lon="145.96113">
        <ele>987.53</ele>
      </trkpt>
      <trkpt lat="-41.77282" lon="145.96125">
        <ele>986.74</ele>
      </trkpt>
      <trkpt lat="-41.77289" lon="145.96142">
        <ele>985.03</ele>
      </trkpt>
      <trkpt lat="-41.77299" lon="145.96158">
        <ele>983.71</ele>
      </trkpt>
      <trkpt lat="-41.77307" lon="145.9617">
        <ele>983.21</ele>
      </trkpt>
      <trkpt lat="-41.77313" lon="145.96176">
        <ele>983.6</ele>
      </trkpt>
      <trkpt lat="-41.77319" lon="145.9618">
        <ele>983.75</ele>
      </trkpt>
      <trkpt lat="-41.77324" lon="145.96186">
        <ele>983.64</ele>
      </trkpt>
      <trkpt lat="-41.77328" lon="145.96192">
        <ele>983.32</ele>
      </trkpt>
      <trkpt lat="-41.77334" lon="145.96196">
        <ele>982.91</ele>
      </trkpt>
      <trkpt lat="-41.7734" lon="145.96201">
        <ele>982.54</ele>
      </trkpt>
      <trkpt lat="-41.77349" lon="145.96207">
        <ele>981.64</ele>
      </trkpt>
      <trkpt lat="-41.77362" lon="145.96204">
        <ele>981.91</ele>
      </trkpt>
      <trkpt lat="-41.77372" lon="145.96206">
        <ele>981.21</ele>
      </trkpt>
      <trkpt lat="-41.77386" lon="145.96207">
        <ele>980.71</ele>
      </trkpt>
      <trkpt lat="-41.77396" lon="145.96202">
        <ele>980.44</ele>
      </trkpt>
      <trkpt lat="-41.77412" lon="145.96197">
        <ele>978.7</ele>
      </trkpt>
      <trkpt lat="-41.77418" lon="145.96187">
        <ele>978.22</ele>
      </trkpt>
      <trkpt lat="-41.77445" lon="145.96174">
        <ele>977.65</ele>
      </trkpt>
      <trkpt lat="-41.77455" lon="145.96173">
        <ele>976.05</ele>
      </trkpt>
      <trkpt lat="-41.77457" lon="145.96174">
        <ele>975.71</ele>
      </trkpt>
      <trkpt lat="-41.77471" lon="145.96178">
        <ele>973.59</ele>
      </trkpt>
      <trkpt lat="-41.77485" lon="145.96172">
        <ele>970.15</ele>
      </trkpt>
      <trkpt lat="-41.77495" lon="145.96174">
        <ele>967.96</ele>
      </trkpt>
      <trkpt lat="-41.77505" lon="145.96179">
        <ele>965.09</ele>
      </trkpt>
      <trkpt lat="-41.77521" lon="145.96185">
        <ele>958.41</ele>
      </trkpt>
      <trkpt lat="-41.77535" lon="145.96177">
        <ele>953.77</ele>
      </trkpt>
      <trkpt lat="-41.77544" lon="145.9618">
        <ele>952.65</ele>
      </trkpt>
      <trkpt lat="-41.77555" lon="145.96186">
        <ele>951.09</ele>
      </trkpt>
      <trkpt lat="-41.77581" lon="145.96185">
        <ele>948.25</ele>
      </trkpt>
      <trkpt lat="-41.77591" lon="145.96186">
        <ele>947.81</ele>
      </trkpt>
      <trkpt lat="-41.77604" lon="145.96191">
        <ele>947.35</ele>
      </trkpt>
      <trkpt lat="-41.77604" lon="145.96191">
        <ele>947.35</ele>
      </trkpt>
      <trkpt lat="-41.77612" lon="145.96193">
        <ele>946.96</ele>
      </trkpt>
      <trkpt lat="-41.77625" lon="145.96193">
        <ele>945.55</ele>
      </trkpt>
      <trkpt lat="-41.77637" lon="145.96193">
        <ele>944.26</ele>
      </trkpt>
      <trkpt lat="-41.7765" lon="145.96195">
        <ele>945.56</ele>
      </trkpt>
      <trkpt lat="-41.77658" lon="145.96194">
        <ele>946.76</ele>
      </trkpt>
      <trkpt lat="-41.77668" lon="145.96198">
        <ele>947.63</ele>
      </trkpt>
      <trkpt lat="-41.77692" lon="145.96204">
        <ele>947.6</ele>
      </trkpt>
      <trkpt lat="-41.77702" lon="145.96203">
        <ele>948.13</ele>
      </trkpt>
      <trkpt lat="-41.77724" lon="145.96195">
        <ele>948.7</ele>
      </trkpt>
      <trkpt lat="-41.77732" lon="145.96194">
        <ele>947.24</ele>
      </trkpt>
      <trkpt lat="-41.77737" lon="145.96198">
        <ele>946.47</ele>
      </trkpt>
      <trkpt lat="-41.77744" lon="145.96203">
        <ele>945.39</ele>
      </trkpt>
      <trkpt lat="-41.77757" lon="145.96205">
        <ele>942.87</ele>
      </trkpt>
      <trkpt lat="-41.77764" lon="145.96205">
        <ele>941.36</ele>
      </trkpt>
      <trkpt lat="-41.77777" lon="145.96214">
        <ele>938.87</ele>
      </trkpt>
      <trkpt lat="-41.77784" lon="145.96219">
        <ele>939.83</ele>
      </trkpt>
      <trkpt lat="-41.77784" lon="145.96219">
        <ele>939.83</ele>
      </trkpt>
      <trkpt lat="-41.77789" lon="145.96222">
        <ele>940.61</ele>
      </trkpt>
      <trkpt lat="-41.77802" lon="145.96226">
        <ele>942.39</ele>
      </trkpt>
      <trkpt lat="-41.77813" lon="145.96225">
        <ele>945.87</ele>
      </trkpt>
      <trkpt lat="-41.77818" lon="145.96227">
        <ele>947.83</ele>
      </trkpt>
      <trkpt lat="-41.77821" lon="145.9623">
        <ele>948.99</ele>
      </trkpt>
      <trkpt lat="-41.77822" lon="145.9623">
        <ele>949.4</ele>
      </trkpt>
      <trkpt lat="-41.77826" lon="145.96232">
        <ele>951.0</ele>
      </trkpt>
      <trkpt lat="-41.77831" lon="145.96233">
        <ele>953.04</ele>
      </trkpt>
      <trkpt lat="-41.77835" lon="145.96232">
        <ele>954.4</ele>
      </trkpt>
      <trkpt lat="-41.77837" lon="145.96232">
        <ele>954.88</ele>
      </trkpt>
      <trkpt lat="-41.77837" lon="145.96232">
        <ele>954.88</ele>
      </trkpt>
      <trkpt lat="-41.77842" lon="145.9623">
        <ele>956.05</ele>
      </trkpt>
      <trkpt lat="-41.77846" lon="145.96228">
        <ele>956.93</ele>
      </trkpt>
      <trkpt lat="-41.77851" lon="145.96227">
        <ele>958.03</ele>
      </trkpt>
      <trkpt lat="-41.77856" lon="145.96228">
        <ele>959.24</ele>
      </trkpt>
      <trkpt lat="-41.7786" lon="145.96231">
        <ele>960.37</ele>
      </trkpt>
      <trkpt lat="-41.77864" lon="145.96233">
        <ele>961.35</ele>
      </trkpt>
      <trkpt lat="-41.77868" lon="145.96236">
        <ele>962.6</ele>
      </trkpt>
      <trkpt lat="-41.77869" lon="145.96238">
        <ele>963.16</ele>
      </trkpt>
      <trkpt lat="-41.7787" lon="145.96238">
        <ele>963.41</ele>
      </trkpt>
      <trkpt lat="-41.77874" lon="145.96241">
        <ele>965.1</ele>
      </trkpt>
      <trkpt lat="-41.77878" lon="145.96243">
        <ele>966.81</ele>
      </trkpt>
      <trkpt lat="-41.77882" lon="145.96247">
        <ele>969.33</ele>
      </trkpt>
      <trkpt lat="-41.77887" lon="145.96249">
        <ele>971.88</ele>
      </trkpt>
      <trkpt lat="-41.77891" lon="145.96252">
        <ele>972.9</ele>
      </trkpt>
      <trkpt lat="-41.77896" lon="145.96254">
        <ele>973.12</ele>
      </trkpt>
      <trkpt lat="-41.779" lon="145.96256">
        <ele>973.44</ele>
      </trkpt>
      <trkpt lat="-41.77901" lon="145.96257">
        <ele>973.56</ele>
      </trkpt>
      <trkpt lat="-41.77905" lon="145.96259">
        <ele>974.11</ele>
      </trkpt>
      <trkpt lat="-41.7791" lon="145.9626">
        <ele>974.87</ele>
      </trkpt>
      <trkpt lat="-41.77914" lon="145.96261">
        <ele>975.58</ele>
      </trkpt>
      <trkpt lat="-41.77919" lon="145.96261">
        <ele>976.25</ele>
      </trkpt>
      <trkpt lat="-41.77923" lon="145.96263">
        <ele>977.04</ele>
      </trkpt>
      <trkpt lat="-41.77928" lon="145.96265">
        <ele>977.89</ele>
      </trkpt>
      <trkpt lat="-41.77932" lon="145.96268">
        <ele>978.73</ele>
      </trkpt>
      <trkpt lat="-41.77936" lon="145.9627">
        <ele>979.38</ele>
      </trkpt>
      <trkpt lat="-41.77938" lon="145.9627">
        <ele>979.57</ele>
      </trkpt>
      <trkpt lat="-41.77938" lon="145.96271">
        <ele>979.69</ele>
      </trkpt>
      <trkpt lat="-41.77942" lon="145.96274">
        <ele>980.39</ele>
      </trkpt>
      <trkpt lat="-41.77946" lon="145.96278">
        <ele>980.85</ele>
      </trkpt>
      <trkpt lat="-41.77951" lon="145.96278">
        <ele>980.31</ele>
      </trkpt>
      <trkpt lat="-41.77955" lon="145.96277">
        <ele>979.79</ele>
      </trkpt>
      <trkpt lat="-41.7796" lon="145.96276">
        <ele>979.16</ele>
      </trkpt>
      <trkpt lat="-41.77962" lon="145.96277">
        <ele>979.04</ele>
      </trkpt>
      <trkpt lat="-41.77963" lon="145.96277">
        <ele>978.93</ele>
      </trkpt>
      <trkpt lat="-41.77968" lon="145.96277">
        <ele>978.4</ele>
      </trkpt>
      <trkpt lat="-41.77972" lon="145.96278">
        <ele>978.06</ele>
      </trkpt>
      <trkpt lat="-41.77977" lon="145.96279">
        <ele>979.22</ele>
      </trkpt>
      <trkpt lat="-41.77981" lon="145.96279">
        <ele>980.06</ele>
      </trkpt>
      <trkpt lat="-41.77986" lon="145.96278">
        <ele>981.0</ele>
      </trkpt>
      <trkpt lat="-41.77992" lon="145.96278">
        <ele>982.29</ele>
      </trkpt>
      <trkpt lat="-41.77996" lon="145.96279">
        <ele>983.21</ele>
      </trkpt>
      <trkpt lat="-41.77997" lon="145.96279">
        <ele>983.42</ele>
      </trkpt>
      <trkpt lat="-41.77998" lon="145.9628">
        <ele>983.67</ele>
      </trkpt>
      <trkpt lat="-41.78003" lon="145.96281">
        <ele>984.93</ele>
      </trkpt>
      <trkpt lat="-41.78007" lon="145.96283">
        <ele>986.01</ele>
      </trkpt>
      <trkpt lat="-41.78012" lon="145.96285">
        <ele>987.27</ele>
      </trkpt>
      <trkpt lat="-41.78016" lon="145.96288">
        <ele>988.13</ele>
      </trkpt>
      <trkpt lat="-41.7802" lon="145.96291">
        <ele>988.87</ele>
      </trkpt>
      <trkpt lat="-41.78024" lon="145.96293">
        <ele>989.57</ele>
      </trkpt>
      <trkpt lat="-41.78024" lon="145.96293">
        <ele>989.57</ele>
      </trkpt>
      <trkpt lat="-41.78025" lon="145.96293">
        <ele>989.78</ele>
      </trkpt>
      <trkpt lat="-41.78028" lon="145.96296">
        <ele>990.01</ele>
      </trkpt>
      <trkpt lat="-41.78033" lon="145.96299">
        <ele>989.13</ele>
      </trkpt>
      <trkpt lat="-41.78037" lon="145.963">
        <ele>988.54</ele>
      </trkpt>
      <trkpt lat="-41.78041" lon="145.96303">
        <ele>987.55</ele>
      </trkpt>
      <trkpt lat="-41.78041" lon="145.96303">
        <ele>987.55</ele>
      </trkpt>
      <trkpt lat="-41.78042" lon="145.96304">
        <ele>987.23</ele>
      </trkpt>
      <trkpt lat="-41.78047" lon="145.96304">
        <ele>986.56</ele>
      </trkpt>
      <trkpt lat="-41.78052" lon="145.96303">
        <ele>986.11</ele>
      </trkpt>
      <trkpt lat="-41.78056" lon="145.96305">
        <ele>985.11</ele>
      </trkpt>
      <trkpt lat="-41.7806" lon="145.96307">
        <ele>984.48</ele>
      </trkpt>
      <trkpt lat="-41.78063" lon="145.96309">
        <ele>983.93</ele>
      </trkpt>
      <trkpt lat="-41.78064" lon="145.96309">
        <ele>983.83</ele>
      </trkpt>
      <trkpt lat="-41.78068" lon="145.96309">
        <ele>983.45</ele>
      </trkpt>
      <trkpt lat="-41.78073" lon="145.96307">
        <ele>983.42</ele>
      </trkpt>
      <trkpt lat="-41.78077" lon="145.96303">
        <ele>984.03</ele>
      </trkpt>
      <trkpt lat="-41.78081" lon="145.96301">
        <ele>984.17</ele>
      </trkpt>
      <trkpt lat="-41.78086" lon="145.963">
        <ele>984.26</ele>
      </trkpt>
      <trkpt lat="-41.78089" lon="145.963">
        <ele>984.32</ele>
      </trkpt>
      <trkpt lat="-41.7809" lon="145.96301">
        <ele>984.15</ele>
      </trkpt>
      <trkpt lat="-41.78094" lon="145.96304">
        <ele>983.68</ele>
      </trkpt>
      <trkpt lat="-41.78099" lon="145.96305">
        <ele>983.66</ele>
      </trkpt>
      <trkpt lat="-41.78104" lon="145.96304">
        <ele>984.0</ele>
      </trkpt>
      <trkpt lat="-41.78108" lon="145.96302">
        <ele>984.43</ele>
      </trkpt>
      <trkpt lat="-41.78108" lon="145.96302">
        <ele>984.43</ele>
      </trkpt>
      <trkpt lat="-41.78109" lon="145.96301">
        <ele>984.6</ele>
      </trkpt>
      <trkpt lat="-41.78114" lon="145.963">
        <ele>984.68</ele>
      </trkpt>
      <trkpt lat="-41.78119" lon="145.96298">
        <ele>984.62</ele>
      </trkpt>
      <trkpt lat="-41.78123" lon="145.96296">
        <ele>984.49</ele>
      </trkpt>
      <trkpt lat="-41.78127" lon="145.96293">
        <ele>984.26</ele>
      </trkpt>
      <trkpt lat="-41.78132" lon="145.96292">
        <ele>983.75</ele>
      </trkpt>
      <trkpt lat="-41.78137" lon="145.96293">
        <ele>983.28</ele>
      </trkpt>
      <trkpt lat="-41.78137" lon="145.96293">
        <ele>983.28</ele>
      </trkpt>
      <trkpt lat="-41.78138" lon="145.96293">
        <ele>983.18</ele>
      </trkpt>
      <trkpt lat="-41.78142" lon="145.96293">
        <ele>982.32</ele>
      </trkpt>
      <trkpt lat="-41.78147" lon="145.96295">
        <ele>981.27</ele>
      </trkpt>
      <trkpt lat="-41.78149" lon="145.963">
        <ele>981.27</ele>
      </trkpt>
      <trkpt lat="-41.78153" lon="145.96304">
        <ele>980.78</ele>
      </trkpt>
      <trkpt lat="-41.78157" lon="145.96306">
        <ele>980.1</ele>
      </trkpt>
      <trkpt lat="-41.78161" lon="145.96309">
        <ele>979.4</ele>
      </trkpt>
      <trkpt lat="-41.78165" lon="145.96312">
        <ele>978.78</ele>
      </trkpt>
      <trkpt lat="-41.78165" lon="145.96312">
        <ele>978.78</ele>
      </trkpt>
      <trkpt lat="-41.78171" lon="145.96316">
        <ele>977.85</ele>
      </trkpt>
      <trkpt lat="-41.78171" lon="145.96317">
        <ele>977.92</ele>
      </trkpt>
      <trkpt lat="-41.78195" lon="145.96331">
        <ele>972.9</ele>
      </trkpt>
      <trkpt lat="-41.78196" lon="145.96332">
        <ele>972.72</ele>
      </trkpt>
      <trkpt lat="-41.78201" lon="145.96332">
        <ele>971.83</ele>
      </trkpt>
      <trkpt lat="-41.78206" lon="145.96331">
        <ele>970.95</ele>
      </trkpt>
      <trkpt lat="-41.78211" lon="145.96331">
        <ele>970.07</ele>
      </trkpt>
      <trkpt lat="-41.78215" lon="145.96334">
        <ele>969.32</ele>
      </trkpt>
      <trkpt lat="-41.78217" lon="145.96337">
        <ele>969.07</ele>
      </trkpt>
      <trkpt lat="-41.78217" lon="145.96337">
        <ele>969.07</ele>
      </trkpt>
      <trkpt lat="-41.78224" lon="145.96343">
        <ele>968.05</ele>
      </trkpt>
      <trkpt lat="-41.78234" lon="145.96347">
        <ele>966.38</ele>
      </trkpt>
      <trkpt lat="-41.78239" lon="145.96347">
        <ele>965.48</ele>
      </trkpt>
      <trkpt lat="-41.78239" lon="145.96347">
        <ele>965.48</ele>
      </trkpt>
      <trkpt lat="-41.78246" lon="145.96349">
        <ele>964.17</ele>
      </trkpt>
      <trkpt lat="-41.78251" lon="145.96351">
        <ele>963.16</ele>
      </trkpt>
      <trkpt lat="-41.78254" lon="145.9635">
        <ele>962.59</ele>
      </trkpt>
      <trkpt lat="-41.78258" lon="145.9635">
        <ele>961.79</ele>
      </trkpt>
      <trkpt lat="-41.78263" lon="145.96352">
        <ele>960.67</ele>
      </trkpt>
      <trkpt lat="-41.78267" lon="145.96356">
        <ele>959.62</ele>
      </trkpt>
      <trkpt lat="-41.78271" lon="145.96359">
        <ele>958.6</ele>
      </trkpt>
      <trkpt lat="-41.78275" lon="145.96362">
        <ele>957.48</ele>
      </trkpt>
      <trkpt lat="-41.78275" lon="145.96362">
        <ele>957.48</ele>
      </trkpt>
      <trkpt lat="-41.78275" lon="145.96363">
        <ele>957.33</ele>
      </trkpt>
      <trkpt lat="-41.78278" lon="145.96366">
        <ele>956.27</ele>
      </trkpt>
      <trkpt lat="-41.78291" lon="145.96373">
        <ele>953.86</ele>
      </trkpt>
      <trkpt lat="-41.78297" lon="145.96375">
        <ele>952.92</ele>
      </trkpt>
      <trkpt lat="-41.783" lon="145.96378">
        <ele>952.17</ele>
      </trkpt>
      <trkpt lat="-41.783" lon="145.96378">
        <ele>952.17</ele>
      </trkpt>
      <trkpt lat="-41.78303" lon="145.96379">
        <ele>951.7</ele>
      </trkpt>
      <trkpt lat="-41.78304" lon="145.96386">
        <ele>950.58</ele>
      </trkpt>
      <trkpt lat="-41.78306" lon="145.96396">
        <ele>948.9</ele>
      </trkpt>
      <trkpt lat="-41.78308" lon="145.96398">
        <ele>948.28</ele>
      </trkpt>
      <trkpt lat="-41.78309" lon="145.96398">
        <ele>948.11</ele>
      </trkpt>
      <trkpt lat="-41.78314" lon="145.96398">
        <ele>947.27</ele>
      </trkpt>
      <trkpt lat="-41.78318" lon="145.96396">
        <ele>946.85</ele>
      </trkpt>
      <trkpt lat="-41.78324" lon="145.96397">
        <ele>945.71</ele>
      </trkpt>
      <trkpt lat="-41.78327" lon="145.964">
        <ele>944.85</ele>
      </trkpt>
      <trkpt lat="-41.78331" lon="145.96403">
        <ele>943.85</ele>
      </trkpt>
      <trkpt lat="-41.78334" lon="145.96405">
        <ele>943.28</ele>
      </trkpt>
      <trkpt lat="-41.78338" lon="145.96408">
        <ele>943.18</ele>
      </trkpt>
      <trkpt lat="-41.7834" lon="145.96413">
        <ele>942.96</ele>
      </trkpt>
      <trkpt lat="-41.78343" lon="145.96418">
        <ele>943.06</ele>
      </trkpt>
      <trkpt lat="-41.78347" lon="145.96421">
        <ele>943.63</ele>
      </trkpt>
      <trkpt lat="-41.78351" lon="145.96423">
        <ele>944.26</ele>
      </trkpt>
      <trkpt lat="-41.78356" lon="145.96425">
        <ele>945.13</ele>
      </trkpt>
      <trkpt lat="-41.7836" lon="145.96428">
        <ele>946.04</ele>
      </trkpt>
      <trkpt lat="-41.7836" lon="145.96428">
        <ele>946.04</ele>
      </trkpt>
      <trkpt lat="-41.78361" lon="145.9643">
        <ele>946.42</ele>
      </trkpt>
      <trkpt lat="-41.78363" lon="145.96435">
        <ele>947.34</ele>
      </trkpt>
      <trkpt lat="-41.78366" lon="145.96441">
        <ele>948.53</ele>
      </trkpt>
      <trkpt lat="-41.7837" lon="145.96444">
        <ele>949.56</ele>
      </trkpt>
      <trkpt lat="-41.78374" lon="145.96447">
        <ele>950.32</ele>
      </trkpt>
      <trkpt lat="-41.78377" lon="145.96451">
        <ele>950.86</ele>
      </trkpt>
      <trkpt lat="-41.78381" lon="145.96454">
        <ele>951.58</ele>
      </trkpt>
      <trkpt lat="-41.78381" lon="145.96454">
        <ele>951.58</ele>
      </trkpt>
      <trkpt lat="-41.78395" lon="145.96463">
        <ele>953.44</ele>
      </trkpt>
      <trkpt lat="-41.78412" lon="145.96477">
        <ele>953.26</ele>
      </trkpt>
      <trkpt lat="-41.78422" lon="145.96483">
        <ele>953.64</ele>
      </trkpt>
      <trkpt lat="-41.78431" lon="145.96483">
        <ele>954.98</ele>
      </trkpt>
      <trkpt lat="-41.78437" lon="145.96489">
        <ele>955.71</ele>
      </trkpt>
      <trkpt lat="-41.78437" lon="145.9649">
        <ele>955.68</ele>
      </trkpt>
      <trkpt lat="-41.78443" lon="145.96497">
        <ele>956.7</ele>
      </trkpt>
      <trkpt lat="-41.78449" lon="145.96499">
        <ele>958.14</ele>
      </trkpt>
      <trkpt lat="-41.78453" lon="145.96506">
        <ele>959.45</ele>
      </trkpt>
      <trkpt lat="-41.78457" lon="145.96507">
        <ele>960.44</ele>
      </trkpt>
      <trkpt lat="-41.78457" lon="145.96507">
        <ele>960.44</ele>
      </trkpt>
      <trkpt lat="-41.7846" lon="145.96508">
        <ele>961.17</ele>
      </trkpt>
      <trkpt lat="-41.78463" lon="145.96511">
        <ele>961.94</ele>
      </trkpt>
      <trkpt lat="-41.78468" lon="145.96521">
        <ele>963.17</ele>
      </trkpt>
      <trkpt lat="-41.78473" lon="145.96532">
        <ele>963.9</ele>
      </trkpt>
      <trkpt lat="-41.78477" lon="145.96536">
        <ele>963.41</ele>
      </trkpt>
      <trkpt lat="-41.78477" lon="145.96536">
        <ele>963.41</ele>
      </trkpt>
      <trkpt lat="-41.7848" lon="145.96538">
        <ele>963.09</ele>
      </trkpt>
      <trkpt lat="-41.78483" lon="145.96542">
        <ele>962.85</ele>
      </trkpt>
      <trkpt lat="-41.78484" lon="145.96547">
        <ele>962.89</ele>
      </trkpt>
      <trkpt lat="-41.78486" lon="145.96555">
        <ele>962.99</ele>
      </trkpt>
      <trkpt lat="-41.78498" lon="145.9659">
        <ele>963.78</ele>
      </trkpt>
      <trkpt lat="-41.78514" lon="145.9663">
        <ele>965.15</ele>
      </trkpt>
      <trkpt lat="-41.78515" lon="145.96634">
        <ele>965.0</ele>
      </trkpt>
      <trkpt lat="-41.78515" lon="145.96634">
        <ele>965.0</ele>
      </trkpt>
      <trkpt lat="-41.78516" lon="145.96642">
        <ele>964.45</ele>
      </trkpt>
      <trkpt lat="-41.78518" lon="145.96653">
        <ele>962.85</ele>
      </trkpt>
      <trkpt lat="-41.7852" lon="145.96656">
        <ele>962.27</ele>
      </trkpt>
      <trkpt lat="-41.78523" lon="145.96667">
        <ele>960.46</ele>
      </trkpt>
      <trkpt lat="-41.78527" lon="145.96685">
        <ele>956.23</ele>
      </trkpt>
      <trkpt lat="-41.78529" lon="145.96692">
        <ele>954.75</ele>
      </trkpt>
      <trkpt lat="-41.78529" lon="145.96702">
        <ele>952.86</ele>
      </trkpt>
      <trkpt lat="-41.78532" lon="145.96707">
        <ele>952.5</ele>
      </trkpt>
      <trkpt lat="-41.78534" lon="145.96713">
        <ele>951.78</ele>
      </trkpt>
      <trkpt lat="-41.78534" lon="145.96719">
        <ele>950.7</ele>
      </trkpt>
      <trkpt lat="-41.78539" lon="145.96732">
        <ele>951.09</ele>
      </trkpt>
      <trkpt lat="-41.78535" lon="145.96756">
        <ele>950.99</ele>
      </trkpt>
      <trkpt lat="-41.78535" lon="145.9677">
        <ele>951.47</ele>
      </trkpt>
      <trkpt lat="-41.78538" lon="145.96785">
        <ele>951.93</ele>
      </trkpt>
      <trkpt lat="-41.78537" lon="145.96796">
        <ele>952.55</ele>
      </trkpt>
      <trkpt lat="-41.78538" lon="145.96808">
        <ele>952.85</ele>
      </trkpt>
      <trkpt lat="-41.78539" lon="145.96847">
        <ele>952.59</ele>
      </trkpt>
      <trkpt lat="-41.78542" lon="145.96864">
        <ele>951.34</ele>
      </trkpt>
      <trkpt lat="-41.78545" lon="145.96884">
        <ele>950.27</ele>
      </trkpt>
      <trkpt lat="-41.78547" lon="145.96903">
        <ele>949.77</ele>
      </trkpt>
      <trkpt lat="-41.78547" lon="145.96921">
        <ele>949.57</ele>
      </trkpt>
      <trkpt lat="-41.78552" lon="145.96937">
        <ele>949.16</ele>
      </trkpt>
      <trkpt lat="-41.7856" lon="145.96946">
        <ele>949.19</ele>
      </trkpt>
      <trkpt lat="-41.78571" lon="145.96958">
        <ele>949.23</ele>
      </trkpt>
      <trkpt lat="-41.78573" lon="145.96976">
        <ele>948.39</ele>
      </trkpt>
      <trkpt lat="-41.78574" lon="145.96978">
        <ele>948.12</ele>
      </trkpt>
      <trkpt lat="-41.78575" lon="145.96985">
        <ele>947.36</ele>
      </trkpt>
      <trkpt lat="-41.78576" lon="145.96991">
        <ele>946.68</ele>
      </trkpt>
      <trkpt lat="-41.78578" lon="145.96997">
        <ele>945.88</ele>
      </trkpt>
      <trkpt lat="-41.78581" lon="145.97003">
        <ele>944.83</ele>
      </trkpt>
      <trkpt lat="-41.78583" lon="145.97008">
        <ele>943.89</ele>
      </trkpt>
      <trkpt lat="-41.78586" lon="145.97014">
        <ele>942.22</ele>
      </trkpt>
      <trkpt lat="-41.78588" lon="145.97019">
        <ele>941.04</ele>
      </trkpt>
      <trkpt lat="-41.7859" lon="145.97025">
        <ele>939.86</ele>
      </trkpt>
      <trkpt lat="-41.78589" lon="145.97025">
        <ele>940.09</ele>
      </trkpt>
      <trkpt lat="-41.78591" lon="145.97031">
        <ele>939.14</ele>
      </trkpt>
      <trkpt lat="-41.78593" lon="145.97037">
        <ele>938.36</ele>
      </trkpt>
      <trkpt lat="-41.78595" lon="145.97043">
        <ele>937.61</ele>
      </trkpt>
      <trkpt lat="-41.78598" lon="145.97048">
        <ele>936.76</ele>
      </trkpt>
      <trkpt lat="-41.78601" lon="145.97053">
        <ele>935.95</ele>
      </trkpt>
      <trkpt lat="-41.78602" lon="145.97056">
        <ele>935.65</ele>
      </trkpt>
      <trkpt lat="-41.78603" lon="145.97057">
        <ele>935.48</ele>
      </trkpt>
      <trkpt lat="-41.78604" lon="145.97063">
        <ele>935.41</ele>
      </trkpt>
      <trkpt lat="-41.78606" lon="145.97069">
        <ele>935.23</ele>
      </trkpt>
      <trkpt lat="-41.78608" lon="145.97074">
        <ele>935.08</ele>
      </trkpt>
      <trkpt lat="-41.78612" lon="145.97078">
        <ele>934.81</ele>
      </trkpt>
      <trkpt lat="-41.78613" lon="145.9708">
        <ele>934.88</ele>
      </trkpt>
      <trkpt lat="-41.78613" lon="145.97081">
        <ele>934.92</ele>
      </trkpt>
      <trkpt lat="-41.78615" lon="145.97087">
        <ele>934.81</ele>
      </trkpt>
      <trkpt lat="-41.78617" lon="145.97093">
        <ele>934.6</ele>
      </trkpt>
      <trkpt lat="-41.7862" lon="145.97098">
        <ele>934.62</ele>
      </trkpt>
      <trkpt lat="-41.78623" lon="145.97103">
        <ele>934.8</ele>
      </trkpt>
      <trkpt lat="-41.78626" lon="145.97108">
        <ele>935.13</ele>
      </trkpt>
      <trkpt lat="-41.78629" lon="145.97114">
        <ele>936.07</ele>
      </trkpt>
      <trkpt lat="-41.78631" lon="145.97119">
        <ele>937.16</ele>
      </trkpt>
      <trkpt lat="-41.78632" lon="145.97122">
        <ele>937.77</ele>
      </trkpt>
      <trkpt lat="-41.78632" lon="145.97123">
        <ele>937.93</ele>
      </trkpt>
      <trkpt lat="-41.78635" lon="145.97128">
        <ele>939.04</ele>
      </trkpt>
      <trkpt lat="-41.78638" lon="145.97132">
        <ele>939.93</ele>
      </trkpt>
      <trkpt lat="-41.78642" lon="145.97135">
        <ele>941.21</ele>
      </trkpt>
      <trkpt lat="-41.78646" lon="145.9714">
        <ele>942.84</ele>
      </trkpt>
      <trkpt lat="-41.78648" lon="145.97146">
        <ele>943.72</ele>
      </trkpt>
      <trkpt lat="-41.7865" lon="145.97152">
        <ele>944.74</ele>
      </trkpt>
      <trkpt lat="-41.78652" lon="145.97158">
        <ele>945.93</ele>
      </trkpt>
      <trkpt lat="-41.78654" lon="145.97164">
        <ele>947.27</ele>
      </trkpt>
      <trkpt lat="-41.78658" lon="145.97166">
        <ele>949.17</ele>
      </trkpt>
      <trkpt lat="-41.78659" lon="145.97166">
        <ele>949.6</ele>
      </trkpt>
      <trkpt lat="-41.78662" lon="145.9717">
        <ele>951.12</ele>
      </trkpt>
      <trkpt lat="-41.78666" lon="145.97175">
        <ele>953.02</ele>
      </trkpt>
      <trkpt lat="-41.78668" lon="145.9718">
        <ele>953.24</ele>
      </trkpt>
      <trkpt lat="-41.78671" lon="145.97185">
        <ele>952.93</ele>
      </trkpt>
      <trkpt lat="-41.78675" lon="145.97188">
        <ele>952.43</ele>
      </trkpt>
      <trkpt lat="-41.78678" lon="145.97193">
        <ele>952.27</ele>
      </trkpt>
      <trkpt lat="-41.78681" lon="145.97198">
        <ele>952.77</ele>
      </trkpt>
      <trkpt lat="-41.78681" lon="145.97198">
        <ele>952.77</ele>
      </trkpt>
      <trkpt lat="-41.78681" lon="145.97198">
        <ele>952.77</ele>
      </trkpt>
      <trkpt lat="-41.78695" lon="145.97211">
        <ele>954.75</ele>
      </trkpt>
      <trkpt lat="-41.78709" lon="145.97229">
        <ele>958.57</ele>
      </trkpt>
      <trkpt lat="-41.78709" lon="145.97229">
        <ele>958.57</ele>
      </trkpt>
      <trkpt lat="-41.78713" lon="145.97235">
        <ele>959.32</ele>
      </trkpt>
      <trkpt lat="-41.78737" lon="145.97257">
        <ele>963.22</ele>
      </trkpt>
      <trkpt lat="-41.78737" lon="145.97257">
        <ele>963.22</ele>
      </trkpt>
      <trkpt lat="-41.78754" lon="145.97273">
        <ele>965.87</ele>
      </trkpt>
      <trkpt lat="-41.78754" lon="145.97273">
        <ele>965.87</ele>
      </trkpt>
      <trkpt lat="-41.7876" lon="145.97277">
        <ele>966.33</ele>
      </trkpt>
      <trkpt lat="-41.7876" lon="145.97277">
        <ele>966.33</ele>
      </trkpt>
      <trkpt lat="-41.78765" lon="145.97279">
        <ele>966.56</ele>
      </trkpt>
      <trkpt lat="-41.78769" lon="145.97281">
        <ele>966.68</ele>
      </trkpt>
      <trkpt lat="-41.78774" lon="145.97285">
        <ele>966.71</ele>
      </trkpt>
      <trkpt lat="-41.78777" lon="145.97288">
        <ele>966.63</ele>
      </trkpt>
      <trkpt lat="-41.78781" lon="145.97292">
        <ele>966.55</ele>
      </trkpt>
      <trkpt lat="-41.78784" lon="145.97297">
        <ele>966.55</ele>
      </trkpt>
      <trkpt lat="-41.78786" lon="145.97299">
        <ele>966.62</ele>
      </trkpt>
      <trkpt lat="-41.78786" lon="145.97299">
        <ele>966.62</ele>
      </trkpt>
      <trkpt lat="-41.7879" lon="145.97302">
        <ele>966.84</ele>
      </trkpt>
      <trkpt lat="-41.788" lon="145.97314">
        <ele>967.36</ele>
      </trkpt>
      <trkpt lat="-41.78802" lon="145.97326">
        <ele>967.1</ele>
      </trkpt>
      <trkpt lat="-41.78824" lon="145.97348">
        <ele>966.82</ele>
      </trkpt>
      <trkpt lat="-41.78824" lon="145.97348">
        <ele>966.82</ele>
      </trkpt>
      <trkpt lat="-41.7884" lon="145.97365">
        <ele>965.73</ele>
      </trkpt>
      <trkpt lat="-41.78863" lon="145.97388">
        <ele>960.3</ele>
      </trkpt>
      <trkpt lat="-41.78863" lon="145.97393">
        <ele>960.48</ele>
      </trkpt>
      <trkpt lat="-41.78866" lon="145.97396">
        <ele>960.95</ele>
      </trkpt>
      <trkpt lat="-41.78871" lon="145.97403">
        <ele>961.72</ele>
      </trkpt>
      <trkpt lat="-41.78878" lon="145.97408">
        <ele>962.36</ele>
      </trkpt>
      <trkpt lat="-41.78884" lon="145.97413">
        <ele>962.78</ele>
      </trkpt>
      <trkpt lat="-41.78888" lon="145.9742">
        <ele>963.46</ele>
      </trkpt>
      <trkpt lat="-41.789" lon="145.97422">
        <ele>964.0</ele>
      </trkpt>
      <trkpt lat="-41.78905" lon="145.97426">
        <ele>964.93</ele>
      </trkpt>
      <trkpt lat="-41.78911" lon="145.97426">
        <ele>965.15</ele>
      </trkpt>
      <trkpt lat="-41.78919" lon="145.97433">
        <ele>967.44</ele>
      </trkpt>
      <trkpt lat="-41.78931" lon="145.97439">
        <ele>970.38</ele>
      </trkpt>
      <trkpt lat="-41.78935" lon="145.97442">
        <ele>971.48</ele>
      </trkpt>
      <trkpt lat="-41.78942" lon="145.97444">
        <ele>972.65</ele>
      </trkpt>
      <trkpt lat="-41.78949" lon="145.97446">
        <ele>973.55</ele>
      </trkpt>
      <trkpt lat="-41.78953" lon="145.97448">
        <ele>974.05</ele>
      </trkpt>
      <trkpt lat="-41.78959" lon="145.9745">
        <ele>974.77</ele>
      </trkpt>
      <trkpt lat="-41.78963" lon="145.97453">
        <ele>975.31</ele>
      </trkpt>
      <trkpt lat="-41.7897" lon="145.97454">
        <ele>976.1</ele>
      </trkpt>
      <trkpt lat="-41.78977" lon="145.97456">
        <ele>976.72</ele>
      </trkpt>
      <trkpt lat="-41.78983" lon="145.97457">
        <ele>977.09</ele>
      </trkpt>
      <trkpt lat="-41.78988" lon="145.97457">
        <ele>977.39</ele>
      </trkpt>
      <trkpt lat="-41.78997" lon="145.97464">
        <ele>977.5</ele>
      </trkpt>
      <trkpt lat="-41.79007" lon="145.97467">
        <ele>977.19</ele>
      </trkpt>
      <trkpt lat="-41.79014" lon="145.97472">
        <ele>977.0</ele>
      </trkpt>
      <trkpt lat="-41.79014" lon="145.97472">
        <ele>977.0</ele>
      </trkpt>
      <trkpt lat="-41.79019" lon="145.97474">
        <ele>977.0</ele>
      </trkpt>
      <trkpt lat="-41.79019" lon="145.97474">
        <ele>977.0</ele>
      </trkpt>
      <trkpt lat="-41.7905" lon="145.97489">
        <ele>974.72</ele>
      </trkpt>
      <trkpt lat="-41.79056" lon="145.975">
        <ele>973.92</ele>
      </trkpt>
      <trkpt lat="-41.79065" lon="145.97506">
        <ele>972.37</ele>
      </trkpt>
      <trkpt lat="-41.79069" lon="145.97506">
        <ele>971.59</ele>
      </trkpt>
      <trkpt lat="-41.79076" lon="145.9751">
        <ele>970.15</ele>
      </trkpt>
      <trkpt lat="-41.79085" lon="145.97518">
        <ele>968.01</ele>
      </trkpt>
      <trkpt lat="-41.79093" lon="145.97528">
        <ele>965.91</ele>
      </trkpt>
      <trkpt lat="-41.79119" lon="145.97544">
        <ele>962.18</ele>
      </trkpt>
      <trkpt lat="-41.79175" lon="145.97581">
        <ele>963.38</ele>
      </trkpt>
      <trkpt lat="-41.79181" lon="145.9759">
        <ele>964.32</ele>
      </trkpt>
      <trkpt lat="-41.79185" lon="145.97596">
        <ele>964.55</ele>
      </trkpt>
      <trkpt lat="-41.7919" lon="145.97601">
        <ele>964.7</ele>
      </trkpt>
      <trkpt lat="-41.79194" lon="145.97608">
        <ele>964.31</ele>
      </trkpt>
      <trkpt lat="-41.79204" lon="145.97618">
        <ele>964.31</ele>
      </trkpt>
      <trkpt lat="-41.79204" lon="145.97624">
        <ele>963.38</ele>
      </trkpt>
      <trkpt lat="-41.79213" lon="145.97626">
        <ele>964.71</ele>
      </trkpt>
      <trkpt lat="-41.79216" lon="145.97635">
        <ele>964.14</ele>
      </trkpt>
      <trkpt lat="-41.79229" lon="145.97644">
        <ele>965.63</ele>
      </trkpt>
      <trkpt lat="-41.79228" lon="145.97644">
        <ele>965.37</ele>
      </trkpt>
      <trkpt lat="-41.79244" lon="145.97644">
        <ele>969.47</ele>
      </trkpt>
      <trkpt lat="-41.79251" lon="145.97645">
        <ele>970.84</ele>
      </trkpt>
      <trkpt lat="-41.79256" lon="145.97647">
        <ele>970.11</ele>
      </trkpt>
      <trkpt lat="-41.79269" lon="145.97666">
        <ele>969.58</ele>
      </trkpt>
      <trkpt lat="-41.7927" lon="145.97677">
        <ele>968.98</ele>
      </trkpt>
      <trkpt lat="-41.79272" lon="145.9768">
        <ele>968.74</ele>
      </trkpt>
      <trkpt lat="-41.79278" lon="145.97682">
        <ele>968.38</ele>
      </trkpt>
      <trkpt lat="-41.79282" lon="145.97683">
        <ele>967.11</ele>
      </trkpt>
      <trkpt lat="-41.79282" lon="145.97683">
        <ele>967.11</ele>
      </trkpt>
      <trkpt lat="-41.79286" lon="145.97685">
        <ele>965.78</ele>
      </trkpt>
      <trkpt lat="-41.79292" lon="145.97691">
        <ele>963.58</ele>
      </trkpt>
      <trkpt lat="-41.79302" lon="145.97697">
        <ele>960.3</ele>
      </trkpt>
      <trkpt lat="-41.79314" lon="145.97702">
        <ele>958.91</ele>
      </trkpt>
      <trkpt lat="-41.79327" lon="145.97714">
        <ele>957.46</ele>
      </trkpt>
      <trkpt lat="-41.79342" lon="145.97725">
        <ele>957.53</ele>
      </trkpt>
      <trkpt lat="-41.79345" lon="145.97732">
        <ele>957.95</ele>
      </trkpt>
      <trkpt lat="-41.79355" lon="145.97756">
        <ele>959.12</ele>
      </trkpt>
      <trkpt lat="-41.79359" lon="145.97772">
        <ele>959.7</ele>
      </trkpt>
      <trkpt lat="-41.79361" lon="145.97793">
        <ele>961.62</ele>
      </trkpt>
      <trkpt lat="-41.79361" lon="145.97802">
        <ele>962.59</ele>
      </trkpt>
      <trkpt lat="-41.7937" lon="145.97827">
        <ele>966.72</ele>
      </trkpt>
      <trkpt lat="-41.79371" lon="145.97857">
        <ele>968.06</ele>
      </trkpt>
      <trkpt lat="-41.7937" lon="145.9786">
        <ele>967.84</ele>
      </trkpt>
      <trkpt lat="-41.7937" lon="145.97865">
        <ele>968.17</ele>
      </trkpt>
      <trkpt lat="-41.79371" lon="145.97877">
        <ele>969.31</ele>
      </trkpt>
      <trkpt lat="-41.79379" lon="145.97893">
        <ele>971.93</ele>
      </trkpt>
      <trkpt lat="-41.79388" lon="145.97913">
        <ele>973.05</ele>
      </trkpt>
      <trkpt lat="-41.79393" lon="145.97923">
        <ele>972.61</ele>
      </trkpt>
      <trkpt lat="-41.79396" lon="145.97938">
        <ele>971.86</ele>
      </trkpt>
      <trkpt lat="-41.79398" lon="145.9795">
        <ele>971.86</ele>
      </trkpt>
      <trkpt lat="-41.79401" lon="145.97955">
        <ele>972.25</ele>
      </trkpt>
      <trkpt lat="-41.79405" lon="145.97958">
        <ele>972.65</ele>
      </trkpt>
      <trkpt lat="-41.7941" lon="145.97961">
        <ele>973.12</ele>
      </trkpt>
      <trkpt lat="-41.79418" lon="145.97968">
        <ele>973.76</ele>
      </trkpt>
      <trkpt lat="-41.79423" lon="145.97972">
        <ele>973.54</ele>
      </trkpt>
      <trkpt lat="-41.79427" lon="145.97975">
        <ele>973.16</ele>
      </trkpt>
      <trkpt lat="-41.79436" lon="145.97981">
        <ele>971.48</ele>
      </trkpt>
      <trkpt lat="-41.79446" lon="145.97992">
        <ele>967.68</ele>
      </trkpt>
      <trkpt lat="-41.79458" lon="145.98002">
        <ele>964.92</ele>
      </trkpt>
      <trkpt lat="-41.79464" lon="145.98009">
        <ele>963.51</ele>
      </trkpt>
      <trkpt lat="-41.79471" lon="145.98017">
        <ele>960.66</ele>
      </trkpt>
      <trkpt lat="-41.79472" lon="145.98021">
        <ele>959.53</ele>
      </trkpt>
      <trkpt lat="-41.79474" lon="145.98023">
        <ele>959.51</ele>
      </trkpt>
      <trkpt lat="-41.79477" lon="145.98025">
        <ele>959.92</ele>
      </trkpt>
      <trkpt lat="-41.79479" lon="145.98027">
        <ele>960.1</ele>
      </trkpt>
      <trkpt lat="-41.79479" lon="145.98027">
        <ele>960.1</ele>
      </trkpt>
      <trkpt lat="-41.79486" lon="145.98033">
        <ele>961.69</ele>
      </trkpt>
      <trkpt lat="-41.79497" lon="145.98041">
        <ele>963.49</ele>
      </trkpt>
      <trkpt lat="-41.795" lon="145.98045">
        <ele>963.52</ele>
      </trkpt>
      <trkpt lat="-41.79506" lon="145.98051">
        <ele>965.07</ele>
      </trkpt>
      <trkpt lat="-41.79509" lon="145.98055">
        <ele>965.94</ele>
      </trkpt>
      <trkpt lat="-41.79512" lon="145.98057">
        <ele>967.06</ele>
      </trkpt>
      <trkpt lat="-41.79516" lon="145.98058">
        <ele>968.69</ele>
      </trkpt>
      <trkpt lat="-41.7952" lon="145.98061">
        <ele>970.11</ele>
      </trkpt>
      <trkpt lat="-41.79525" lon="145.98068">
        <ele>971.5</ele>
      </trkpt>
      <trkpt lat="-41.79527" lon="145.9807">
        <ele>972.12</ele>
      </trkpt>
      <trkpt lat="-41.7953" lon="145.98071">
        <ele>972.43</ele>
      </trkpt>
      <trkpt lat="-41.79536" lon="145.98078">
        <ele>972.24</ele>
      </trkpt>
      <trkpt lat="-41.79542" lon="145.98086">
        <ele>972.4</ele>
      </trkpt>
      <trkpt lat="-41.79544" lon="145.98091">
        <ele>972.41</ele>
      </trkpt>
      <trkpt lat="-41.79545" lon="145.98093">
        <ele>972.46</ele>
      </trkpt>
      <trkpt lat="-41.79548" lon="145.98095">
        <ele>972.84</ele>
      </trkpt>
      <trkpt lat="-41.79557" lon="145.98107">
        <ele>974.16</ele>
      </trkpt>
      <trkpt lat="-41.79561" lon="145.98111">
        <ele>974.59</ele>
      </trkpt>
      <trkpt lat="-41.79565" lon="145.98114">
        <ele>974.74</ele>
      </trkpt>
      <trkpt lat="-41.79568" lon="145.98118">
        <ele>974.63</ele>
      </trkpt>
      <trkpt lat="-41.79576" lon="145.9813">
        <ele>973.85</ele>
      </trkpt>
      <trkpt lat="-41.79583" lon="145.98136">
        <ele>973.4</ele>
      </trkpt>
      <trkpt lat="-41.79589" lon="145.98143">
        <ele>972.33</ele>
      </trkpt>
      <trkpt lat="-41.79604" lon="145.98166">
        <ele>970.29</ele>
      </trkpt>
      <trkpt lat="-41.79615" lon="145.98173">
        <ele>970.4</ele>
      </trkpt>
      <trkpt lat="-41.79623" lon="145.98181">
        <ele>971.16</ele>
      </trkpt>
      <trkpt lat="-41.79643" lon="145.9821">
        <ele>973.0</ele>
      </trkpt>
      <trkpt lat="-41.79647" lon="145.98212">
        <ele>973.0</ele>
      </trkpt>
      <trkpt lat="-41.79659" lon="145.98222">
        <ele>973.0</ele>
      </trkpt>
      <trkpt lat="-41.79664" lon="145.98232">
        <ele>972.68</ele>
      </trkpt>
      <trkpt lat="-41.79678" lon="145.98242">
        <ele>971.64</ele>
      </trkpt>
      <trkpt lat="-41.79684" lon="145.98252">
        <ele>971.07</ele>
      </trkpt>
      <trkpt lat="-41.79691" lon="145.98256">
        <ele>970.1</ele>
      </trkpt>
      <trkpt lat="-41.79694" lon="145.98258">
        <ele>969.59</ele>
      </trkpt>
      <trkpt lat="-41.79699" lon="145.98261">
        <ele>969.15</ele>
      </trkpt>
      <trkpt lat="-41.79706" lon="145.98263">
        <ele>969.05</ele>
      </trkpt>
      <trkpt lat="-41.79713" lon="145.98263">
        <ele>969.29</ele>
      </trkpt>
      <trkpt lat="-41.7972" lon="145.98262">
        <ele>969.63</ele>
      </trkpt>
      <trkpt lat="-41.79725" lon="145.98261">
        <ele>969.97</ele>
      </trkpt>
      <trkpt lat="-41.79731" lon="145.98263">
        <ele>970.19</ele>
      </trkpt>
      <trkpt lat="-41.79737" lon="145.98266">
        <ele>970.5</ele>
      </trkpt>
      <trkpt lat="-41.79745" lon="145.9827">
        <ele>971.2</ele>
      </trkpt>
      <trkpt lat="-41.79745" lon="145.9827">
        <ele>971.2</ele>
      </trkpt>
      <trkpt lat="-41.79754" lon="145.98274">
        <ele>972.15</ele>
      </trkpt>
      <trkpt lat="-41.79757" lon="145.98276">
        <ele>972.44</ele>
      </trkpt>
      <trkpt lat="-41.79766" lon="145.98278">
        <ele>973.15</ele>
      </trkpt>
      <trkpt lat="-41.79774" lon="145.98282">
        <ele>973.69</ele>
      </trkpt>
      <trkpt lat="-41.79776" lon="145.98282">
        <ele>973.85</ele>
      </trkpt>
      <trkpt lat="-41.7978" lon="145.98284">
        <ele>974.35</ele>
      </trkpt>
      <trkpt lat="-41.79784" lon="145.98286">
        <ele>975.07</ele>
      </trkpt>
      <trkpt lat="-41.79788" lon="145.98289">
        <ele>976.0</ele>
      </trkpt>
      <trkpt lat="-41.79788" lon="145.9829">
        <ele>976.08</ele>
      </trkpt>
      <trkpt lat="-41.7979" lon="145.98295">
        <ele>976.96</ele>
      </trkpt>
      <trkpt lat="-41.7979" lon="145.983">
        <ele>977.43</ele>
      </trkpt>
      <trkpt lat="-41.7979" lon="145.983">
        <ele>977.43</ele>
      </trkpt>
      <trkpt lat="-41.79799" lon="145.98307">
        <ele>980.93</ele>
      </trkpt>
      <trkpt lat="-41.79803" lon="145.98311">
        <ele>982.37</ele>
      </trkpt>
      <trkpt lat="-41.79808" lon="145.98316">
        <ele>982.99</ele>
      </trkpt>
      <trkpt lat="-41.7982" lon="145.98324">
        <ele>981.24</ele>
      </trkpt>
      <trkpt lat="-41.79826" lon="145.98327">
        <ele>980.26</ele>
      </trkpt>
      <trkpt lat="-41.79832" lon="145.98331">
        <ele>979.24</ele>
      </trkpt>
      <trkpt lat="-41.79843" lon="145.98337">
        <ele>976.52</ele>
      </trkpt>
      <trkpt lat="-41.79844" lon="145.98338">
        <ele>976.27</ele>
      </trkpt>
      <trkpt lat="-41.79846" lon="145.98343">
        <ele>975.78</ele>
      </trkpt>
      <trkpt lat="-41.79851" lon="145.98345">
        <ele>974.66</ele>
      </trkpt>
      <trkpt lat="-41.79855" lon="145.98347">
        <ele>973.82</ele>
      </trkpt>
      <trkpt lat="-41.79857" lon="145.98347">
        <ele>973.38</ele>
      </trkpt>
      <trkpt lat="-41.79856" lon="145.98347">
        <ele>973.6</ele>
      </trkpt>
      <trkpt lat="-41.79861" lon="145.98349">
        <ele>972.59</ele>
      </trkpt>
      <trkpt lat="-41.79865" lon="145.98349">
        <ele>973.56</ele>
      </trkpt>
      <trkpt lat="-41.7987" lon="145.98349">
        <ele>974.84</ele>
      </trkpt>
      <trkpt lat="-41.79874" lon="145.98349">
        <ele>975.87</ele>
      </trkpt>
      <trkpt lat="-41.79876" lon="145.98349">
        <ele>976.38</ele>
      </trkpt>
      <trkpt lat="-41.79877" lon="145.98348">
        <ele>976.56</ele>
      </trkpt>
      <trkpt lat="-41.79881" lon="145.98345">
        <ele>977.32</ele>
      </trkpt>
      <trkpt lat="-41.79885" lon="145.98343">
        <ele>978.11</ele>
      </trkpt>
      <trkpt lat="-41.7989" lon="145.98341">
        <ele>978.94</ele>
      </trkpt>
      <trkpt lat="-41.79895" lon="145.9834">
        <ele>979.33</ele>
      </trkpt>
      <trkpt lat="-41.79899" lon="145.98341">
        <ele>979.82</ele>
      </trkpt>
      <trkpt lat="-41.799" lon="145.98341">
        <ele>979.92</ele>
      </trkpt>
      <trkpt lat="-41.799" lon="145.98341">
        <ele>979.92</ele>
      </trkpt>
      <trkpt lat="-41.79904" lon="145.98342">
        <ele>980.4</ele>
      </trkpt>
      <trkpt lat="-41.79908" lon="145.98345">
        <ele>981.04</ele>
      </trkpt>
      <trkpt lat="-41.79912" lon="145.98348">
        <ele>981.64</ele>
      </trkpt>
      <trkpt lat="-41.79912" lon="145.98349">
        <ele>981.72</ele>
      </trkpt>
      <trkpt lat="-41.79917" lon="145.98351">
        <ele>982.32</ele>
      </trkpt>
      <trkpt lat="-41.79921" lon="145.98353">
        <ele>983.02</ele>
      </trkpt>
      <trkpt lat="-41.79926" lon="145.98355">
        <ele>983.79</ele>
      </trkpt>
      <trkpt lat="-41.79931" lon="145.98356">
        <ele>984.46</ele>
      </trkpt>
      <trkpt lat="-41.79935" lon="145.98357">
        <ele>984.98</ele>
      </trkpt>
      <trkpt lat="-41.79938" lon="145.98358">
        <ele>985.34</ele>
      </trkpt>
      <trkpt lat="-41.7996" lon="145.98365">
        <ele>989.89</ele>
      </trkpt>
      <trkpt lat="-41.79969" lon="145.9837">
        <ele>991.7</ele>
      </trkpt>
      <trkpt lat="-41.79986" lon="145.98377">
        <ele>994.9</ele>
      </trkpt>
      <trkpt lat="-41.79994" lon="145.98378">
        <ele>996.66</ele>
      </trkpt>
      <trkpt lat="-41.79994" lon="145.98378">
        <ele>996.66</ele>
      </trkpt>
      <trkpt lat="-41.79999" lon="145.98379">
        <ele>997.77</ele>
      </trkpt>
      <trkpt lat="-41.80004" lon="145.98381">
        <ele>998.49</ele>
      </trkpt>
      <trkpt lat="-41.80008" lon="145.98384">
        <ele>999.05</ele>
      </trkpt>
      <trkpt lat="-41.80011" lon="145.98389">
        <ele>999.6</ele>
      </trkpt>
      <trkpt lat="-41.80014" lon="145.98394">
        <ele>1001.03</ele>
      </trkpt>
      <trkpt lat="-41.80017" lon="145.98398">
        <ele>1002.36</ele>
      </trkpt>
      <trkpt lat="-41.80022" lon="145.98398">
        <ele>1003.26</ele>
      </trkpt>
      <trkpt lat="-41.80023" lon="145.98398">
        <ele>1003.44</ele>
      </trkpt>
      <trkpt lat="-41.80036" lon="145.98403">
        <ele>1007.48</ele>
      </trkpt>
      <trkpt lat="-41.80037" lon="145.98403">
        <ele>1007.71</ele>
      </trkpt>
      <trkpt lat="-41.80041" lon="145.98406">
        <ele>1009.35</ele>
      </trkpt>
      <trkpt lat="-41.80045" lon="145.98409">
        <ele>1010.96</ele>
      </trkpt>
      <trkpt lat="-41.80048" lon="145.98414">
        <ele>1012.77</ele>
      </trkpt>
      <trkpt lat="-41.80048" lon="145.98415">
        <ele>1012.99</ele>
      </trkpt>
      <trkpt lat="-41.80049" lon="145.98416">
        <ele>1013.43</ele>
      </trkpt>
      <trkpt lat="-41.80053" lon="145.98421">
        <ele>1015.7</ele>
      </trkpt>
      <trkpt lat="-41.80057" lon="145.98424">
        <ele>1017.55</ele>
      </trkpt>
      <trkpt lat="-41.80061" lon="145.98425">
        <ele>1019.01</ele>
      </trkpt>
      <trkpt lat="-41.80066" lon="145.98427">
        <ele>1020.9</ele>
      </trkpt>
      <trkpt lat="-41.8007" lon="145.98429">
        <ele>1022.37</ele>
      </trkpt>
      <trkpt lat="-41.8007" lon="145.9843">
        <ele>1022.54</ele>
      </trkpt>
      <trkpt lat="-41.8007" lon="145.98429">
        <ele>1022.37</ele>
      </trkpt>
      <trkpt lat="-41.80071" lon="145.98435">
        <ele>1023.64</ele>
      </trkpt>
      <trkpt lat="-41.80075" lon="145.98437">
        <ele>1024.78</ele>
      </trkpt>
      <trkpt lat="-41.8008" lon="145.98438">
        <ele>1025.89</ele>
      </trkpt>
      <trkpt lat="-41.80083" lon="145.98443">
        <ele>1026.84</ele>
      </trkpt>
      <trkpt lat="-41.80083" lon="145.98449">
        <ele>1027.12</ele>
      </trkpt>
      <trkpt lat="-41.80083" lon="145.98455">
        <ele>1027.35</ele>
      </trkpt>
      <trkpt lat="-41.80087" lon="145.98458">
        <ele>1027.02</ele>
      </trkpt>
      <trkpt lat="-41.80087" lon="145.98459">
        <ele>1027.07</ele>
      </trkpt>
      <trkpt lat="-41.80092" lon="145.98459">
        <ele>1026.44</ele>
      </trkpt>
      <trkpt lat="-41.80097" lon="145.98459">
        <ele>1025.81</ele>
      </trkpt>
      <trkpt lat="-41.80101" lon="145.9846">
        <ele>1025.37</ele>
      </trkpt>
      <trkpt lat="-41.80106" lon="145.98463">
        <ele>1024.95</ele>
      </trkpt>
      <trkpt lat="-41.8011" lon="145.98465">
        <ele>1024.61</ele>
      </trkpt>
      <trkpt lat="-41.80113" lon="145.98466">
        <ele>1024.43</ele>
      </trkpt>
      <trkpt lat="-41.80113" lon="145.98466">
        <ele>1024.43</ele>
      </trkpt>
      <trkpt lat="-41.80118" lon="145.98468">
        <ele>1024.24</ele>
      </trkpt>
      <trkpt lat="-41.80123" lon="145.9847">
        <ele>1024.02</ele>
      </trkpt>
      <trkpt lat="-41.80127" lon="145.98472">
        <ele>1023.84</ele>
      </trkpt>
      <trkpt lat="-41.8013" lon="145.98476">
        <ele>1023.91</ele>
      </trkpt>
      <trkpt lat="-41.80134" lon="145.9848">
        <ele>1023.91</ele>
      </trkpt>
      <trkpt lat="-41.80137" lon="145.98484">
        <ele>1023.98</ele>
      </trkpt>
      <trkpt lat="-41.8014" lon="145.98486">
        <ele>1023.91</ele>
      </trkpt>
      <trkpt lat="-41.8014" lon="145.98487">
        <ele>1023.98</ele>
      </trkpt>
      <trkpt lat="-41.80145" lon="145.98489">
        <ele>1023.77</ele>
      </trkpt>
      <trkpt lat="-41.80149" lon="145.98491">
        <ele>1023.62</ele>
      </trkpt>
      <trkpt lat="-41.80154" lon="145.98491">
        <ele>1023.26</ele>
      </trkpt>
      <trkpt lat="-41.80159" lon="145.9849">
        <ele>1022.83</ele>
      </trkpt>
      <trkpt lat="-41.80164" lon="145.98489">
        <ele>1022.4</ele>
      </trkpt>
      <trkpt lat="-41.80165" lon="145.9849">
        <ele>1022.4</ele>
      </trkpt>
      <trkpt lat="-41.80167" lon="145.9849">
        <ele>1022.18</ele>
      </trkpt>
      <trkpt lat="-41.80171" lon="145.98493">
        <ele>1021.17</ele>
      </trkpt>
      <trkpt lat="-41.80175" lon="145.98496">
        <ele>1020.1</ele>
      </trkpt>
      <trkpt lat="-41.80179" lon="145.98499">
        <ele>1018.96</ele>
      </trkpt>
      <trkpt lat="-41.80183" lon="145.98503">
        <ele>1017.66</ele>
      </trkpt>
      <trkpt lat="-41.80183" lon="145.98505">
        <ele>1017.63</ele>
      </trkpt>
      <trkpt lat="-41.80183" lon="145.98505">
        <ele>1017.63</ele>
      </trkpt>
      <trkpt lat="-41.80188" lon="145.98517">
        <ele>1015.95</ele>
      </trkpt>
      <trkpt lat="-41.80196" lon="145.98519">
        <ele>1014.0</ele>
      </trkpt>
      <trkpt lat="-41.80207" lon="145.98537">
        <ele>1014.36</ele>
      </trkpt>
      <trkpt lat="-41.80207" lon="145.98537">
        <ele>1014.36</ele>
      </trkpt>
      <trkpt lat="-41.80211" lon="145.98543">
        <ele>1014.44</ele>
      </trkpt>
      <trkpt lat="-41.80229" lon="145.98554">
        <ele>1015.19</ele>
      </trkpt>
      <trkpt lat="-41.80243" lon="145.98568">
        <ele>1018.86</ele>
      </trkpt>
      <trkpt lat="-41.80248" lon="145.98575">
        <ele>1020.64</ele>
      </trkpt>
      <trkpt lat="-41.8025" lon="145.98579">
        <ele>1021.53</ele>
      </trkpt>
      <trkpt lat="-41.8025" lon="145.98578">
        <ele>1021.42</ele>
      </trkpt>
      <trkpt lat="-41.80257" lon="145.98585">
        <ele>1021.04</ele>
      </trkpt>
      <trkpt lat="-41.80267" lon="145.98592">
        <ele>1019.67</ele>
      </trkpt>
      <trkpt lat="-41.80269" lon="145.98596">
        <ele>1019.41</ele>
      </trkpt>
      <trkpt lat="-41.80287" lon="145.98597">
        <ele>1017.34</ele>
      </trkpt>
      <trkpt lat="-41.80298" lon="145.98599">
        <ele>1016.54</ele>
      </trkpt>
      <trkpt lat="-41.80306" lon="145.98605">
        <ele>1016.03</ele>
      </trkpt>
      <trkpt lat="-41.80315" lon="145.98613">
        <ele>1016.66</ele>
      </trkpt>
      <trkpt lat="-41.80315" lon="145.98613">
        <ele>1016.66</ele>
      </trkpt>
      <trkpt lat="-41.80328" lon="145.9863">
        <ele>1017.07</ele>
      </trkpt>
      <trkpt lat="-41.80344" lon="145.9864">
        <ele>1017.34</ele>
      </trkpt>
      <trkpt lat="-41.80361" lon="145.98655">
        <ele>1017.42</ele>
      </trkpt>
      <trkpt lat="-41.80372" lon="145.98657">
        <ele>1018.66</ele>
      </trkpt>
      <trkpt lat="-41.80381" lon="145.98663">
        <ele>1019.37</ele>
      </trkpt>
      <trkpt lat="-41.80407" lon="145.9868">
        <ele>1017.85</ele>
      </trkpt>
      <trkpt lat="-41.80427" lon="145.98701">
        <ele>1017.6</ele>
      </trkpt>
      <trkpt lat="-41.80434" lon="145.98702">
        <ele>1017.14</ele>
      </trkpt>
      <trkpt lat="-41.80441" lon="145.98716">
        <ele>1015.86</ele>
      </trkpt>
      <trkpt lat="-41.80464" lon="145.98725">
        <ele>1012.01</ele>
      </trkpt>
      <trkpt lat="-41.80485" lon="145.9874">
        <ele>1007.29</ele>
      </trkpt>
      <trkpt lat="-41.80484" lon="145.9874">
        <ele>1007.48</ele>
      </trkpt>
      <trkpt lat="-41.80493" lon="145.98745">
        <ele>1005.14</ele>
      </trkpt>
      <trkpt lat="-41.80503" lon="145.98753">
        <ele>1002.23</ele>
      </trkpt>
      <trkpt lat="-41.80519" lon="145.98751">
        <ele>1000.78</ele>
      </trkpt>
      <trkpt lat="-41.80528" lon="145.98759">
        <ele>998.35</ele>
      </trkpt>
      <trkpt lat="-41.80528" lon="145.9876">
        <ele>998.17</ele>
      </trkpt>
      <trkpt lat="-41.80533" lon="145.98764">
        <ele>996.73</ele>
      </trkpt>
      <trkpt lat="-41.80537" lon="145.98767">
        <ele>995.61</ele>
      </trkpt>
      <trkpt lat="-41.80542" lon="145.98768">
        <ele>994.71</ele>
      </trkpt>
      <trkpt lat="-41.80547" lon="145.98768">
        <ele>993.99</ele>
      </trkpt>
      <trkpt lat="-41.80552" lon="145.98767">
        <ele>993.45</ele>
      </trkpt>
      <trkpt lat="-41.80554" lon="145.98764">
        <ele>993.7</ele>
      </trkpt>
      <trkpt lat="-41.80554" lon="145.98765">
        <ele>993.52</ele>
      </trkpt>
      <trkpt lat="-41.80558" lon="145.98768">
        <ele>992.52</ele>
      </trkpt>
      <trkpt lat="-41.80561" lon="145.98773">
        <ele>991.4</ele>
      </trkpt>
      <trkpt lat="-41.80562" lon="145.9878">
        <ele>990.28</ele>
      </trkpt>
      <trkpt lat="-41.80564" lon="145.98785">
        <ele>989.53</ele>
      </trkpt>
      <trkpt lat="-41.80567" lon="145.9879">
        <ele>988.67</ele>
      </trkpt>
      <trkpt lat="-41.80571" lon="145.98793">
        <ele>987.94</ele>
      </trkpt>
      <trkpt lat="-41.80577" lon="145.98795">
        <ele>987.12</ele>
      </trkpt>
      <trkpt lat="-41.8058" lon="145.98796">
        <ele>986.69</ele>
      </trkpt>
      <trkpt lat="-41.80582" lon="145.98795">
        <ele>986.65</ele>
      </trkpt>
      <trkpt lat="-41.80586" lon="145.98793">
        <ele>986.37</ele>
      </trkpt>
      <trkpt lat="-41.80591" lon="145.98793">
        <ele>985.55</ele>
      </trkpt>
      <trkpt lat="-41.80596" lon="145.98794">
        <ele>984.57</ele>
      </trkpt>
      <trkpt lat="-41.806" lon="145.98795">
        <ele>983.75</ele>
      </trkpt>
      <trkpt lat="-41.80604" lon="145.98799">
        <ele>982.4</ele>
      </trkpt>
      <trkpt lat="-41.80607" lon="145.98803">
        <ele>981.19</ele>
      </trkpt>
      <trkpt lat="-41.80611" lon="145.98806">
        <ele>979.96</ele>
      </trkpt>
      <trkpt lat="-41.80613" lon="145.98808">
        <ele>979.65</ele>
      </trkpt>
      <trkpt lat="-41.80628" lon="145.98824">
        <ele>977.75</ele>
      </trkpt>
      <trkpt lat="-41.80653" lon="145.98853">
        <ele>972.76</ele>
      </trkpt>
      <trkpt lat="-41.80676" lon="145.98889">
        <ele>964.29</ele>
      </trkpt>
      <trkpt lat="-41.80691" lon="145.98916">
        <ele>954.67</ele>
      </trkpt>
      <trkpt lat="-41.80698" lon="145.98934">
        <ele>953.9</ele>
      </trkpt>
      <trkpt lat="-41.80696" lon="145.98931">
        <ele>953.73</ele>
      </trkpt>
      <trkpt lat="-41.80698" lon="145.98934">
        <ele>953.9</ele>
      </trkpt>
      <trkpt lat="-41.80713" lon="145.98946">
        <ele>954.93</ele>
      </trkpt>
      <trkpt lat="-41.80721" lon="145.98953">
        <ele>955.28</ele>
      </trkpt>
      <trkpt lat="-41.80729" lon="145.9896">
        <ele>953.98</ele>
      </trkpt>
      <trkpt lat="-41.80754" lon="145.98988">
        <ele>946.16</ele>
      </trkpt>
      <trkpt lat="-41.80758" lon="145.98989">
        <ele>945.98</ele>
      </trkpt>
      <trkpt lat="-41.80767" lon="145.98997">
        <ele>944.54</ele>
      </trkpt>
      <trkpt lat="-41.80774" lon="145.99005">
        <ele>943.75</ele>
      </trkpt>
      <trkpt lat="-41.8078" lon="145.99009">
        <ele>944.0</ele>
      </trkpt>
      <trkpt lat="-41.80791" lon="145.99009">
        <ele>945.58</ele>
      </trkpt>
      <trkpt lat="-41.80802" lon="145.9901">
        <ele>947.13</ele>
      </trkpt>
      <trkpt lat="-41.80811" lon="145.9901">
        <ele>947.77</ele>
      </trkpt>
      <trkpt lat="-41.80822" lon="145.99009">
        <ele>948.08</ele>
      </trkpt>
      <trkpt lat="-41.80826" lon="145.99009">
        <ele>948.17</ele>
      </trkpt>
      <trkpt lat="-41.80826" lon="145.99009">
        <ele>948.17</ele>
      </trkpt>
      <trkpt lat="-41.80832" lon="145.99009">
        <ele>948.32</ele>
      </trkpt>
      <trkpt lat="-41.8084" lon="145.99012">
        <ele>946.76</ele>
      </trkpt>
      <trkpt lat="-41.80847" lon="145.99017">
        <ele>944.6</ele>
      </trkpt>
      <trkpt lat="-41.80862" lon="145.99027">
        <ele>939.07</ele>
      </trkpt>
      <trkpt lat="-41.80865" lon="145.99029">
        <ele>938.36</ele>
      </trkpt>
      <trkpt lat="-41.8087" lon="145.99029">
        <ele>937.82</ele>
      </trkpt>
      <trkpt lat="-41.80873" lon="145.9903">
        <ele>937.32</ele>
      </trkpt>
      <trkpt lat="-41.80876" lon="145.99035">
        <ele>936.09</ele>
      </trkpt>
      <trkpt lat="-41.8088" lon="145.99036">
        <ele>935.48</ele>
      </trkpt>
      <trkpt lat="-41.80884" lon="145.99041">
        <ele>934.15</ele>
      </trkpt>
      <trkpt lat="-41.80883" lon="145.99045">
        <ele>933.54</ele>
      </trkpt>
      <trkpt lat="-41.80884" lon="145.99056">
        <ele>931.43</ele>
      </trkpt>
      <trkpt lat="-41.80888" lon="145.99063">
        <ele>929.5</ele>
      </trkpt>
      <trkpt lat="-41.80886" lon="145.99063">
        <ele>929.73</ele>
      </trkpt>
      <trkpt lat="-41.80883" lon="145.99068">
        <ele>929.04</ele>
      </trkpt>
      <trkpt lat="-41.80883" lon="145.99074">
        <ele>927.79</ele>
      </trkpt>
      <trkpt lat="-41.80883" lon="145.9908">
        <ele>926.54</ele>
      </trkpt>
      <trkpt lat="-41.80882" lon="145.99086">
        <ele>925.87</ele>
      </trkpt>
      <trkpt lat="-41.80882" lon="145.99093">
        <ele>925.56</ele>
      </trkpt>
      <trkpt lat="-41.80882" lon="145.99099">
        <ele>925.29</ele>
      </trkpt>
      <trkpt lat="-41.80882" lon="145.99106">
        <ele>924.97</ele>
      </trkpt>
      <trkpt lat="-41.80883" lon="145.99112">
        <ele>924.64</ele>
      </trkpt>
      <trkpt lat="-41.80884" lon="145.99118">
        <ele>924.53</ele>
      </trkpt>
      <trkpt lat="-41.80886" lon="145.99124">
        <ele>924.31</ele>
      </trkpt>
      <trkpt lat="-41.80886" lon="145.99124">
        <ele>924.31</ele>
      </trkpt>
      <trkpt lat="-41.80885" lon="145.99125">
        <ele>924.42</ele>
      </trkpt>
      <trkpt lat="-41.80886" lon="145.99129">
        <ele>924.31</ele>
      </trkpt>
      <trkpt lat="-41.80888" lon="145.9914">
        <ele>924.21</ele>
      </trkpt>
      <trkpt lat="-41.80895" lon="145.99154">
        <ele>924.49</ele>
      </trkpt>
      <trkpt lat="-41.80906" lon="145.9917">
        <ele>923.0</ele>
      </trkpt>
      <trkpt lat="-41.80915" lon="145.99182">
        <ele>922.04</ele>
      </trkpt>
      <trkpt lat="-41.80915" lon="145.99182">
        <ele>922.04</ele>
      </trkpt>
      <trkpt lat="-41.80918" lon="145.99186">
        <ele>922.05</ele>
      </trkpt>
      <trkpt lat="-41.80932" lon="145.99197">
        <ele>922.12</ele>
      </trkpt>
      <trkpt lat="-41.80941" lon="145.99202">
        <ele>921.83</ele>
      </trkpt>
      <trkpt lat="-41.80946" lon="145.99204">
        <ele>922.17</ele>
      </trkpt>
      <trkpt lat="-41.80951" lon="145.99204">
        <ele>923.73</ele>
      </trkpt>
      <trkpt lat="-41.80963" lon="145.99201">
        <ele>927.33</ele>
      </trkpt>
      <trkpt lat="-41.80971" lon="145.992">
        <ele>929.81</ele>
      </trkpt>
      <trkpt lat="-41.80978" lon="145.99198">
        <ele>932.0</ele>
      </trkpt>
      <trkpt lat="-41.80986" lon="145.99198">
        <ele>934.59</ele>
      </trkpt>
      <trkpt lat="-41.80994" lon="145.99194">
        <ele>937.11</ele>
      </trkpt>
      <trkpt lat="-41.81" lon="145.99193">
        <ele>939.16</ele>
      </trkpt>
      <trkpt lat="-41.8101" lon="145.99189">
        <ele>939.38</ele>
      </trkpt>
      <trkpt lat="-41.81012" lon="145.99188">
        <ele>939.4</ele>
      </trkpt>
      <trkpt lat="-41.81018" lon="145.99187">
        <ele>939.28</ele>
      </trkpt>
      <trkpt lat="-41.8103" lon="145.99192">
        <ele>938.61</ele>
      </trkpt>
      <trkpt lat="-41.81036" lon="145.99196">
        <ele>937.48</ele>
      </trkpt>
      <trkpt lat="-41.81037" lon="145.99199">
        <ele>937.23</ele>
      </trkpt>
      <trkpt lat="-41.81039" lon="145.99199">
        <ele>936.88</ele>
      </trkpt>
      <trkpt lat="-41.8105" lon="145.9921">
        <ele>934.89</ele>
      </trkpt>
      <trkpt lat="-41.81059" lon="145.99224">
        <ele>934.06</ele>
      </trkpt>
      <trkpt lat="-41.81076" lon="145.99236">
        <ele>934.35</ele>
      </trkpt>
      <trkpt lat="-41.81076" lon="145.99236">
        <ele>934.35</ele>
      </trkpt>
      <trkpt lat="-41.81081" lon="145.9924">
        <ele>934.5</ele>
      </trkpt>
      <trkpt lat="-41.81099" lon="145.99256">
        <ele>936.59</ele>
      </trkpt>
      <trkpt lat="-41.81123" lon="145.99273">
        <ele>935.22</ele>
      </trkpt>
      <trkpt lat="-41.81129" lon="145.99276">
        <ele>934.16</ele>
      </trkpt>
      <trkpt lat="-41.8115" lon="145.99292">
        <ele>929.16</ele>
      </trkpt>
      <trkpt lat="-41.81159" lon="145.99291">
        <ele>927.82</ele>
      </trkpt>
      <trkpt lat="-41.81168" lon="145.99296">
        <ele>925.76</ele>
      </trkpt>
      <trkpt lat="-41.81175" lon="145.99288">
        <ele>925.02</ele>
      </trkpt>
      <trkpt lat="-41.81187" lon="145.99293">
        <ele>922.03</ele>
      </trkpt>
      <trkpt lat="-41.81201" lon="145.99276">
        <ele>919.91</ele>
      </trkpt>
      <trkpt lat="-41.81202" lon="145.99276">
        <ele>919.68</ele>
      </trkpt>
      <trkpt lat="-41.81206" lon="145.99277">
        <ele>918.63</ele>
      </trkpt>
      <trkpt lat="-41.81209" lon="145.99282">
        <ele>917.86</ele>
      </trkpt>
      <trkpt lat="-41.8121" lon="145.99288">
        <ele>917.68</ele>
      </trkpt>
      <trkpt lat="-41.81209" lon="145.99294">
        <ele>917.88</ele>
      </trkpt>
      <trkpt lat="-41.81208" lon="145.99297">
        <ele>918.06</ele>
      </trkpt>
      <trkpt lat="-41.81208" lon="145.99298">
        <ele>918.05</ele>
      </trkpt>
      <trkpt lat="-41.81213" lon="145.99301">
        <ele>917.27</ele>
      </trkpt>
      <trkpt lat="-41.81217" lon="145.99302">
        <ele>916.67</ele>
      </trkpt>
      <trkpt lat="-41.81222" lon="145.99303">
        <ele>915.94</ele>
      </trkpt>
      <trkpt lat="-41.81226" lon="145.99303">
        <ele>916.46</ele>
      </trkpt>
      <trkpt lat="-41.81231" lon="145.99302">
        <ele>917.18</ele>
      </trkpt>
      <trkpt lat="-41.81236" lon="145.99301">
        <ele>917.9</ele>
      </trkpt>
      <trkpt lat="-41.81236" lon="145.99301">
        <ele>917.9</ele>
      </trkpt>
      <trkpt lat="-41.81236" lon="145.99301">
        <ele>917.9</ele>
      </trkpt>
      <trkpt lat="-41.8124" lon="145.99304">
        <ele>918.54</ele>
      </trkpt>
      <trkpt lat="-41.81247" lon="145.99311">
        <ele>919.81</ele>
      </trkpt>
      <trkpt lat="-41.81252" lon="145.99313">
        <ele>920.79</ele>
      </trkpt>
      <trkpt lat="-41.81254" lon="145.99316">
        <ele>921.37</ele>
      </trkpt>
      <trkpt lat="-41.81254" lon="145.99316">
        <ele>921.37</ele>
      </trkpt>
      <trkpt lat="-41.8126" lon="145.99319">
        <ele>922.84</ele>
      </trkpt>
      <trkpt lat="-41.81274" lon="145.99337">
        <ele>925.11</ele>
      </trkpt>
      <trkpt lat="-41.81275" lon="145.99338">
        <ele>925.21</ele>
      </trkpt>
      <trkpt lat="-41.81279" lon="145.99341">
        <ele>925.76</ele>
      </trkpt>
      <trkpt lat="-41.81284" lon="145.99342">
        <ele>926.96</ele>
      </trkpt>
      <trkpt lat="-41.81287" lon="145.99348">
        <ele>927.07</ele>
      </trkpt>
      <trkpt lat="-41.81289" lon="145.99353">
        <ele>926.96</ele>
      </trkpt>
      <trkpt lat="-41.81292" lon="145.99358">
        <ele>926.96</ele>
      </trkpt>
      <trkpt lat="-41.81294" lon="145.99364">
        <ele>927.01</ele>
      </trkpt>
      <trkpt lat="-41.81295" lon="145.9937">
        <ele>927.34</ele>
      </trkpt>
      <trkpt lat="-41.81297" lon="145.99375">
        <ele>927.77</ele>
      </trkpt>
      <trkpt lat="-41.813" lon="145.99381">
        <ele>928.29</ele>
      </trkpt>
      <trkpt lat="-41.813" lon="145.99383">
        <ele>928.32</ele>
      </trkpt>
      <trkpt lat="-41.81312" lon="145.99387">
        <ele>929.36</ele>
      </trkpt>
      <trkpt lat="-41.81325" lon="145.99392">
        <ele>930.16</ele>
      </trkpt>
      <trkpt lat="-41.81324" lon="145.99393">
        <ele>930.25</ele>
      </trkpt>
      <trkpt lat="-41.81331" lon="145.99396">
        <ele>931.13</ele>
      </trkpt>
      <trkpt lat="-41.8134" lon="145.99399">
        <ele>934.35</ele>
      </trkpt>
      <trkpt lat="-41.81355" lon="145.99407">
        <ele>940.59</ele>
      </trkpt>
      <trkpt lat="-41.8136" lon="145.99412">
        <ele>942.49</ele>
      </trkpt>
      <trkpt lat="-41.81368" lon="145.99416">
        <ele>943.48</ele>
      </trkpt>
      <trkpt lat="-41.8137" lon="145.99416">
        <ele>943.63</ele>
      </trkpt>
      <trkpt lat="-41.81375" lon="145.99417">
        <ele>943.97</ele>
      </trkpt>
      <trkpt lat="-41.8138" lon="145.99417">
        <ele>944.34</ele>
      </trkpt>
      <trkpt lat="-41.81384" lon="145.99416">
        <ele>944.66</ele>
      </trkpt>
      <trkpt lat="-41.81389" lon="145.99414">
        <ele>945.09</ele>
      </trkpt>
      <trkpt lat="-41.81393" lon="145.99413">
        <ele>944.78</ele>
      </trkpt>
      <trkpt lat="-41.81398" lon="145.99414">
        <ele>944.35</ele>
      </trkpt>
      <trkpt lat="-41.81399" lon="145.99414">
        <ele>944.26</ele>
      </trkpt>
      <trkpt lat="-41.81399" lon="145.99413">
        <ele>944.26</ele>
      </trkpt>
      <trkpt lat="-41.81404" lon="145.99414">
        <ele>943.85</ele>
      </trkpt>
      <trkpt lat="-41.81408" lon="145.99414">
        <ele>943.52</ele>
      </trkpt>
      <trkpt lat="-41.81413" lon="145.99414">
        <ele>943.11</ele>
      </trkpt>
      <trkpt lat="-41.81418" lon="145.99415">
        <ele>942.55</ele>
      </trkpt>
      <trkpt lat="-41.81423" lon="145.99414">
        <ele>941.26</ele>
      </trkpt>
      <trkpt lat="-41.81425" lon="145.99414">
        <ele>940.77</ele>
      </trkpt>
      <trkpt lat="-41.81455" lon="145.99422">
        <ele>938.07</ele>
      </trkpt>
      <trkpt lat="-41.8148" lon="145.99431">
        <ele>939.92</ele>
      </trkpt>
      <trkpt lat="-41.8148" lon="145.99431">
        <ele>939.92</ele>
      </trkpt>
      <trkpt lat="-41.81496" lon="145.99438">
        <ele>938.52</ele>
      </trkpt>
      <trkpt lat="-41.81508" lon="145.99442">
        <ele>936.96</ele>
      </trkpt>
      <trkpt lat="-41.81517" lon="145.99445">
        <ele>935.53</ele>
      </trkpt>
      <trkpt lat="-41.81521" lon="145.99448">
        <ele>934.85</ele>
      </trkpt>
      <trkpt lat="-41.81521" lon="145.99448">
        <ele>934.85</ele>
      </trkpt>
      <trkpt lat="-41.81527" lon="145.99451">
        <ele>933.88</ele>
      </trkpt>
      <trkpt lat="-41.81532" lon="145.99451">
        <ele>933.04</ele>
      </trkpt>
      <trkpt lat="-41.81541" lon="145.9945">
        <ele>931.52</ele>
      </trkpt>
      <trkpt lat="-41.81548" lon="145.99453">
        <ele>930.28</ele>
      </trkpt>
      <trkpt lat="-41.81556" lon="145.99451">
        <ele>928.98</ele>
      </trkpt>
      <trkpt lat="-41.81564" lon="145.99454">
        <ele>928.7</ele>
      </trkpt>
      <trkpt lat="-41.81568" lon="145.99462">
        <ele>928.55</ele>
      </trkpt>
      <trkpt lat="-41.81573" lon="145.99463">
        <ele>928.37</ele>
      </trkpt>
      <trkpt lat="-41.81619" lon="145.9948">
        <ele>929.32</ele>
      </trkpt>
      <trkpt lat="-41.81668" lon="145.99498">
        <ele>927.78</ele>
      </trkpt>
      <trkpt lat="-41.81681" lon="145.99506">
        <ele>924.47</ele>
      </trkpt>
      <trkpt lat="-41.81694" lon="145.99512">
        <ele>921.23</ele>
      </trkpt>
      <trkpt lat="-41.81695" lon="145.9951">
        <ele>921.19</ele>
      </trkpt>
      <trkpt lat="-41.81699" lon="145.99509">
        <ele>920.59</ele>
      </trkpt>
      <trkpt lat="-41.81704" lon="145.99511">
        <ele>919.62</ele>
      </trkpt>
      <trkpt lat="-41.81708" lon="145.99514">
        <ele>918.8</ele>
      </trkpt>
      <trkpt lat="-41.81713" lon="145.99514">
        <ele>917.99</ele>
      </trkpt>
      <trkpt lat="-41.81717" lon="145.99512">
        <ele>917.43</ele>
      </trkpt>
      <trkpt lat="-41.81722" lon="145.99512">
        <ele>916.6</ele>
      </trkpt>
      <trkpt lat="-41.81726" lon="145.99512">
        <ele>915.97</ele>
      </trkpt>
      <trkpt lat="-41.8173" lon="145.99508">
        <ele>915.51</ele>
      </trkpt>
      <trkpt lat="-41.81733" lon="145.99506">
        <ele>915.15</ele>
      </trkpt>
      <trkpt lat="-41.81733" lon="145.99505">
        <ele>915.2</ele>
      </trkpt>
      <trkpt lat="-41.81738" lon="145.99501">
        <ele>914.67</ele>
      </trkpt>
      <trkpt lat="-41.81742" lon="145.99499">
        <ele>914.18</ele>
      </trkpt>
      <trkpt lat="-41.81747" lon="145.99496">
        <ele>913.56</ele>
      </trkpt>
      <trkpt lat="-41.81751" lon="145.99497">
        <ele>913.14</ele>
      </trkpt>
      <trkpt lat="-41.81754" lon="145.99502">
        <ele>913.0</ele>
      </trkpt>
      <trkpt lat="-41.81757" lon="145.99507">
        <ele>912.75</ele>
      </trkpt>
      <trkpt lat="-41.81761" lon="145.99512">
        <ele>912.53</ele>
      </trkpt>
      <trkpt lat="-41.81764" lon="145.99516">
        <ele>912.35</ele>
      </trkpt>
      <trkpt lat="-41.81766" lon="145.99517">
        <ele>912.35</ele>
      </trkpt>
      <trkpt lat="-41.81766" lon="145.99518">
        <ele>912.28</ele>
      </trkpt>
      <trkpt lat="-41.8177" lon="145.99523">
        <ele>912.06</ele>
      </trkpt>
      <trkpt lat="-41.81773" lon="145.99528">
        <ele>911.8</ele>
      </trkpt>
      <trkpt lat="-41.81776" lon="145.99533">
        <ele>911.37</ele>
      </trkpt>
      <trkpt lat="-41.81781" lon="145.99536">
        <ele>910.88</ele>
      </trkpt>
      <trkpt lat="-41.81786" lon="145.99534">
        <ele>910.74</ele>
      </trkpt>
      <trkpt lat="-41.8179" lon="145.99532">
        <ele>910.66</ele>
      </trkpt>
      <trkpt lat="-41.81793" lon="145.99527">
        <ele>911.02</ele>
      </trkpt>
      <trkpt lat="-41.81796" lon="145.99522">
        <ele>911.65</ele>
      </trkpt>
      <trkpt lat="-41.81799" lon="145.99518">
        <ele>912.25</ele>
      </trkpt>
      <trkpt lat="-41.81802" lon="145.99511">
        <ele>913.57</ele>
      </trkpt>
      <trkpt lat="-41.81804" lon="145.99505">
        <ele>914.85</ele>
      </trkpt>
      <trkpt lat="-41.81806" lon="145.99499">
        <ele>916.23</ele>
      </trkpt>
      <trkpt lat="-41.81808" lon="145.99496">
        <ele>917.01</ele>
      </trkpt>
      <trkpt lat="-41.8181" lon="145.99493">
        <ele>917.82</ele>
      </trkpt>
      <trkpt lat="-41.81812" lon="145.99488">
        <ele>919.06</ele>
      </trkpt>
      <trkpt lat="-41.81812" lon="145.99481">
        <ele>920.43</ele>
      </trkpt>
      <trkpt lat="-41.81811" lon="145.99475">
        <ele>921.44</ele>
      </trkpt>
      <trkpt lat="-41.81812" lon="145.99469">
        <ele>922.74</ele>
      </trkpt>
      <trkpt lat="-41.81814" lon="145.99463">
        <ele>924.18</ele>
      </trkpt>
      <trkpt lat="-41.81816" lon="145.99457">
        <ele>925.62</ele>
      </trkpt>
      <trkpt lat="-41.81817" lon="145.9945">
        <ele>927.06</ele>
      </trkpt>
      <trkpt lat="-41.81819" lon="145.99444">
        <ele>928.43</ele>
      </trkpt>
      <trkpt lat="-41.8182" lon="145.99438">
        <ele>928.71</ele>
      </trkpt>
      <trkpt lat="-41.81822" lon="145.99432">
        <ele>929.14</ele>
      </trkpt>
      <trkpt lat="-41.81823" lon="145.99427">
        <ele>929.37</ele>
      </trkpt>
      <trkpt lat="-41.81824" lon="145.99424">
        <ele>929.57</ele>
      </trkpt>
      <trkpt lat="-41.81824" lon="145.99421">
        <ele>929.6</ele>
      </trkpt>
      <trkpt lat="-41.81825" lon="145.99414">
        <ele>929.87</ele>
      </trkpt>
      <trkpt lat="-41.81826" lon="145.99408">
        <ele>930.17</ele>
      </trkpt>
      <trkpt lat="-41.81828" lon="145.99403">
        <ele>930.63</ele>
      </trkpt>
      <trkpt lat="-41.81831" lon="145.99397">
        <ele>931.31</ele>
      </trkpt>
      <trkpt lat="-41.81833" lon="145.99391">
        <ele>931.86</ele>
      </trkpt>
      <trkpt lat="-41.81835" lon="145.99385">
        <ele>931.83</ele>
      </trkpt>
      <trkpt lat="-41.81836" lon="145.99377">
        <ele>931.6</ele>
      </trkpt>
      <trkpt lat="-41.81837" lon="145.9937">
        <ele>931.46</ele>
      </trkpt>
      <trkpt lat="-41.81839" lon="145.99363">
        <ele>931.43</ele>
      </trkpt>
      <trkpt lat="-41.8184" lon="145.99357">
        <ele>931.44</ele>
      </trkpt>
      <trkpt lat="-41.8184" lon="145.99351">
        <ele>931.38</ele>
      </trkpt>
      <trkpt lat="-41.81841" lon="145.99345">
        <ele>931.45</ele>
      </trkpt>
      <trkpt lat="-41.81842" lon="145.99339">
        <ele>931.57</ele>
      </trkpt>
      <trkpt lat="-41.81844" lon="145.99333">
        <ele>931.95</ele>
      </trkpt>
      <trkpt lat="-41.81847" lon="145.99328">
        <ele>932.94</ele>
      </trkpt>
      <trkpt lat="-41.81851" lon="145.99326">
        <ele>933.8</ele>
      </trkpt>
      <trkpt lat="-41.81856" lon="145.99321">
        <ele>935.05</ele>
      </trkpt>
      <trkpt lat="-41.81861" lon="145.99318">
        <ele>936.09</ele>
      </trkpt>
      <trkpt lat="-41.81864" lon="145.99315">
        <ele>936.08</ele>
      </trkpt>
      <trkpt lat="-41.81865" lon="145.99314">
        <ele>936.07</ele>
      </trkpt>
      <trkpt lat="-41.8187" lon="145.99312">
        <ele>935.82</ele>
      </trkpt>
      <trkpt lat="-41.81875" lon="145.9931">
        <ele>935.6</ele>
      </trkpt>
      <trkpt lat="-41.81881" lon="145.99308">
        <ele>935.33</ele>
      </trkpt>
      <trkpt lat="-41.81885" lon="145.99307">
        <ele>935.13</ele>
      </trkpt>
      <trkpt lat="-41.8189" lon="145.99309">
        <ele>934.28</ele>
      </trkpt>
      <trkpt lat="-41.81895" lon="145.99311">
        <ele>932.52</ele>
      </trkpt>
      <trkpt lat="-41.819" lon="145.99313">
        <ele>930.81</ele>
      </trkpt>
      <trkpt lat="-41.81906" lon="145.99313">
        <ele>928.98</ele>
      </trkpt>
      <trkpt lat="-41.8191" lon="145.99313">
        <ele>927.76</ele>
      </trkpt>
      <trkpt lat="-41.81915" lon="145.99313">
        <ele>926.24</ele>
      </trkpt>
      <trkpt lat="-41.8192" lon="145.99312">
        <ele>925.46</ele>
      </trkpt>
      <trkpt lat="-41.81924" lon="145.99312">
        <ele>925.1</ele>
      </trkpt>
      <trkpt lat="-41.81926" lon="145.99313">
        <ele>924.9</ele>
      </trkpt>
      <trkpt lat="-41.81927" lon="145.99313">
        <ele>924.82</ele>
      </trkpt>
      <trkpt lat="-41.81931" lon="145.99313">
        <ele>924.46</ele>
      </trkpt>
      <trkpt lat="-41.81936" lon="145.99314">
        <ele>924.03</ele>
      </trkpt>
      <trkpt lat="-41.8194" lon="145.99316">
        <ele>923.74</ele>
      </trkpt>
      <trkpt lat="-41.81945" lon="145.99318">
        <ele>923.41</ele>
      </trkpt>
      <trkpt lat="-41.81949" lon="145.99321">
        <ele>923.21</ele>
      </trkpt>
      <trkpt lat="-41.81954" lon="145.9932">
        <ele>922.82</ele>
      </trkpt>
      <trkpt lat="-41.81958" lon="145.99319">
        <ele>922.52</ele>
      </trkpt>
      <trkpt lat="-41.81963" lon="145.99322">
        <ele>922.13</ele>
      </trkpt>
      <trkpt lat="-41.81963" lon="145.99322">
        <ele>922.13</ele>
      </trkpt>
      <trkpt lat="-41.81964" lon="145.99322">
        <ele>922.05</ele>
      </trkpt>
      <trkpt lat="-41.81968" lon="145.9932">
        <ele>921.79</ele>
      </trkpt>
      <trkpt lat="-41.81972" lon="145.99317">
        <ele>921.6</ele>
      </trkpt>
      <trkpt lat="-41.81977" lon="145.99317">
        <ele>920.83</ele>
      </trkpt>
      <trkpt lat="-41.81981" lon="145.99319">
        <ele>920.1</ele>
      </trkpt>
      <trkpt lat="-41.81986" lon="145.9932">
        <ele>919.24</ele>
      </trkpt>
      <trkpt lat="-41.81991" lon="145.99319">
        <ele>918.48</ele>
      </trkpt>
      <trkpt lat="-41.81995" lon="145.99318">
        <ele>917.9</ele>
      </trkpt>
      <trkpt lat="-41.82" lon="145.99316">
        <ele>917.25</ele>
      </trkpt>
      <trkpt lat="-41.82004" lon="145.99315">
        <ele>916.45</ele>
      </trkpt>
      <trkpt lat="-41.82009" lon="145.99315">
        <ele>915.37</ele>
      </trkpt>
      <trkpt lat="-41.82013" lon="145.99315">
        <ele>914.5</ele>
      </trkpt>
      <trkpt lat="-41.82014" lon="145.99315">
        <ele>914.29</ele>
      </trkpt>
      <trkpt lat="-41.82019" lon="145.99317">
        <ele>912.91</ele>
      </trkpt>
      <trkpt lat="-41.82023" lon="145.9932">
        <ele>911.53</ele>
      </trkpt>
      <trkpt lat="-41.82027" lon="145.99324">
        <ele>909.88</ele>
      </trkpt>
      <trkpt lat="-41.82031" lon="145.99326">
        <ele>908.91</ele>
      </trkpt>
      <trkpt lat="-41.82036" lon="145.99329">
        <ele>907.8</ele>
      </trkpt>
      <trkpt lat="-41.8204" lon="145.99331">
        <ele>907.03</ele>
      </trkpt>
      <trkpt lat="-41.8204" lon="145.9933">
        <ele>907.17</ele>
      </trkpt>
      <trkpt lat="-41.82045" lon="145.9933">
        <ele>906.59</ele>
      </trkpt>
      <trkpt lat="-41.8205" lon="145.9933">
        <ele>906.01</ele>
      </trkpt>
      <trkpt lat="-41.82054" lon="145.99331">
        <ele>905.43</ele>
      </trkpt>
      <trkpt lat="-41.82058" lon="145.99334">
        <ele>904.4</ele>
      </trkpt>
      <trkpt lat="-41.82062" lon="145.99337">
        <ele>903.01</ele>
      </trkpt>
      <trkpt lat="-41.82067" lon="145.99339">
        <ele>901.76</ele>
      </trkpt>
      <trkpt lat="-41.82071" lon="145.99339">
        <ele>901.13</ele>
      </trkpt>
      <trkpt lat="-41.82076" lon="145.99339">
        <ele>900.34</ele>
      </trkpt>
      <trkpt lat="-41.82079" lon="145.99339">
        <ele>899.87</ele>
      </trkpt>
      <trkpt lat="-41.82079" lon="145.99338">
        <ele>900.03</ele>
      </trkpt>
      <trkpt lat="-41.82082" lon="145.99343">
        <ele>898.8</ele>
      </trkpt>
      <trkpt lat="-41.82084" lon="145.99349">
        <ele>898.02</ele>
      </trkpt>
      <trkpt lat="-41.82087" lon="145.99354">
        <ele>898.67</ele>
      </trkpt>
      <trkpt lat="-41.8209" lon="145.99359">
        <ele>899.55</ele>
      </trkpt>
      <trkpt lat="-41.82093" lon="145.99364">
        <ele>900.64</ele>
      </trkpt>
      <trkpt lat="-41.82095" lon="145.9937">
        <ele>901.27</ele>
      </trkpt>
      <trkpt lat="-41.82096" lon="145.99376">
        <ele>901.46</ele>
      </trkpt>
      <trkpt lat="-41.82097" lon="145.99382">
        <ele>901.73</ele>
      </trkpt>
      <trkpt lat="-41.82098" lon="145.99389">
        <ele>902.03</ele>
      </trkpt>
      <trkpt lat="-41.82098" lon="145.99395">
        <ele>901.8</ele>
      </trkpt>
      <trkpt lat="-41.82098" lon="145.99401">
        <ele>901.57</ele>
      </trkpt>
      <trkpt lat="-41.82098" lon="145.99403">
        <ele>901.5</ele>
      </trkpt>
      <trkpt lat="-41.82098" lon="145.99405">
        <ele>901.42</ele>
      </trkpt>
      <trkpt lat="-41.82098" lon="145.99412">
        <ele>901.15</ele>
      </trkpt>
      <trkpt lat="-41.82098" lon="145.99419">
        <ele>900.96</ele>
      </trkpt>
      <trkpt lat="-41.82099" lon="145.99426">
        <ele>901.46</ele>
      </trkpt>
      <trkpt lat="-41.821" lon="145.99432">
        <ele>901.87</ele>
      </trkpt>
      <trkpt lat="-41.82101" lon="145.99439">
        <ele>902.16</ele>
      </trkpt>
      <trkpt lat="-41.82102" lon="145.99445">
        <ele>902.38</ele>
      </trkpt>
      <trkpt lat="-41.82102" lon="145.99451">
        <ele>902.23</ele>
      </trkpt>
      <trkpt lat="-41.82102" lon="145.99457">
        <ele>902.09</ele>
      </trkpt>
      <trkpt lat="-41.82101" lon="145.99464">
        <ele>901.55</ele>
      </trkpt>
      <trkpt lat="-41.82101" lon="145.9947">
        <ele>901.41</ele>
      </trkpt>
      <trkpt lat="-41.82101" lon="145.99473">
        <ele>901.41</ele>
      </trkpt>
      <trkpt lat="-41.82101" lon="145.9948">
        <ele>901.89</ele>
      </trkpt>
      <trkpt lat="-41.82101" lon="145.99487">
        <ele>902.38</ele>
      </trkpt>
      <trkpt lat="-41.82101" lon="145.99493">
        <ele>902.79</ele>
      </trkpt>
      <trkpt lat="-41.82101" lon="145.99499">
        <ele>903.2</ele>
      </trkpt>
      <trkpt lat="-41.821" lon="145.99505">
        <ele>903.48</ele>
      </trkpt>
      <trkpt lat="-41.821" lon="145.99512">
        <ele>904.44</ele>
      </trkpt>
      <trkpt lat="-41.82099" lon="145.99519">
        <ele>904.86</ele>
      </trkpt>
      <trkpt lat="-41.82098" lon="145.99525">
        <ele>905.09</ele>
      </trkpt>
      <trkpt lat="-41.82097" lon="145.99526">
        <ele>904.65</ele>
      </trkpt>
      <trkpt lat="-41.82097" lon="145.99528">
        <ele>904.89</ele>
      </trkpt>
      <trkpt lat="-41.82095" lon="145.99534">
        <ele>904.17</ele>
      </trkpt>
      <trkpt lat="-41.82095" lon="145.9954">
        <ele>904.6</ele>
      </trkpt>
      <trkpt lat="-41.82094" lon="145.99547">
        <ele>904.53</ele>
      </trkpt>
      <trkpt lat="-41.82094" lon="145.99553">
        <ele>904.96</ele>
      </trkpt>
      <trkpt lat="-41.82094" lon="145.99559">
        <ele>905.13</ele>
      </trkpt>
      <trkpt lat="-41.82095" lon="145.99565">
        <ele>905.63</ele>
      </trkpt>
      <trkpt lat="-41.82095" lon="145.99572">
        <ele>905.57</ele>
      </trkpt>
      <trkpt lat="-41.82096" lon="145.99578">
        <ele>906.0</ele>
      </trkpt>
      <trkpt lat="-41.82096" lon="145.99585">
        <ele>905.94</ele>
      </trkpt>
      <trkpt lat="-41.82096" lon="145.99586">
        <ele>905.94</ele>
      </trkpt>
      <trkpt lat="-41.82096" lon="145.99588">
        <ele>905.96</ele>
      </trkpt>
      <trkpt lat="-41.82094" lon="145.99594">
        <ele>905.17</ele>
      </trkpt>
      <trkpt lat="-41.82092" lon="145.99601">
        <ele>904.53</ele>
      </trkpt>
      <trkpt lat="-41.82091" lon="145.99606">
        <ele>904.32</ele>
      </trkpt>
      <trkpt lat="-41.82089" lon="145.99612">
        <ele>903.94</ele>
      </trkpt>
      <trkpt lat="-41.82087" lon="145.99618">
        <ele>904.08</ele>
      </trkpt>
      <trkpt lat="-41.82087" lon="145.99624">
        <ele>904.86</ele>
      </trkpt>
      <trkpt lat="-41.82087" lon="145.99631">
        <ele>905.77</ele>
      </trkpt>
      <trkpt lat="-41.82087" lon="145.99637">
        <ele>906.55</ele>
      </trkpt>
      <trkpt lat="-41.82088" lon="145.99644">
        <ele>907.13</ele>
      </trkpt>
      <trkpt lat="-41.8209" lon="145.99651">
        <ele>907.86</ele>
      </trkpt>
      <trkpt lat="-41.8209" lon="145.99654">
        <ele>907.96</ele>
      </trkpt>
      <trkpt lat="-41.8209" lon="145.99654">
        <ele>907.96</ele>
      </trkpt>
      <trkpt lat="-41.8209" lon="145.99657">
        <ele>908.07</ele>
      </trkpt>
      <trkpt lat="-41.82079" lon="145.99682">
        <ele>905.93</ele>
      </trkpt>
      <trkpt lat="-41.82075" lon="145.99709">
        <ele>906.12</ele>
      </trkpt>
      <trkpt lat="-41.8207" lon="145.99723">
        <ele>905.09</ele>
      </trkpt>
      <trkpt lat="-41.8207" lon="145.99723">
        <ele>905.09</ele>
      </trkpt>
      <trkpt lat="-41.82067" lon="145.99736">
        <ele>902.93</ele>
      </trkpt>
      <trkpt lat="-41.82059" lon="145.99759">
        <ele>899.34</ele>
      </trkpt>
      <trkpt lat="-41.82046" lon="145.9978">
        <ele>897.25</ele>
      </trkpt>
      <trkpt lat="-41.82039" lon="145.9982">
        <ele>899.48</ele>
      </trkpt>
      <trkpt lat="-41.82038" lon="145.9982">
        <ele>899.09</ele>
      </trkpt>
      <trkpt lat="-41.82035" lon="145.99834">
        <ele>898.94</ele>
      </trkpt>
      <trkpt lat="-41.82024" lon="145.99863">
        <ele>897.31</ele>
      </trkpt>
      <trkpt lat="-41.82019" lon="145.99898">
        <ele>883.05</ele>
      </trkpt>
      <trkpt lat="-41.82014" lon="145.99911">
        <ele>873.4</ele>
      </trkpt>
      <trkpt lat="-41.82014" lon="145.99927">
        <ele>870.16</ele>
      </trkpt>
      <trkpt lat="-41.82014" lon="145.99927">
        <ele>870.16</ele>
      </trkpt>
      <trkpt lat="-41.82014" lon="145.99931">
        <ele>870.02</ele>
      </trkpt>
      <trkpt lat="-41.8203" lon="145.99948">
        <ele>874.22</ele>
      </trkpt>
      <trkpt lat="-41.82043" lon="145.99977">
        <ele>881.06</ele>
      </trkpt>
      <trkpt lat="-41.82055" lon="145.99991">
        <ele>882.98</ele>
      </trkpt>
      <trkpt lat="-41.82056" lon="145.99998">
        <ele>880.78</ele>
      </trkpt>
      <trkpt lat="-41.82059" lon="146.00008">
        <ele>878.51</ele>
      </trkpt>
      <trkpt lat="-41.82069" lon="146.0002">
        <ele>879.31</ele>
      </trkpt>
      <trkpt lat="-41.82069" lon="146.0002">
        <ele>879.31</ele>
      </trkpt>
      <trkpt lat="-41.82071" lon="146.00022">
        <ele>879.85</ele>
      </trkpt>
      <trkpt lat="-41.82075" lon="146.00025">
        <ele>881.27</ele>
      </trkpt>
      <trkpt lat="-41.82085" lon="146.00023">
        <ele>884.8</ele>
      </trkpt>
      <trkpt lat="-41.82098" lon="146.0002">
        <ele>884.99</ele>
      </trkpt>
      <trkpt lat="-41.82138" lon="146.00026">
        <ele>887.38</ele>
      </trkpt>
      <trkpt lat="-41.82142" lon="146.00031">
        <ele>886.8</ele>
      </trkpt>
      <trkpt lat="-41.82145" lon="146.00032">
        <ele>887.26</ele>
      </trkpt>
      <trkpt lat="-41.82156" lon="146.00043">
        <ele>885.65</ele>
      </trkpt>
      <trkpt lat="-41.82161" lon="146.0005">
        <ele>883.62</ele>
      </trkpt>
      <trkpt lat="-41.82165" lon="146.00049">
        <ele>884.77</ele>
      </trkpt>
      <trkpt lat="-41.8217" lon="146.00053">
        <ele>883.44</ele>
      </trkpt>
      <trkpt lat="-41.82189" lon="146.00059">
        <ele>882.59</ele>
      </trkpt>
      <trkpt lat="-41.82198" lon="146.00057">
        <ele>884.45</ele>
      </trkpt>
      <trkpt lat="-41.82205" lon="146.0005">
        <ele>889.18</ele>
      </trkpt>
      <trkpt lat="-41.82267" lon="146.00061">
        <ele>897.85</ele>
      </trkpt>
      <trkpt lat="-41.82288" lon="146.00072">
        <ele>890.64</ele>
      </trkpt>
      <trkpt lat="-41.823" lon="146.00073">
        <ele>886.87</ele>
      </trkpt>
      <trkpt lat="-41.82322" lon="146.0007">
        <ele>883.9</ele>
      </trkpt>
      <trkpt lat="-41.82337" lon="146.00073">
        <ele>880.89</ele>
      </trkpt>
      <trkpt lat="-41.82361" lon="146.00068">
        <ele>883.73</ele>
      </trkpt>
      <trkpt lat="-41.82377" lon="146.0007">
        <ele>888.83</ele>
      </trkpt>
      <trkpt lat="-41.82388" lon="146.00081">
        <ele>890.96</ele>
      </trkpt>
      <trkpt lat="-41.82401" lon="146.00101">
        <ele>883.6</ele>
      </trkpt>
      <trkpt lat="-41.82417" lon="146.00119">
        <ele>882.15</ele>
      </trkpt>
      <trkpt lat="-41.82442" lon="146.00157">
        <ele>881.18</ele>
      </trkpt>
      <trkpt lat="-41.82453" lon="146.00186">
        <ele>871.54</ele>
      </trkpt>
      <trkpt lat="-41.82456" lon="146.00196">
        <ele>868.18</ele>
      </trkpt>
      <trkpt lat="-41.82482" lon="146.00234">
        <ele>861.06</ele>
      </trkpt>
      <trkpt lat="-41.82503" lon="146.0025">
        <ele>857.76</ele>
      </trkpt>
      <trkpt lat="-41.82524" lon="146.00263">
        <ele>853.09</ele>
      </trkpt>
      <trkpt lat="-41.82552" lon="146.0027">
        <ele>848.29</ele>
      </trkpt>
      <trkpt lat="-41.82552" lon="146.00268">
        <ele>849.42</ele>
      </trkpt>
      <trkpt lat="-41.82558" lon="146.00266">
        <ele>849.57</ele>
      </trkpt>
      <trkpt lat="-41.82573" lon="146.00251">
        <ele>850.45</ele>
      </trkpt>
      <trkpt lat="-41.82577" lon="146.00243">
        <ele>850.67</ele>
      </trkpt>
      <trkpt lat="-41.82599" lon="146.00227">
        <ele>853.18</ele>
      </trkpt>
      <trkpt lat="-41.82608" lon="146.00218">
        <ele>856.42</ele>
      </trkpt>
      <trkpt lat="-41.82613" lon="146.00212">
        <ele>855.9</ele>
      </trkpt>
      <trkpt lat="-41.82618" lon="146.0021">
        <ele>855.68</ele>
      </trkpt>
      <trkpt lat="-41.82618" lon="146.00209">
        <ele>855.57</ele>
      </trkpt>
      <trkpt lat="-41.82622" lon="146.00207">
        <ele>855.36</ele>
      </trkpt>
      <trkpt lat="-41.82628" lon="146.00201">
        <ele>854.71</ele>
      </trkpt>
      <trkpt lat="-41.82648" lon="146.00202">
        <ele>854.58</ele>
      </trkpt>
      <trkpt lat="-41.8268" lon="146.00195">
        <ele>859.22</ele>
      </trkpt>
      <trkpt lat="-41.82699" lon="146.0018">
        <ele>865.9</ele>
      </trkpt>
      <trkpt lat="-41.82704" lon="146.00172">
        <ele>867.0</ele>
      </trkpt>
      <trkpt lat="-41.82712" lon="146.00176">
        <ele>864.7</ele>
      </trkpt>
      <trkpt lat="-41.82712" lon="146.00176">
        <ele>864.7</ele>
      </trkpt>
      <trkpt lat="-41.82716" lon="146.00178">
        <ele>863.58</ele>
      </trkpt>
      <trkpt lat="-41.8272" lon="146.00182">
        <ele>862.04</ele>
      </trkpt>
      <trkpt lat="-41.82727" lon="146.00179">
        <ele>862.79</ele>
      </trkpt>
      <trkpt lat="-41.82752" lon="146.00199">
        <ele>857.34</ele>
      </trkpt>
      <trkpt lat="-41.8278" lon="146.00207">
        <ele>845.47</ele>
      </trkpt>
      <trkpt lat="-41.82805" lon="146.00213">
        <ele>843.65</ele>
      </trkpt>
      <trkpt lat="-41.82876" lon="146.00243">
        <ele>854.04</ele>
      </trkpt>
      <trkpt lat="-41.82901" lon="146.00256">
        <ele>859.07</ele>
      </trkpt>
      <trkpt lat="-41.82925" lon="146.00266">
        <ele>864.46</ele>
      </trkpt>
      <trkpt lat="-41.82925" lon="146.00267">
        <ele>864.28</ele>
      </trkpt>
      <trkpt lat="-41.82929" lon="146.0027">
        <ele>865.19</ele>
      </trkpt>
      <trkpt lat="-41.82933" lon="146.00274">
        <ele>866.04</ele>
      </trkpt>
      <trkpt lat="-41.82935" lon="146.0028">
        <ele>866.5</ele>
      </trkpt>
      <trkpt lat="-41.82935" lon="146.00286">
        <ele>867.15</ele>
      </trkpt>
      <trkpt lat="-41.82933" lon="146.00292">
        <ele>867.0</ele>
      </trkpt>
      <trkpt lat="-41.82931" lon="146.00298">
        <ele>866.86</ele>
      </trkpt>
      <trkpt lat="-41.82928" lon="146.00303">
        <ele>866.21</ele>
      </trkpt>
      <trkpt lat="-41.82925" lon="146.00308">
        <ele>865.62</ele>
      </trkpt>
      <trkpt lat="-41.82922" lon="146.00312">
        <ele>865.15</ele>
      </trkpt>
      <trkpt lat="-41.82918" lon="146.00317">
        <ele>864.84</ele>
      </trkpt>
      <trkpt lat="-41.82915" lon="146.00321">
        <ele>864.58</ele>
      </trkpt>
      <trkpt lat="-41.82913" lon="146.00324">
        <ele>864.27</ele>
      </trkpt>
      <trkpt lat="-41.82913" lon="146.00324">
        <ele>864.27</ele>
      </trkpt>
      <trkpt lat="-41.82907" lon="146.00336">
        <ele>863.0</ele>
      </trkpt>
      <trkpt lat="-41.829" lon="146.00352">
        <ele>859.06</ele>
      </trkpt>
      <trkpt lat="-41.82889" lon="146.00375">
        <ele>854.55</ele>
      </trkpt>
      <trkpt lat="-41.82876" lon="146.00395">
        <ele>847.11</ele>
      </trkpt>
      <trkpt lat="-41.82866" lon="146.00407">
        <ele>840.99</ele>
      </trkpt>
      <trkpt lat="-41.82854" lon="146.00427">
        <ele>836.89</ele>
      </trkpt>
      <trkpt lat="-41.82854" lon="146.00427">
        <ele>836.89</ele>
      </trkpt>
      <trkpt lat="-41.82846" lon="146.00442">
        <ele>836.46</ele>
      </trkpt>
      <trkpt lat="-41.82842" lon="146.00462">
        <ele>836.31</ele>
      </trkpt>
      <trkpt lat="-41.82845" lon="146.00482">
        <ele>833.93</ele>
      </trkpt>
      <trkpt lat="-41.82847" lon="146.00482">
        <ele>834.29</ele>
      </trkpt>
      <trkpt lat="-41.82851" lon="146.00486">
        <ele>833.72</ele>
      </trkpt>
      <trkpt lat="-41.82854" lon="146.00493">
        <ele>831.99</ele>
      </trkpt>
      <trkpt lat="-41.82857" lon="146.00499">
        <ele>830.58</ele>
      </trkpt>
      <trkpt lat="-41.8286" lon="146.00504">
        <ele>830.06</ele>
      </trkpt>
      <trkpt lat="-41.82863" lon="146.00509">
        <ele>829.9</ele>
      </trkpt>
      <trkpt lat="-41.82866" lon="146.00515">
        <ele>829.61</ele>
      </trkpt>
      <trkpt lat="-41.82869" lon="146.00519">
        <ele>829.66</ele>
      </trkpt>
      <trkpt lat="-41.82873" lon="146.00524">
        <ele>829.73</ele>
      </trkpt>
      <trkpt lat="-41.82876" lon="146.0053">
        <ele>829.39</ele>
      </trkpt>
      <trkpt lat="-41.82877" lon="146.00533">
        <ele>829.14</ele>
      </trkpt>
      <trkpt lat="-41.8288" lon="146.00552">
        <ele>826.68</ele>
      </trkpt>
      <trkpt lat="-41.8288" lon="146.00552">
        <ele>826.68</ele>
      </trkpt>
      <trkpt lat="-41.82881" lon="146.00557">
        <ele>825.93</ele>
      </trkpt>
      <trkpt lat="-41.82893" lon="146.00584">
        <ele>821.88</ele>
      </trkpt>
      <trkpt lat="-41.82905" lon="146.00593">
        <ele>821.32</ele>
      </trkpt>
      <trkpt lat="-41.82915" lon="146.00597">
        <ele>822.59</ele>
      </trkpt>
      <trkpt lat="-41.82915" lon="146.00597">
        <ele>822.59</ele>
      </trkpt>
      <trkpt lat="-41.82917" lon="146.00598">
        <ele>822.68</ele>
      </trkpt>
      <trkpt lat="-41.82934" lon="146.006">
        <ele>822.55</ele>
      </trkpt>
      <trkpt lat="-41.82952" lon="146.00599">
        <ele>824.01</ele>
      </trkpt>
      <trkpt lat="-41.82956" lon="146.006">
        <ele>823.67</ele>
      </trkpt>
      <trkpt lat="-41.82959" lon="146.006">
        <ele>823.84</ele>
      </trkpt>
      <trkpt lat="-41.82964" lon="146.00598">
        <ele>825.41</ele>
      </trkpt>
      <trkpt lat="-41.82968" lon="146.00597">
        <ele>826.34</ele>
      </trkpt>
      <trkpt lat="-41.82973" lon="146.00596">
        <ele>827.22</ele>
      </trkpt>
      <trkpt lat="-41.82978" lon="146.00595">
        <ele>827.12</ele>
      </trkpt>
      <trkpt lat="-41.82983" lon="146.00594">
        <ele>826.97</ele>
      </trkpt>
      <trkpt lat="-41.82988" lon="146.00594">
        <ele>826.17</ele>
      </trkpt>
      <trkpt lat="-41.82993" lon="146.00596">
        <ele>824.21</ele>
      </trkpt>
      <trkpt lat="-41.82997" lon="146.00597">
        <ele>823.06</ele>
      </trkpt>
      <trkpt lat="-41.83002" lon="146.00598">
        <ele>822.13</ele>
      </trkpt>
      <trkpt lat="-41.83003" lon="146.00599">
        <ele>821.63</ele>
      </trkpt>
      <trkpt lat="-41.83003" lon="146.00598">
        <ele>822.15</ele>
      </trkpt>
      <trkpt lat="-41.83026" lon="146.00607">
        <ele>819.34</ele>
      </trkpt>
      <trkpt lat="-41.83038" lon="146.00615">
        <ele>816.89</ele>
      </trkpt>
      <trkpt lat="-41.83038" lon="146.00615">
        <ele>816.89</ele>
      </trkpt>
      <trkpt lat="-41.83045" lon="146.00619">
        <ele>815.92</ele>
      </trkpt>
      <trkpt lat="-41.83053" lon="146.00628">
        <ele>813.82</ele>
      </trkpt>
      <trkpt lat="-41.83063" lon="146.0063">
        <ele>815.52</ele>
      </trkpt>
      <trkpt lat="-41.83077" lon="146.00641">
        <ele>815.98</ele>
      </trkpt>
      <trkpt lat="-41.831" lon="146.00657">
        <ele>816.49</ele>
      </trkpt>
      <trkpt lat="-41.83114" lon="146.00662">
        <ele>816.04</ele>
      </trkpt>
      <trkpt lat="-41.83125" lon="146.00662">
        <ele>812.34</ele>
      </trkpt>
      <trkpt lat="-41.83136" lon="146.00661">
        <ele>809.0</ele>
      </trkpt>
      <trkpt lat="-41.83154" lon="146.00653">
        <ele>810.95</ele>
      </trkpt>
      <trkpt lat="-41.83188" lon="146.00621">
        <ele>818.66</ele>
      </trkpt>
      <trkpt lat="-41.83209" lon="146.00611">
        <ele>823.61</ele>
      </trkpt>
      <trkpt lat="-41.83261" lon="146.00617">
        <ele>822.85</ele>
      </trkpt>
      <trkpt lat="-41.8327" lon="146.00612">
        <ele>823.34</ele>
      </trkpt>
      <trkpt lat="-41.83277" lon="146.00605">
        <ele>822.45</ele>
      </trkpt>
      <trkpt lat="-41.83277" lon="146.00605">
        <ele>822.45</ele>
      </trkpt>
      <trkpt lat="-41.83285" lon="146.00597">
        <ele>820.84</ele>
      </trkpt>
      <trkpt lat="-41.83297" lon="146.0058">
        <ele>822.39</ele>
      </trkpt>
      <trkpt lat="-41.83308" lon="146.0057">
        <ele>826.19</ele>
      </trkpt>
      <trkpt lat="-41.8331" lon="146.00568">
        <ele>826.58</ele>
      </trkpt>
      <trkpt lat="-41.83314" lon="146.00564">
        <ele>827.32</ele>
      </trkpt>
      <trkpt lat="-41.83317" lon="146.00559">
        <ele>828.68</ele>
      </trkpt>
      <trkpt lat="-41.83321" lon="146.00554">
        <ele>829.28</ele>
      </trkpt>
      <trkpt lat="-41.83325" lon="146.0055">
        <ele>828.78</ele>
      </trkpt>
      <trkpt lat="-41.83329" lon="146.00547">
        <ele>828.23</ele>
      </trkpt>
      <trkpt lat="-41.83333" lon="146.00544">
        <ele>827.74</ele>
      </trkpt>
      <trkpt lat="-41.83337" lon="146.0054">
        <ele>827.14</ele>
      </trkpt>
      <trkpt lat="-41.8334" lon="146.00536">
        <ele>826.92</ele>
      </trkpt>
      <trkpt lat="-41.83344" lon="146.00532">
        <ele>826.53</ele>
      </trkpt>
      <trkpt lat="-41.83347" lon="146.00527">
        <ele>826.61</ele>
      </trkpt>
      <trkpt lat="-41.83351" lon="146.00523">
        <ele>825.7</ele>
      </trkpt>
      <trkpt lat="-41.83355" lon="146.0052">
        <ele>824.47</ele>
      </trkpt>
      <trkpt lat="-41.8336" lon="146.00517">
        <ele>822.63</ele>
      </trkpt>
      <trkpt lat="-41.83362" lon="146.00517">
        <ele>822.15</ele>
      </trkpt>
      <trkpt lat="-41.83413" lon="146.00494">
        <ele>809.92</ele>
      </trkpt>
      <trkpt lat="-41.8343" lon="146.00483">
        <ele>808.19</ele>
      </trkpt>
      <trkpt lat="-41.8348" lon="146.00423">
        <ele>810.68</ele>
      </trkpt>
      <trkpt lat="-41.83503" lon="146.00388">
        <ele>807.87</ele>
      </trkpt>
      <trkpt lat="-41.83535" lon="146.00369">
        <ele>796.26</ele>
      </trkpt>
      <trkpt lat="-41.8355" lon="146.00362">
        <ele>791.02</ele>
      </trkpt>
      <trkpt lat="-41.83561" lon="146.00344">
        <ele>790.14</ele>
      </trkpt>
      <trkpt lat="-41.83594" lon="146.00323">
        <ele>792.0</ele>
      </trkpt>
      <trkpt lat="-41.83634" lon="146.00295">
        <ele>794.66</ele>
      </trkpt>
      <trkpt lat="-41.83661" lon="146.00274">
        <ele>787.67</ele>
      </trkpt>
      <trkpt lat="-41.83689" lon="146.00255">
        <ele>784.13</ele>
      </trkpt>
      <trkpt lat="-41.83708" lon="146.00245">
        <ele>781.7</ele>
      </trkpt>
      <trkpt lat="-41.83731" lon="146.0025">
        <ele>776.42</ele>
      </trkpt>
      <trkpt lat="-41.83748" lon="146.00236">
        <ele>775.84</ele>
      </trkpt>
      <trkpt lat="-41.83769" lon="146.00237">
        <ele>771.0</ele>
      </trkpt>
      <trkpt lat="-41.83783" lon="146.00231">
        <ele>767.0</ele>
      </trkpt>
      <trkpt lat="-41.8381" lon="146.00233">
        <ele>756.86</ele>
      </trkpt>
      <trkpt lat="-41.83848" lon="146.00211">
        <ele>750.73</ele>
      </trkpt>
      <trkpt lat="-41.83849" lon="146.00211">
        <ele>750.48</ele>
      </trkpt>
      <trkpt lat="-41.83853" lon="146.00214">
        <ele>748.82</ele>
      </trkpt>
      <trkpt lat="-41.83857" lon="146.00217">
        <ele>747.16</ele>
      </trkpt>
      <trkpt lat="-41.8386" lon="146.00223">
        <ele>745.11</ele>
      </trkpt>
      <trkpt lat="-41.83862" lon="146.00228">
        <ele>743.72</ele>
      </trkpt>
      <trkpt lat="-41.83863" lon="146.00235">
        <ele>742.26</ele>
      </trkpt>
      <trkpt lat="-41.83866" lon="146.0024">
        <ele>741.37</ele>
      </trkpt>
      <trkpt lat="-41.83868" lon="146.00246">
        <ele>740.43</ele>
      </trkpt>
      <trkpt lat="-41.83869" lon="146.0025">
        <ele>739.85</ele>
      </trkpt>
      <trkpt lat="-41.83869" lon="146.0025">
        <ele>739.85</ele>
      </trkpt>
      <trkpt lat="-41.83872" lon="146.00262">
        <ele>738.35</ele>
      </trkpt>
      <trkpt lat="-41.83872" lon="146.00286">
        <ele>734.78</ele>
      </trkpt>
      <trkpt lat="-41.83868" lon="146.00304">
        <ele>731.46</ele>
      </trkpt>
      <trkpt lat="-41.83866" lon="146.00324">
        <ele>729.32</ele>
      </trkpt>
      <trkpt lat="-41.83869" lon="146.0034">
        <ele>728.65</ele>
      </trkpt>
      <trkpt lat="-41.83875" lon="146.00349">
        <ele>728.65</ele>
      </trkpt>
      <trkpt lat="-41.83885" lon="146.00365">
        <ele>728.0</ele>
      </trkpt>
      <trkpt lat="-41.83883" lon="146.00375">
        <ele>728.0</ele>
      </trkpt>
      <trkpt lat="-41.83885" lon="146.0038">
        <ele>728.0</ele>
      </trkpt>
      <trkpt lat="-41.83889" lon="146.00384">
        <ele>728.02</ele>
      </trkpt>
      <trkpt lat="-41.83886" lon="146.0039">
        <ele>728.13</ele>
      </trkpt>
      <trkpt lat="-41.83887" lon="146.00399">
        <ele>729.14</ele>
      </trkpt>
      <trkpt lat="-41.83895" lon="146.00418">
        <ele>731.47</ele>
      </trkpt>
      <trkpt lat="-41.83899" lon="146.00427">
        <ele>733.05</ele>
      </trkpt>
      <trkpt lat="-41.83908" lon="146.00436">
        <ele>733.95</ele>
      </trkpt>
      <trkpt lat="-41.83909" lon="146.00445">
        <ele>734.91</ele>
      </trkpt>
      <trkpt lat="-41.8391" lon="146.00457">
        <ele>736.64</ele>
      </trkpt>
      <trkpt lat="-41.83896" lon="146.00467">
        <ele>740.08</ele>
      </trkpt>
      <trkpt lat="-41.83893" lon="146.00474">
        <ele>741.29</ele>
      </trkpt>
      <trkpt lat="-41.83895" lon="146.00509">
        <ele>738.62</ele>
      </trkpt>
      <trkpt lat="-41.83903" lon="146.00525">
        <ele>736.22</ele>
      </trkpt>
      <trkpt lat="-41.83903" lon="146.00525">
        <ele>736.22</ele>
      </trkpt>
      <trkpt lat="-41.83909" lon="146.00538">
        <ele>735.17</ele>
      </trkpt>
      <trkpt lat="-41.83919" lon="146.00578">
        <ele>733.6</ele>
      </trkpt>
      <trkpt lat="-41.83924" lon="146.00614">
        <ele>731.51</ele>
      </trkpt>
      <trkpt lat="-41.8393" lon="146.00651">
        <ele>728.16</ele>
      </trkpt>
      <trkpt lat="-41.8393" lon="146.00669">
        <ele>725.72</ele>
      </trkpt>
      <trkpt lat="-41.83931" lon="146.00685">
        <ele>724.75</ele>
      </trkpt>
      <trkpt lat="-41.83935" lon="146.00709">
        <ele>726.03</ele>
      </trkpt>
      <trkpt lat="-41.83931" lon="146.00753">
        <ele>730.01</ele>
      </trkpt>
      <trkpt lat="-41.83931" lon="146.00753">
        <ele>730.01</ele>
      </trkpt>
      <trkpt lat="-41.83934" lon="146.00768">
        <ele>732.71</ele>
      </trkpt>
      <trkpt lat="-41.83941" lon="146.00805">
        <ele>738.56</ele>
      </trkpt>
      <trkpt lat="-41.83947" lon="146.00818">
        <ele>741.64</ele>
      </trkpt>
      <trkpt lat="-41.83942" lon="146.00841">
        <ele>744.49</ele>
      </trkpt>
      <trkpt lat="-41.83935" lon="146.00862">
        <ele>746.8</ele>
      </trkpt>
      <trkpt lat="-41.83931" lon="146.009">
        <ele>751.66</ele>
      </trkpt>
      <trkpt lat="-41.83934" lon="146.0092">
        <ele>751.87</ele>
      </trkpt>
      <trkpt lat="-41.83934" lon="146.00929">
        <ele>752.2</ele>
      </trkpt>
      <trkpt lat="-41.83934" lon="146.00929">
        <ele>752.2</ele>
      </trkpt>
      <trkpt lat="-41.83936" lon="146.00936">
        <ele>752.3</ele>
      </trkpt>
      <trkpt lat="-41.83936" lon="146.00942">
        <ele>752.52</ele>
      </trkpt>
      <trkpt lat="-41.83933" lon="146.00947">
        <ele>752.86</ele>
      </trkpt>
      <trkpt lat="-41.8393" lon="146.00952">
        <ele>753.02</ele>
      </trkpt>
      <trkpt lat="-41.83927" lon="146.00958">
        <ele>753.01</ele>
      </trkpt>
      <trkpt lat="-41.83926" lon="146.00964">
        <ele>752.87</ele>
      </trkpt>
      <trkpt lat="-41.83924" lon="146.00971">
        <ele>752.57</ele>
      </trkpt>
      <trkpt lat="-41.83922" lon="146.00976">
        <ele>752.16</ele>
      </trkpt>
      <trkpt lat="-41.8392" lon="146.00983">
        <ele>751.56</ele>
      </trkpt>
      <trkpt lat="-41.83918" lon="146.00988">
        <ele>751.01</ele>
      </trkpt>
      <trkpt lat="-41.83914" lon="146.00992">
        <ele>750.26</ele>
      </trkpt>
      <trkpt lat="-41.83914" lon="146.00992">
        <ele>750.26</ele>
      </trkpt>
      <trkpt lat="-41.83914" lon="146.00994">
        <ele>750.12</ele>
      </trkpt>
      <trkpt lat="-41.83909" lon="146.00998">
        <ele>749.3</ele>
      </trkpt>
      <trkpt lat="-41.83905" lon="146.01002">
        <ele>748.98</ele>
      </trkpt>
      <trkpt lat="-41.839" lon="146.01004">
        <ele>748.57</ele>
      </trkpt>
      <trkpt lat="-41.83896" lon="146.01007">
        <ele>748.28</ele>
      </trkpt>
      <trkpt lat="-41.83891" lon="146.0101">
        <ele>747.7</ele>
      </trkpt>
      <trkpt lat="-41.83888" lon="146.01013">
        <ele>747.28</ele>
      </trkpt>
      <trkpt lat="-41.83883" lon="146.01016">
        <ele>746.3</ele>
      </trkpt>
      <trkpt lat="-41.83879" lon="146.01018">
        <ele>745.51</ele>
      </trkpt>
      <trkpt lat="-41.83874" lon="146.01022">
        <ele>744.58</ele>
      </trkpt>
      <trkpt lat="-41.83871" lon="146.01025">
        <ele>744.04</ele>
      </trkpt>
      <trkpt lat="-41.83809" lon="146.01088">
        <ele>749.72</ele>
      </trkpt>
      <trkpt lat="-41.83741" lon="146.0115">
        <ele>757.96</ele>
      </trkpt>
      <trkpt lat="-41.83687" lon="146.01206">
        <ele>764.97</ele>
      </trkpt>
      <trkpt lat="-41.83643" lon="146.01263">
        <ele>765.59</ele>
      </trkpt>
      <trkpt lat="-41.83643" lon="146.01263">
        <ele>765.59</ele>
      </trkpt>
      <trkpt lat="-41.83631" lon="146.01283">
        <ele>765.96</ele>
      </trkpt>
      <trkpt lat="-41.83622" lon="146.01289">
        <ele>767.32</ele>
      </trkpt>
      <trkpt lat="-41.83606" lon="146.01306">
        <ele>770.63</ele>
      </trkpt>
      <trkpt lat="-41.83576" lon="146.01329">
        <ele>777.23</ele>
      </trkpt>
      <trkpt lat="-41.83565" lon="146.01346">
        <ele>779.0</ele>
      </trkpt>
      <trkpt lat="-41.83541" lon="146.01362">
        <ele>776.42</ele>
      </trkpt>
      <trkpt lat="-41.83528" lon="146.01373">
        <ele>773.5</ele>
      </trkpt>
      <trkpt lat="-41.83519" lon="146.01381">
        <ele>773.13</ele>
      </trkpt>
      <trkpt lat="-41.8351" lon="146.0139">
        <ele>773.61</ele>
      </trkpt>
      <trkpt lat="-41.83506" lon="146.01395">
        <ele>774.58</ele>
      </trkpt>
      <trkpt lat="-41.83502" lon="146.01402">
        <ele>775.94</ele>
      </trkpt>
      <trkpt lat="-41.83497" lon="146.01404">
        <ele>776.15</ele>
      </trkpt>
      <trkpt lat="-41.83492" lon="146.0141">
        <ele>777.12</ele>
      </trkpt>
      <trkpt lat="-41.83485" lon="146.01418">
        <ele>778.31</ele>
      </trkpt>
      <trkpt lat="-41.83469" lon="146.01437">
        <ele>783.27</ele>
      </trkpt>
      <trkpt lat="-41.8346" lon="146.01453">
        <ele>786.22</ele>
      </trkpt>
      <trkpt lat="-41.83455" lon="146.0146">
        <ele>786.94</ele>
      </trkpt>
      <trkpt lat="-41.83439" lon="146.0148">
        <ele>788.08</ele>
      </trkpt>
      <trkpt lat="-41.83435" lon="146.01487">
        <ele>788.41</ele>
      </trkpt>
      <trkpt lat="-41.83428" lon="146.01509">
        <ele>791.35</ele>
      </trkpt>
      <trkpt lat="-41.83406" lon="146.01533">
        <ele>794.9</ele>
      </trkpt>
      <trkpt lat="-41.83405" lon="146.01533">
        <ele>794.79</ele>
      </trkpt>
      <trkpt lat="-41.83396" lon="146.01543">
        <ele>795.65</ele>
      </trkpt>
      <trkpt lat="-41.83382" lon="146.01561">
        <ele>796.94</ele>
      </trkpt>
      <trkpt lat="-41.83372" lon="146.01575">
        <ele>798.64</ele>
      </trkpt>
      <trkpt lat="-41.83362" lon="146.01582">
        <ele>799.7</ele>
      </trkpt>
      <trkpt lat="-41.83356" lon="146.01589">
        <ele>801.37</ele>
      </trkpt>
      <trkpt lat="-41.8335" lon="146.016">
        <ele>803.92</ele>
      </trkpt>
      <trkpt lat="-41.83343" lon="146.01606">
        <ele>804.81</ele>
      </trkpt>
      <trkpt lat="-41.83338" lon="146.0161">
        <ele>805.25</ele>
      </trkpt>
      <trkpt lat="-41.83328" lon="146.01631">
        <ele>807.53</ele>
      </trkpt>
      <trkpt lat="-41.83304" lon="146.0163">
        <ele>806.23</ele>
      </trkpt>
      <trkpt lat="-41.83275" lon="146.01656">
        <ele>813.88</ele>
      </trkpt>
      <trkpt lat="-41.83224" lon="146.01665">
        <ele>820.8</ele>
      </trkpt>
      <trkpt lat="-41.83195" lon="146.01701">
        <ele>827.29</ele>
      </trkpt>
      <trkpt lat="-41.83195" lon="146.01702">
        <ele>827.5</ele>
      </trkpt>
      <trkpt lat="-41.83188" lon="146.01716">
        <ele>831.87</ele>
      </trkpt>
      <trkpt lat="-41.83181" lon="146.01734">
        <ele>837.39</ele>
      </trkpt>
      <trkpt lat="-41.83166" lon="146.01763">
        <ele>846.84</ele>
      </trkpt>
      <trkpt lat="-41.83158" lon="146.01778">
        <ele>850.97</ele>
      </trkpt>
      <trkpt lat="-41.83158" lon="146.0178">
        <ele>851.29</ele>
      </trkpt>
      <trkpt lat="-41.83155" lon="146.01785">
        <ele>852.34</ele>
      </trkpt>
      <trkpt lat="-41.8315" lon="146.01786">
        <ele>852.92</ele>
      </trkpt>
      <trkpt lat="-41.83146" lon="146.01788">
        <ele>853.52</ele>
      </trkpt>
      <trkpt lat="-41.83141" lon="146.01789">
        <ele>854.05</ele>
      </trkpt>
      <trkpt lat="-41.83137" lon="146.01789">
        <ele>854.38</ele>
      </trkpt>
      <trkpt lat="-41.83132" lon="146.01789">
        <ele>854.81</ele>
      </trkpt>
      <trkpt lat="-41.83126" lon="146.0179">
        <ele>855.45</ele>
      </trkpt>
      <trkpt lat="-41.83122" lon="146.01791">
        <ele>855.93</ele>
      </trkpt>
      <trkpt lat="-41.83117" lon="146.01793">
        <ele>856.65</ele>
      </trkpt>
      <trkpt lat="-41.83112" lon="146.01795">
        <ele>857.4</ele>
      </trkpt>
      <trkpt lat="-41.83107" lon="146.01797">
        <ele>858.02</ele>
      </trkpt>
      <trkpt lat="-41.83103" lon="146.01799">
        <ele>858.57</ele>
      </trkpt>
      <trkpt lat="-41.83098" lon="146.018">
        <ele>859.05</ele>
      </trkpt>
      <trkpt lat="-41.83098" lon="146.018">
        <ele>859.05</ele>
      </trkpt>
      <trkpt lat="-41.83096" lon="146.01802">
        <ele>859.51</ele>
      </trkpt>
      <trkpt lat="-41.83092" lon="146.01805">
        <ele>860.28</ele>
      </trkpt>
      <trkpt lat="-41.83087" lon="146.01808">
        <ele>861.15</ele>
      </trkpt>
      <trkpt lat="-41.83082" lon="146.0181">
        <ele>861.82</ele>
      </trkpt>
      <trkpt lat="-41.83077" lon="146.01811">
        <ele>862.07</ele>
      </trkpt>
      <trkpt lat="-41.83073" lon="146.01813">
        <ele>862.54</ele>
      </trkpt>
      <trkpt lat="-41.83066" lon="146.01816">
        <ele>863.35</ele>
      </trkpt>
      <trkpt lat="-41.83061" lon="146.01816">
        <ele>863.48</ele>
      </trkpt>
      <trkpt lat="-41.83056" lon="146.01817">
        <ele>863.87</ele>
      </trkpt>
      <trkpt lat="-41.83053" lon="146.01821">
        <ele>864.89</ele>
      </trkpt>
      <trkpt lat="-41.83051" lon="146.01827">
        <ele>866.4</ele>
      </trkpt>
      <trkpt lat="-41.83049" lon="146.01832">
        <ele>867.66</ele>
      </trkpt>
      <trkpt lat="-41.83046" lon="146.01838">
        <ele>868.67</ele>
      </trkpt>
      <trkpt lat="-41.83042" lon="146.01843">
        <ele>869.39</ele>
      </trkpt>
      <trkpt lat="-41.83039" lon="146.01846">
        <ele>869.82</ele>
      </trkpt>
      <trkpt lat="-41.83038" lon="146.01848">
        <ele>870.11</ele>
      </trkpt>
      <trkpt lat="-41.83034" lon="146.0185">
        <ele>870.4</ele>
      </trkpt>
      <trkpt lat="-41.83029" lon="146.01853">
        <ele>870.83</ele>
      </trkpt>
      <trkpt lat="-41.83025" lon="146.01855">
        <ele>871.2</ele>
      </trkpt>
      <trkpt lat="-41.83021" lon="146.01859">
        <ele>871.92</ele>
      </trkpt>
      <trkpt lat="-41.83017" lon="146.01862">
        <ele>872.44</ele>
      </trkpt>
      <trkpt lat="-41.83014" lon="146.01867">
        <ele>872.92</ele>
      </trkpt>
      <trkpt lat="-41.83011" lon="146.01872">
        <ele>873.47</ele>
      </trkpt>
      <trkpt lat="-41.83009" lon="146.01878">
        <ele>874.11</ele>
      </trkpt>
      <trkpt lat="-41.83009" lon="146.01885">
        <ele>874.7</ele>
      </trkpt>
      <trkpt lat="-41.8301" lon="146.01891">
        <ele>874.89</ele>
      </trkpt>
      <trkpt lat="-41.83011" lon="146.01894">
        <ele>874.74</ele>
      </trkpt>
      <trkpt lat="-41.83011" lon="146.01894">
        <ele>874.74</ele>
      </trkpt>
      <trkpt lat="-41.83016" lon="146.01901">
        <ele>874.02</ele>
      </trkpt>
      <trkpt lat="-41.83024" lon="146.01906">
        <ele>872.88</ele>
      </trkpt>
      <trkpt lat="-41.83036" lon="146.01923">
        <ele>872.32</ele>
      </trkpt>
      <trkpt lat="-41.83048" lon="146.0194">
        <ele>872.46</ele>
      </trkpt>
      <trkpt lat="-41.83054" lon="146.01953">
        <ele>872.44</ele>
      </trkpt>
      <trkpt lat="-41.83054" lon="146.01953">
        <ele>872.44</ele>
      </trkpt>
      <trkpt lat="-41.83057" lon="146.01957">
        <ele>872.74</ele>
      </trkpt>
      <trkpt lat="-41.83064" lon="146.01975">
        <ele>875.22</ele>
      </trkpt>
      <trkpt lat="-41.83072" lon="146.01994">
        <ele>880.3</ele>
      </trkpt>
      <trkpt lat="-41.83074" lon="146.02002">
        <ele>882.07</ele>
      </trkpt>
      <trkpt lat="-41.83074" lon="146.02002">
        <ele>882.07</ele>
      </trkpt>
      <trkpt lat="-41.83077" lon="146.02013">
        <ele>883.52</ele>
      </trkpt>
      <trkpt lat="-41.83079" lon="146.02028">
        <ele>884.73</ele>
      </trkpt>
      <trkpt lat="-41.83085" lon="146.02048">
        <ele>884.14</ele>
      </trkpt>
      <trkpt lat="-41.83092" lon="146.02068">
        <ele>884.12</ele>
      </trkpt>
      <trkpt lat="-41.83097" lon="146.0208">
        <ele>884.62</ele>
      </trkpt>
      <trkpt lat="-41.83097" lon="146.0208">
        <ele>884.62</ele>
      </trkpt>
      <trkpt lat="-41.831" lon="146.02091">
        <ele>884.98</ele>
      </trkpt>
      <trkpt lat="-41.83103" lon="146.02101">
        <ele>885.24</ele>
      </trkpt>
      <trkpt lat="-41.83101" lon="146.02112">
        <ele>884.58</ele>
      </trkpt>
      <trkpt lat="-41.83097" lon="146.02132">
        <ele>884.72</ele>
      </trkpt>
      <trkpt lat="-41.83097" lon="146.02138">
        <ele>884.94</ele>
      </trkpt>
      <trkpt lat="-41.83097" lon="146.02138">
        <ele>884.94</ele>
      </trkpt>
      <trkpt lat="-41.83097" lon="146.02144">
        <ele>885.25</ele>
      </trkpt>
      <trkpt lat="-41.83096" lon="146.02157">
        <ele>885.83</ele>
      </trkpt>
      <trkpt lat="-41.83096" lon="146.02169">
        <ele>886.57</ele>
      </trkpt>
      <trkpt lat="-41.83094" lon="146.02203">
        <ele>889.08</ele>
      </trkpt>
      <trkpt lat="-41.8309" lon="146.02226">
        <ele>889.44</ele>
      </trkpt>
      <trkpt lat="-41.83086" lon="146.0224">
        <ele>888.58</ele>
      </trkpt>
      <trkpt lat="-41.83084" lon="146.02253">
        <ele>888.47</ele>
      </trkpt>
      <trkpt lat="-41.83084" lon="146.02265">
        <ele>889.75</ele>
      </trkpt>
      <trkpt lat="-41.83083" lon="146.02276">
        <ele>890.72</ele>
      </trkpt>
      <trkpt lat="-41.83083" lon="146.02276">
        <ele>890.72</ele>
      </trkpt>
      <trkpt lat="-41.8308" lon="146.02308">
        <ele>888.91</ele>
      </trkpt>
      <trkpt lat="-41.83078" lon="146.02319">
        <ele>887.87</ele>
      </trkpt>
      <trkpt lat="-41.83077" lon="146.02328">
        <ele>887.3</ele>
      </trkpt>
      <trkpt lat="-41.83078" lon="146.02366">
        <ele>887.53</ele>
      </trkpt>
      <trkpt lat="-41.83076" lon="146.02374">
        <ele>886.61</ele>
      </trkpt>
      <trkpt lat="-41.83076" lon="146.02374">
        <ele>886.61</ele>
      </trkpt>
      <trkpt lat="-41.83073" lon="146.02396">
        <ele>884.56</ele>
      </trkpt>
      <trkpt lat="-41.83074" lon="146.02411">
        <ele>883.47</ele>
      </trkpt>
      <trkpt lat="-41.83071" lon="146.02423">
        <ele>882.19</ele>
      </trkpt>
      <trkpt lat="-41.8307" lon="146.02434">
        <ele>881.29</ele>
      </trkpt>
      <trkpt lat="-41.83069" lon="146.02445">
        <ele>880.51</ele>
      </trkpt>
      <trkpt lat="-41.83067" lon="146.02461">
        <ele>881.25</ele>
      </trkpt>
      <trkpt lat="-41.83067" lon="146.02461">
        <ele>881.25</ele>
      </trkpt>
      <trkpt lat="-41.83063" lon="146.02494">
        <ele>883.1</ele>
      </trkpt>
      <trkpt lat="-41.83063" lon="146.02512">
        <ele>885.06</ele>
      </trkpt>
      <trkpt lat="-41.83065" lon="146.02526">
        <ele>887.12</ele>
      </trkpt>
      <trkpt lat="-41.83066" lon="146.02544">
        <ele>889.33</ele>
      </trkpt>
      <trkpt lat="-41.83064" lon="146.02561">
        <ele>890.19</ele>
      </trkpt>
      <trkpt lat="-41.83064" lon="146.02566">
        <ele>890.24</ele>
      </trkpt>
      <trkpt lat="-41.83067" lon="146.02586">
        <ele>891.37</ele>
      </trkpt>
      <trkpt lat="-41.83067" lon="146.02605">
        <ele>891.89</ele>
      </trkpt>
      <trkpt lat="-41.83067" lon="146.02605">
        <ele>891.89</ele>
      </trkpt>
      <trkpt lat="-41.83067" lon="146.02611">
        <ele>892.06</ele>
      </trkpt>
      <trkpt lat="-41.83066" lon="146.02632">
        <ele>894.14</ele>
      </trkpt>
      <trkpt lat="-41.83066" lon="146.02657">
        <ele>896.43</ele>
      </trkpt>
      <trkpt lat="-41.83066" lon="146.02663">
        <ele>896.94</ele>
      </trkpt>
      <trkpt lat="-41.83067" lon="146.02666">
        <ele>897.41</ele>
      </trkpt>
      <trkpt lat="-41.83069" lon="146.02698">
        <ele>898.45</ele>
      </trkpt>
      <trkpt lat="-41.83071" lon="146.02728">
        <ele>899.22</ele>
      </trkpt>
      <trkpt lat="-41.83071" lon="146.02728">
        <ele>899.22</ele>
      </trkpt>
      <trkpt lat="-41.83071" lon="146.02732">
        <ele>899.06</ele>
      </trkpt>
      <trkpt lat="-41.83072" lon="146.02784">
        <ele>896.14</ele>
      </trkpt>
      <trkpt lat="-41.83075" lon="146.02816">
        <ele>895.69</ele>
      </trkpt>
      <trkpt lat="-41.83079" lon="146.02845">
        <ele>896.51</ele>
      </trkpt>
      <trkpt lat="-41.8308" lon="146.02856">
        <ele>897.02</ele>
      </trkpt>
      <trkpt lat="-41.8308" lon="146.02856">
        <ele>897.02</ele>
      </trkpt>
      <trkpt lat="-41.8308" lon="146.02861">
        <ele>897.16</ele>
      </trkpt>
      <trkpt lat="-41.8308" lon="146.02892">
        <ele>895.52</ele>
      </trkpt>
      <trkpt lat="-41.83087" lon="146.02928">
        <ele>898.49</ele>
      </trkpt>
      <trkpt lat="-41.83087" lon="146.02928">
        <ele>898.49</ele>
      </trkpt>
      <trkpt lat="-41.83087" lon="146.02952">
        <ele>899.98</ele>
      </trkpt>
      <trkpt lat="-41.83088" lon="146.02966">
        <ele>901.71</ele>
      </trkpt>
      <trkpt lat="-41.83094" lon="146.02989">
        <ele>902.82</ele>
      </trkpt>
      <trkpt lat="-41.83096" lon="146.03006">
        <ele>902.94</ele>
      </trkpt>
      <trkpt lat="-41.83102" lon="146.03037">
        <ele>900.77</ele>
      </trkpt>
      <trkpt lat="-41.831" lon="146.0305">
        <ele>899.56</ele>
      </trkpt>
      <trkpt lat="-41.83107" lon="146.03065">
        <ele>898.37</ele>
      </trkpt>
      <trkpt lat="-41.83111" lon="146.03087">
        <ele>896.87</ele>
      </trkpt>
      <trkpt lat="-41.83115" lon="146.03098">
        <ele>896.58</ele>
      </trkpt>
      <trkpt lat="-41.83115" lon="146.03098">
        <ele>896.58</ele>
      </trkpt>
      <trkpt lat="-41.83117" lon="146.03107">
        <ele>895.76</ele>
      </trkpt>
      <trkpt lat="-41.83124" lon="146.03119">
        <ele>893.87</ele>
      </trkpt>
      <trkpt lat="-41.83124" lon="146.03125">
        <ele>893.3</ele>
      </trkpt>
      <trkpt lat="-41.83127" lon="146.03143">
        <ele>891.87</ele>
      </trkpt>
      <trkpt lat="-41.83129" lon="146.03144">
        <ele>891.87</ele>
      </trkpt>
      <trkpt lat="-41.83132" lon="146.03159">
        <ele>891.64</ele>
      </trkpt>
      <trkpt lat="-41.8314" lon="146.03175">
        <ele>893.98</ele>
      </trkpt>
      <trkpt lat="-41.83146" lon="146.03184">
        <ele>896.48</ele>
      </trkpt>
      <trkpt lat="-41.83146" lon="146.03192">
        <ele>897.84</ele>
      </trkpt>
      <trkpt lat="-41.83147" lon="146.03205">
        <ele>898.72</ele>
      </trkpt>
      <trkpt lat="-41.83154" lon="146.03228">
        <ele>898.34</ele>
      </trkpt>
      <trkpt lat="-41.83154" lon="146.03234">
        <ele>897.75</ele>
      </trkpt>
      <trkpt lat="-41.83155" lon="146.0324">
        <ele>897.23</ele>
      </trkpt>
      <trkpt lat="-41.83157" lon="146.03247">
        <ele>896.83</ele>
      </trkpt>
      <trkpt lat="-41.83158" lon="146.03253">
        <ele>896.87</ele>
      </trkpt>
      <trkpt lat="-41.83159" lon="146.0326">
        <ele>897.32</ele>
      </trkpt>
      <trkpt lat="-41.83158" lon="146.03267">
        <ele>897.4</ele>
      </trkpt>
      <trkpt lat="-41.83159" lon="146.03273">
        <ele>897.87</ele>
      </trkpt>
      <trkpt lat="-41.8316" lon="146.0328">
        <ele>898.78</ele>
      </trkpt>
      <trkpt lat="-41.83161" lon="146.03287">
        <ele>900.5</ele>
      </trkpt>
      <trkpt lat="-41.83163" lon="146.03293">
        <ele>902.29</ele>
      </trkpt>
      <trkpt lat="-41.83164" lon="146.03299">
        <ele>903.84</ele>
      </trkpt>
      <trkpt lat="-41.83165" lon="146.03304">
        <ele>905.19</ele>
      </trkpt>
      <trkpt lat="-41.83163" lon="146.03311">
        <ele>904.75</ele>
      </trkpt>
      <trkpt lat="-41.8316" lon="146.03316">
        <ele>903.7</ele>
      </trkpt>
      <trkpt lat="-41.83157" lon="146.0332">
        <ele>902.7</ele>
      </trkpt>
      <trkpt lat="-41.83153" lon="146.03323">
        <ele>901.44</ele>
      </trkpt>
      <trkpt lat="-41.83148" lon="146.03325">
        <ele>899.92</ele>
      </trkpt>
      <trkpt lat="-41.83147" lon="146.03325">
        <ele>899.64</ele>
      </trkpt>
      <trkpt lat="-41.83144" lon="146.03325">
        <ele>898.77</ele>
      </trkpt>
      <trkpt lat="-41.83139" lon="146.03327">
        <ele>897.26</ele>
      </trkpt>
      <trkpt lat="-41.83135" lon="146.0333">
        <ele>896.0</ele>
      </trkpt>
      <trkpt lat="-41.8313" lon="146.03331">
        <ele>894.52</ele>
      </trkpt>
      <trkpt lat="-41.83126" lon="146.03333">
        <ele>893.3</ele>
      </trkpt>
      <trkpt lat="-41.83122" lon="146.03337">
        <ele>892.22</ele>
      </trkpt>
      <trkpt lat="-41.83118" lon="146.03342">
        <ele>891.22</ele>
      </trkpt>
      <trkpt lat="-41.83115" lon="146.03346">
        <ele>890.51</ele>
      </trkpt>
      <trkpt lat="-41.83112" lon="146.0335">
        <ele>889.84</ele>
      </trkpt>
      <trkpt lat="-41.83108" lon="146.03354">
        <ele>888.88</ele>
      </trkpt>
      <trkpt lat="-41.83105" lon="146.03359">
        <ele>888.18</ele>
      </trkpt>
      <trkpt lat="-41.83102" lon="146.0336">
        <ele>887.35</ele>
      </trkpt>
      <trkpt lat="-41.831" lon="146.03363">
        <ele>886.92</ele>
      </trkpt>
      <trkpt lat="-41.83097" lon="146.03369">
        <ele>886.51</ele>
      </trkpt>
      <trkpt lat="-41.83095" lon="146.03376">
        <ele>886.52</ele>
      </trkpt>
      <trkpt lat="-41.83092" lon="146.03381">
        <ele>886.2</ele>
      </trkpt>
      <trkpt lat="-41.83089" lon="146.03385">
        <ele>885.86</ele>
      </trkpt>
      <trkpt lat="-41.83085" lon="146.03389">
        <ele>885.37</ele>
      </trkpt>
      <trkpt lat="-41.83082" lon="146.03396">
        <ele>885.56</ele>
      </trkpt>
      <trkpt lat="-41.8308" lon="146.03402">
        <ele>885.88</ele>
      </trkpt>
      <trkpt lat="-41.83078" lon="146.03408">
        <ele>886.16</ele>
      </trkpt>
      <trkpt lat="-41.83076" lon="146.03414">
        <ele>886.42</ele>
      </trkpt>
      <trkpt lat="-41.83074" lon="146.0342">
        <ele>886.76</ele>
      </trkpt>
      <trkpt lat="-41.83073" lon="146.03426">
        <ele>887.36</ele>
      </trkpt>
      <trkpt lat="-41.83072" lon="146.03432">
        <ele>887.94</ele>
      </trkpt>
      <trkpt lat="-41.83071" lon="146.03438">
        <ele>888.51</ele>
      </trkpt>
      <trkpt lat="-41.8307" lon="146.03444">
        <ele>889.06</ele>
      </trkpt>
      <trkpt lat="-41.8307" lon="146.03447">
        <ele>889.67</ele>
      </trkpt>
      <trkpt lat="-41.83063" lon="146.03488">
        <ele>897.52</ele>
      </trkpt>
      <trkpt lat="-41.83063" lon="146.03488">
        <ele>897.52</ele>
      </trkpt>
      <trkpt lat="-41.83045" lon="146.03535">
        <ele>897.1</ele>
      </trkpt>
      <trkpt lat="-41.83036" lon="146.03564">
        <ele>896.37</ele>
      </trkpt>
      <trkpt lat="-41.83032" lon="146.03578">
        <ele>895.47</ele>
      </trkpt>
      <trkpt lat="-41.8303" lon="146.03584">
        <ele>894.96</ele>
      </trkpt>
      <trkpt lat="-41.83028" lon="146.0359">
        <ele>894.09</ele>
      </trkpt>
      <trkpt lat="-41.83025" lon="146.03595">
        <ele>892.68</ele>
      </trkpt>
      <trkpt lat="-41.83023" lon="146.036">
        <ele>891.8</ele>
      </trkpt>
      <trkpt lat="-41.83022" lon="146.03607">
        <ele>891.44</ele>
      </trkpt>
      <trkpt lat="-41.83022" lon="146.03613">
        <ele>891.38</ele>
      </trkpt>
      <trkpt lat="-41.83021" lon="146.0362">
        <ele>890.51</ele>
      </trkpt>
      <trkpt lat="-41.83019" lon="146.03626">
        <ele>889.31</ele>
      </trkpt>
      <trkpt lat="-41.83017" lon="146.03632">
        <ele>888.13</ele>
      </trkpt>
      <trkpt lat="-41.83016" lon="146.03637">
        <ele>887.44</ele>
      </trkpt>
      <trkpt lat="-41.83013" lon="146.03643">
        <ele>886.01</ele>
      </trkpt>
      <trkpt lat="-41.83011" lon="146.03647">
        <ele>885.12</ele>
      </trkpt>
      <trkpt lat="-41.8301" lon="146.03649">
        <ele>884.7</ele>
      </trkpt>
      <trkpt lat="-41.83007" lon="146.03656">
        <ele>883.46</ele>
      </trkpt>
      <trkpt lat="-41.83006" lon="146.03662">
        <ele>883.02</ele>
      </trkpt>
      <trkpt lat="-41.83005" lon="146.03669">
        <ele>882.58</ele>
      </trkpt>
      <trkpt lat="-41.83004" lon="146.03675">
        <ele>882.25</ele>
      </trkpt>
      <trkpt lat="-41.83003" lon="146.03682">
        <ele>882.05</ele>
      </trkpt>
      <trkpt lat="-41.83002" lon="146.03689">
        <ele>881.99</ele>
      </trkpt>
      <trkpt lat="-41.83" lon="146.03695">
        <ele>881.82</ele>
      </trkpt>
      <trkpt lat="-41.82998" lon="146.03702">
        <ele>878.41</ele>
      </trkpt>
      <trkpt lat="-41.82997" lon="146.03708">
        <ele>876.09</ele>
      </trkpt>
      <trkpt lat="-41.82995" lon="146.03714">
        <ele>873.44</ele>
      </trkpt>
      <trkpt lat="-41.82994" lon="146.0372">
        <ele>871.42</ele>
      </trkpt>
      <trkpt lat="-41.82993" lon="146.03726">
        <ele>870.48</ele>
      </trkpt>
      <trkpt lat="-41.82991" lon="146.03733">
        <ele>869.99</ele>
      </trkpt>
      <trkpt lat="-41.8299" lon="146.03738">
        <ele>869.9</ele>
      </trkpt>
      <trkpt lat="-41.82988" lon="146.03744">
        <ele>869.82</ele>
      </trkpt>
      <trkpt lat="-41.82985" lon="146.0375">
        <ele>869.92</ele>
      </trkpt>
      <trkpt lat="-41.82983" lon="146.03756">
        <ele>869.45</ele>
      </trkpt>
      <trkpt lat="-41.82981" lon="146.03763">
        <ele>868.62</ele>
      </trkpt>
      <trkpt lat="-41.82981" lon="146.03763">
        <ele>868.62</ele>
      </trkpt>
      <trkpt lat="-41.8298" lon="146.03766">
        <ele>868.13</ele>
      </trkpt>
      <trkpt lat="-41.82977" lon="146.03771">
        <ele>866.73</ele>
      </trkpt>
      <trkpt lat="-41.82975" lon="146.03777">
        <ele>865.21</ele>
      </trkpt>
      <trkpt lat="-41.82974" lon="146.03783">
        <ele>864.34</ele>
      </trkpt>
      <trkpt lat="-41.82973" lon="146.0379">
        <ele>863.44</ele>
      </trkpt>
      <trkpt lat="-41.82973" lon="146.03797">
        <ele>862.94</ele>
      </trkpt>
      <trkpt lat="-41.82972" lon="146.03803">
        <ele>862.14</ele>
      </trkpt>
      <trkpt lat="-41.82972" lon="146.03811">
        <ele>861.57</ele>
      </trkpt>
      <trkpt lat="-41.82972" lon="146.03818">
        <ele>861.07</ele>
      </trkpt>
      <trkpt lat="-41.82971" lon="146.03824">
        <ele>860.54</ele>
      </trkpt>
      <trkpt lat="-41.82971" lon="146.03831">
        <ele>860.07</ele>
      </trkpt>
      <trkpt lat="-41.82971" lon="146.03837">
        <ele>860.04</ele>
      </trkpt>
      <trkpt lat="-41.82971" lon="146.03843">
        <ele>860.24</ele>
      </trkpt>
      <trkpt lat="-41.82969" lon="146.03849">
        <ele>860.27</ele>
      </trkpt>
      <trkpt lat="-41.82967" lon="146.03855">
        <ele>860.26</ele>
      </trkpt>
      <trkpt lat="-41.82966" lon="146.03861">
        <ele>860.32</ele>
      </trkpt>
      <trkpt lat="-41.82966" lon="146.03868">
        <ele>860.19</ele>
      </trkpt>
      <trkpt lat="-41.82966" lon="146.03875">
        <ele>860.05</ele>
      </trkpt>
      <trkpt lat="-41.82966" lon="146.03882">
        <ele>859.91</ele>
      </trkpt>
      <trkpt lat="-41.82966" lon="146.03889">
        <ele>859.77</ele>
      </trkpt>
      <trkpt lat="-41.82965" lon="146.03895">
        <ele>859.36</ele>
      </trkpt>
      <trkpt lat="-41.82965" lon="146.03898">
        <ele>859.17</ele>
      </trkpt>
      <trkpt lat="-41.82965" lon="146.03932">
        <ele>861.29</ele>
      </trkpt>
      <trkpt lat="-41.82964" lon="146.03932">
        <ele>861.21</ele>
      </trkpt>
      <trkpt lat="-41.82966" lon="146.03942">
        <ele>863.57</ele>
      </trkpt>
      <trkpt lat="-41.82969" lon="146.03946">
        <ele>864.74</ele>
      </trkpt>
      <trkpt lat="-41.82969" lon="146.03967">
        <ele>867.5</ele>
      </trkpt>
      <trkpt lat="-41.8297" lon="146.03986">
        <ele>867.86</ele>
      </trkpt>
      <trkpt lat="-41.82968" lon="146.03991">
        <ele>867.05</ele>
      </trkpt>
      <trkpt lat="-41.82968" lon="146.03991">
        <ele>867.05</ele>
      </trkpt>
      <trkpt lat="-41.82966" lon="146.03996">
        <ele>866.19</ele>
      </trkpt>
      <trkpt lat="-41.82962" lon="146.04005">
        <ele>864.6</ele>
      </trkpt>
      <trkpt lat="-41.82958" lon="146.04013">
        <ele>862.9</ele>
      </trkpt>
      <trkpt lat="-41.82958" lon="146.04028">
        <ele>862.34</ele>
      </trkpt>
      <trkpt lat="-41.82958" lon="146.04037">
        <ele>862.17</ele>
      </trkpt>
      <trkpt lat="-41.82955" lon="146.04046">
        <ele>860.53</ele>
      </trkpt>
      <trkpt lat="-41.82954" lon="146.04064">
        <ele>859.72</ele>
      </trkpt>
      <trkpt lat="-41.82955" lon="146.0407">
        <ele>860.2</ele>
      </trkpt>
      <trkpt lat="-41.82958" lon="146.04075">
        <ele>861.82</ele>
      </trkpt>
      <trkpt lat="-41.82962" lon="146.04093">
        <ele>863.07</ele>
      </trkpt>
      <trkpt lat="-41.82963" lon="146.04106">
        <ele>862.24</ele>
      </trkpt>
      <trkpt lat="-41.82966" lon="146.04131">
        <ele>860.24</ele>
      </trkpt>
      <trkpt lat="-41.82968" lon="146.04144">
        <ele>859.53</ele>
      </trkpt>
      <trkpt lat="-41.82966" lon="146.04164">
        <ele>858.69</ele>
      </trkpt>
      <trkpt lat="-41.82968" lon="146.04177">
        <ele>859.26</ele>
      </trkpt>
      <trkpt lat="-41.82971" lon="146.04236">
        <ele>858.36</ele>
      </trkpt>
      <trkpt lat="-41.82971" lon="146.04257">
        <ele>856.07</ele>
      </trkpt>
      <trkpt lat="-41.82971" lon="146.04278">
        <ele>853.82</ele>
      </trkpt>
      <trkpt lat="-41.82975" lon="146.04295">
        <ele>855.7</ele>
      </trkpt>
      <trkpt lat="-41.82976" lon="146.04304">
        <ele>855.96</ele>
      </trkpt>
      <trkpt lat="-41.82972" lon="146.04315">
        <ele>854.96</ele>
      </trkpt>
      <trkpt lat="-41.82974" lon="146.04325">
        <ele>856.73</ele>
      </trkpt>
      <trkpt lat="-41.82979" lon="146.04334">
        <ele>858.95</ele>
      </trkpt>
      <trkpt lat="-41.82976" lon="146.04355">
        <ele>857.98</ele>
      </trkpt>
      <trkpt lat="-41.82975" lon="146.04365">
        <ele>857.67</ele>
      </trkpt>
      <trkpt lat="-41.82975" lon="146.04371">
        <ele>857.63</ele>
      </trkpt>
      <trkpt lat="-41.82978" lon="146.04377">
        <ele>858.22</ele>
      </trkpt>
      <trkpt lat="-41.82981" lon="146.04388">
        <ele>858.6</ele>
      </trkpt>
      <trkpt lat="-41.82979" lon="146.04408">
        <ele>856.34</ele>
      </trkpt>
      <trkpt lat="-41.82978" lon="146.04419">
        <ele>855.35</ele>
      </trkpt>
      <trkpt lat="-41.82979" lon="146.04428">
        <ele>855.18</ele>
      </trkpt>
      <trkpt lat="-41.82983" lon="146.04434">
        <ele>855.39</ele>
      </trkpt>
      <trkpt lat="-41.8299" lon="146.04448">
        <ele>855.83</ele>
      </trkpt>
      <trkpt lat="-41.82996" lon="146.04455">
        <ele>856.46</ele>
      </trkpt>
      <trkpt lat="-41.83003" lon="146.04462">
        <ele>856.61</ele>
      </trkpt>
      <trkpt lat="-41.83012" lon="146.04476">
        <ele>854.98</ele>
      </trkpt>
      <trkpt lat="-41.83019" lon="146.04495">
        <ele>852.93</ele>
      </trkpt>
      <trkpt lat="-41.83022" lon="146.04503">
        <ele>852.95</ele>
      </trkpt>
      <trkpt lat="-41.83026" lon="146.04515">
        <ele>855.56</ele>
      </trkpt>
      <trkpt lat="-41.8303" lon="146.04525">
        <ele>858.51</ele>
      </trkpt>
      <trkpt lat="-41.83045" lon="146.04562">
        <ele>862.72</ele>
      </trkpt>
      <trkpt lat="-41.83048" lon="146.04572">
        <ele>864.12</ele>
      </trkpt>
      <trkpt lat="-41.83048" lon="146.04572">
        <ele>864.12</ele>
      </trkpt>
      <trkpt lat="-41.83049" lon="146.04576">
        <ele>864.65</ele>
      </trkpt>
      <trkpt lat="-41.83049" lon="146.04591">
        <ele>865.45</ele>
      </trkpt>
      <trkpt lat="-41.83049" lon="146.04599">
        <ele>865.81</ele>
      </trkpt>
      <trkpt lat="-41.8305" lon="146.04607">
        <ele>866.42</ele>
      </trkpt>
      <trkpt lat="-41.83054" lon="146.04618">
        <ele>866.92</ele>
      </trkpt>
      <trkpt lat="-41.83056" lon="146.0463">
        <ele>865.86</ele>
      </trkpt>
      <trkpt lat="-41.83054" lon="146.04652">
        <ele>863.63</ele>
      </trkpt>
      <trkpt lat="-41.83056" lon="146.04654">
        <ele>863.27</ele>
      </trkpt>
      <trkpt lat="-41.83061" lon="146.04655">
        <ele>862.1</ele>
      </trkpt>
      <trkpt lat="-41.83067" lon="146.04656">
        <ele>860.81</ele>
      </trkpt>
      <trkpt lat="-41.83072" lon="146.04656">
        <ele>859.78</ele>
      </trkpt>
      <trkpt lat="-41.83077" lon="146.04657">
        <ele>858.85</ele>
      </trkpt>
      <trkpt lat="-41.83081" lon="146.04659">
        <ele>858.31</ele>
      </trkpt>
      <trkpt lat="-41.83086" lon="146.0466">
        <ele>857.51</ele>
      </trkpt>
      <trkpt lat="-41.83091" lon="146.04662">
        <ele>856.76</ele>
      </trkpt>
      <trkpt lat="-41.83096" lon="146.04662">
        <ele>855.75</ele>
      </trkpt>
      <trkpt lat="-41.831" lon="146.04662">
        <ele>854.93</ele>
      </trkpt>
      <trkpt lat="-41.83102" lon="146.04662">
        <ele>854.52</ele>
      </trkpt>
      <trkpt lat="-41.83102" lon="146.04663">
        <ele>854.62</ele>
      </trkpt>
      <trkpt lat="-41.83121" lon="146.04672">
        <ele>854.44</ele>
      </trkpt>
      <trkpt lat="-41.83124" lon="146.04674">
        <ele>854.82</ele>
      </trkpt>
      <trkpt lat="-41.83124" lon="146.04673">
        <ele>854.76</ele>
      </trkpt>
      <trkpt lat="-41.83128" lon="146.04675">
        <ele>855.18</ele>
      </trkpt>
      <trkpt lat="-41.83132" lon="146.04675">
        <ele>855.48</ele>
      </trkpt>
      <trkpt lat="-41.83137" lon="146.04675">
        <ele>855.86</ele>
      </trkpt>
      <trkpt lat="-41.83163" lon="146.04676">
        <ele>854.85</ele>
      </trkpt>
      <trkpt lat="-41.8318" lon="146.04677">
        <ele>857.93</ele>
      </trkpt>
      <trkpt lat="-41.83202" lon="146.04674">
        <ele>863.22</ele>
      </trkpt>
      <trkpt lat="-41.83215" lon="146.04663">
        <ele>866.99</ele>
      </trkpt>
      <trkpt lat="-41.83242" lon="146.04661">
        <ele>869.29</ele>
      </trkpt>
      <trkpt lat="-41.83254" lon="146.04668">
        <ele>869.32</ele>
      </trkpt>
      <trkpt lat="-41.8326" lon="146.0467">
        <ele>869.75</ele>
      </trkpt>
      <trkpt lat="-41.83278" lon="146.04662">
        <ele>874.04</ele>
      </trkpt>
      <trkpt lat="-41.83289" lon="146.04663">
        <ele>875.22</ele>
      </trkpt>
      <trkpt lat="-41.833" lon="146.0466">
        <ele>877.61</ele>
      </trkpt>
      <trkpt lat="-41.83309" lon="146.04656">
        <ele>880.48</ele>
      </trkpt>
      <trkpt lat="-41.83316" lon="146.04649">
        <ele>883.35</ele>
      </trkpt>
      <trkpt lat="-41.8334" lon="146.04649">
        <ele>886.05</ele>
      </trkpt>
      <trkpt lat="-41.83354" lon="146.04651">
        <ele>888.3</ele>
      </trkpt>
      <trkpt lat="-41.83365" lon="146.04654">
        <ele>889.18</ele>
      </trkpt>
      <trkpt lat="-41.83375" lon="146.0465">
        <ele>888.3</ele>
      </trkpt>
      <trkpt lat="-41.83384" lon="146.04633">
        <ele>889.09</ele>
      </trkpt>
      <trkpt lat="-41.83392" lon="146.04631">
        <ele>887.95</ele>
      </trkpt>
      <trkpt lat="-41.83397" lon="146.0461">
        <ele>889.72</ele>
      </trkpt>
      <trkpt lat="-41.83413" lon="146.0459">
        <ele>885.69</ele>
      </trkpt>
      <trkpt lat="-41.83431" lon="146.04594">
        <ele>881.37</ele>
      </trkpt>
      <trkpt lat="-41.83445" lon="146.04593">
        <ele>878.67</ele>
      </trkpt>
      <trkpt lat="-41.83458" lon="146.0459">
        <ele>880.5</ele>
      </trkpt>
      <trkpt lat="-41.83467" lon="146.04595">
        <ele>880.76</ele>
      </trkpt>
      <trkpt lat="-41.83484" lon="146.04607">
        <ele>878.15</ele>
      </trkpt>
      <trkpt lat="-41.83499" lon="146.04609">
        <ele>875.74</ele>
      </trkpt>
      <trkpt lat="-41.8351" lon="146.0461">
        <ele>876.69</ele>
      </trkpt>
      <trkpt lat="-41.83523" lon="146.04613">
        <ele>877.38</ele>
      </trkpt>
      <trkpt lat="-41.83536" lon="146.0461">
        <ele>879.4</ele>
      </trkpt>
      <trkpt lat="-41.83536" lon="146.04611">
        <ele>879.31</ele>
      </trkpt>
      <trkpt lat="-41.83552" lon="146.04612">
        <ele>879.45</ele>
      </trkpt>
      <trkpt lat="-41.83572" lon="146.04619">
        <ele>876.9</ele>
      </trkpt>
      <trkpt lat="-41.83582" lon="146.04621">
        <ele>876.32</ele>
      </trkpt>
      <trkpt lat="-41.83596" lon="146.04619">
        <ele>875.35</ele>
      </trkpt>
      <trkpt lat="-41.83596" lon="146.04619">
        <ele>875.35</ele>
      </trkpt>
      <trkpt lat="-41.83618" lon="146.04619">
        <ele>875.38</ele>
      </trkpt>
      <trkpt lat="-41.83622" lon="146.0462">
        <ele>876.54</ele>
      </trkpt>
      <trkpt lat="-41.83629" lon="146.04627">
        <ele>877.53</ele>
      </trkpt>
      <trkpt lat="-41.83642" lon="146.04623">
        <ele>882.32</ele>
      </trkpt>
      <trkpt lat="-41.83642" lon="146.04624">
        <ele>882.14</ele>
      </trkpt>
      <trkpt lat="-41.83647" lon="146.04624">
        <ele>882.87</ele>
      </trkpt>
      <trkpt lat="-41.83657" lon="146.04629">
        <ele>883.2</ele>
      </trkpt>
      <trkpt lat="-41.83657" lon="146.04629">
        <ele>883.2</ele>
      </trkpt>
      <trkpt lat="-41.83674" lon="146.04624">
        <ele>886.26</ele>
      </trkpt>
      <trkpt lat="-41.83689" lon="146.04629">
        <ele>886.33</ele>
      </trkpt>
      <trkpt lat="-41.83706" lon="146.04635">
        <ele>885.17</ele>
      </trkpt>
      <trkpt lat="-41.83713" lon="146.0464">
        <ele>884.21</ele>
      </trkpt>
      <trkpt lat="-41.83717" lon="146.04649">
        <ele>883.1</ele>
      </trkpt>
      <trkpt lat="-41.83728" lon="146.0466">
        <ele>881.62</ele>
      </trkpt>
      <trkpt lat="-41.83738" lon="146.04662">
        <ele>881.31</ele>
      </trkpt>
      <trkpt lat="-41.83746" lon="146.04675">
        <ele>880.7</ele>
      </trkpt>
      <trkpt lat="-41.83778" lon="146.04697">
        <ele>880.05</ele>
      </trkpt>
      <trkpt lat="-41.83795" lon="146.04692">
        <ele>876.92</ele>
      </trkpt>
      <trkpt lat="-41.83795" lon="146.04692">
        <ele>876.92</ele>
      </trkpt>
      <trkpt lat="-41.83797" lon="146.04692">
        <ele>876.57</ele>
      </trkpt>
      <trkpt lat="-41.8381" lon="146.04694">
        <ele>874.53</ele>
      </trkpt>
      <trkpt lat="-41.8382" lon="146.0469">
        <ele>873.52</ele>
      </trkpt>
      <trkpt lat="-41.8386" lon="146.04699">
        <ele>870.25</ele>
      </trkpt>
      <trkpt lat="-41.83883" lon="146.04691">
        <ele>869.97</ele>
      </trkpt>
      <trkpt lat="-41.83883" lon="146.0469">
        <ele>869.97</ele>
      </trkpt>
      <trkpt lat="-41.83893" lon="146.04688">
        <ele>871.1</ele>
      </trkpt>
      <trkpt lat="-41.83919" lon="146.04671">
        <ele>878.97</ele>
      </trkpt>
      <trkpt lat="-41.83931" lon="146.04666">
        <ele>880.6</ele>
      </trkpt>
      <trkpt lat="-41.83931" lon="146.04666">
        <ele>880.6</ele>
      </trkpt>
      <trkpt lat="-41.83952" lon="146.04657">
        <ele>883.39</ele>
      </trkpt>
      <trkpt lat="-41.83992" lon="146.04659">
        <ele>883.42</ele>
      </trkpt>
      <trkpt lat="-41.83992" lon="146.04659">
        <ele>883.42</ele>
      </trkpt>
      <trkpt lat="-41.84006" lon="146.0466">
        <ele>882.14</ele>
      </trkpt>
      <trkpt lat="-41.84019" lon="146.04653">
        <ele>880.26</ele>
      </trkpt>
      <trkpt lat="-41.84057" lon="146.04646">
        <ele>878.2</ele>
      </trkpt>
      <trkpt lat="-41.84057" lon="146.04646">
        <ele>878.2</ele>
      </trkpt>
      <trkpt lat="-41.84077" lon="146.04653">
        <ele>873.34</ele>
      </trkpt>
      <trkpt lat="-41.84091" lon="146.04649">
        <ele>872.85</ele>
      </trkpt>
      <trkpt lat="-41.84106" lon="146.04644">
        <ele>873.71</ele>
      </trkpt>
      <trkpt lat="-41.84137" lon="146.04628">
        <ele>882.9</ele>
      </trkpt>
      <trkpt lat="-41.84137" lon="146.04628">
        <ele>882.9</ele>
      </trkpt>
      <trkpt lat="-41.84164" lon="146.04624">
        <ele>892.78</ele>
      </trkpt>
      <trkpt lat="-41.84183" lon="146.04603">
        <ele>899.71</ele>
      </trkpt>
      <trkpt lat="-41.84187" lon="146.04603">
        <ele>900.22</ele>
      </trkpt>
      <trkpt lat="-41.84187" lon="146.04603">
        <ele>900.22</ele>
      </trkpt>
      <trkpt lat="-41.84191" lon="146.04603">
        <ele>900.73</ele>
      </trkpt>
      <trkpt lat="-41.84193" lon="146.04607">
        <ele>900.37</ele>
      </trkpt>
      <trkpt lat="-41.84198" lon="146.04609">
        <ele>900.67</ele>
      </trkpt>
      <trkpt lat="-41.84206" lon="146.04608">
        <ele>901.6</ele>
      </trkpt>
      <trkpt lat="-41.8421" lon="146.0461">
        <ele>901.8</ele>
      </trkpt>
      <trkpt lat="-41.84216" lon="146.04617">
        <ele>901.43</ele>
      </trkpt>
      <trkpt lat="-41.8422" lon="146.04627">
        <ele>900.43</ele>
      </trkpt>
      <trkpt lat="-41.84222" lon="146.04629">
        <ele>900.39</ele>
      </trkpt>
      <trkpt lat="-41.84222" lon="146.04629">
        <ele>900.39</ele>
      </trkpt>
      <trkpt lat="-41.84226" lon="146.04633">
        <ele>900.26</ele>
      </trkpt>
      <trkpt lat="-41.84242" lon="146.04641">
        <ele>900.78</ele>
      </trkpt>
      <trkpt lat="-41.84251" lon="146.04653">
        <ele>899.46</ele>
      </trkpt>
      <trkpt lat="-41.84261" lon="146.04672">
        <ele>896.97</ele>
      </trkpt>
      <trkpt lat="-41.84261" lon="146.04672">
        <ele>896.97</ele>
      </trkpt>
      <trkpt lat="-41.84264" lon="146.04678">
        <ele>896.69</ele>
      </trkpt>
      <trkpt lat="-41.84275" lon="146.04676">
        <ele>897.5</ele>
      </trkpt>
      <trkpt lat="-41.84279" lon="146.04678">
        <ele>897.86</ele>
      </trkpt>
      <trkpt lat="-41.84285" lon="146.04682">
        <ele>898.98</ele>
      </trkpt>
      <trkpt lat="-41.84293" lon="146.04686">
        <ele>900.38</ele>
      </trkpt>
      <trkpt lat="-41.843" lon="146.04694">
        <ele>901.04</ele>
      </trkpt>
      <trkpt lat="-41.84315" lon="146.04702">
        <ele>900.69</ele>
      </trkpt>
      <trkpt lat="-41.84322" lon="146.04707">
        <ele>900.35</ele>
      </trkpt>
      <trkpt lat="-41.84329" lon="146.04706">
        <ele>900.4</ele>
      </trkpt>
      <trkpt lat="-41.84334" lon="146.04709">
        <ele>900.42</ele>
      </trkpt>
      <trkpt lat="-41.84354" lon="146.04717">
        <ele>895.98</ele>
      </trkpt>
      <trkpt lat="-41.84366" lon="146.04728">
        <ele>894.82</ele>
      </trkpt>
      <trkpt lat="-41.84372" lon="146.04729">
        <ele>896.38</ele>
      </trkpt>
      <trkpt lat="-41.84397" lon="146.04733">
        <ele>900.53</ele>
      </trkpt>
      <trkpt lat="-41.84412" lon="146.04743">
        <ele>901.7</ele>
      </trkpt>
      <trkpt lat="-41.84422" lon="146.04742">
        <ele>901.37</ele>
      </trkpt>
      <trkpt lat="-41.84422" lon="146.04742">
        <ele>901.37</ele>
      </trkpt>
      <trkpt lat="-41.84453" lon="146.04738">
        <ele>900.41</ele>
      </trkpt>
      <trkpt lat="-41.84453" lon="146.04738">
        <ele>900.41</ele>
      </trkpt>
      <trkpt lat="-41.84456" lon="146.04738">
        <ele>900.62</ele>
      </trkpt>
      <trkpt lat="-41.84475" lon="146.04737">
        <ele>901.39</ele>
      </trkpt>
      <trkpt lat="-41.84488" lon="146.04739">
        <ele>900.56</ele>
      </trkpt>
      <trkpt lat="-41.84508" lon="146.0473">
        <ele>899.28</ele>
      </trkpt>
      <trkpt lat="-41.84509" lon="146.04728">
        <ele>899.21</ele>
      </trkpt>
      <trkpt lat="-41.84512" lon="146.04723">
        <ele>899.03</ele>
      </trkpt>
      <trkpt lat="-41.84517" lon="146.04723">
        <ele>899.03</ele>
      </trkpt>
      <trkpt lat="-41.84519" lon="146.04728">
        <ele>899.21</ele>
      </trkpt>
      <trkpt lat="-41.8452" lon="146.04734">
        <ele>899.42</ele>
      </trkpt>
      <trkpt lat="-41.8452" lon="146.0474">
        <ele>899.64</ele>
      </trkpt>
      <trkpt lat="-41.84523" lon="146.04745">
        <ele>899.82</ele>
      </trkpt>
      <trkpt lat="-41.84524" lon="146.04745">
        <ele>899.82</ele>
      </trkpt>
      <trkpt lat="-41.84524" lon="146.04745">
        <ele>899.82</ele>
      </trkpt>
      <trkpt lat="-41.84532" lon="146.04744">
        <ele>899.77</ele>
      </trkpt>
      <trkpt lat="-41.84556" lon="146.04735">
        <ele>897.88</ele>
      </trkpt>
      <trkpt lat="-41.84565" lon="146.04728">
        <ele>898.7</ele>
      </trkpt>
      <trkpt lat="-41.84583" lon="146.04729">
        <ele>903.62</ele>
      </trkpt>
      <trkpt lat="-41.84592" lon="146.04725">
        <ele>903.64</ele>
      </trkpt>
      <trkpt lat="-41.84599" lon="146.04716">
        <ele>902.54</ele>
      </trkpt>
      <trkpt lat="-41.84607" lon="146.04712">
        <ele>902.46</ele>
      </trkpt>
      <trkpt lat="-41.84611" lon="146.04712">
        <ele>902.78</ele>
      </trkpt>
      <trkpt lat="-41.84611" lon="146.04712">
        <ele>902.78</ele>
      </trkpt>
      <trkpt lat="-41.84623" lon="146.04711">
        <ele>906.26</ele>
      </trkpt>
      <trkpt lat="-41.84634" lon="146.04703">
        <ele>908.9</ele>
      </trkpt>
      <trkpt lat="-41.84644" lon="146.04693">
        <ele>909.14</ele>
      </trkpt>
      <trkpt lat="-41.84656" lon="146.04685">
        <ele>906.44</ele>
      </trkpt>
      <trkpt lat="-41.84657" lon="146.04682">
        <ele>905.91</ele>
      </trkpt>
      <trkpt lat="-41.84659" lon="146.04676">
        <ele>904.81</ele>
      </trkpt>
      <trkpt lat="-41.84663" lon="146.04674">
        <ele>903.78</ele>
      </trkpt>
      <trkpt lat="-41.84668" lon="146.04677">
        <ele>903.23</ele>
      </trkpt>
      <trkpt lat="-41.84671" lon="146.0468">
        <ele>903.07</ele>
      </trkpt>
      <trkpt lat="-41.84671" lon="146.04681">
        <ele>903.2</ele>
      </trkpt>
      <trkpt lat="-41.84671" lon="146.04681">
        <ele>903.2</ele>
      </trkpt>
      <trkpt lat="-41.84676" lon="146.04685">
        <ele>902.74</ele>
      </trkpt>
      <trkpt lat="-41.84689" lon="146.04679">
        <ele>899.4</ele>
      </trkpt>
      <trkpt lat="-41.84701" lon="146.04677">
        <ele>898.88</ele>
      </trkpt>
      <trkpt lat="-41.84721" lon="146.04675">
        <ele>901.15</ele>
      </trkpt>
      <trkpt lat="-41.84735" lon="146.04683">
        <ele>908.3</ele>
      </trkpt>
      <trkpt lat="-41.84735" lon="146.04683">
        <ele>908.3</ele>
      </trkpt>
      <trkpt lat="-41.84738" lon="146.04685">
        <ele>909.99</ele>
      </trkpt>
      <trkpt lat="-41.84754" lon="146.04677">
        <ele>916.37</ele>
      </trkpt>
      <trkpt lat="-41.84768" lon="146.04692">
        <ele>920.01</ele>
      </trkpt>
      <trkpt lat="-41.84783" lon="146.04693">
        <ele>921.1</ele>
      </trkpt>
      <trkpt lat="-41.84808" lon="146.04698">
        <ele>918.28</ele>
      </trkpt>
      <trkpt lat="-41.84808" lon="146.04698">
        <ele>918.28</ele>
      </trkpt>
      <trkpt lat="-41.84824" lon="146.04701">
        <ele>917.89</ele>
      </trkpt>
      <trkpt lat="-41.84849" lon="146.04698">
        <ele>917.18</ele>
      </trkpt>
      <trkpt lat="-41.84857" lon="146.0469">
        <ele>916.98</ele>
      </trkpt>
      <trkpt lat="-41.84865" lon="146.04686">
        <ele>917.31</ele>
      </trkpt>
      <trkpt lat="-41.84881" lon="146.04676">
        <ele>919.62</ele>
      </trkpt>
      <trkpt lat="-41.84881" lon="146.04676">
        <ele>919.62</ele>
      </trkpt>
      <trkpt lat="-41.84897" lon="146.04681">
        <ele>921.25</ele>
      </trkpt>
      <trkpt lat="-41.84909" lon="146.0469">
        <ele>922.14</ele>
      </trkpt>
      <trkpt lat="-41.84909" lon="146.0469">
        <ele>922.14</ele>
      </trkpt>
      <trkpt lat="-41.84918" lon="146.04696">
        <ele>923.19</ele>
      </trkpt>
      <trkpt lat="-41.84932" lon="146.04701">
        <ele>924.95</ele>
      </trkpt>
      <trkpt lat="-41.84942" lon="146.04708">
        <ele>925.76</ele>
      </trkpt>
      <trkpt lat="-41.84943" lon="146.0471">
        <ele>925.73</ele>
      </trkpt>
      <trkpt lat="-41.84943" lon="146.0471">
        <ele>925.73</ele>
      </trkpt>
      <trkpt lat="-41.84949" lon="146.04724">
        <ele>925.21</ele>
      </trkpt>
      <trkpt lat="-41.84958" lon="146.04735">
        <ele>925.5</ele>
      </trkpt>
      <trkpt lat="-41.84992" lon="146.04743">
        <ele>927.03</ele>
      </trkpt>
      <trkpt lat="-41.84994" lon="146.04745">
        <ele>927.03</ele>
      </trkpt>
      <trkpt lat="-41.84994" lon="146.04745">
        <ele>927.03</ele>
      </trkpt>
      <trkpt lat="-41.85004" lon="146.04752">
        <ele>926.84</ele>
      </trkpt>
      <trkpt lat="-41.85012" lon="146.04767">
        <ele>925.25</ele>
      </trkpt>
      <trkpt lat="-41.85022" lon="146.04777">
        <ele>923.52</ele>
      </trkpt>
      <trkpt lat="-41.85025" lon="146.04776">
        <ele>923.44</ele>
      </trkpt>
      <trkpt lat="-41.85025" lon="146.04774">
        <ele>923.72</ele>
      </trkpt>
      <trkpt lat="-41.85029" lon="146.0477">
        <ele>924.28</ele>
      </trkpt>
      <trkpt lat="-41.85033" lon="146.04768">
        <ele>925.09</ele>
      </trkpt>
      <trkpt lat="-41.85038" lon="146.04769">
        <ele>925.62</ele>
      </trkpt>
      <trkpt lat="-41.85042" lon="146.04772">
        <ele>925.77</ele>
      </trkpt>
      <trkpt lat="-41.85047" lon="146.04776">
        <ele>925.98</ele>
      </trkpt>
      <trkpt lat="-41.85051" lon="146.04778">
        <ele>926.33</ele>
      </trkpt>
      <trkpt lat="-41.85056" lon="146.04778">
        <ele>927.07</ele>
      </trkpt>
      <trkpt lat="-41.8506" lon="146.04776">
        <ele>928.12</ele>
      </trkpt>
      <trkpt lat="-41.85064" lon="146.04772">
        <ele>929.26</ele>
      </trkpt>
      <trkpt lat="-41.85067" lon="146.04769">
        <ele>930.03</ele>
      </trkpt>
      <trkpt lat="-41.85068" lon="146.04768">
        <ele>930.27</ele>
      </trkpt>
      <trkpt lat="-41.85072" lon="146.04765">
        <ele>931.12</ele>
      </trkpt>
      <trkpt lat="-41.85076" lon="146.04764">
        <ele>931.81</ele>
      </trkpt>
      <trkpt lat="-41.85081" lon="146.04766">
        <ele>932.6</ele>
      </trkpt>
      <trkpt lat="-41.85085" lon="146.0477">
        <ele>933.29</ele>
      </trkpt>
      <trkpt lat="-41.85089" lon="146.04773">
        <ele>933.92</ele>
      </trkpt>
      <trkpt lat="-41.85094" lon="146.04776">
        <ele>934.61</ele>
      </trkpt>
      <trkpt lat="-41.85098" lon="146.04778">
        <ele>935.11</ele>
      </trkpt>
      <trkpt lat="-41.85103" lon="146.04779">
        <ele>935.8</ele>
      </trkpt>
      <trkpt lat="-41.85106" lon="146.0478">
        <ele>936.2</ele>
      </trkpt>
      <trkpt lat="-41.85115" lon="146.0478">
        <ele>937.89</ele>
      </trkpt>
      <trkpt lat="-41.85115" lon="146.0478">
        <ele>937.89</ele>
      </trkpt>
      <trkpt lat="-41.8512" lon="146.0478">
        <ele>939.13</ele>
      </trkpt>
      <trkpt lat="-41.85136" lon="146.04783">
        <ele>942.92</ele>
      </trkpt>
      <trkpt lat="-41.85143" lon="146.04787">
        <ele>943.53</ele>
      </trkpt>
      <trkpt lat="-41.85157" lon="146.04802">
        <ele>942.42</ele>
      </trkpt>
      <trkpt lat="-41.85171" lon="146.048">
        <ele>943.42</ele>
      </trkpt>
      <trkpt lat="-41.85175" lon="146.04797">
        <ele>944.43</ele>
      </trkpt>
      <trkpt lat="-41.85175" lon="146.04797">
        <ele>944.43</ele>
      </trkpt>
      <trkpt lat="-41.85178" lon="146.04795">
        <ele>945.15</ele>
      </trkpt>
      <trkpt lat="-41.85181" lon="146.04787">
        <ele>946.74</ele>
      </trkpt>
      <trkpt lat="-41.85187" lon="146.04777">
        <ele>949.01</ele>
      </trkpt>
      <trkpt lat="-41.85187" lon="146.04777">
        <ele>949.01</ele>
      </trkpt>
      <trkpt lat="-41.85189" lon="146.04777">
        <ele>949.3</ele>
      </trkpt>
      <trkpt lat="-41.85196" lon="146.04778">
        <ele>950.25</ele>
      </trkpt>
      <trkpt lat="-41.85199" lon="146.04788">
        <ele>949.47</ele>
      </trkpt>
      <trkpt lat="-41.85199" lon="146.04788">
        <ele>949.47</ele>
      </trkpt>
      <trkpt lat="-41.852" lon="146.04791">
        <ele>949.29</ele>
      </trkpt>
      <trkpt lat="-41.85221" lon="146.04793">
        <ele>953.64</ele>
      </trkpt>
      <trkpt lat="-41.85221" lon="146.04793">
        <ele>953.64</ele>
      </trkpt>
      <trkpt lat="-41.85224" lon="146.04793">
        <ele>954.16</ele>
      </trkpt>
      <trkpt lat="-41.85252" lon="146.04778">
        <ele>959.2</ele>
      </trkpt>
      <trkpt lat="-41.85253" lon="146.04773">
        <ele>959.48</ele>
      </trkpt>
      <trkpt lat="-41.85255" lon="146.04767">
        <ele>959.86</ele>
      </trkpt>
      <trkpt lat="-41.85258" lon="146.04762">
        <ele>960.27</ele>
      </trkpt>
      <trkpt lat="-41.85262" lon="146.04758">
        <ele>960.7</ele>
      </trkpt>
      <trkpt lat="-41.85266" lon="146.04757">
        <ele>961.05</ele>
      </trkpt>
      <trkpt lat="-41.85271" lon="146.04757">
        <ele>961.45</ele>
      </trkpt>
      <trkpt lat="-41.85276" lon="146.04757">
        <ele>961.86</ele>
      </trkpt>
      <trkpt lat="-41.85281" lon="146.04758">
        <ele>962.6</ele>
      </trkpt>
      <trkpt lat="-41.85284" lon="146.04759">
        <ele>963.13</ele>
      </trkpt>
      <trkpt lat="-41.8531" lon="146.04771">
        <ele>967.37</ele>
      </trkpt>
      <trkpt lat="-41.85338" lon="146.0479">
        <ele>974.88</ele>
      </trkpt>
      <trkpt lat="-41.85352" lon="146.04803">
        <ele>976.43</ele>
      </trkpt>
      <trkpt lat="-41.85352" lon="146.04802">
        <ele>976.59</ele>
      </trkpt>
      <trkpt lat="-41.85358" lon="146.04805">
        <ele>977.42</ele>
      </trkpt>
      <trkpt lat="-41.85362" lon="146.04807">
        <ele>978.16</ele>
      </trkpt>
      <trkpt lat="-41.85367" lon="146.04808">
        <ele>978.73</ele>
      </trkpt>
      <trkpt lat="-41.85372" lon="146.04809">
        <ele>979.16</ele>
      </trkpt>
      <trkpt lat="-41.85377" lon="146.04811">
        <ele>979.25</ele>
      </trkpt>
      <trkpt lat="-41.85381" lon="146.04813">
        <ele>979.02</ele>
      </trkpt>
      <trkpt lat="-41.85386" lon="146.04816">
        <ele>978.25</ele>
      </trkpt>
      <trkpt lat="-41.8539" lon="146.04819">
        <ele>977.3</ele>
      </trkpt>
      <trkpt lat="-41.85394" lon="146.04823">
        <ele>976.39</ele>
      </trkpt>
      <trkpt lat="-41.85398" lon="146.04827">
        <ele>975.52</ele>
      </trkpt>
      <trkpt lat="-41.85399" lon="146.04829">
        <ele>974.96</ele>
      </trkpt>
      <trkpt lat="-41.85406" lon="146.0484">
        <ele>973.45</ele>
      </trkpt>
      <trkpt lat="-41.85406" lon="146.0484">
        <ele>973.45</ele>
      </trkpt>
      <trkpt lat="-41.85417" lon="146.04855">
        <ele>972.11</ele>
      </trkpt>
      <trkpt lat="-41.85424" lon="146.04861">
        <ele>971.28</ele>
      </trkpt>
      <trkpt lat="-41.85431" lon="146.04864">
        <ele>971.62</ele>
      </trkpt>
      <trkpt lat="-41.85439" lon="146.04865">
        <ele>972.03</ele>
      </trkpt>
      <trkpt lat="-41.85439" lon="146.04865">
        <ele>972.03</ele>
      </trkpt>
      <trkpt lat="-41.85449" lon="146.04867">
        <ele>972.68</ele>
      </trkpt>
      <trkpt lat="-41.85462" lon="146.04863">
        <ele>973.31</ele>
      </trkpt>
      <trkpt lat="-41.85472" lon="146.04863">
        <ele>973.99</ele>
      </trkpt>
      <trkpt lat="-41.85473" lon="146.04863">
        <ele>973.97</ele>
      </trkpt>
      <trkpt lat="-41.85478" lon="146.04861">
        <ele>973.81</ele>
      </trkpt>
      <trkpt lat="-41.85483" lon="146.04861">
        <ele>973.63</ele>
      </trkpt>
      <trkpt lat="-41.85488" lon="146.04863">
        <ele>973.39</ele>
      </trkpt>
      <trkpt lat="-41.85492" lon="146.04866">
        <ele>973.16</ele>
      </trkpt>
      <trkpt lat="-41.85494" lon="146.04869">
        <ele>972.99</ele>
      </trkpt>
      <trkpt lat="-41.85493" lon="146.04869">
        <ele>973.04</ele>
      </trkpt>
      <trkpt lat="-41.85502" lon="146.04882">
        <ele>972.57</ele>
      </trkpt>
      <trkpt lat="-41.85515" lon="146.04907">
        <ele>972.8</ele>
      </trkpt>
      <trkpt lat="-41.85531" lon="146.04917">
        <ele>973.55</ele>
      </trkpt>
      <trkpt lat="-41.85531" lon="146.04917">
        <ele>973.55</ele>
      </trkpt>
      <trkpt lat="-41.8554" lon="146.04922">
        <ele>974.73</ele>
      </trkpt>
      <trkpt lat="-41.85566" lon="146.04933">
        <ele>976.61</ele>
      </trkpt>
      <trkpt lat="-41.85577" lon="146.04951">
        <ele>974.25</ele>
      </trkpt>
      <trkpt lat="-41.85578" lon="146.04953">
        <ele>973.84</ele>
      </trkpt>
      <trkpt lat="-41.85578" lon="146.04953">
        <ele>973.84</ele>
      </trkpt>
      <trkpt lat="-41.85583" lon="146.04964">
        <ele>971.75</ele>
      </trkpt>
      <trkpt lat="-41.85595" lon="146.04969">
        <ele>972.57</ele>
      </trkpt>
      <trkpt lat="-41.85598" lon="146.04971">
        <ele>972.47</ele>
      </trkpt>
      <trkpt lat="-41.856" lon="146.04972">
        <ele>972.47</ele>
      </trkpt>
      <trkpt lat="-41.85606" lon="146.04972">
        <ele>973.34</ele>
      </trkpt>
      <trkpt lat="-41.85611" lon="146.04974">
        <ele>973.66</ele>
      </trkpt>
      <trkpt lat="-41.85616" lon="146.04976">
        <ele>975.91</ele>
      </trkpt>
      <trkpt lat="-41.8562" lon="146.04977">
        <ele>977.83</ele>
      </trkpt>
      <trkpt lat="-41.85625" lon="146.04979">
        <ele>980.04</ele>
      </trkpt>
      <trkpt lat="-41.85628" lon="146.04983">
        <ele>980.71</ele>
      </trkpt>
      <trkpt lat="-41.85632" lon="146.04987">
        <ele>981.82</ele>
      </trkpt>
      <trkpt lat="-41.85633" lon="146.04989">
        <ele>981.85</ele>
      </trkpt>
      <trkpt lat="-41.8565" lon="146.05006">
        <ele>981.18</ele>
      </trkpt>
      <trkpt lat="-41.85663" lon="146.05011">
        <ele>982.9</ele>
      </trkpt>
      <trkpt lat="-41.85684" lon="146.05017">
        <ele>987.95</ele>
      </trkpt>
      <trkpt lat="-41.85694" lon="146.0503">
        <ele>991.5</ele>
      </trkpt>
      <trkpt lat="-41.85721" lon="146.05064">
        <ele>990.52</ele>
      </trkpt>
      <trkpt lat="-41.85722" lon="146.05065">
        <ele>990.63</ele>
      </trkpt>
      <trkpt lat="-41.85727" lon="146.05066">
        <ele>991.03</ele>
      </trkpt>
      <trkpt lat="-41.85732" lon="146.05067">
        <ele>991.44</ele>
      </trkpt>
      <trkpt lat="-41.85737" lon="146.05069">
        <ele>991.84</ele>
      </trkpt>
      <trkpt lat="-41.85741" lon="146.05069">
        <ele>992.2</ele>
      </trkpt>
      <trkpt lat="-41.85746" lon="146.0507">
        <ele>992.64</ele>
      </trkpt>
      <trkpt lat="-41.8575" lon="146.05072">
        <ele>993.0</ele>
      </trkpt>
      <trkpt lat="-41.85751" lon="146.05072">
        <ele>993.19</ele>
      </trkpt>
      <trkpt lat="-41.85751" lon="146.05071">
        <ele>993.18</ele>
      </trkpt>
      <trkpt lat="-41.85756" lon="146.05075">
        <ele>994.17</ele>
      </trkpt>
      <trkpt lat="-41.85771" lon="146.05091">
        <ele>995.73</ele>
      </trkpt>
      <trkpt lat="-41.85771" lon="146.05091">
        <ele>995.73</ele>
      </trkpt>
      <trkpt lat="-41.85773" lon="146.05093">
        <ele>995.54</ele>
      </trkpt>
      <trkpt lat="-41.85788" lon="146.05104">
        <ele>991.93</ele>
      </trkpt>
      <trkpt lat="-41.8579" lon="146.05103">
        <ele>991.87</ele>
      </trkpt>
      <trkpt lat="-41.85795" lon="146.051">
        <ele>991.6</ele>
      </trkpt>
      <trkpt lat="-41.85799" lon="146.05098">
        <ele>991.13</ele>
      </trkpt>
      <trkpt lat="-41.85804" lon="146.05098">
        <ele>990.27</ele>
      </trkpt>
      <trkpt lat="-41.85808" lon="146.05099">
        <ele>990.57</ele>
      </trkpt>
      <trkpt lat="-41.85813" lon="146.05101">
        <ele>991.71</ele>
      </trkpt>
      <trkpt lat="-41.85817" lon="146.05105">
        <ele>992.56</ele>
      </trkpt>
      <trkpt lat="-41.8582" lon="146.0511">
        <ele>993.14</ele>
      </trkpt>
      <trkpt lat="-41.85822" lon="146.05115">
        <ele>993.83</ele>
      </trkpt>
      <trkpt lat="-41.85822" lon="146.05116">
        <ele>993.9</ele>
      </trkpt>
      <trkpt lat="-41.85823" lon="146.05117">
        <ele>994.19</ele>
      </trkpt>
      <trkpt lat="-41.85826" lon="146.05123">
        <ele>995.27</ele>
      </trkpt>
      <trkpt lat="-41.85828" lon="146.05128">
        <ele>996.06</ele>
      </trkpt>
      <trkpt lat="-41.85831" lon="146.05133">
        <ele>997.07</ele>
      </trkpt>
      <trkpt lat="-41.85835" lon="146.05137">
        <ele>998.23</ele>
      </trkpt>
      <trkpt lat="-41.85837" lon="146.05143">
        <ele>999.09</ele>
      </trkpt>
      <trkpt lat="-41.85839" lon="146.0515">
        <ele>1000.02</ele>
      </trkpt>
      <trkpt lat="-41.85838" lon="146.05156">
        <ele>1000.24</ele>
      </trkpt>
      <trkpt lat="-41.85837" lon="146.05162">
        <ele>1000.46</ele>
      </trkpt>
      <trkpt lat="-41.85837" lon="146.05168">
        <ele>1000.66</ele>
      </trkpt>
      <trkpt lat="-41.85837" lon="146.05174">
        <ele>1000.07</ele>
      </trkpt>
      <trkpt lat="-41.85837" lon="146.05181">
        <ele>999.38</ele>
      </trkpt>
      <trkpt lat="-41.85838" lon="146.05188">
        <ele>998.96</ele>
      </trkpt>
      <trkpt lat="-41.85838" lon="146.05192">
        <ele>998.58</ele>
      </trkpt>
      <trkpt lat="-41.85838" lon="146.05194">
        <ele>998.39</ele>
      </trkpt>
      <trkpt lat="-41.85839" lon="146.05201">
        <ele>998.3</ele>
      </trkpt>
      <trkpt lat="-41.8584" lon="146.05207">
        <ele>998.25</ele>
      </trkpt>
      <trkpt lat="-41.8584" lon="146.05213">
        <ele>997.93</ele>
      </trkpt>
      <trkpt lat="-41.8584" lon="146.0522">
        <ele>997.56</ele>
      </trkpt>
      <trkpt lat="-41.85837" lon="146.05226">
        <ele>996.93</ele>
      </trkpt>
      <trkpt lat="-41.85835" lon="146.05232">
        <ele>996.71</ele>
      </trkpt>
      <trkpt lat="-41.85835" lon="146.05239">
        <ele>996.96</ele>
      </trkpt>
      <trkpt lat="-41.85837" lon="146.05245">
        <ele>997.61</ele>
      </trkpt>
      <trkpt lat="-41.8584" lon="146.05251">
        <ele>998.56</ele>
      </trkpt>
      <trkpt lat="-41.85844" lon="146.05254">
        <ele>999.71</ele>
      </trkpt>
      <trkpt lat="-41.85849" lon="146.05257">
        <ele>1000.97</ele>
      </trkpt>
      <trkpt lat="-41.85853" lon="146.05261">
        <ele>1001.99</ele>
      </trkpt>
      <trkpt lat="-41.85856" lon="146.05265">
        <ele>1002.73</ele>
      </trkpt>
      <trkpt lat="-41.8586" lon="146.05269">
        <ele>1003.53</ele>
      </trkpt>
      <trkpt lat="-41.85862" lon="146.05275">
        <ele>1004.1</ele>
      </trkpt>
      <trkpt lat="-41.85864" lon="146.05281">
        <ele>1004.74</ele>
      </trkpt>
      <trkpt lat="-41.85864" lon="146.05287">
        <ele>1004.96</ele>
      </trkpt>
      <trkpt lat="-41.85864" lon="146.05288">
        <ele>1004.99</ele>
      </trkpt>
      <trkpt lat="-41.85864" lon="146.0529">
        <ele>1005.06</ele>
      </trkpt>
      <trkpt lat="-41.85865" lon="146.05297">
        <ele>1005.53</ele>
      </trkpt>
      <trkpt lat="-41.85866" lon="146.05304">
        <ele>1006.0</ele>
      </trkpt>
      <trkpt lat="-41.85868" lon="146.0531">
        <ele>1006.97</ele>
      </trkpt>
      <trkpt lat="-41.8587" lon="146.05316">
        <ele>1007.94</ele>
      </trkpt>
      <trkpt lat="-41.85872" lon="146.05321">
        <ele>1008.7</ele>
      </trkpt>
      <trkpt lat="-41.85875" lon="146.05327">
        <ele>1009.54</ele>
      </trkpt>
      <trkpt lat="-41.85877" lon="146.05333">
        <ele>1010.12</ele>
      </trkpt>
      <trkpt lat="-41.85878" lon="146.05335">
        <ele>1010.38</ele>
      </trkpt>
      <trkpt lat="-41.85877" lon="146.05336">
        <ele>1010.42</ele>
      </trkpt>
      <trkpt lat="-41.85879" lon="146.05339">
        <ele>1010.84</ele>
      </trkpt>
      <trkpt lat="-41.85882" lon="146.05352">
        <ele>1012.18</ele>
      </trkpt>
      <trkpt lat="-41.859" lon="146.05381">
        <ele>1018.29</ele>
      </trkpt>
      <trkpt lat="-41.85912" lon="146.05397">
        <ele>1022.75</ele>
      </trkpt>
      <trkpt lat="-41.85922" lon="146.05399">
        <ele>1026.13</ele>
      </trkpt>
      <trkpt lat="-41.85922" lon="146.05399">
        <ele>1026.13</ele>
      </trkpt>
      <trkpt lat="-41.85926" lon="146.054">
        <ele>1027.76</ele>
      </trkpt>
      <trkpt lat="-41.85939" lon="146.05412">
        <ele>1033.67</ele>
      </trkpt>
      <trkpt lat="-41.85946" lon="146.05413">
        <ele>1036.42</ele>
      </trkpt>
      <trkpt lat="-41.85959" lon="146.05427">
        <ele>1043.19</ele>
      </trkpt>
      <trkpt lat="-41.85979" lon="146.05454">
        <ele>1051.57</ele>
      </trkpt>
      <trkpt lat="-41.85986" lon="146.05468">
        <ele>1054.17</ele>
      </trkpt>
      <trkpt lat="-41.85986" lon="146.05468">
        <ele>1054.17</ele>
      </trkpt>
      <trkpt lat="-41.85992" lon="146.05482">
        <ele>1056.22</ele>
      </trkpt>
      <trkpt lat="-41.86" lon="146.0549">
        <ele>1057.64</ele>
      </trkpt>
      <trkpt lat="-41.86008" lon="146.05502">
        <ele>1059.04</ele>
      </trkpt>
      <trkpt lat="-41.86008" lon="146.05502">
        <ele>1059.04</ele>
      </trkpt>
      <trkpt lat="-41.86011" lon="146.05506">
        <ele>1059.66</ele>
      </trkpt>
      <trkpt lat="-41.86014" lon="146.05512">
        <ele>1060.37</ele>
      </trkpt>
      <trkpt lat="-41.86023" lon="146.05516">
        <ele>1061.26</ele>
      </trkpt>
      <trkpt lat="-41.86029" lon="146.05516">
        <ele>1061.81</ele>
      </trkpt>
      <trkpt lat="-41.86036" lon="146.05528">
        <ele>1063.47</ele>
      </trkpt>
      <trkpt lat="-41.86039" lon="146.05529">
        <ele>1063.96</ele>
      </trkpt>
      <trkpt lat="-41.8604" lon="146.05528">
        <ele>1064.19</ele>
      </trkpt>
      <trkpt lat="-41.86045" lon="146.05532">
        <ele>1064.85</ele>
      </trkpt>
      <trkpt lat="-41.86049" lon="146.05535">
        <ele>1065.36</ele>
      </trkpt>
      <trkpt lat="-41.86053" lon="146.05537">
        <ele>1065.91</ele>
      </trkpt>
      <trkpt lat="-41.86057" lon="146.0554">
        <ele>1066.57</ele>
      </trkpt>
      <trkpt lat="-41.86062" lon="146.05544">
        <ele>1067.78</ele>
      </trkpt>
      <trkpt lat="-41.86066" lon="146.05546">
        <ele>1068.83</ele>
      </trkpt>
      <trkpt lat="-41.86071" lon="146.0555">
        <ele>1069.96</ele>
      </trkpt>
      <trkpt lat="-41.86074" lon="146.05554">
        <ele>1070.46</ele>
      </trkpt>
      <trkpt lat="-41.86078" lon="146.05559">
        <ele>1071.14</ele>
      </trkpt>
      <trkpt lat="-41.8608" lon="146.05564">
        <ele>1071.2</ele>
      </trkpt>
      <trkpt lat="-41.86081" lon="146.05567">
        <ele>1071.16</ele>
      </trkpt>
      <trkpt lat="-41.86083" lon="146.05568">
        <ele>1071.57</ele>
      </trkpt>
      <trkpt lat="-41.86086" lon="146.05574">
        <ele>1072.22</ele>
      </trkpt>
      <trkpt lat="-41.86089" lon="146.05578">
        <ele>1073.19</ele>
      </trkpt>
      <trkpt lat="-41.86093" lon="146.05582">
        <ele>1074.65</ele>
      </trkpt>
      <trkpt lat="-41.86097" lon="146.05586">
        <ele>1076.44</ele>
      </trkpt>
      <trkpt lat="-41.86101" lon="146.05589">
        <ele>1078.34</ele>
      </trkpt>
      <trkpt lat="-41.86106" lon="146.05591">
        <ele>1080.66</ele>
      </trkpt>
      <trkpt lat="-41.8611" lon="146.05593">
        <ele>1082.49</ele>
      </trkpt>
      <trkpt lat="-41.86115" lon="146.05595">
        <ele>1084.24</ele>
      </trkpt>
      <trkpt lat="-41.86117" lon="146.05595">
        <ele>1084.87</ele>
      </trkpt>
      <trkpt lat="-41.86117" lon="146.05596">
        <ele>1084.89</ele>
      </trkpt>
      <trkpt lat="-41.8613" lon="146.05594">
        <ele>1088.96</ele>
      </trkpt>
      <trkpt lat="-41.86149" lon="146.056">
        <ele>1094.89</ele>
      </trkpt>
      <trkpt lat="-41.86152" lon="146.05606">
        <ele>1096.02</ele>
      </trkpt>
      <trkpt lat="-41.86152" lon="146.05606">
        <ele>1096.02</ele>
      </trkpt>
      <trkpt lat="-41.8617" lon="146.0562">
        <ele>1100.92</ele>
      </trkpt>
      <trkpt lat="-41.86175" lon="146.05632">
        <ele>1102.63</ele>
      </trkpt>
      <trkpt lat="-41.86187" lon="146.05654">
        <ele>1107.61</ele>
      </trkpt>
      <trkpt lat="-41.86197" lon="146.05681">
        <ele>1113.29</ele>
      </trkpt>
      <trkpt lat="-41.86197" lon="146.05681">
        <ele>1113.29</ele>
      </trkpt>
      <trkpt lat="-41.86206" lon="146.05688">
        <ele>1115.0</ele>
      </trkpt>
      <trkpt lat="-41.86213" lon="146.05699">
        <ele>1117.16</ele>
      </trkpt>
      <trkpt lat="-41.86224" lon="146.05709">
        <ele>1119.65</ele>
      </trkpt>
      <trkpt lat="-41.86239" lon="146.05719">
        <ele>1121.49</ele>
      </trkpt>
      <trkpt lat="-41.86239" lon="146.05719">
        <ele>1121.49</ele>
      </trkpt>
      <trkpt lat="-41.8626" lon="146.05744">
        <ele>1124.76</ele>
      </trkpt>
      <trkpt lat="-41.86261" lon="146.05744">
        <ele>1124.65</ele>
      </trkpt>
      <trkpt lat="-41.86266" lon="146.05745">
        <ele>1124.27</ele>
      </trkpt>
      <trkpt lat="-41.8627" lon="146.05748">
        <ele>1124.43</ele>
      </trkpt>
      <trkpt lat="-41.86274" lon="146.05752">
        <ele>1124.5</ele>
      </trkpt>
      <trkpt lat="-41.86278" lon="146.05754">
        <ele>1124.11</ele>
      </trkpt>
      <trkpt lat="-41.86283" lon="146.05754">
        <ele>1123.39</ele>
      </trkpt>
      <trkpt lat="-41.86287" lon="146.05755">
        <ele>1122.85</ele>
      </trkpt>
      <trkpt lat="-41.86291" lon="146.05757">
        <ele>1122.35</ele>
      </trkpt>
      <trkpt lat="-41.8629" lon="146.05757">
        <ele>1122.49</ele>
      </trkpt>
      <trkpt lat="-41.86297" lon="146.05763">
        <ele>1121.7</ele>
      </trkpt>
      <trkpt lat="-41.86323" lon="146.05782">
        <ele>1125.66</ele>
      </trkpt>
      <trkpt lat="-41.86346" lon="146.05791">
        <ele>1129.61</ele>
      </trkpt>
      <trkpt lat="-41.86346" lon="146.05791">
        <ele>1129.61</ele>
      </trkpt>
      <trkpt lat="-41.8636" lon="146.05797">
        <ele>1131.28</ele>
      </trkpt>
      <trkpt lat="-41.86377" lon="146.05804">
        <ele>1131.79</ele>
      </trkpt>
      <trkpt lat="-41.86387" lon="146.05806">
        <ele>1132.06</ele>
      </trkpt>
      <trkpt lat="-41.86395" lon="146.05807">
        <ele>1130.22</ele>
      </trkpt>
      <trkpt lat="-41.86398" lon="146.05808">
        <ele>1129.37</ele>
      </trkpt>
      <trkpt lat="-41.86398" lon="146.05808">
        <ele>1129.37</ele>
      </trkpt>
      <trkpt lat="-41.86405" lon="146.05812">
        <ele>1127.57</ele>
      </trkpt>
      <trkpt lat="-41.86411" lon="146.05813">
        <ele>1125.69</ele>
      </trkpt>
      <trkpt lat="-41.86417" lon="146.05813">
        <ele>1123.78</ele>
      </trkpt>
      <trkpt lat="-41.86421" lon="146.05815">
        <ele>1123.76</ele>
      </trkpt>
      <trkpt lat="-41.86426" lon="146.05817">
        <ele>1123.7</ele>
      </trkpt>
      <trkpt lat="-41.86434" lon="146.05821">
        <ele>1123.77</ele>
      </trkpt>
      <trkpt lat="-41.86442" lon="146.05826">
        <ele>1124.06</ele>
      </trkpt>
      <trkpt lat="-41.86451" lon="146.05833">
        <ele>1123.32</ele>
      </trkpt>
      <trkpt lat="-41.8646" lon="146.0584">
        <ele>1120.78</ele>
      </trkpt>
      <trkpt lat="-41.8646" lon="146.0584">
        <ele>1120.78</ele>
      </trkpt>
      <trkpt lat="-41.86478" lon="146.05853">
        <ele>1114.92</ele>
      </trkpt>
      <trkpt lat="-41.86487" lon="146.05856">
        <ele>1113.23</ele>
      </trkpt>
      <trkpt lat="-41.86501" lon="146.05857">
        <ele>1110.93</ele>
      </trkpt>
      <trkpt lat="-41.86525" lon="146.05872">
        <ele>1106.31</ele>
      </trkpt>
      <trkpt lat="-41.86544" lon="146.05889">
        <ele>1103.5</ele>
      </trkpt>
      <trkpt lat="-41.86567" lon="146.05906">
        <ele>1102.5</ele>
      </trkpt>
      <trkpt lat="-41.86596" lon="146.05931">
        <ele>1104.06</ele>
      </trkpt>
      <trkpt lat="-41.86632" lon="146.05954">
        <ele>1103.01</ele>
      </trkpt>
      <trkpt lat="-41.86643" lon="146.05957">
        <ele>1102.07</ele>
      </trkpt>
      <trkpt lat="-41.86651" lon="146.05956">
        <ele>1102.34</ele>
      </trkpt>
      <trkpt lat="-41.86655" lon="146.05959">
        <ele>1102.6</ele>
      </trkpt>
      <trkpt lat="-41.86655" lon="146.05959">
        <ele>1102.6</ele>
      </trkpt>
      <trkpt lat="-41.86667" lon="146.05968">
        <ele>1103.0</ele>
      </trkpt>
      <trkpt lat="-41.86695" lon="146.0599">
        <ele>1100.44</ele>
      </trkpt>
      <trkpt lat="-41.86721" lon="146.06015">
        <ele>1099.54</ele>
      </trkpt>
      <trkpt lat="-41.86734" lon="146.06033">
        <ele>1098.41</ele>
      </trkpt>
      <trkpt lat="-41.86771" lon="146.0607">
        <ele>1092.61</ele>
      </trkpt>
      <trkpt lat="-41.86799" lon="146.06084">
        <ele>1092.81</ele>
      </trkpt>
      <trkpt lat="-41.86821" lon="146.06103">
        <ele>1089.41</ele>
      </trkpt>
      <trkpt lat="-41.86829" lon="146.06113">
        <ele>1087.68</ele>
      </trkpt>
      <trkpt lat="-41.86832" lon="146.06119">
        <ele>1087.57</ele>
      </trkpt>
      <trkpt lat="-41.86834" lon="146.06127">
        <ele>1088.23</ele>
      </trkpt>
      <trkpt lat="-41.8684" lon="146.06136">
        <ele>1088.53</ele>
      </trkpt>
      <trkpt lat="-41.86857" lon="146.06152">
        <ele>1085.55</ele>
      </trkpt>
      <trkpt lat="-41.86866" lon="146.06165">
        <ele>1084.61</ele>
      </trkpt>
      <trkpt lat="-41.86869" lon="146.06174">
        <ele>1083.61</ele>
      </trkpt>
      <trkpt lat="-41.86881" lon="146.06183">
        <ele>1081.86</ele>
      </trkpt>
      <trkpt lat="-41.86902" lon="146.06213">
        <ele>1078.74</ele>
      </trkpt>
      <trkpt lat="-41.86931" lon="146.06237">
        <ele>1075.69</ele>
      </trkpt>
      <trkpt lat="-41.86939" lon="146.06242">
        <ele>1074.55</ele>
      </trkpt>
      <trkpt lat="-41.86947" lon="146.06242">
        <ele>1073.65</ele>
      </trkpt>
      <trkpt lat="-41.86971" lon="146.06256">
        <ele>1073.5</ele>
      </trkpt>
      <trkpt lat="-41.86991" lon="146.06275">
        <ele>1067.16</ele>
      </trkpt>
      <trkpt lat="-41.86998" lon="146.06287">
        <ele>1066.07</ele>
      </trkpt>
      <trkpt lat="-41.86998" lon="146.06287">
        <ele>1066.07</ele>
      </trkpt>
      <trkpt lat="-41.87008" lon="146.06294">
        <ele>1063.87</ele>
      </trkpt>
      <trkpt lat="-41.87015" lon="146.063">
        <ele>1062.34</ele>
      </trkpt>
      <trkpt lat="-41.87023" lon="146.06303">
        <ele>1059.57</ele>
      </trkpt>
      <trkpt lat="-41.8703" lon="146.06305">
        <ele>1057.66</ele>
      </trkpt>
      <trkpt lat="-41.87042" lon="146.06304">
        <ele>1056.21</ele>
      </trkpt>
      <trkpt lat="-41.8705" lon="146.06312">
        <ele>1055.83</ele>
      </trkpt>
      <trkpt lat="-41.87056" lon="146.06315">
        <ele>1054.97</ele>
      </trkpt>
      <trkpt lat="-41.87073" lon="146.06323">
        <ele>1051.52</ele>
      </trkpt>
      <trkpt lat="-41.87075" lon="146.06324">
        <ele>1050.82</ele>
      </trkpt>
      <trkpt lat="-41.87102" lon="146.06328">
        <ele>1042.08</ele>
      </trkpt>
      <trkpt lat="-41.87115" lon="146.06341">
        <ele>1038.1</ele>
      </trkpt>
      <trkpt lat="-41.8713" lon="146.06336">
        <ele>1038.61</ele>
      </trkpt>
      <trkpt lat="-41.87161" lon="146.0634">
        <ele>1041.18</ele>
      </trkpt>
      <trkpt lat="-41.8718" lon="146.06342">
        <ele>1040.27</ele>
      </trkpt>
      <trkpt lat="-41.87187" lon="146.06347">
        <ele>1039.41</ele>
      </trkpt>
      <trkpt lat="-41.87205" lon="146.06347">
        <ele>1037.3</ele>
      </trkpt>
      <trkpt lat="-41.87205" lon="146.06346">
        <ele>1037.34</ele>
      </trkpt>
      <trkpt lat="-41.87217" lon="146.06354">
        <ele>1034.75</ele>
      </trkpt>
      <trkpt lat="-41.87224" lon="146.06353">
        <ele>1033.37</ele>
      </trkpt>
      <trkpt lat="-41.87231" lon="146.06353">
        <ele>1031.39</ele>
      </trkpt>
      <trkpt lat="-41.87238" lon="146.06355">
        <ele>1029.31</ele>
      </trkpt>
      <trkpt lat="-41.87249" lon="146.06367">
        <ele>1026.45</ele>
      </trkpt>
      <trkpt lat="-41.87262" lon="146.06374">
        <ele>1024.77</ele>
      </trkpt>
      <trkpt lat="-41.87272" lon="146.06376">
        <ele>1023.31</ele>
      </trkpt>
      <trkpt lat="-41.87275" lon="146.06375">
        <ele>1022.9</ele>
      </trkpt>
      <trkpt lat="-41.87276" lon="146.06373">
        <ele>1022.82</ele>
      </trkpt>
      <trkpt lat="-41.8728" lon="146.0637">
        <ele>1022.63</ele>
      </trkpt>
      <trkpt lat="-41.87284" lon="146.06368">
        <ele>1022.64</ele>
      </trkpt>
      <trkpt lat="-41.87289" lon="146.06368">
        <ele>1022.55</ele>
      </trkpt>
      <trkpt lat="-41.87293" lon="146.06371">
        <ele>1022.25</ele>
      </trkpt>
      <trkpt lat="-41.87295" lon="146.06377">
        <ele>1021.72</ele>
      </trkpt>
      <trkpt lat="-41.87295" lon="146.06383">
        <ele>1021.23</ele>
      </trkpt>
      <trkpt lat="-41.87297" lon="146.06389">
        <ele>1020.61</ele>
      </trkpt>
      <trkpt lat="-41.87299" lon="146.06392">
        <ele>1020.36</ele>
      </trkpt>
      <trkpt lat="-41.87305" lon="146.0641">
        <ele>1019.28</ele>
      </trkpt>
      <trkpt lat="-41.87305" lon="146.06411">
        <ele>1019.24</ele>
      </trkpt>
      <trkpt lat="-41.87306" lon="146.06416">
        <ele>1019.1</ele>
      </trkpt>
      <trkpt lat="-41.87315" lon="146.06434">
        <ele>1019.66</ele>
      </trkpt>
      <trkpt lat="-41.87317" lon="146.06441">
        <ele>1019.67</ele>
      </trkpt>
      <trkpt lat="-41.87317" lon="146.06447">
        <ele>1019.4</ele>
      </trkpt>
      <trkpt lat="-41.8732" lon="146.06463">
        <ele>1019.43</ele>
      </trkpt>
      <trkpt lat="-41.87323" lon="146.06467">
        <ele>1019.75</ele>
      </trkpt>
      <trkpt lat="-41.87323" lon="146.06467">
        <ele>1019.75</ele>
      </trkpt>
      <trkpt lat="-41.87333" lon="146.06482">
        <ele>1018.51</ele>
      </trkpt>
      <trkpt lat="-41.87347" lon="146.06501">
        <ele>1017.83</ele>
      </trkpt>
      <trkpt lat="-41.87352" lon="146.06515">
        <ele>1017.57</ele>
      </trkpt>
      <trkpt lat="-41.87357" lon="146.06523">
        <ele>1017.75</ele>
      </trkpt>
      <trkpt lat="-41.87361" lon="146.06527">
        <ele>1018.09</ele>
      </trkpt>
      <trkpt lat="-41.87361" lon="146.06527">
        <ele>1018.09</ele>
      </trkpt>
      <trkpt lat="-41.87363" lon="146.06528">
        <ele>1017.98</ele>
      </trkpt>
      <trkpt lat="-41.87374" lon="146.06537">
        <ele>1017.31</ele>
      </trkpt>
      <trkpt lat="-41.87382" lon="146.06548">
        <ele>1016.91</ele>
      </trkpt>
      <trkpt lat="-41.87385" lon="146.06561">
        <ele>1016.3</ele>
      </trkpt>
      <trkpt lat="-41.8739" lon="146.06571">
        <ele>1015.94</ele>
      </trkpt>
      <trkpt lat="-41.87397" lon="146.06582">
        <ele>1016.18</ele>
      </trkpt>
      <trkpt lat="-41.87399" lon="146.06586">
        <ele>1016.25</ele>
      </trkpt>
      <trkpt lat="-41.87402" lon="146.0659">
        <ele>1016.49</ele>
      </trkpt>
      <trkpt lat="-41.87402" lon="146.0659">
        <ele>1016.49</ele>
      </trkpt>
      <trkpt lat="-41.87407" lon="146.06602">
        <ele>1017.11</ele>
      </trkpt>
      <trkpt lat="-41.87431" lon="146.06626">
        <ele>1017.42</ele>
      </trkpt>
      <trkpt lat="-41.87431" lon="146.06626">
        <ele>1017.42</ele>
      </trkpt>
      <trkpt lat="-41.87434" lon="146.06631">
        <ele>1016.97</ele>
      </trkpt>
      <trkpt lat="-41.87437" lon="146.06636">
        <ele>1016.59</ele>
      </trkpt>
      <trkpt lat="-41.8744" lon="146.06641">
        <ele>1016.21</ele>
      </trkpt>
      <trkpt lat="-41.87443" lon="146.06644">
        <ele>1015.89</ele>
      </trkpt>
      <trkpt lat="-41.87447" lon="146.06647">
        <ele>1015.55</ele>
      </trkpt>
      <trkpt lat="-41.87447" lon="146.06647">
        <ele>1015.55</ele>
      </trkpt>
      <trkpt lat="-41.87452" lon="146.06652">
        <ele>1015.11</ele>
      </trkpt>
      <trkpt lat="-41.87455" lon="146.06657">
        <ele>1014.84</ele>
      </trkpt>
      <trkpt lat="-41.87458" lon="146.06661">
        <ele>1014.62</ele>
      </trkpt>
      <trkpt lat="-41.87462" lon="146.06665">
        <ele>1014.39</ele>
      </trkpt>
      <trkpt lat="-41.87466" lon="146.06669">
        <ele>1014.1</ele>
      </trkpt>
      <trkpt lat="-41.87469" lon="146.06673">
        <ele>1013.84</ele>
      </trkpt>
      <trkpt lat="-41.87472" lon="146.06678">
        <ele>1013.59</ele>
      </trkpt>
      <trkpt lat="-41.87475" lon="146.0668">
        <ele>1013.72</ele>
      </trkpt>
      <trkpt lat="-41.87475" lon="146.06682">
        <ele>1013.65</ele>
      </trkpt>
      <trkpt lat="-41.87479" lon="146.06687">
        <ele>1013.76</ele>
      </trkpt>
      <trkpt lat="-41.87482" lon="146.06693">
        <ele>1013.76</ele>
      </trkpt>
      <trkpt lat="-41.87484" lon="146.067">
        <ele>1013.45</ele>
      </trkpt>
      <trkpt lat="-41.87486" lon="146.06706">
        <ele>1013.16</ele>
      </trkpt>
      <trkpt lat="-41.87487" lon="146.06712">
        <ele>1012.8</ele>
      </trkpt>
      <trkpt lat="-41.87488" lon="146.06718">
        <ele>1012.44</ele>
      </trkpt>
      <trkpt lat="-41.87488" lon="146.06725">
        <ele>1012.15</ele>
      </trkpt>
      <trkpt lat="-41.87489" lon="146.06731">
        <ele>1012.27</ele>
      </trkpt>
      <trkpt lat="-41.87491" lon="146.06736">
        <ele>1012.53</ele>
      </trkpt>
      <trkpt lat="-41.87493" lon="146.0674">
        <ele>1012.81</ele>
      </trkpt>
      <trkpt lat="-41.87493" lon="146.0674">
        <ele>1012.81</ele>
      </trkpt>
      <trkpt lat="-41.87496" lon="146.06744">
        <ele>1013.27</ele>
      </trkpt>
      <trkpt lat="-41.87506" lon="146.0676">
        <ele>1016.09</ele>
      </trkpt>
      <trkpt lat="-41.87512" lon="146.06767">
        <ele>1018.07</ele>
      </trkpt>
      <trkpt lat="-41.87512" lon="146.06767">
        <ele>1018.07</ele>
      </trkpt>
      <trkpt lat="-41.87521" lon="146.06776">
        <ele>1020.98</ele>
      </trkpt>
      <trkpt lat="-41.87539" lon="146.06813">
        <ele>1023.94</ele>
      </trkpt>
      <trkpt lat="-41.87541" lon="146.06817">
        <ele>1024.3</ele>
      </trkpt>
      <trkpt lat="-41.87541" lon="146.06818">
        <ele>1024.37</ele>
      </trkpt>
      <trkpt lat="-41.87544" lon="146.06824">
        <ele>1024.91</ele>
      </trkpt>
      <trkpt lat="-41.87547" lon="146.06829">
        <ele>1025.38</ele>
      </trkpt>
      <trkpt lat="-41.87549" lon="146.06834">
        <ele>1025.79</ele>
      </trkpt>
      <trkpt lat="-41.87551" lon="146.0684">
        <ele>1026.12</ele>
      </trkpt>
      <trkpt lat="-41.87553" lon="146.06846">
        <ele>1026.41</ele>
      </trkpt>
      <trkpt lat="-41.87555" lon="146.06853">
        <ele>1026.7</ele>
      </trkpt>
      <trkpt lat="-41.87556" lon="146.06859">
        <ele>1026.94</ele>
      </trkpt>
      <trkpt lat="-41.87558" lon="146.06864">
        <ele>1027.49</ele>
      </trkpt>
      <trkpt lat="-41.87561" lon="146.0687">
        <ele>1028.41</ele>
      </trkpt>
      <trkpt lat="-41.87561" lon="146.0687">
        <ele>1028.41</ele>
      </trkpt>
      <trkpt lat="-41.87561" lon="146.06871">
        <ele>1028.55</ele>
      </trkpt>
      <trkpt lat="-41.87567" lon="146.06885">
        <ele>1030.5</ele>
      </trkpt>
      <trkpt lat="-41.87584" lon="146.06922">
        <ele>1032.88</ele>
      </trkpt>
      <trkpt lat="-41.87584" lon="146.06922">
        <ele>1032.88</ele>
      </trkpt>
      <trkpt lat="-41.87593" lon="146.06936">
        <ele>1031.26</ele>
      </trkpt>
      <trkpt lat="-41.87599" lon="146.06945">
        <ele>1030.15</ele>
      </trkpt>
      <trkpt lat="-41.876" lon="146.06949">
        <ele>1029.7</ele>
      </trkpt>
      <trkpt lat="-41.87603" lon="146.06954">
        <ele>1028.73</ele>
      </trkpt>
      <trkpt lat="-41.87606" lon="146.06959">
        <ele>1027.64</ele>
      </trkpt>
      <trkpt lat="-41.87609" lon="146.06964">
        <ele>1026.43</ele>
      </trkpt>
      <trkpt lat="-41.87612" lon="146.06968">
        <ele>1025.42</ele>
      </trkpt>
      <trkpt lat="-41.87615" lon="146.06974">
        <ele>1024.92</ele>
      </trkpt>
      <trkpt lat="-41.87617" lon="146.06979">
        <ele>1024.98</ele>
      </trkpt>
      <trkpt lat="-41.8762" lon="146.06984">
        <ele>1024.97</ele>
      </trkpt>
      <trkpt lat="-41.87622" lon="146.06989">
        <ele>1024.98</ele>
      </trkpt>
      <trkpt lat="-41.87622" lon="146.0699">
        <ele>1025.0</ele>
      </trkpt>
      <trkpt lat="-41.87626" lon="146.06993">
        <ele>1024.81</ele>
      </trkpt>
      <trkpt lat="-41.87629" lon="146.06998">
        <ele>1024.69</ele>
      </trkpt>
      <trkpt lat="-41.87633" lon="146.07002">
        <ele>1024.47</ele>
      </trkpt>
      <trkpt lat="-41.87636" lon="146.07006">
        <ele>1024.38</ele>
      </trkpt>
      <trkpt lat="-41.87638" lon="146.07008">
        <ele>1024.33</ele>
      </trkpt>
      <trkpt lat="-41.87638" lon="146.07009">
        <ele>1024.37</ele>
      </trkpt>
      <trkpt lat="-41.87642" lon="146.07013">
        <ele>1024.61</ele>
      </trkpt>
      <trkpt lat="-41.87645" lon="146.07017">
        <ele>1025.11</ele>
      </trkpt>
      <trkpt lat="-41.87649" lon="146.0702">
        <ele>1025.83</ele>
      </trkpt>
      <trkpt lat="-41.87654" lon="146.07022">
        <ele>1026.72</ele>
      </trkpt>
      <trkpt lat="-41.87658" lon="146.07025">
        <ele>1027.86</ele>
      </trkpt>
      <trkpt lat="-41.87662" lon="146.07029">
        <ele>1029.0</ele>
      </trkpt>
      <trkpt lat="-41.87666" lon="146.07031">
        <ele>1029.42</ele>
      </trkpt>
      <trkpt lat="-41.87672" lon="146.07035">
        <ele>1030.16</ele>
      </trkpt>
      <trkpt lat="-41.87672" lon="146.07035">
        <ele>1030.16</ele>
      </trkpt>
      <trkpt lat="-41.87691" lon="146.07049">
        <ele>1032.87</ele>
      </trkpt>
      <trkpt lat="-41.877" lon="146.07055">
        <ele>1032.26</ele>
      </trkpt>
      <trkpt lat="-41.87699" lon="146.07056">
        <ele>1032.24</ele>
      </trkpt>
      <trkpt lat="-41.87703" lon="146.07062">
        <ele>1030.43</ele>
      </trkpt>
      <trkpt lat="-41.87705" lon="146.07067">
        <ele>1029.22</ele>
      </trkpt>
      <trkpt lat="-41.87709" lon="146.07071">
        <ele>1028.18</ele>
      </trkpt>
      <trkpt lat="-41.87713" lon="146.07074">
        <ele>1027.45</ele>
      </trkpt>
      <trkpt lat="-41.87717" lon="146.07077">
        <ele>1026.86</ele>
      </trkpt>
      <trkpt lat="-41.87721" lon="146.07079">
        <ele>1026.5</ele>
      </trkpt>
      <trkpt lat="-41.87724" lon="146.07085">
        <ele>1025.38</ele>
      </trkpt>
      <trkpt lat="-41.87727" lon="146.07089">
        <ele>1024.15</ele>
      </trkpt>
      <trkpt lat="-41.87727" lon="146.07089">
        <ele>1024.15</ele>
      </trkpt>
      <trkpt lat="-41.87728" lon="146.07091">
        <ele>1023.65</ele>
      </trkpt>
      <trkpt lat="-41.87732" lon="146.07095">
        <ele>1022.21</ele>
      </trkpt>
      <trkpt lat="-41.87734" lon="146.07101">
        <ele>1020.91</ele>
      </trkpt>
      <trkpt lat="-41.87734" lon="146.07108">
        <ele>1019.9</ele>
      </trkpt>
      <trkpt lat="-41.87735" lon="146.07114">
        <ele>1018.87</ele>
      </trkpt>
      <trkpt lat="-41.87738" lon="146.07119">
        <ele>1017.62</ele>
      </trkpt>
      <trkpt lat="-41.87741" lon="146.07123">
        <ele>1016.52</ele>
      </trkpt>
      <trkpt lat="-41.87742" lon="146.07124">
        <ele>1016.2</ele>
      </trkpt>
      <trkpt lat="-41.87742" lon="146.07125">
        <ele>1016.08</ele>
      </trkpt>
      <trkpt lat="-41.87747" lon="146.07128">
        <ele>1014.76</ele>
      </trkpt>
      <trkpt lat="-41.87749" lon="146.07133">
        <ele>1013.82</ele>
      </trkpt>
      <trkpt lat="-41.87752" lon="146.07138">
        <ele>1012.88</ele>
      </trkpt>
      <trkpt lat="-41.87756" lon="146.07142">
        <ele>1011.88</ele>
      </trkpt>
      <trkpt lat="-41.87759" lon="146.07146">
        <ele>1010.92</ele>
      </trkpt>
      <trkpt lat="-41.87762" lon="146.07152">
        <ele>1009.61</ele>
      </trkpt>
      <trkpt lat="-41.87764" lon="146.07157">
        <ele>1008.55</ele>
      </trkpt>
      <trkpt lat="-41.87766" lon="146.07163">
        <ele>1007.3</ele>
      </trkpt>
      <trkpt lat="-41.87768" lon="146.07169">
        <ele>1006.04</ele>
      </trkpt>
      <trkpt lat="-41.8777" lon="146.07174">
        <ele>1004.99</ele>
      </trkpt>
      <trkpt lat="-41.87772" lon="146.07179">
        <ele>1003.96</ele>
      </trkpt>
      <trkpt lat="-41.87774" lon="146.07182">
        <ele>1003.26</ele>
      </trkpt>
      <trkpt lat="-41.87775" lon="146.07183">
        <ele>1002.99</ele>
      </trkpt>
      <trkpt lat="-41.87779" lon="146.07188">
        <ele>1001.87</ele>
      </trkpt>
      <trkpt lat="-41.87783" lon="146.07192">
        <ele>1001.03</ele>
      </trkpt>
      <trkpt lat="-41.87786" lon="146.07196">
        <ele>1000.21</ele>
      </trkpt>
      <trkpt lat="-41.8779" lon="146.07201">
        <ele>999.2</ele>
      </trkpt>
      <trkpt lat="-41.87793" lon="146.07204">
        <ele>998.49</ele>
      </trkpt>
      <trkpt lat="-41.87797" lon="146.07208">
        <ele>997.48</ele>
      </trkpt>
      <trkpt lat="-41.87799" lon="146.07214">
        <ele>996.28</ele>
      </trkpt>
      <trkpt lat="-41.87801" lon="146.07219">
        <ele>995.2</ele>
      </trkpt>
      <trkpt lat="-41.87803" lon="146.07223">
        <ele>994.26</ele>
      </trkpt>
      <trkpt lat="-41.87803" lon="146.07223">
        <ele>994.26</ele>
      </trkpt>
      <trkpt lat="-41.87806" lon="146.07229">
        <ele>993.06</ele>
      </trkpt>
      <trkpt lat="-41.87808" lon="146.07234">
        <ele>992.42</ele>
      </trkpt>
      <trkpt lat="-41.87812" lon="146.07238">
        <ele>991.9</ele>
      </trkpt>
      <trkpt lat="-41.87815" lon="146.07242">
        <ele>991.2</ele>
      </trkpt>
      <trkpt lat="-41.87819" lon="146.07247">
        <ele>990.16</ele>
      </trkpt>
      <trkpt lat="-41.87821" lon="146.07252">
        <ele>989.22</ele>
      </trkpt>
      <trkpt lat="-41.87823" lon="146.07258">
        <ele>988.43</ele>
      </trkpt>
      <trkpt lat="-41.87827" lon="146.07262">
        <ele>987.7</ele>
      </trkpt>
      <trkpt lat="-41.87829" lon="146.07267">
        <ele>986.9</ele>
      </trkpt>
      <trkpt lat="-41.8783" lon="146.07272">
        <ele>986.14</ele>
      </trkpt>
      <trkpt lat="-41.8783" lon="146.07272">
        <ele>986.14</ele>
      </trkpt>
      <trkpt lat="-41.87834" lon="146.07276">
        <ele>985.16</ele>
      </trkpt>
      <trkpt lat="-41.87837" lon="146.0728">
        <ele>984.25</ele>
      </trkpt>
      <trkpt lat="-41.8784" lon="146.07285">
        <ele>983.38</ele>
      </trkpt>
      <trkpt lat="-41.87843" lon="146.0729">
        <ele>982.59</ele>
      </trkpt>
      <trkpt lat="-41.87845" lon="146.07295">
        <ele>981.98</ele>
      </trkpt>
      <trkpt lat="-41.87849" lon="146.07299">
        <ele>981.31</ele>
      </trkpt>
      <trkpt lat="-41.87851" lon="146.07305">
        <ele>980.76</ele>
      </trkpt>
      <trkpt lat="-41.87854" lon="146.0731">
        <ele>980.03</ele>
      </trkpt>
      <trkpt lat="-41.87858" lon="146.07314">
        <ele>979.31</ele>
      </trkpt>
      <trkpt lat="-41.87861" lon="146.07318">
        <ele>978.66</ele>
      </trkpt>
      <trkpt lat="-41.87861" lon="146.07321">
        <ele>978.34</ele>
      </trkpt>
      <trkpt lat="-41.87863" lon="146.07326">
        <ele>977.71</ele>
      </trkpt>
      <trkpt lat="-41.87865" lon="146.07331">
        <ele>977.1</ele>
      </trkpt>
      <trkpt lat="-41.87868" lon="146.07336">
        <ele>976.46</ele>
      </trkpt>
      <trkpt lat="-41.87872" lon="146.0734">
        <ele>975.89</ele>
      </trkpt>
      <trkpt lat="-41.87875" lon="146.07345">
        <ele>975.24</ele>
      </trkpt>
      <trkpt lat="-41.87877" lon="146.0735">
        <ele>974.63</ele>
      </trkpt>
      <trkpt lat="-41.8788" lon="146.07355">
        <ele>973.98</ele>
      </trkpt>
      <trkpt lat="-41.87883" lon="146.0736">
        <ele>973.33</ele>
      </trkpt>
      <trkpt lat="-41.87883" lon="146.07361">
        <ele>973.22</ele>
      </trkpt>
      <trkpt lat="-41.87901" lon="146.07392">
        <ele>964.31</ele>
      </trkpt>
      <trkpt lat="-41.87902" lon="146.07395">
        <ele>963.82</ele>
      </trkpt>
      <trkpt lat="-41.87904" lon="146.07401">
        <ele>962.82</ele>
      </trkpt>
      <trkpt lat="-41.87907" lon="146.07405">
        <ele>961.93</ele>
      </trkpt>
      <trkpt lat="-41.8791" lon="146.0741">
        <ele>960.86</ele>
      </trkpt>
      <trkpt lat="-41.87913" lon="146.07414">
        <ele>959.9</ele>
      </trkpt>
      <trkpt lat="-41.87916" lon="146.07419">
        <ele>958.85</ele>
      </trkpt>
      <trkpt lat="-41.87918" lon="146.07426">
        <ele>957.75</ele>
      </trkpt>
      <trkpt lat="-41.87919" lon="146.07432">
        <ele>956.92</ele>
      </trkpt>
      <trkpt lat="-41.87919" lon="146.07438">
        <ele>956.28</ele>
      </trkpt>
      <trkpt lat="-41.87919" lon="146.07444">
        <ele>955.63</ele>
      </trkpt>
      <trkpt lat="-41.87919" lon="146.07448">
        <ele>955.33</ele>
      </trkpt>
      <trkpt lat="-41.8792" lon="146.07449">
        <ele>955.09</ele>
      </trkpt>
      <trkpt lat="-41.87923" lon="146.07455">
        <ele>954.19</ele>
      </trkpt>
      <trkpt lat="-41.87925" lon="146.0746">
        <ele>953.55</ele>
      </trkpt>
      <trkpt lat="-41.87928" lon="146.07465">
        <ele>952.78</ele>
      </trkpt>
      <trkpt lat="-41.87931" lon="146.07471">
        <ele>952.0</ele>
      </trkpt>
      <trkpt lat="-41.87932" lon="146.07473">
        <ele>951.78</ele>
      </trkpt>
      <trkpt lat="-41.87933" lon="146.07474">
        <ele>951.61</ele>
      </trkpt>
      <trkpt lat="-41.87936" lon="146.07478">
        <ele>951.07</ele>
      </trkpt>
      <trkpt lat="-41.8794" lon="146.07483">
        <ele>950.31</ele>
      </trkpt>
      <trkpt lat="-41.87943" lon="146.07488">
        <ele>949.67</ele>
      </trkpt>
      <trkpt lat="-41.87946" lon="146.07493">
        <ele>949.31</ele>
      </trkpt>
      <trkpt lat="-41.87948" lon="146.07498">
        <ele>949.2</ele>
      </trkpt>
      <trkpt lat="-41.87951" lon="146.07503">
        <ele>948.78</ele>
      </trkpt>
      <trkpt lat="-41.87953" lon="146.07508">
        <ele>948.07</ele>
      </trkpt>
      <trkpt lat="-41.87955" lon="146.07514">
        <ele>947.17</ele>
      </trkpt>
      <trkpt lat="-41.87959" lon="146.07518">
        <ele>946.59</ele>
      </trkpt>
      <trkpt lat="-41.87962" lon="146.07522">
        <ele>945.96</ele>
      </trkpt>
      <trkpt lat="-41.87961" lon="146.07523">
        <ele>945.79</ele>
      </trkpt>
      <trkpt lat="-41.87963" lon="146.07529">
        <ele>944.87</ele>
      </trkpt>
      <trkpt lat="-41.87966" lon="146.07534">
        <ele>944.33</ele>
      </trkpt>
      <trkpt lat="-41.8797" lon="146.07537">
        <ele>944.0</ele>
      </trkpt>
      <trkpt lat="-41.87975" lon="146.07539">
        <ele>943.81</ele>
      </trkpt>
      <trkpt lat="-41.87979" lon="146.07538">
        <ele>943.96</ele>
      </trkpt>
      <trkpt lat="-41.87984" lon="146.07538">
        <ele>944.01</ele>
      </trkpt>
      <trkpt lat="-41.87988" lon="146.07538">
        <ele>944.05</ele>
      </trkpt>
      <trkpt lat="-41.87992" lon="146.07541">
        <ele>943.61</ele>
      </trkpt>
      <trkpt lat="-41.87995" lon="146.07545">
        <ele>942.94</ele>
      </trkpt>
      <trkpt lat="-41.87996" lon="146.07546">
        <ele>942.76</ele>
      </trkpt>
      <trkpt lat="-41.88" lon="146.07549">
        <ele>942.18</ele>
      </trkpt>
      <trkpt lat="-41.88" lon="146.07549">
        <ele>942.18</ele>
      </trkpt>
      <trkpt lat="-41.88005" lon="146.07555">
        <ele>940.56</ele>
      </trkpt>
      <trkpt lat="-41.88018" lon="146.07559">
        <ele>938.8</ele>
      </trkpt>
      <trkpt lat="-41.88021" lon="146.07561">
        <ele>938.39</ele>
      </trkpt>
      <trkpt lat="-41.88021" lon="146.07561">
        <ele>938.39</ele>
      </trkpt>
      <trkpt lat="-41.88025" lon="146.07565">
        <ele>937.86</ele>
      </trkpt>
      <trkpt lat="-41.8804" lon="146.07578">
        <ele>936.04</ele>
      </trkpt>
      <trkpt lat="-41.88051" lon="146.07584">
        <ele>934.47</ele>
      </trkpt>
      <trkpt lat="-41.88063" lon="146.07597">
        <ele>932.57</ele>
      </trkpt>
      <trkpt lat="-41.88074" lon="146.07632">
        <ele>929.59</ele>
      </trkpt>
      <trkpt lat="-41.88077" lon="146.07636">
        <ele>929.02</ele>
      </trkpt>
      <trkpt lat="-41.88077" lon="146.07636">
        <ele>929.02</ele>
      </trkpt>
      <trkpt lat="-41.88084" lon="146.07646">
        <ele>928.1</ele>
      </trkpt>
      <trkpt lat="-41.88091" lon="146.07661">
        <ele>927.3</ele>
      </trkpt>
      <trkpt lat="-41.8809" lon="146.07668">
        <ele>927.92</ele>
      </trkpt>
      <trkpt lat="-41.88092" lon="146.07678">
        <ele>928.61</ele>
      </trkpt>
      <trkpt lat="-41.88094" lon="146.0768">
        <ele>928.67</ele>
      </trkpt>
      <trkpt lat="-41.88094" lon="146.0768">
        <ele>928.67</ele>
      </trkpt>
      <trkpt lat="-41.88101" lon="146.07689">
        <ele>929.69</ele>
      </trkpt>
      <trkpt lat="-41.88109" lon="146.07697">
        <ele>931.11</ele>
      </trkpt>
      <trkpt lat="-41.88132" lon="146.07717">
        <ele>929.62</ele>
      </trkpt>
      <trkpt lat="-41.8814" lon="146.07718">
        <ele>928.55</ele>
      </trkpt>
      <trkpt lat="-41.88162" lon="146.07745">
        <ele>925.95</ele>
      </trkpt>
      <trkpt lat="-41.88167" lon="146.07755">
        <ele>924.77</ele>
      </trkpt>
      <trkpt lat="-41.88171" lon="146.07762">
        <ele>923.94</ele>
      </trkpt>
      <trkpt lat="-41.88173" lon="146.07764">
        <ele>923.58</ele>
      </trkpt>
      <trkpt lat="-41.88173" lon="146.07764">
        <ele>923.58</ele>
      </trkpt>
      <trkpt lat="-41.88175" lon="146.07769">
        <ele>923.12</ele>
      </trkpt>
      <trkpt lat="-41.88177" lon="146.07778">
        <ele>922.52</ele>
      </trkpt>
      <trkpt lat="-41.88176" lon="146.07796">
        <ele>922.88</ele>
      </trkpt>
      <trkpt lat="-41.88178" lon="146.07806">
        <ele>922.97</ele>
      </trkpt>
      <trkpt lat="-41.88185" lon="146.07818">
        <ele>922.1</ele>
      </trkpt>
      <trkpt lat="-41.88188" lon="146.07827">
        <ele>921.46</ele>
      </trkpt>
      <trkpt lat="-41.88191" lon="146.07834">
        <ele>921.04</ele>
      </trkpt>
      <trkpt lat="-41.88191" lon="146.07836">
        <ele>921.14</ele>
      </trkpt>
      <trkpt lat="-41.88195" lon="146.07838">
        <ele>921.13</ele>
      </trkpt>
      <trkpt lat="-41.88199" lon="146.07842">
        <ele>920.98</ele>
      </trkpt>
      <trkpt lat="-41.88203" lon="146.07845">
        <ele>920.8</ele>
      </trkpt>
      <trkpt lat="-41.88207" lon="146.07847">
        <ele>920.59</ele>
      </trkpt>
      <trkpt lat="-41.88212" lon="146.07849">
        <ele>920.3</ele>
      </trkpt>
      <trkpt lat="-41.88217" lon="146.07851">
        <ele>920.01</ele>
      </trkpt>
      <trkpt lat="-41.88221" lon="146.07852">
        <ele>919.76</ele>
      </trkpt>
      <trkpt lat="-41.88225" lon="146.07853">
        <ele>919.3</ele>
      </trkpt>
      <trkpt lat="-41.88225" lon="146.07854">
        <ele>919.32</ele>
      </trkpt>
      <trkpt lat="-41.8824" lon="146.07857">
        <ele>916.94</ele>
      </trkpt>
      <trkpt lat="-41.8825" lon="146.07863">
        <ele>914.8</ele>
      </trkpt>
      <trkpt lat="-41.8825" lon="146.07863">
        <ele>914.8</ele>
      </trkpt>
      <trkpt lat="-41.88263" lon="146.0787">
        <ele>912.79</ele>
      </trkpt>
      <trkpt lat="-41.8828" lon="146.07877">
        <ele>910.72</ele>
      </trkpt>
      <trkpt lat="-41.8828" lon="146.07877">
        <ele>910.72</ele>
      </trkpt>
      <trkpt lat="-41.88285" lon="146.07879">
        <ele>910.21</ele>
      </trkpt>
      <trkpt lat="-41.88297" lon="146.07884">
        <ele>908.64</ele>
      </trkpt>
      <trkpt lat="-41.883" lon="146.07885">
        <ele>908.22</ele>
      </trkpt>
      <trkpt lat="-41.883" lon="146.07885">
        <ele>908.22</ele>
      </trkpt>
      <trkpt lat="-41.88317" lon="146.0789">
        <ele>907.83</ele>
      </trkpt>
      <trkpt lat="-41.88334" lon="146.07898">
        <ele>908.63</ele>
      </trkpt>
      <trkpt lat="-41.88344" lon="146.07899">
        <ele>907.97</ele>
      </trkpt>
      <trkpt lat="-41.88359" lon="146.07897">
        <ele>907.24</ele>
      </trkpt>
      <trkpt lat="-41.88375" lon="146.07888">
        <ele>905.61</ele>
      </trkpt>
      <trkpt lat="-41.88386" lon="146.0789">
        <ele>903.4</ele>
      </trkpt>
      <trkpt lat="-41.88412" lon="146.07895">
        <ele>900.68</ele>
      </trkpt>
      <trkpt lat="-41.88417" lon="146.07895">
        <ele>900.3</ele>
      </trkpt>
      <trkpt lat="-41.88429" lon="146.07877">
        <ele>901.0</ele>
      </trkpt>
      <trkpt lat="-41.88438" lon="146.07875">
        <ele>899.93</ele>
      </trkpt>
      <trkpt lat="-41.88444" lon="146.07879">
        <ele>898.77</ele>
      </trkpt>
      <trkpt lat="-41.88452" lon="146.07876">
        <ele>897.66</ele>
      </trkpt>
      <trkpt lat="-41.88463" lon="146.07876">
        <ele>895.8</ele>
      </trkpt>
      <trkpt lat="-41.88474" lon="146.07867">
        <ele>896.21</ele>
      </trkpt>
      <trkpt lat="-41.8848" lon="146.07867">
        <ele>895.18</ele>
      </trkpt>
      <trkpt lat="-41.8848" lon="146.07868">
        <ele>894.93</ele>
      </trkpt>
      <trkpt lat="-41.8849" lon="146.07868">
        <ele>893.22</ele>
      </trkpt>
      <trkpt lat="-41.88503" lon="146.07868">
        <ele>891.0</ele>
      </trkpt>
      <trkpt lat="-41.88503" lon="146.07868">
        <ele>891.0</ele>
      </trkpt>
      <trkpt lat="-41.88506" lon="146.07867">
        <ele>890.66</ele>
      </trkpt>
      <trkpt lat="-41.88514" lon="146.07859">
        <ele>890.17</ele>
      </trkpt>
      <trkpt lat="-41.88522" lon="146.07858">
        <ele>888.63</ele>
      </trkpt>
      <trkpt lat="-41.88529" lon="146.07857">
        <ele>887.41</ele>
      </trkpt>
      <trkpt lat="-41.88536" lon="146.07861">
        <ele>885.83</ele>
      </trkpt>
      <trkpt lat="-41.88543" lon="146.07862">
        <ele>884.72</ele>
      </trkpt>
      <trkpt lat="-41.8855" lon="146.07861">
        <ele>883.81</ele>
      </trkpt>
      <trkpt lat="-41.88555" lon="146.07864">
        <ele>882.67</ele>
      </trkpt>
      <trkpt lat="-41.88562" lon="146.07867">
        <ele>880.89</ele>
      </trkpt>
      <trkpt lat="-41.88569" lon="146.07864">
        <ele>880.06</ele>
      </trkpt>
      <trkpt lat="-41.88579" lon="146.07867">
        <ele>877.57</ele>
      </trkpt>
      <trkpt lat="-41.8859" lon="146.07868">
        <ele>875.61</ele>
      </trkpt>
      <trkpt lat="-41.88625" lon="146.07849">
        <ele>873.15</ele>
      </trkpt>
      <trkpt lat="-41.88633" lon="146.07844">
        <ele>872.38</ele>
      </trkpt>
      <trkpt lat="-41.88645" lon="146.07849">
        <ele>870.87</ele>
      </trkpt>
      <trkpt lat="-41.8865" lon="146.0785">
        <ele>870.36</ele>
      </trkpt>
      <trkpt lat="-41.88659" lon="146.07849">
        <ele>869.58</ele>
      </trkpt>
      <trkpt lat="-41.88669" lon="146.07851">
        <ele>868.45</ele>
      </trkpt>
      <trkpt lat="-41.88683" lon="146.07845">
        <ele>867.05</ele>
      </trkpt>
      <trkpt lat="-41.88691" lon="146.07847">
        <ele>865.94</ele>
      </trkpt>
      <trkpt lat="-41.887" lon="146.07846">
        <ele>865.34</ele>
      </trkpt>
      <trkpt lat="-41.88712" lon="146.07848">
        <ele>864.84</ele>
      </trkpt>
      <trkpt lat="-41.88718" lon="146.07844">
        <ele>864.77</ele>
      </trkpt>
      <trkpt lat="-41.88725" lon="146.07842">
        <ele>864.88</ele>
      </trkpt>
      <trkpt lat="-41.88733" lon="146.07842">
        <ele>865.44</ele>
      </trkpt>
      <trkpt lat="-41.88749" lon="146.07845">
        <ele>866.76</ele>
      </trkpt>
      <trkpt lat="-41.88753" lon="146.07848">
        <ele>867.16</ele>
      </trkpt>
      <trkpt lat="-41.8876" lon="146.07846">
        <ele>867.27</ele>
      </trkpt>
      <trkpt lat="-41.88762" lon="146.07845">
        <ele>867.27</ele>
      </trkpt>
      <trkpt lat="-41.88766" lon="146.07847">
        <ele>867.56</ele>
      </trkpt>
      <trkpt lat="-41.8877" lon="146.07852">
        <ele>868.06</ele>
      </trkpt>
      <trkpt lat="-41.88773" lon="146.07855">
        <ele>868.39</ele>
      </trkpt>
      <trkpt lat="-41.88778" lon="146.07857">
        <ele>868.74</ele>
      </trkpt>
      <trkpt lat="-41.88782" lon="146.07857">
        <ele>869.31</ele>
      </trkpt>
      <trkpt lat="-41.88782" lon="146.07855">
        <ele>869.17</ele>
      </trkpt>
      <trkpt lat="-41.88794" lon="146.07855">
        <ele>870.9</ele>
      </trkpt>
      <trkpt lat="-41.88797" lon="146.07856">
        <ele>871.4</ele>
      </trkpt>
      <trkpt lat="-41.88797" lon="146.07856">
        <ele>871.4</ele>
      </trkpt>
      <trkpt lat="-41.88802" lon="146.07856">
        <ele>872.12</ele>
      </trkpt>
      <trkpt lat="-41.88806" lon="146.07858">
        <ele>872.81</ele>
      </trkpt>
      <trkpt lat="-41.8881" lon="146.07862">
        <ele>873.38</ele>
      </trkpt>
      <trkpt lat="-41.88814" lon="146.07865">
        <ele>873.85</ele>
      </trkpt>
      <trkpt lat="-41.88818" lon="146.07868">
        <ele>874.28</ele>
      </trkpt>
      <trkpt lat="-41.88823" lon="146.0787">
        <ele>874.7</ele>
      </trkpt>
      <trkpt lat="-41.88825" lon="146.07871">
        <ele>874.86</ele>
      </trkpt>
      <trkpt lat="-41.88826" lon="146.07871">
        <ele>874.92</ele>
      </trkpt>
      <trkpt lat="-41.8883" lon="146.07872">
        <ele>875.2</ele>
      </trkpt>
      <trkpt lat="-41.88834" lon="146.07875">
        <ele>875.6</ele>
      </trkpt>
      <trkpt lat="-41.88838" lon="146.07879">
        <ele>876.32</ele>
      </trkpt>
      <trkpt lat="-41.88843" lon="146.07881">
        <ele>877.11</ele>
      </trkpt>
      <trkpt lat="-41.88847" lon="146.07884">
        <ele>877.79</ele>
      </trkpt>
      <trkpt lat="-41.88851" lon="146.07886">
        <ele>878.44</ele>
      </trkpt>
      <trkpt lat="-41.88854" lon="146.07887">
        <ele>878.91</ele>
      </trkpt>
      <trkpt lat="-41.8886" lon="146.07889">
        <ele>879.87</ele>
      </trkpt>
      <trkpt lat="-41.8886" lon="146.07889">
        <ele>879.87</ele>
      </trkpt>
      <trkpt lat="-41.88873" lon="146.07895">
        <ele>883.37</ele>
      </trkpt>
      <trkpt lat="-41.88879" lon="146.07898">
        <ele>884.48</ele>
      </trkpt>
      <trkpt lat="-41.88891" lon="146.07903">
        <ele>884.86</ele>
      </trkpt>
      <trkpt lat="-41.88894" lon="146.07903">
        <ele>883.95</ele>
      </trkpt>
      <trkpt lat="-41.88894" lon="146.07903">
        <ele>883.95</ele>
      </trkpt>
      <trkpt lat="-41.88902" lon="146.07903">
        <ele>881.51</ele>
      </trkpt>
      <trkpt lat="-41.88925" lon="146.07906">
        <ele>876.96</ele>
      </trkpt>
      <trkpt lat="-41.8893" lon="146.07908">
        <ele>876.73</ele>
      </trkpt>
      <trkpt lat="-41.88939" lon="146.07914">
        <ele>875.86</ele>
      </trkpt>
      <trkpt lat="-41.88946" lon="146.07913">
        <ele>875.07</ele>
      </trkpt>
      <trkpt lat="-41.88955" lon="146.07916">
        <ele>873.88</ele>
      </trkpt>
      <trkpt lat="-41.8896" lon="146.07919">
        <ele>873.07</ele>
      </trkpt>
      <trkpt lat="-41.88966" lon="146.0792">
        <ele>872.31</ele>
      </trkpt>
      <trkpt lat="-41.88976" lon="146.07922">
        <ele>871.56</ele>
      </trkpt>
      <trkpt lat="-41.88986" lon="146.0792">
        <ele>872.14</ele>
      </trkpt>
      <trkpt lat="-41.89001" lon="146.07927">
        <ele>871.75</ele>
      </trkpt>
      <trkpt lat="-41.89007" lon="146.0792">
        <ele>871.66</ele>
      </trkpt>
      <trkpt lat="-41.89016" lon="146.07922">
        <ele>870.23</ele>
      </trkpt>
      <trkpt lat="-41.89027" lon="146.07933">
        <ele>867.92</ele>
      </trkpt>
      <trkpt lat="-41.89042" lon="146.07961">
        <ele>867.6</ele>
      </trkpt>
      <trkpt lat="-41.8907" lon="146.07993">
        <ele>867.61</ele>
      </trkpt>
      <trkpt lat="-41.89087" lon="146.08012">
        <ele>865.78</ele>
      </trkpt>
      <trkpt lat="-41.89103" lon="146.08025">
        <ele>864.28</ele>
      </trkpt>
      <trkpt lat="-41.89109" lon="146.08032">
        <ele>864.05</ele>
      </trkpt>
      <trkpt lat="-41.89115" lon="146.08035">
        <ele>864.14</ele>
      </trkpt>
      <trkpt lat="-41.89119" lon="146.0804">
        <ele>864.28</ele>
      </trkpt>
      <trkpt lat="-41.89119" lon="146.0804">
        <ele>864.28</ele>
      </trkpt>
      <trkpt lat="-41.89122" lon="146.08043">
        <ele>864.39</ele>
      </trkpt>
      <trkpt lat="-41.89131" lon="146.08054">
        <ele>864.72</ele>
      </trkpt>
      <trkpt lat="-41.89139" lon="146.08068">
        <ele>865.45</ele>
      </trkpt>
      <trkpt lat="-41.89153" lon="146.08077">
        <ele>865.89</ele>
      </trkpt>
      <trkpt lat="-41.89165" lon="146.08081">
        <ele>865.99</ele>
      </trkpt>
      <trkpt lat="-41.89172" lon="146.08095">
        <ele>865.81</ele>
      </trkpt>
      <trkpt lat="-41.89177" lon="146.08101">
        <ele>865.63</ele>
      </trkpt>
      <trkpt lat="-41.89185" lon="146.08107">
        <ele>865.34</ele>
      </trkpt>
      <trkpt lat="-41.8919" lon="146.08116">
        <ele>865.31</ele>
      </trkpt>
      <trkpt lat="-41.8919" lon="146.08116">
        <ele>865.31</ele>
      </trkpt>
      <trkpt lat="-41.89195" lon="146.08127">
        <ele>865.6</ele>
      </trkpt>
      <trkpt lat="-41.892" lon="146.08142">
        <ele>866.62</ele>
      </trkpt>
      <trkpt lat="-41.892" lon="146.08143">
        <ele>866.7</ele>
      </trkpt>
      <trkpt lat="-41.89205" lon="146.08145">
        <ele>867.2</ele>
      </trkpt>
      <trkpt lat="-41.89209" lon="146.0815">
        <ele>867.85</ele>
      </trkpt>
      <trkpt lat="-41.89212" lon="146.08154">
        <ele>868.35</ele>
      </trkpt>
      <trkpt lat="-41.89215" lon="146.0816">
        <ele>869.0</ele>
      </trkpt>
      <trkpt lat="-41.89216" lon="146.08165">
        <ele>869.43</ele>
      </trkpt>
      <trkpt lat="-41.89217" lon="146.08171">
        <ele>869.88</ele>
      </trkpt>
      <trkpt lat="-41.89217" lon="146.08178">
        <ele>870.29</ele>
      </trkpt>
      <trkpt lat="-41.89216" lon="146.08184">
        <ele>870.52</ele>
      </trkpt>
      <trkpt lat="-41.89216" lon="146.0819">
        <ele>870.86</ele>
      </trkpt>
      <trkpt lat="-41.89215" lon="146.08193">
        <ele>870.88</ele>
      </trkpt>
      <trkpt lat="-41.89215" lon="146.08194">
        <ele>870.94</ele>
      </trkpt>
      <trkpt lat="-41.89216" lon="146.082">
        <ele>870.97</ele>
      </trkpt>
      <trkpt lat="-41.89217" lon="146.08206">
        <ele>871.01</ele>
      </trkpt>
      <trkpt lat="-41.89218" lon="146.08213">
        <ele>871.09</ele>
      </trkpt>
      <trkpt lat="-41.89218" lon="146.08219">
        <ele>870.99</ele>
      </trkpt>
      <trkpt lat="-41.89217" lon="146.08225">
        <ele>870.3</ele>
      </trkpt>
      <trkpt lat="-41.89214" lon="146.0823">
        <ele>868.89</ele>
      </trkpt>
      <trkpt lat="-41.89213" lon="146.08236">
        <ele>867.86</ele>
      </trkpt>
      <trkpt lat="-41.89213" lon="146.08242">
        <ele>867.06</ele>
      </trkpt>
      <trkpt lat="-41.89212" lon="146.08248">
        <ele>866.05</ele>
      </trkpt>
      <trkpt lat="-41.8921" lon="146.08254">
        <ele>864.24</ele>
      </trkpt>
      <trkpt lat="-41.89208" lon="146.08259">
        <ele>862.52</ele>
      </trkpt>
      <trkpt lat="-41.89205" lon="146.08264">
        <ele>860.8</ele>
      </trkpt>
      <trkpt lat="-41.89201" lon="146.08267">
        <ele>859.63</ele>
      </trkpt>
      <trkpt lat="-41.89201" lon="146.08268">
        <ele>859.41</ele>
      </trkpt>
      <trkpt lat="-41.89197" lon="146.08271">
        <ele>858.42</ele>
      </trkpt>
      <trkpt lat="-41.89193" lon="146.08286">
        <ele>855.85</ele>
      </trkpt>
      <trkpt lat="-41.89185" lon="146.083">
        <ele>854.34</ele>
      </trkpt>
      <trkpt lat="-41.89178" lon="146.08314">
        <ele>853.88</ele>
      </trkpt>
      <trkpt lat="-41.89161" lon="146.0835">
        <ele>856.09</ele>
      </trkpt>
      <trkpt lat="-41.89159" lon="146.08353">
        <ele>856.48</ele>
      </trkpt>
      <trkpt lat="-41.89159" lon="146.08353">
        <ele>856.48</ele>
      </trkpt>
      <trkpt lat="-41.89149" lon="146.08368">
        <ele>858.92</ele>
      </trkpt>
      <trkpt lat="-41.89141" lon="146.08379">
        <ele>862.19</ele>
      </trkpt>
      <trkpt lat="-41.89129" lon="146.08398">
        <ele>867.87</ele>
      </trkpt>
      <trkpt lat="-41.89122" lon="146.0841">
        <ele>870.45</ele>
      </trkpt>
      <trkpt lat="-41.89097" lon="146.08438">
        <ele>870.37</ele>
      </trkpt>
      <trkpt lat="-41.8909" lon="146.08457">
        <ele>870.0</ele>
      </trkpt>
      <trkpt lat="-41.89087" lon="146.08478">
        <ele>871.02</ele>
      </trkpt>
      <trkpt lat="-41.89082" lon="146.08506">
        <ele>871.63</ele>
      </trkpt>
      <trkpt lat="-41.89082" lon="146.08522">
        <ele>872.32</ele>
      </trkpt>
      <trkpt lat="-41.8908" lon="146.08539">
        <ele>871.45</ele>
      </trkpt>
      <trkpt lat="-41.89081" lon="146.08548">
        <ele>871.22</ele>
      </trkpt>
      <trkpt lat="-41.89084" lon="146.08563">
        <ele>871.65</ele>
      </trkpt>
      <trkpt lat="-41.89085" lon="146.08572">
        <ele>872.37</ele>
      </trkpt>
      <trkpt lat="-41.89094" lon="146.0859">
        <ele>873.29</ele>
      </trkpt>
      <trkpt lat="-41.89102" lon="146.086">
        <ele>873.27</ele>
      </trkpt>
      <trkpt lat="-41.89109" lon="146.08614">
        <ele>873.28</ele>
      </trkpt>
      <trkpt lat="-41.89117" lon="146.0863">
        <ele>874.74</ele>
      </trkpt>
      <trkpt lat="-41.89126" lon="146.08654">
        <ele>875.95</ele>
      </trkpt>
      <trkpt lat="-41.89126" lon="146.08654">
        <ele>875.95</ele>
      </trkpt>
      <trkpt lat="-41.89129" lon="146.0866">
        <ele>875.91</ele>
      </trkpt>
      <trkpt lat="-41.8913" lon="146.08663">
        <ele>875.94</ele>
      </trkpt>
      <trkpt lat="-41.89148" lon="146.08685">
        <ele>876.75</ele>
      </trkpt>
      <trkpt lat="-41.89158" lon="146.08689">
        <ele>877.64</ele>
      </trkpt>
      <trkpt lat="-41.89177" lon="146.08714">
        <ele>876.66</ele>
      </trkpt>
      <trkpt lat="-41.89192" lon="146.08742">
        <ele>877.67</ele>
      </trkpt>
      <trkpt lat="-41.89209" lon="146.08753">
        <ele>880.95</ele>
      </trkpt>
      <trkpt lat="-41.89235" lon="146.08757">
        <ele>890.17</ele>
      </trkpt>
      <trkpt lat="-41.89241" lon="146.08758">
        <ele>892.93</ele>
      </trkpt>
      <trkpt lat="-41.89241" lon="146.08758">
        <ele>892.93</ele>
      </trkpt>
      <trkpt lat="-41.89262" lon="146.0876">
        <ele>898.14</ele>
      </trkpt>
      <trkpt lat="-41.89282" lon="146.08761">
        <ele>899.45</ele>
      </trkpt>
      <trkpt lat="-41.89296" lon="146.08775">
        <ele>897.97</ele>
      </trkpt>
      <trkpt lat="-41.89322" lon="146.08811">
        <ele>893.46</ele>
      </trkpt>
      <trkpt lat="-41.89331" lon="146.08834">
        <ele>891.67</ele>
      </trkpt>
      <trkpt lat="-41.8934" lon="146.08837">
        <ele>890.76</ele>
      </trkpt>
      <trkpt lat="-41.89355" lon="146.08839">
        <ele>890.22</ele>
      </trkpt>
      <trkpt lat="-41.89362" lon="146.08842">
        <ele>889.94</ele>
      </trkpt>
      <trkpt lat="-41.89367" lon="146.08853">
        <ele>889.58</ele>
      </trkpt>
      <trkpt lat="-41.8938" lon="146.08859">
        <ele>888.64</ele>
      </trkpt>
      <trkpt lat="-41.89391" lon="146.08863">
        <ele>887.91</ele>
      </trkpt>
      <trkpt lat="-41.89401" lon="146.08867">
        <ele>887.16</ele>
      </trkpt>
      <trkpt lat="-41.89411" lon="146.08854">
        <ele>886.61</ele>
      </trkpt>
      <trkpt lat="-41.89438" lon="146.08853">
        <ele>887.06</ele>
      </trkpt>
      <trkpt lat="-41.89451" lon="146.08855">
        <ele>886.51</ele>
      </trkpt>
      <trkpt lat="-41.89476" lon="146.08869">
        <ele>883.95</ele>
      </trkpt>
      <trkpt lat="-41.89481" lon="146.08872">
        <ele>884.12</ele>
      </trkpt>
      <trkpt lat="-41.89481" lon="146.08872">
        <ele>884.12</ele>
      </trkpt>
      <trkpt lat="-41.8949" lon="146.08879">
        <ele>884.22</ele>
      </trkpt>
      <trkpt lat="-41.89497" lon="146.08893">
        <ele>884.17</ele>
      </trkpt>
      <trkpt lat="-41.89505" lon="146.08905">
        <ele>886.34</ele>
      </trkpt>
      <trkpt lat="-41.89513" lon="146.08913">
        <ele>888.95</ele>
      </trkpt>
      <trkpt lat="-41.89518" lon="146.08925">
        <ele>890.94</ele>
      </trkpt>
      <trkpt lat="-41.89529" lon="146.08943">
        <ele>894.22</ele>
      </trkpt>
      <trkpt lat="-41.89536" lon="146.08956">
        <ele>895.24</ele>
      </trkpt>
      <trkpt lat="-41.89552" lon="146.08971">
        <ele>897.44</ele>
      </trkpt>
      <trkpt lat="-41.89572" lon="146.08998">
        <ele>902.27</ele>
      </trkpt>
      <trkpt lat="-41.89591" lon="146.08993">
        <ele>904.72</ele>
      </trkpt>
      <trkpt lat="-41.89598" lon="146.0898">
        <ele>905.62</ele>
      </trkpt>
      <trkpt lat="-41.89611" lon="146.08982">
        <ele>907.63</ele>
      </trkpt>
      <trkpt lat="-41.89625" lon="146.08987">
        <ele>911.47</ele>
      </trkpt>
      <trkpt lat="-41.89635" lon="146.08995">
        <ele>914.06</ele>
      </trkpt>
      <trkpt lat="-41.89648" lon="146.09006">
        <ele>918.35</ele>
      </trkpt>
      <trkpt lat="-41.89664" lon="146.09005">
        <ele>922.01</ele>
      </trkpt>
      <trkpt lat="-41.89682" lon="146.0901">
        <ele>921.93</ele>
      </trkpt>
      <trkpt lat="-41.89691" lon="146.09018">
        <ele>921.4</ele>
      </trkpt>
      <trkpt lat="-41.89709" lon="146.09055">
        <ele>922.72</ele>
      </trkpt>
      <trkpt lat="-41.89719" lon="146.09094">
        <ele>925.04</ele>
      </trkpt>
      <trkpt lat="-41.89751" lon="146.09147">
        <ele>926.51</ele>
      </trkpt>
      <trkpt lat="-41.89772" lon="146.09168">
        <ele>934.8</ele>
      </trkpt>
      <trkpt lat="-41.89789" lon="146.09183">
        <ele>930.98</ele>
      </trkpt>
      <trkpt lat="-41.89805" lon="146.09214">
        <ele>927.3</ele>
      </trkpt>
      <trkpt lat="-41.8984" lon="146.09267">
        <ele>930.24</ele>
      </trkpt>
      <trkpt lat="-41.89868" lon="146.09302">
        <ele>937.22</ele>
      </trkpt>
      <trkpt lat="-41.89879" lon="146.09311">
        <ele>936.49</ele>
      </trkpt>
      <trkpt lat="-41.89902" lon="146.09369">
        <ele>928.95</ele>
      </trkpt>
      <trkpt lat="-41.89926" lon="146.09426">
        <ele>930.57</ele>
      </trkpt>
      <trkpt lat="-41.89935" lon="146.09438">
        <ele>931.25</ele>
      </trkpt>
      <trkpt lat="-41.89942" lon="146.09465">
        <ele>929.92</ele>
      </trkpt>
      <trkpt lat="-41.89953" lon="146.09488">
        <ele>930.21</ele>
      </trkpt>
      <trkpt lat="-41.89967" lon="146.09502">
        <ele>927.19</ele>
      </trkpt>
      <trkpt lat="-41.89973" lon="146.09506">
        <ele>925.94</ele>
      </trkpt>
      <trkpt lat="-41.8998" lon="146.09523">
        <ele>925.21</ele>
      </trkpt>
      <trkpt lat="-41.89989" lon="146.09533">
        <ele>923.85</ele>
      </trkpt>
      <trkpt lat="-41.89998" lon="146.09546">
        <ele>922.47</ele>
      </trkpt>
      <trkpt lat="-41.90007" lon="146.09557">
        <ele>923.34</ele>
      </trkpt>
      <trkpt lat="-41.90017" lon="146.09569">
        <ele>925.44</ele>
      </trkpt>
      <trkpt lat="-41.90028" lon="146.09588">
        <ele>926.88</ele>
      </trkpt>
      <trkpt lat="-41.90047" lon="146.09631">
        <ele>922.39</ele>
      </trkpt>
      <trkpt lat="-41.90057" lon="146.09652">
        <ele>918.37</ele>
      </trkpt>
      <trkpt lat="-41.90068" lon="146.09668">
        <ele>915.63</ele>
      </trkpt>
      <trkpt lat="-41.90082" lon="146.09684">
        <ele>914.11</ele>
      </trkpt>
      <trkpt lat="-41.90094" lon="146.09694">
        <ele>915.17</ele>
      </trkpt>
      <trkpt lat="-41.90113" lon="146.09712">
        <ele>916.08</ele>
      </trkpt>
      <trkpt lat="-41.90122" lon="146.09715">
        <ele>917.48</ele>
      </trkpt>
      <trkpt lat="-41.90133" lon="146.0971">
        <ele>919.82</ele>
      </trkpt>
      <trkpt lat="-41.90148" lon="146.09701">
        <ele>921.43</ele>
      </trkpt>
      <trkpt lat="-41.90159" lon="146.09704">
        <ele>921.34</ele>
      </trkpt>
      <trkpt lat="-41.90172" lon="146.09716">
        <ele>923.86</ele>
      </trkpt>
      <trkpt lat="-41.90184" lon="146.09737">
        <ele>926.37</ele>
      </trkpt>
      <trkpt lat="-41.90195" lon="146.09757">
        <ele>923.89</ele>
      </trkpt>
      <trkpt lat="-41.90207" lon="146.09768">
        <ele>925.8</ele>
      </trkpt>
      <trkpt lat="-41.90212" lon="146.09781">
        <ele>925.18</ele>
      </trkpt>
      <trkpt lat="-41.90219" lon="146.09808">
        <ele>923.18</ele>
      </trkpt>
      <trkpt lat="-41.90211" lon="146.09829">
        <ele>919.01</ele>
      </trkpt>
      <trkpt lat="-41.90212" lon="146.09842">
        <ele>917.9</ele>
      </trkpt>
      <trkpt lat="-41.90221" lon="146.09853">
        <ele>918.41</ele>
      </trkpt>
      <trkpt lat="-41.90229" lon="146.09894">
        <ele>921.45</ele>
      </trkpt>
      <trkpt lat="-41.90229" lon="146.09932">
        <ele>921.76</ele>
      </trkpt>
      <trkpt lat="-41.90242" lon="146.09962">
        <ele>924.59</ele>
      </trkpt>
      <trkpt lat="-41.9025" lon="146.09982">
        <ele>925.24</ele>
      </trkpt>
      <trkpt lat="-41.90254" lon="146.10029">
        <ele>921.85</ele>
      </trkpt>
      <trkpt lat="-41.90265" lon="146.10062">
        <ele>923.07</ele>
      </trkpt>
      <trkpt lat="-41.90267" lon="146.10088">
        <ele>923.22</ele>
      </trkpt>
      <trkpt lat="-41.90281" lon="146.10125">
        <ele>926.67</ele>
      </trkpt>
      <trkpt lat="-41.90295" lon="146.1013">
        <ele>927.5</ele>
      </trkpt>
      <trkpt lat="-41.90312" lon="146.10133">
        <ele>929.03</ele>
      </trkpt>
      <trkpt lat="-41.90332" lon="146.10141">
        <ele>931.43</ele>
      </trkpt>
      <trkpt lat="-41.90352" lon="146.10145">
        <ele>928.8</ele>
      </trkpt>
      <trkpt lat="-41.90374" lon="146.10153">
        <ele>928.18</ele>
      </trkpt>
      <trkpt lat="-41.90374" lon="146.10153">
        <ele>928.18</ele>
      </trkpt>
      <trkpt lat="-41.90376" lon="146.10154">
        <ele>928.24</ele>
      </trkpt>
      <trkpt lat="-41.90385" lon="146.10151">
        <ele>928.91</ele>
      </trkpt>
      <trkpt lat="-41.90393" lon="146.1015">
        <ele>929.38</ele>
      </trkpt>
      <trkpt lat="-41.90402" lon="146.10152">
        <ele>929.55</ele>
      </trkpt>
      <trkpt lat="-41.90414" lon="146.10161">
        <ele>928.78</ele>
      </trkpt>
      <trkpt lat="-41.9043" lon="146.10174">
        <ele>928.66</ele>
      </trkpt>
      <trkpt lat="-41.90449" lon="146.10214">
        <ele>926.08</ele>
      </trkpt>
      <trkpt lat="-41.90457" lon="146.10223">
        <ele>926.34</ele>
      </trkpt>
      <trkpt lat="-41.90456" lon="146.10229">
        <ele>926.15</ele>
      </trkpt>
      <trkpt lat="-41.90456" lon="146.10228">
        <ele>926.16</ele>
      </trkpt>
      <trkpt lat="-41.90453" lon="146.10237">
        <ele>925.76</ele>
      </trkpt>
      <trkpt lat="-41.90448" lon="146.10241">
        <ele>925.3</ele>
      </trkpt>
      <trkpt lat="-41.90443" lon="146.10253">
        <ele>924.93</ele>
      </trkpt>
      <trkpt lat="-41.90439" lon="146.10262">
        <ele>924.59</ele>
      </trkpt>
      <trkpt lat="-41.90436" lon="146.10282">
        <ele>923.19</ele>
      </trkpt>
      <trkpt lat="-41.90438" lon="146.10295">
        <ele>921.76</ele>
      </trkpt>
      <trkpt lat="-41.90439" lon="146.10311">
        <ele>920.02</ele>
      </trkpt>
      <trkpt lat="-41.9044" lon="146.1031">
        <ele>920.2</ele>
      </trkpt>
      <trkpt lat="-41.90443" lon="146.10314">
        <ele>919.98</ele>
      </trkpt>
      <trkpt lat="-41.90445" lon="146.10321">
        <ele>919.37</ele>
      </trkpt>
      <trkpt lat="-41.90446" lon="146.10327">
        <ele>918.8</ele>
      </trkpt>
      <trkpt lat="-41.90445" lon="146.10337">
        <ele>917.78</ele>
      </trkpt>
      <trkpt lat="-41.90444" lon="146.10342">
        <ele>917.33</ele>
      </trkpt>
      <trkpt lat="-41.90444" lon="146.10344">
        <ele>917.19</ele>
      </trkpt>
      <trkpt lat="-41.90447" lon="146.10351">
        <ele>916.91</ele>
      </trkpt>
      <trkpt lat="-41.9045" lon="146.10358">
        <ele>916.62</ele>
      </trkpt>
      <trkpt lat="-41.90453" lon="146.10362">
        <ele>916.58</ele>
      </trkpt>
      <trkpt lat="-41.90456" lon="146.10366">
        <ele>916.66</ele>
      </trkpt>
      <trkpt lat="-41.90459" lon="146.10371">
        <ele>916.69</ele>
      </trkpt>
      <trkpt lat="-41.90461" lon="146.10377">
        <ele>916.62</ele>
      </trkpt>
      <trkpt lat="-41.90461" lon="146.10383">
        <ele>916.4</ele>
      </trkpt>
      <trkpt lat="-41.90462" lon="146.1039">
        <ele>916.23</ele>
      </trkpt>
      <trkpt lat="-41.90462" lon="146.10396">
        <ele>916.08</ele>
      </trkpt>
      <trkpt lat="-41.90462" lon="146.10403">
        <ele>915.89</ele>
      </trkpt>
      <trkpt lat="-41.90462" lon="146.10406">
        <ele>915.81</ele>
      </trkpt>
      <trkpt lat="-41.90462" lon="146.10408">
        <ele>915.76</ele>
      </trkpt>
      <trkpt lat="-41.90464" lon="146.10416">
        <ele>915.83</ele>
      </trkpt>
      <trkpt lat="-41.90464" lon="146.10422">
        <ele>915.57</ele>
      </trkpt>
      <trkpt lat="-41.90467" lon="146.10428">
        <ele>915.76</ele>
      </trkpt>
      <trkpt lat="-41.90469" lon="146.10433">
        <ele>915.88</ele>
      </trkpt>
      <trkpt lat="-41.90471" lon="146.10439">
        <ele>915.98</ele>
      </trkpt>
      <trkpt lat="-41.90473" lon="146.10445">
        <ele>916.08</ele>
      </trkpt>
      <trkpt lat="-41.90475" lon="146.1045">
        <ele>916.22</ele>
      </trkpt>
      <trkpt lat="-41.90477" lon="146.10457">
        <ele>916.21</ele>
      </trkpt>
      <trkpt lat="-41.90478" lon="146.10463">
        <ele>916.07</ele>
      </trkpt>
      <trkpt lat="-41.9048" lon="146.10469">
        <ele>915.85</ele>
      </trkpt>
      <trkpt lat="-41.90483" lon="146.10474">
        <ele>915.07</ele>
      </trkpt>
      <trkpt lat="-41.90485" lon="146.1048">
        <ele>913.26</ele>
      </trkpt>
      <trkpt lat="-41.90485" lon="146.1048">
        <ele>913.26</ele>
      </trkpt>
      <trkpt lat="-41.90485" lon="146.1048">
        <ele>913.26</ele>
      </trkpt>
      <trkpt lat="-41.90497" lon="146.10494">
        <ele>910.07</ele>
      </trkpt>
      <trkpt lat="-41.90507" lon="146.10506">
        <ele>909.78</ele>
      </trkpt>
      <trkpt lat="-41.90512" lon="146.1051">
        <ele>910.71</ele>
      </trkpt>
      <trkpt lat="-41.90513" lon="146.10515">
        <ele>910.23</ele>
      </trkpt>
      <trkpt lat="-41.90514" lon="146.10527">
        <ele>908.68</ele>
      </trkpt>
      <trkpt lat="-41.90519" lon="146.10529">
        <ele>910.69</ele>
      </trkpt>
      <trkpt lat="-41.90523" lon="146.10531">
        <ele>912.26</ele>
      </trkpt>
      <trkpt lat="-41.9053" lon="146.10531">
        <ele>914.94</ele>
      </trkpt>
      <trkpt lat="-41.90542" lon="146.10539">
        <ele>915.94</ele>
      </trkpt>
      <trkpt lat="-41.90552" lon="146.1054">
        <ele>917.6</ele>
      </trkpt>
      <trkpt lat="-41.90558" lon="146.10551">
        <ele>916.91</ele>
      </trkpt>
      <trkpt lat="-41.90555" lon="146.10565">
        <ele>914.17</ele>
      </trkpt>
      <trkpt lat="-41.90557" lon="146.10578">
        <ele>912.24</ele>
      </trkpt>
      <trkpt lat="-41.90564" lon="146.10588">
        <ele>911.97</ele>
      </trkpt>
      <trkpt lat="-41.90563" lon="146.10606">
        <ele>908.37</ele>
      </trkpt>
      <trkpt lat="-41.90563" lon="146.10606">
        <ele>908.37</ele>
      </trkpt>
      <trkpt lat="-41.90566" lon="146.10616">
        <ele>907.64</ele>
      </trkpt>
      <trkpt lat="-41.90576" lon="146.10622">
        <ele>910.24</ele>
      </trkpt>
      <trkpt lat="-41.9058" lon="146.10641">
        <ele>909.35</ele>
      </trkpt>
      <trkpt lat="-41.90581" lon="146.10654">
        <ele>907.76</ele>
      </trkpt>
      <trkpt lat="-41.90579" lon="146.10673">
        <ele>903.55</ele>
      </trkpt>
      <trkpt lat="-41.90585" lon="146.10698">
        <ele>901.08</ele>
      </trkpt>
      <trkpt lat="-41.90585" lon="146.10701">
        <ele>900.54</ele>
      </trkpt>
      <trkpt lat="-41.90585" lon="146.10701">
        <ele>900.54</ele>
      </trkpt>
      <trkpt lat="-41.90586" lon="146.10706">
        <ele>900.07</ele>
      </trkpt>
      <trkpt lat="-41.90592" lon="146.10713">
        <ele>901.4</ele>
      </trkpt>
      <trkpt lat="-41.90605" lon="146.10722">
        <ele>905.4</ele>
      </trkpt>
      <trkpt lat="-41.90611" lon="146.10732">
        <ele>906.89</ele>
      </trkpt>
      <trkpt lat="-41.90609" lon="146.10747">
        <ele>904.34</ele>
      </trkpt>
      <trkpt lat="-41.90624" lon="146.10807">
        <ele>905.52</ele>
      </trkpt>
      <trkpt lat="-41.90645" lon="146.10831">
        <ele>915.12</ele>
      </trkpt>
      <trkpt lat="-41.90649" lon="146.10841">
        <ele>915.75</ele>
      </trkpt>
      <trkpt lat="-41.90649" lon="146.10841">
        <ele>915.75</ele>
      </trkpt>
      <trkpt lat="-41.90651" lon="146.10846">
        <ele>916.15</ele>
      </trkpt>
      <trkpt lat="-41.90647" lon="146.10854">
        <ele>914.05</ele>
      </trkpt>
      <trkpt lat="-41.90646" lon="146.10862">
        <ele>912.99</ele>
      </trkpt>
      <trkpt lat="-41.90643" lon="146.10884">
        <ele>909.55</ele>
      </trkpt>
      <trkpt lat="-41.90648" lon="146.10898">
        <ele>910.61</ele>
      </trkpt>
      <trkpt lat="-41.90657" lon="146.10908">
        <ele>914.06</ele>
      </trkpt>
      <trkpt lat="-41.9066" lon="146.10913">
        <ele>915.04</ele>
      </trkpt>
      <trkpt lat="-41.9066" lon="146.10913">
        <ele>915.04</ele>
      </trkpt>
      <trkpt lat="-41.90661" lon="146.10915">
        <ele>915.32</ele>
      </trkpt>
      <trkpt lat="-41.90662" lon="146.1093">
        <ele>913.49</ele>
      </trkpt>
      <trkpt lat="-41.90671" lon="146.10944">
        <ele>914.64</ele>
      </trkpt>
      <trkpt lat="-41.90677" lon="146.10962">
        <ele>914.43</ele>
      </trkpt>
      <trkpt lat="-41.90687" lon="146.10977">
        <ele>916.55</ele>
      </trkpt>
      <trkpt lat="-41.90699" lon="146.10991">
        <ele>917.73</ele>
      </trkpt>
      <trkpt lat="-41.90706" lon="146.11004">
        <ele>916.82</ele>
      </trkpt>
      <trkpt lat="-41.9071" lon="146.11029">
        <ele>914.55</ele>
      </trkpt>
      <trkpt lat="-41.90712" lon="146.11053">
        <ele>912.17</ele>
      </trkpt>
      <trkpt lat="-41.90719" lon="146.11105">
        <ele>909.89</ele>
      </trkpt>
      <trkpt lat="-41.90726" lon="146.11134">
        <ele>909.23</ele>
      </trkpt>
      <trkpt lat="-41.90736" lon="146.11197">
        <ele>902.93</ele>
      </trkpt>
      <trkpt lat="-41.90747" lon="146.11226">
        <ele>903.58</ele>
      </trkpt>
      <trkpt lat="-41.90747" lon="146.11226">
        <ele>903.58</ele>
      </trkpt>
      <trkpt lat="-41.90759" lon="146.11248">
        <ele>904.81</ele>
      </trkpt>
      <trkpt lat="-41.90776" lon="146.11264">
        <ele>908.21</ele>
      </trkpt>
      <trkpt lat="-41.90776" lon="146.11264">
        <ele>908.21</ele>
      </trkpt>
      <trkpt lat="-41.90782" lon="146.11281">
        <ele>906.44</ele>
      </trkpt>
      <trkpt lat="-41.90783" lon="146.11289">
        <ele>905.2</ele>
      </trkpt>
      <trkpt lat="-41.90793" lon="146.11311">
        <ele>905.26</ele>
      </trkpt>
      <trkpt lat="-41.90789" lon="146.11318">
        <ele>902.57</ele>
      </trkpt>
      <trkpt lat="-41.9079" lon="146.11329">
        <ele>901.36</ele>
      </trkpt>
      <trkpt lat="-41.9079" lon="146.11332">
        <ele>900.92</ele>
      </trkpt>
      <trkpt lat="-41.90806" lon="146.11376">
        <ele>900.42</ele>
      </trkpt>
      <trkpt lat="-41.90812" lon="146.11406">
        <ele>897.87</ele>
      </trkpt>
      <trkpt lat="-41.90812" lon="146.11405">
        <ele>897.96</ele>
      </trkpt>
      <trkpt lat="-41.90816" lon="146.11419">
        <ele>897.37</ele>
      </trkpt>
      <trkpt lat="-41.90828" lon="146.11443">
        <ele>898.1</ele>
      </trkpt>
      <trkpt lat="-41.90829" lon="146.11452">
        <ele>897.45</ele>
      </trkpt>
      <trkpt lat="-41.90832" lon="146.1146">
        <ele>897.11</ele>
      </trkpt>
      <trkpt lat="-41.9083" lon="146.11473">
        <ele>895.36</ele>
      </trkpt>
      <trkpt lat="-41.90845" lon="146.11498">
        <ele>896.07</ele>
      </trkpt>
      <trkpt lat="-41.9086" lon="146.11523">
        <ele>900.92</ele>
      </trkpt>
      <trkpt lat="-41.90861" lon="146.11542">
        <ele>898.38</ele>
      </trkpt>
      <trkpt lat="-41.90859" lon="146.11559">
        <ele>894.43</ele>
      </trkpt>
      <trkpt lat="-41.90858" lon="146.11565">
        <ele>893.03</ele>
      </trkpt>
      <trkpt lat="-41.90856" lon="146.11566">
        <ele>891.85</ele>
      </trkpt>
      <trkpt lat="-41.90855" lon="146.11574">
        <ele>890.12</ele>
      </trkpt>
      <trkpt lat="-41.90855" lon="146.11583">
        <ele>888.75</ele>
      </trkpt>
      <trkpt lat="-41.90855" lon="146.11589">
        <ele>888.27</ele>
      </trkpt>
      <trkpt lat="-41.90856" lon="146.11596">
        <ele>888.21</ele>
      </trkpt>
      <trkpt lat="-41.90859" lon="146.11601">
        <ele>889.15</ele>
      </trkpt>
      <trkpt lat="-41.90862" lon="146.11605">
        <ele>889.81</ele>
      </trkpt>
      <trkpt lat="-41.90866" lon="146.11609">
        <ele>890.08</ele>
      </trkpt>
      <trkpt lat="-41.9087" lon="146.11612">
        <ele>890.44</ele>
      </trkpt>
      <trkpt lat="-41.90874" lon="146.11616">
        <ele>890.44</ele>
      </trkpt>
      <trkpt lat="-41.90877" lon="146.11621">
        <ele>890.08</ele>
      </trkpt>
      <trkpt lat="-41.90877" lon="146.11621">
        <ele>890.08</ele>
      </trkpt>
      <trkpt lat="-41.90878" lon="146.11621">
        <ele>890.26</ele>
      </trkpt>
      <trkpt lat="-41.90883" lon="146.11643">
        <ele>887.32</ele>
      </trkpt>
      <trkpt lat="-41.90886" lon="146.11686">
        <ele>882.77</ele>
      </trkpt>
      <trkpt lat="-41.90888" lon="146.117">
        <ele>881.91</ele>
      </trkpt>
      <trkpt lat="-41.90888" lon="146.11717">
        <ele>879.44</ele>
      </trkpt>
      <trkpt lat="-41.90897" lon="146.11739">
        <ele>883.2</ele>
      </trkpt>
      <trkpt lat="-41.90903" lon="146.11744">
        <ele>886.22</ele>
      </trkpt>
      <trkpt lat="-41.90903" lon="146.11749">
        <ele>886.13</ele>
      </trkpt>
      <trkpt lat="-41.909" lon="146.11763">
        <ele>884.23</ele>
      </trkpt>
      <trkpt lat="-41.90902" lon="146.1178">
        <ele>884.67</ele>
      </trkpt>
      <trkpt lat="-41.90919" lon="146.1182">
        <ele>888.72</ele>
      </trkpt>
      <trkpt lat="-41.90919" lon="146.11827">
        <ele>887.78</ele>
      </trkpt>
      <trkpt lat="-41.90922" lon="146.11846">
        <ele>886.38</ele>
      </trkpt>
      <trkpt lat="-41.90932" lon="146.11854">
        <ele>889.51</ele>
      </trkpt>
      <trkpt lat="-41.90938" lon="146.11867">
        <ele>890.48</ele>
      </trkpt>
      <trkpt lat="-41.90943" lon="146.11874">
        <ele>891.94</ele>
      </trkpt>
      <trkpt lat="-41.90944" lon="146.11875">
        <ele>892.29</ele>
      </trkpt>
      <trkpt lat="-41.90948" lon="146.11877">
        <ele>892.7</ele>
      </trkpt>
      <trkpt lat="-41.90952" lon="146.1188">
        <ele>892.97</ele>
      </trkpt>
      <trkpt lat="-41.90957" lon="146.11882">
        <ele>893.56</ele>
      </trkpt>
      <trkpt lat="-41.90959" lon="146.11887">
        <ele>893.68</ele>
      </trkpt>
      <trkpt lat="-41.90961" lon="146.11893">
        <ele>893.65</ele>
      </trkpt>
      <trkpt lat="-41.90961" lon="146.11895">
        <ele>893.49</ele>
      </trkpt>
      <trkpt lat="-41.90961" lon="146.11901">
        <ele>893.02</ele>
      </trkpt>
      <trkpt lat="-41.90962" lon="146.11909">
        <ele>892.64</ele>
      </trkpt>
      <trkpt lat="-41.90963" lon="146.11921">
        <ele>891.88</ele>
      </trkpt>
      <trkpt lat="-41.90963" lon="146.11927">
        <ele>891.23</ele>
      </trkpt>
      <trkpt lat="-41.90964" lon="146.11933">
        <ele>890.87</ele>
      </trkpt>
      <trkpt lat="-41.90963" lon="146.11933">
        <ele>890.58</ele>
      </trkpt>
      <trkpt lat="-41.90966" lon="146.11947">
        <ele>889.93</ele>
      </trkpt>
      <trkpt lat="-41.90963" lon="146.11954">
        <ele>888.31</ele>
      </trkpt>
      <trkpt lat="-41.90977" lon="146.11951">
        <ele>891.73</ele>
      </trkpt>
      <trkpt lat="-41.90977" lon="146.1195">
        <ele>891.85</ele>
      </trkpt>
      <trkpt lat="-41.90987" lon="146.11948">
        <ele>893.08</ele>
      </trkpt>
      <trkpt lat="-41.91005" lon="146.11948">
        <ele>893.82</ele>
      </trkpt>
      <trkpt lat="-41.91005" lon="146.11948">
        <ele>893.82</ele>
      </trkpt>
      <trkpt lat="-41.91011" lon="146.11948">
        <ele>893.17</ele>
      </trkpt>
      <trkpt lat="-41.91019" lon="146.11953">
        <ele>891.41</ele>
      </trkpt>
      <trkpt lat="-41.91022" lon="146.11955">
        <ele>890.72</ele>
      </trkpt>
      <trkpt lat="-41.91024" lon="146.11959">
        <ele>889.79</ele>
      </trkpt>
      <trkpt lat="-41.91024" lon="146.11961">
        <ele>889.43</ele>
      </trkpt>
      <trkpt lat="-41.91029" lon="146.11968">
        <ele>887.71</ele>
      </trkpt>
      <trkpt lat="-41.91032" lon="146.11973">
        <ele>886.76</ele>
      </trkpt>
      <trkpt lat="-41.91036" lon="146.1198">
        <ele>885.78</ele>
      </trkpt>
      <trkpt lat="-41.91039" lon="146.11985">
        <ele>885.03</ele>
      </trkpt>
      <trkpt lat="-41.91042" lon="146.11989">
        <ele>884.37</ele>
      </trkpt>
      <trkpt lat="-41.91046" lon="146.11992">
        <ele>883.74</ele>
      </trkpt>
      <trkpt lat="-41.91049" lon="146.11997">
        <ele>882.88</ele>
      </trkpt>
      <trkpt lat="-41.9105" lon="146.12003">
        <ele>882.31</ele>
      </trkpt>
      <trkpt lat="-41.91053" lon="146.12009">
        <ele>881.89</ele>
      </trkpt>
      <trkpt lat="-41.91055" lon="146.12016">
        <ele>881.48</ele>
      </trkpt>
      <trkpt lat="-41.91056" lon="146.12022">
        <ele>881.23</ele>
      </trkpt>
      <trkpt lat="-41.91058" lon="146.12028">
        <ele>881.07</ele>
      </trkpt>
      <trkpt lat="-41.9106" lon="146.12034">
        <ele>880.56</ele>
      </trkpt>
      <trkpt lat="-41.91063" lon="146.12039">
        <ele>880.27</ele>
      </trkpt>
      <trkpt lat="-41.91065" lon="146.12044">
        <ele>879.99</ele>
      </trkpt>
      <trkpt lat="-41.91069" lon="146.12048">
        <ele>880.0</ele>
      </trkpt>
      <trkpt lat="-41.91073" lon="146.12052">
        <ele>880.11</ele>
      </trkpt>
      <trkpt lat="-41.91075" lon="146.12054">
        <ele>880.19</ele>
      </trkpt>
      <trkpt lat="-41.91076" lon="146.12053">
        <ele>880.35</ele>
      </trkpt>
      <trkpt lat="-41.91078" lon="146.12058">
        <ele>880.09</ele>
      </trkpt>
      <trkpt lat="-41.91084" lon="146.12068">
        <ele>879.29</ele>
      </trkpt>
      <trkpt lat="-41.91085" lon="146.12079">
        <ele>877.94</ele>
      </trkpt>
      <trkpt lat="-41.91087" lon="146.12088">
        <ele>877.6</ele>
      </trkpt>
      <trkpt lat="-41.91091" lon="146.12096">
        <ele>878.07</ele>
      </trkpt>
      <trkpt lat="-41.91095" lon="146.12111">
        <ele>878.11</ele>
      </trkpt>
      <trkpt lat="-41.91098" lon="146.12121">
        <ele>877.93</ele>
      </trkpt>
      <trkpt lat="-41.91101" lon="146.1213">
        <ele>877.82</ele>
      </trkpt>
      <trkpt lat="-41.91106" lon="146.12151">
        <ele>877.21</ele>
      </trkpt>
      <trkpt lat="-41.91106" lon="146.12151">
        <ele>877.21</ele>
      </trkpt>
      <trkpt lat="-41.91113" lon="146.12159">
        <ele>878.04</ele>
      </trkpt>
      <trkpt lat="-41.91126" lon="146.12185">
        <ele>880.27</ele>
      </trkpt>
      <trkpt lat="-41.91136" lon="146.1219">
        <ele>882.58</ele>
      </trkpt>
      <trkpt lat="-41.91139" lon="146.12187">
        <ele>883.55</ele>
      </trkpt>
      <trkpt lat="-41.91144" lon="146.12186">
        <ele>884.23</ele>
      </trkpt>
      <trkpt lat="-41.9115" lon="146.12183">
        <ele>885.09</ele>
      </trkpt>
      <trkpt lat="-41.91155" lon="146.1218">
        <ele>885.76</ele>
      </trkpt>
      <trkpt lat="-41.9116" lon="146.12178">
        <ele>886.32</ele>
      </trkpt>
      <trkpt lat="-41.91165" lon="146.12178">
        <ele>886.83</ele>
      </trkpt>
      <trkpt lat="-41.91169" lon="146.12178">
        <ele>886.76</ele>
      </trkpt>
      <trkpt lat="-41.91174" lon="146.1218">
        <ele>886.22</ele>
      </trkpt>
      <trkpt lat="-41.91178" lon="146.12184">
        <ele>885.67</ele>
      </trkpt>
      <trkpt lat="-41.91182" lon="146.12187">
        <ele>885.09</ele>
      </trkpt>
      <trkpt lat="-41.91185" lon="146.12192">
        <ele>884.48</ele>
      </trkpt>
      <trkpt lat="-41.91189" lon="146.12197">
        <ele>883.58</ele>
      </trkpt>
      <trkpt lat="-41.91193" lon="146.12199">
        <ele>882.87</ele>
      </trkpt>
      <trkpt lat="-41.91197" lon="146.12201">
        <ele>882.51</ele>
      </trkpt>
      <trkpt lat="-41.91202" lon="146.12203">
        <ele>882.3</ele>
      </trkpt>
      <trkpt lat="-41.91201" lon="146.12204">
        <ele>882.23</ele>
      </trkpt>
      <trkpt lat="-41.91204" lon="146.12206">
        <ele>882.02</ele>
      </trkpt>
      <trkpt lat="-41.91212" lon="146.12208">
        <ele>881.72</ele>
      </trkpt>
      <trkpt lat="-41.91221" lon="146.12213">
        <ele>881.03</ele>
      </trkpt>
      <trkpt lat="-41.91232" lon="146.12223">
        <ele>881.73</ele>
      </trkpt>
      <trkpt lat="-41.91238" lon="146.12232">
        <ele>882.74</ele>
      </trkpt>
      <trkpt lat="-41.9124" lon="146.12234">
        <ele>883.17</ele>
      </trkpt>
      <trkpt lat="-41.9124" lon="146.12234">
        <ele>883.17</ele>
      </trkpt>
      <trkpt lat="-41.91251" lon="146.12244">
        <ele>886.02</ele>
      </trkpt>
      <trkpt lat="-41.91261" lon="146.12247">
        <ele>888.35</ele>
      </trkpt>
      <trkpt lat="-41.91275" lon="146.12262">
        <ele>890.49</ele>
      </trkpt>
      <trkpt lat="-41.91276" lon="146.1226">
        <ele>890.87</ele>
      </trkpt>
      <trkpt lat="-41.91281" lon="146.1226">
        <ele>891.43</ele>
      </trkpt>
      <trkpt lat="-41.91287" lon="146.12265">
        <ele>891.23</ele>
      </trkpt>
      <trkpt lat="-41.91291" lon="146.12269">
        <ele>890.93</ele>
      </trkpt>
      <trkpt lat="-41.91295" lon="146.12273">
        <ele>890.56</ele>
      </trkpt>
      <trkpt lat="-41.91298" lon="146.12279">
        <ele>889.74</ele>
      </trkpt>
      <trkpt lat="-41.913" lon="146.12285">
        <ele>888.54</ele>
      </trkpt>
      <trkpt lat="-41.91303" lon="146.12292">
        <ele>887.3</ele>
      </trkpt>
      <trkpt lat="-41.91306" lon="146.12297">
        <ele>886.61</ele>
      </trkpt>
      <trkpt lat="-41.91308" lon="146.12302">
        <ele>886.01</ele>
      </trkpt>
      <trkpt lat="-41.91312" lon="146.12306">
        <ele>885.84</ele>
      </trkpt>
      <trkpt lat="-41.91314" lon="146.12309">
        <ele>885.56</ele>
      </trkpt>
      <trkpt lat="-41.91316" lon="146.12312">
        <ele>885.26</ele>
      </trkpt>
      <trkpt lat="-41.9132" lon="146.12316">
        <ele>885.0</ele>
      </trkpt>
      <trkpt lat="-41.91327" lon="146.12322">
        <ele>884.67</ele>
      </trkpt>
      <trkpt lat="-41.91331" lon="146.12327">
        <ele>884.1</ele>
      </trkpt>
      <trkpt lat="-41.91335" lon="146.1233">
        <ele>883.71</ele>
      </trkpt>
      <trkpt lat="-41.91339" lon="146.12332">
        <ele>883.28</ele>
      </trkpt>
      <trkpt lat="-41.91344" lon="146.12334">
        <ele>882.89</ele>
      </trkpt>
      <trkpt lat="-41.91349" lon="146.12335">
        <ele>882.73</ele>
      </trkpt>
      <trkpt lat="-41.91353" lon="146.12337">
        <ele>882.43</ele>
      </trkpt>
      <trkpt lat="-41.91358" lon="146.12338">
        <ele>882.31</ele>
      </trkpt>
      <trkpt lat="-41.91362" lon="146.12339">
        <ele>882.25</ele>
      </trkpt>
      <trkpt lat="-41.91367" lon="146.1234">
        <ele>882.46</ele>
      </trkpt>
      <trkpt lat="-41.91372" lon="146.12341">
        <ele>882.68</ele>
      </trkpt>
      <trkpt lat="-41.91377" lon="146.12343">
        <ele>882.75</ele>
      </trkpt>
      <trkpt lat="-41.91381" lon="146.12343">
        <ele>883.04</ele>
      </trkpt>
      <trkpt lat="-41.91385" lon="146.12344">
        <ele>883.18</ele>
      </trkpt>
      <trkpt lat="-41.91385" lon="146.12345">
        <ele>883.04</ele>
      </trkpt>
      <trkpt lat="-41.91403" lon="146.1234">
        <ele>887.11</ele>
      </trkpt>
      <trkpt lat="-41.91423" lon="146.12346">
        <ele>889.51</ele>
      </trkpt>
      <trkpt lat="-41.91423" lon="146.12346">
        <ele>889.51</ele>
      </trkpt>
      <trkpt lat="-41.91447" lon="146.12346">
        <ele>893.81</ele>
      </trkpt>
      <trkpt lat="-41.91447" lon="146.12346">
        <ele>893.81</ele>
      </trkpt>
      <trkpt lat="-41.91453" lon="146.12345">
        <ele>895.03</ele>
      </trkpt>
      <trkpt lat="-41.91473" lon="146.12346">
        <ele>897.69</ele>
      </trkpt>
      <trkpt lat="-41.91477" lon="146.12348">
        <ele>898.27</ele>
      </trkpt>
      <trkpt lat="-41.91499" lon="146.12375">
        <ele>893.3</ele>
      </trkpt>
      <trkpt lat="-41.91523" lon="146.12388">
        <ele>888.7</ele>
      </trkpt>
      <trkpt lat="-41.91531" lon="146.12388">
        <ele>889.75</ele>
      </trkpt>
      <trkpt lat="-41.91531" lon="146.12388">
        <ele>889.75</ele>
      </trkpt>
      <trkpt lat="-41.91558" lon="146.1239">
        <ele>895.0</ele>
      </trkpt>
      <trkpt lat="-41.91574" lon="146.12387">
        <ele>903.24</ele>
      </trkpt>
      <trkpt lat="-41.91598" lon="146.12389">
        <ele>910.13</ele>
      </trkpt>
      <trkpt lat="-41.91639" lon="146.12383">
        <ele>915.99</ele>
      </trkpt>
      <trkpt lat="-41.91671" lon="146.1239">
        <ele>913.76</ele>
      </trkpt>
      <trkpt lat="-41.91693" lon="146.124">
        <ele>911.6</ele>
      </trkpt>
      <trkpt lat="-41.91693" lon="146.12401">
        <ele>911.38</ele>
      </trkpt>
      <trkpt lat="-41.91711" lon="146.12414">
        <ele>906.67</ele>
      </trkpt>
      <trkpt lat="-41.91722" lon="146.12428">
        <ele>902.97</ele>
      </trkpt>
      <trkpt lat="-41.91722" lon="146.12428">
        <ele>902.97</ele>
      </trkpt>
      <trkpt lat="-41.91739" lon="146.12448">
        <ele>901.58</ele>
      </trkpt>
      <trkpt lat="-41.91755" lon="146.12456">
        <ele>902.3</ele>
      </trkpt>
      <trkpt lat="-41.9178" lon="146.12467">
        <ele>901.29</ele>
      </trkpt>
      <trkpt lat="-41.9178" lon="146.12467">
        <ele>901.29</ele>
      </trkpt>
      <trkpt lat="-41.9179" lon="146.12454">
        <ele>903.19</ele>
      </trkpt>
      <trkpt lat="-41.91793" lon="146.12449">
        <ele>904.02</ele>
      </trkpt>
      <trkpt lat="-41.91802" lon="146.12438">
        <ele>907.45</ele>
      </trkpt>
      <trkpt lat="-41.91816" lon="146.12424">
        <ele>912.38</ele>
      </trkpt>
      <trkpt lat="-41.91829" lon="146.1241">
        <ele>915.45</ele>
      </trkpt>
      <trkpt lat="-41.9184" lon="146.12393">
        <ele>916.24</ele>
      </trkpt>
      <trkpt lat="-41.91848" lon="146.12393">
        <ele>916.53</ele>
      </trkpt>
      <trkpt lat="-41.91851" lon="146.12387">
        <ele>916.57</ele>
      </trkpt>
      <trkpt lat="-41.91853" lon="146.12379">
        <ele>916.35</ele>
      </trkpt>
      <trkpt lat="-41.91853" lon="146.12371">
        <ele>916.06</ele>
      </trkpt>
      <trkpt lat="-41.91853" lon="146.12361">
        <ele>915.7</ele>
      </trkpt>
      <trkpt lat="-41.91853" lon="146.12335">
        <ele>914.22</ele>
      </trkpt>
      <trkpt lat="-41.9185" lon="146.12308">
        <ele>912.16</ele>
      </trkpt>
      <trkpt lat="-41.91858" lon="146.12273">
        <ele>911.19</ele>
      </trkpt>
      <trkpt lat="-41.91858" lon="146.12273">
        <ele>911.19</ele>
      </trkpt>
      <trkpt lat="-41.91859" lon="146.12268">
        <ele>911.1</ele>
      </trkpt>
      <trkpt lat="-41.9186" lon="146.12252">
        <ele>911.01</ele>
      </trkpt>
      <trkpt lat="-41.9185" lon="146.12233">
        <ele>912.35</ele>
      </trkpt>
      <trkpt lat="-41.91851" lon="146.12216">
        <ele>913.78</ele>
      </trkpt>
      <trkpt lat="-41.91855" lon="146.122">
        <ele>915.61</ele>
      </trkpt>
      <trkpt lat="-41.91866" lon="146.12193">
        <ele>917.19</ele>
      </trkpt>
      <trkpt lat="-41.91879" lon="146.12189">
        <ele>917.9</ele>
      </trkpt>
      <trkpt lat="-41.91888" lon="146.12182">
        <ele>918.84</ele>
      </trkpt>
      <trkpt lat="-41.9189" lon="146.12171">
        <ele>919.53</ele>
      </trkpt>
      <trkpt lat="-41.91891" lon="146.12155">
        <ele>920.47</ele>
      </trkpt>
      <trkpt lat="-41.91891" lon="146.1214">
        <ele>921.47</ele>
      </trkpt>
      <trkpt lat="-41.91888" lon="146.12125">
        <ele>920.32</ele>
      </trkpt>
      <trkpt lat="-41.91886" lon="146.12114">
        <ele>918.86</ele>
      </trkpt>
      <trkpt lat="-41.91878" lon="146.12106">
        <ele>916.84</ele>
      </trkpt>
      <trkpt lat="-41.91877" lon="146.12091">
        <ele>915.01</ele>
      </trkpt>
      <trkpt lat="-41.91877" lon="146.12067">
        <ele>913.22</ele>
      </trkpt>
      <trkpt lat="-41.91872" lon="146.12049">
        <ele>913.54</ele>
      </trkpt>
      <trkpt lat="-41.91867" lon="146.12027">
        <ele>918.64</ele>
      </trkpt>
      <trkpt lat="-41.91861" lon="146.12003">
        <ele>924.49</ele>
      </trkpt>
      <trkpt lat="-41.91857" lon="146.11978">
        <ele>929.09</ele>
      </trkpt>
      <trkpt lat="-41.91856" lon="146.11954">
        <ele>926.06</ele>
      </trkpt>
      <trkpt lat="-41.91853" lon="146.11935">
        <ele>925.56</ele>
      </trkpt>
      <trkpt lat="-41.91852" lon="146.11918">
        <ele>925.65</ele>
      </trkpt>
      <trkpt lat="-41.9185" lon="146.11904">
        <ele>927.66</ele>
      </trkpt>
      <trkpt lat="-41.91847" lon="146.11893">
        <ele>929.15</ele>
      </trkpt>
      <trkpt lat="-41.91833" lon="146.11879">
        <ele>930.27</ele>
      </trkpt>
      <trkpt lat="-41.91824" lon="146.11866">
        <ele>927.98</ele>
      </trkpt>
      <trkpt lat="-41.91821" lon="146.11841">
        <ele>929.82</ele>
      </trkpt>
      <trkpt lat="-41.91823" lon="146.11827">
        <ele>932.02</ele>
      </trkpt>
      <trkpt lat="-41.91817" lon="146.11804">
        <ele>933.22</ele>
      </trkpt>
      <trkpt lat="-41.9182" lon="146.11784">
        <ele>935.96</ele>
      </trkpt>
      <trkpt lat="-41.9182" lon="146.11781">
        <ele>936.29</ele>
      </trkpt>
      <trkpt lat="-41.91814" lon="146.1175">
        <ele>937.22</ele>
      </trkpt>
      <trkpt lat="-41.91817" lon="146.11712">
        <ele>938.58</ele>
      </trkpt>
      <trkpt lat="-41.9182" lon="146.11695">
        <ele>939.45</ele>
      </trkpt>
      <trkpt lat="-41.91796" lon="146.11662">
        <ele>943.65</ele>
      </trkpt>
      <trkpt lat="-41.9178" lon="146.11608">
        <ele>946.1</ele>
      </trkpt>
      <trkpt lat="-41.91781" lon="146.11608">
        <ele>946.14</ele>
      </trkpt>
      <trkpt lat="-41.91778" lon="146.11596">
        <ele>946.02</ele>
      </trkpt>
      <trkpt lat="-41.91772" lon="146.11575">
        <ele>947.76</ele>
      </trkpt>
      <trkpt lat="-41.91772" lon="146.11565">
        <ele>949.13</ele>
      </trkpt>
      <trkpt lat="-41.9177" lon="146.11552">
        <ele>951.54</ele>
      </trkpt>
      <trkpt lat="-41.91762" lon="146.11546">
        <ele>954.37</ele>
      </trkpt>
      <trkpt lat="-41.91761" lon="146.1154">
        <ele>956.6</ele>
      </trkpt>
      <trkpt lat="-41.91757" lon="146.11535">
        <ele>959.26</ele>
      </trkpt>
      <trkpt lat="-41.91758" lon="146.11528">
        <ele>961.61</ele>
      </trkpt>
      <trkpt lat="-41.91757" lon="146.11524">
        <ele>963.14</ele>
      </trkpt>
      <trkpt lat="-41.91754" lon="146.11507">
        <ele>968.41</ele>
      </trkpt>
      <trkpt lat="-41.91752" lon="146.11495">
        <ele>970.49</ele>
      </trkpt>
      <trkpt lat="-41.91752" lon="146.11486">
        <ele>971.12</ele>
      </trkpt>
      <trkpt lat="-41.91754" lon="146.11479">
        <ele>971.69</ele>
      </trkpt>
      <trkpt lat="-41.91766" lon="146.11464">
        <ele>972.87</ele>
      </trkpt>
      <trkpt lat="-41.91767" lon="146.11455">
        <ele>973.23</ele>
      </trkpt>
      <trkpt lat="-41.9178" lon="146.11384">
        <ele>975.08</ele>
      </trkpt>
      <trkpt lat="-41.918" lon="146.11353">
        <ele>975.57</ele>
      </trkpt>
      <trkpt lat="-41.91812" lon="146.11343">
        <ele>977.8</ele>
      </trkpt>
      <trkpt lat="-41.9182" lon="146.11326">
        <ele>981.5</ele>
      </trkpt>
      <trkpt lat="-41.91843" lon="146.11299">
        <ele>983.87</ele>
      </trkpt>
      <trkpt lat="-41.91844" lon="146.113">
        <ele>983.54</ele>
      </trkpt>
      <trkpt lat="-41.91851" lon="146.11285">
        <ele>981.28</ele>
      </trkpt>
      <trkpt lat="-41.91859" lon="146.11261">
        <ele>978.03</ele>
      </trkpt>
      <trkpt lat="-41.91863" lon="146.11236">
        <ele>977.8</ele>
      </trkpt>
      <trkpt lat="-41.9187" lon="146.11223">
        <ele>977.68</ele>
      </trkpt>
      <trkpt lat="-41.91883" lon="146.11204">
        <ele>975.85</ele>
      </trkpt>
      <trkpt lat="-41.91886" lon="146.11196">
        <ele>975.42</ele>
      </trkpt>
      <trkpt lat="-41.91888" lon="146.11182">
        <ele>975.58</ele>
      </trkpt>
      <trkpt lat="-41.91885" lon="146.11166">
        <ele>976.55</ele>
      </trkpt>
      <trkpt lat="-41.91885" lon="146.11156">
        <ele>976.34</ele>
      </trkpt>
      <trkpt lat="-41.91887" lon="146.11143">
        <ele>975.59</ele>
      </trkpt>
      <trkpt lat="-41.91886" lon="146.11127">
        <ele>976.33</ele>
      </trkpt>
      <trkpt lat="-41.9188" lon="146.11104">
        <ele>980.97</ele>
      </trkpt>
      <trkpt lat="-41.91873" lon="146.11093">
        <ele>985.83</ele>
      </trkpt>
      <trkpt lat="-41.91857" lon="146.11062">
        <ele>997.87</ele>
      </trkpt>
      <trkpt lat="-41.91853" lon="146.11046">
        <ele>1000.2</ele>
      </trkpt>
      <trkpt lat="-41.91853" lon="146.11026">
        <ele>1001.84</ele>
      </trkpt>
      <trkpt lat="-41.91844" lon="146.11002">
        <ele>994.95</ele>
      </trkpt>
      <trkpt lat="-41.91845" lon="146.10987">
        <ele>992.54</ele>
      </trkpt>
      <trkpt lat="-41.91845" lon="146.10972">
        <ele>990.1</ele>
      </trkpt>
      <trkpt lat="-41.91849" lon="146.10954">
        <ele>991.11</ele>
      </trkpt>
      <trkpt lat="-41.91849" lon="146.10954">
        <ele>991.11</ele>
      </trkpt>
      <trkpt lat="-41.91852" lon="146.10944">
        <ele>991.69</ele>
      </trkpt>
      <trkpt lat="-41.91857" lon="146.10935">
        <ele>992.46</ele>
      </trkpt>
      <trkpt lat="-41.91865" lon="146.10923">
        <ele>994.2</ele>
      </trkpt>
      <trkpt lat="-41.91874" lon="146.10914">
        <ele>996.65</ele>
      </trkpt>
      <trkpt lat="-41.91878" lon="146.10888">
        <ele>992.84</ele>
      </trkpt>
      <trkpt lat="-41.9188" lon="146.10872">
        <ele>992.78</ele>
      </trkpt>
      <trkpt lat="-41.91876" lon="146.10847">
        <ele>994.03</ele>
      </trkpt>
      <trkpt lat="-41.91867" lon="146.10817">
        <ele>999.05</ele>
      </trkpt>
      <trkpt lat="-41.91862" lon="146.10797">
        <ele>1001.56</ele>
      </trkpt>
      <trkpt lat="-41.91858" lon="146.10789">
        <ele>1002.71</ele>
      </trkpt>
      <trkpt lat="-41.91862" lon="146.10768">
        <ele>1003.62</ele>
      </trkpt>
      <trkpt lat="-41.91863" lon="146.10737">
        <ele>1006.7</ele>
      </trkpt>
      <trkpt lat="-41.91863" lon="146.1072">
        <ele>1009.02</ele>
      </trkpt>
      <trkpt lat="-41.91863" lon="146.1072">
        <ele>1009.02</ele>
      </trkpt>
      <trkpt lat="-41.91865" lon="146.10707">
        <ele>1009.99</ele>
      </trkpt>
      <trkpt lat="-41.91869" lon="146.10691">
        <ele>1010.49</ele>
      </trkpt>
      <trkpt lat="-41.91868" lon="146.10682">
        <ele>1011.18</ele>
      </trkpt>
      <trkpt lat="-41.91867" lon="146.10653">
        <ele>1011.97</ele>
      </trkpt>
      <trkpt lat="-41.9186" lon="146.1063">
        <ele>1012.63</ele>
      </trkpt>
      <trkpt lat="-41.91861" lon="146.1061">
        <ele>1013.15</ele>
      </trkpt>
      <trkpt lat="-41.91862" lon="146.106">
        <ele>1014.08</ele>
      </trkpt>
      <trkpt lat="-41.91858" lon="146.10585">
        <ele>1016.29</ele>
      </trkpt>
      <trkpt lat="-41.9186" lon="146.10573">
        <ele>1016.19</ele>
      </trkpt>
      <trkpt lat="-41.91859" lon="146.10561">
        <ele>1016.43</ele>
      </trkpt>
      <trkpt lat="-41.91864" lon="146.10553">
        <ele>1015.22</ele>
      </trkpt>
      <trkpt lat="-41.91868" lon="146.10546">
        <ele>1014.26</ele>
      </trkpt>
      <trkpt lat="-41.91867" lon="146.10534">
        <ele>1014.4</ele>
      </trkpt>
      <trkpt lat="-41.91871" lon="146.10518">
        <ele>1013.96</ele>
      </trkpt>
      <trkpt lat="-41.91874" lon="146.10511">
        <ele>1013.84</ele>
      </trkpt>
      <trkpt lat="-41.91877" lon="146.10506">
        <ele>1013.85</ele>
      </trkpt>
      <trkpt lat="-41.91877" lon="146.10506">
        <ele>1013.85</ele>
      </trkpt>
      <trkpt lat="-41.91894" lon="146.10483">
        <ele>1016.12</ele>
      </trkpt>
      <trkpt lat="-41.91905" lon="146.10472">
        <ele>1017.47</ele>
      </trkpt>
      <trkpt lat="-41.91913" lon="146.10457">
        <ele>1020.82</ele>
      </trkpt>
      <trkpt lat="-41.91918" lon="146.10445">
        <ele>1023.86</ele>
      </trkpt>
      <trkpt lat="-41.91921" lon="146.10434">
        <ele>1025.13</ele>
      </trkpt>
      <trkpt lat="-41.91926" lon="146.10413">
        <ele>1027.53</ele>
      </trkpt>
      <trkpt lat="-41.91925" lon="146.10392">
        <ele>1030.55</ele>
      </trkpt>
      <trkpt lat="-41.91927" lon="146.1037">
        <ele>1033.97</ele>
      </trkpt>
      <trkpt lat="-41.91929" lon="146.10349">
        <ele>1038.45</ele>
      </trkpt>
      <trkpt lat="-41.91937" lon="146.10333">
        <ele>1043.24</ele>
      </trkpt>
      <trkpt lat="-41.91939" lon="146.10318">
        <ele>1045.28</ele>
      </trkpt>
      <trkpt lat="-41.91949" lon="146.10309">
        <ele>1045.83</ele>
      </trkpt>
      <trkpt lat="-41.91954" lon="146.10301">
        <ele>1045.56</ele>
      </trkpt>
      <trkpt lat="-41.91954" lon="146.10301">
        <ele>1045.56</ele>
      </trkpt>
      <trkpt lat="-41.91956" lon="146.10298">
        <ele>1045.42</ele>
      </trkpt>
      <trkpt lat="-41.91964" lon="146.10293">
        <ele>1044.57</ele>
      </trkpt>
      <trkpt lat="-41.91978" lon="146.10286">
        <ele>1044.38</ele>
      </trkpt>
      <trkpt lat="-41.91994" lon="146.10286">
        <ele>1045.13</ele>
      </trkpt>
      <trkpt lat="-41.92015" lon="146.1028">
        <ele>1047.87</ele>
      </trkpt>
      <trkpt lat="-41.92028" lon="146.10271">
        <ele>1051.27</ele>
      </trkpt>
      <trkpt lat="-41.92035" lon="146.10255">
        <ele>1055.28</ele>
      </trkpt>
      <trkpt lat="-41.92051" lon="146.10221">
        <ele>1062.28</ele>
      </trkpt>
      <trkpt lat="-41.92054" lon="146.10203">
        <ele>1064.14</ele>
      </trkpt>
      <trkpt lat="-41.92064" lon="146.10192">
        <ele>1066.03</ele>
      </trkpt>
      <trkpt lat="-41.92078" lon="146.10176">
        <ele>1068.62</ele>
      </trkpt>
      <trkpt lat="-41.9209" lon="146.10164">
        <ele>1072.02</ele>
      </trkpt>
      <trkpt lat="-41.9209" lon="146.10164">
        <ele>1072.02</ele>
      </trkpt>
      <trkpt lat="-41.92097" lon="146.10158">
        <ele>1073.67</ele>
      </trkpt>
      <trkpt lat="-41.92105" lon="146.1014">
        <ele>1073.96</ele>
      </trkpt>
      <trkpt lat="-41.92107" lon="146.1012">
        <ele>1069.38</ele>
      </trkpt>
      <trkpt lat="-41.92113" lon="146.101">
        <ele>1065.56</ele>
      </trkpt>
      <trkpt lat="-41.92126" lon="146.10082">
        <ele>1066.52</ele>
      </trkpt>
      <trkpt lat="-41.9213" lon="146.10064">
        <ele>1061.07</ele>
      </trkpt>
      <trkpt lat="-41.9213" lon="146.10042">
        <ele>1054.91</ele>
      </trkpt>
      <trkpt lat="-41.92129" lon="146.10029">
        <ele>1052.25</ele>
      </trkpt>
      <trkpt lat="-41.92131" lon="146.10017">
        <ele>1051.06</ele>
      </trkpt>
      <trkpt lat="-41.92143" lon="146.09983">
        <ele>1047.69</ele>
      </trkpt>
      <trkpt lat="-41.9215" lon="146.09949">
        <ele>1042.79</ele>
      </trkpt>
      <trkpt lat="-41.92151" lon="146.09939">
        <ele>1042.85</ele>
      </trkpt>
      <trkpt lat="-41.92161" lon="146.09926">
        <ele>1046.5</ele>
      </trkpt>
      <trkpt lat="-41.9216" lon="146.09901">
        <ele>1045.71</ele>
      </trkpt>
      <trkpt lat="-41.92165" lon="146.09888">
        <ele>1044.62</ele>
      </trkpt>
      <trkpt lat="-41.92165" lon="146.09888">
        <ele>1044.62</ele>
      </trkpt>
      <trkpt lat="-41.92188" lon="146.09859">
        <ele>1047.46</ele>
      </trkpt>
      <trkpt lat="-41.92198" lon="146.09829">
        <ele>1048.82</ele>
      </trkpt>
      <trkpt lat="-41.92203" lon="146.09817">
        <ele>1048.12</ele>
      </trkpt>
      <trkpt lat="-41.92214" lon="146.09792">
        <ele>1047.56</ele>
      </trkpt>
      <trkpt lat="-41.92222" lon="146.0978">
        <ele>1047.29</ele>
      </trkpt>
      <trkpt lat="-41.92235" lon="146.09752">
        <ele>1040.11</ele>
      </trkpt>
      <trkpt lat="-41.92238" lon="146.09741">
        <ele>1037.3</ele>
      </trkpt>
      <trkpt lat="-41.92243" lon="146.09731">
        <ele>1034.64</ele>
      </trkpt>
      <trkpt lat="-41.92243" lon="146.09711">
        <ele>1032.7</ele>
      </trkpt>
      <trkpt lat="-41.92246" lon="146.09701">
        <ele>1033.16</ele>
      </trkpt>
      <trkpt lat="-41.9225" lon="146.09696">
        <ele>1033.89</ele>
      </trkpt>
      <trkpt lat="-41.92263" lon="146.09683">
        <ele>1036.42</ele>
      </trkpt>
      <trkpt lat="-41.92263" lon="146.09673">
        <ele>1036.09</ele>
      </trkpt>
      <trkpt lat="-41.92266" lon="146.09664">
        <ele>1035.96</ele>
      </trkpt>
      <trkpt lat="-41.92265" lon="146.09648">
        <ele>1033.78</ele>
      </trkpt>
      <trkpt lat="-41.92264" lon="146.09636">
        <ele>1032.1</ele>
      </trkpt>
      <trkpt lat="-41.92265" lon="146.09622">
        <ele>1030.19</ele>
      </trkpt>
      <trkpt lat="-41.92272" lon="146.0961">
        <ele>1029.29</ele>
      </trkpt>
      <trkpt lat="-41.92281" lon="146.09602">
        <ele>1030.12</ele>
      </trkpt>
      <trkpt lat="-41.92289" lon="146.09589">
        <ele>1030.91</ele>
      </trkpt>
      <trkpt lat="-41.92306" lon="146.09587">
        <ele>1034.41</ele>
      </trkpt>
      <trkpt lat="-41.9232" lon="146.09578">
        <ele>1033.94</ele>
      </trkpt>
      <trkpt lat="-41.9232" lon="146.09578">
        <ele>1033.94</ele>
      </trkpt>
      <trkpt lat="-41.92341" lon="146.09564">
        <ele>1031.94</ele>
      </trkpt>
      <trkpt lat="-41.92349" lon="146.09548">
        <ele>1029.65</ele>
      </trkpt>
      <trkpt lat="-41.92355" lon="146.09529">
        <ele>1027.89</ele>
      </trkpt>
      <trkpt lat="-41.92359" lon="146.09526">
        <ele>1027.79</ele>
      </trkpt>
      <trkpt lat="-41.92362" lon="146.09512">
        <ele>1026.84</ele>
      </trkpt>
      <trkpt lat="-41.92365" lon="146.09477">
        <ele>1025.77</ele>
      </trkpt>
      <trkpt lat="-41.9237" lon="146.09461">
        <ele>1023.6</ele>
      </trkpt>
      <trkpt lat="-41.92377" lon="146.09454">
        <ele>1022.33</ele>
      </trkpt>
      <trkpt lat="-41.92403" lon="146.09434">
        <ele>1018.22</ele>
      </trkpt>
      <trkpt lat="-41.92425" lon="146.09426">
        <ele>1015.44</ele>
      </trkpt>
      <trkpt lat="-41.92425" lon="146.09426">
        <ele>1015.44</ele>
      </trkpt>
      <trkpt lat="-41.92428" lon="146.09425">
        <ele>1015.08</ele>
      </trkpt>
      <trkpt lat="-41.92435" lon="146.09421">
        <ele>1014.18</ele>
      </trkpt>
      <trkpt lat="-41.92445" lon="146.09415">
        <ele>1012.7</ele>
      </trkpt>
      <trkpt lat="-41.9246" lon="146.09412">
        <ele>1010.74</ele>
      </trkpt>
      <trkpt lat="-41.9247" lon="146.09398">
        <ele>1008.17</ele>
      </trkpt>
      <trkpt lat="-41.92468" lon="146.09378">
        <ele>1005.68</ele>
      </trkpt>
      <trkpt lat="-41.92465" lon="146.09377">
        <ele>1005.7</ele>
      </trkpt>
      <trkpt lat="-41.92463" lon="146.09371">
        <ele>1004.87</ele>
      </trkpt>
      <trkpt lat="-41.92462" lon="146.09365">
        <ele>1003.98</ele>
      </trkpt>
      <trkpt lat="-41.92462" lon="146.09358">
        <ele>1002.73</ele>
      </trkpt>
      <trkpt lat="-41.92464" lon="146.09352">
        <ele>1001.46</ele>
      </trkpt>
      <trkpt lat="-41.92469" lon="146.09349">
        <ele>1000.83</ele>
      </trkpt>
      <trkpt lat="-41.92473" lon="146.09348">
        <ele>1000.57</ele>
      </trkpt>
      <trkpt lat="-41.92477" lon="146.09347">
        <ele>1000.03</ele>
      </trkpt>
      <trkpt lat="-41.92481" lon="146.09345">
        <ele>999.23</ele>
      </trkpt>
      <trkpt lat="-41.92483" lon="146.09345">
        <ele>999.04</ele>
      </trkpt>
      <trkpt lat="-41.92488" lon="146.09345">
        <ele>998.54</ele>
      </trkpt>
      <trkpt lat="-41.92494" lon="146.09345">
        <ele>997.95</ele>
      </trkpt>
      <trkpt lat="-41.92499" lon="146.09342">
        <ele>996.61</ele>
      </trkpt>
      <trkpt lat="-41.92503" lon="146.0934">
        <ele>995.79</ele>
      </trkpt>
      <trkpt lat="-41.92507" lon="146.09335">
        <ele>994.4</ele>
      </trkpt>
      <trkpt lat="-41.92509" lon="146.09329">
        <ele>992.97</ele>
      </trkpt>
      <trkpt lat="-41.92511" lon="146.09323">
        <ele>991.4</ele>
      </trkpt>
      <trkpt lat="-41.92513" lon="146.09317">
        <ele>989.68</ele>
      </trkpt>
      <trkpt lat="-41.92514" lon="146.09311">
        <ele>987.95</ele>
      </trkpt>
      <trkpt lat="-41.92516" lon="146.09304">
        <ele>985.44</ele>
      </trkpt>
      <trkpt lat="-41.92517" lon="146.09298">
        <ele>982.62</ele>
      </trkpt>
      <trkpt lat="-41.92518" lon="146.09291">
        <ele>979.32</ele>
      </trkpt>
      <trkpt lat="-41.9252" lon="146.09285">
        <ele>976.19</ele>
      </trkpt>
      <trkpt lat="-41.92522" lon="146.0928">
        <ele>973.46</ele>
      </trkpt>
      <trkpt lat="-41.92524" lon="146.09273">
        <ele>969.84</ele>
      </trkpt>
      <trkpt lat="-41.92527" lon="146.09268">
        <ele>966.95</ele>
      </trkpt>
      <trkpt lat="-41.9253" lon="146.09263">
        <ele>964.22</ele>
      </trkpt>
      <trkpt lat="-41.92533" lon="146.09259">
        <ele>962.01</ele>
      </trkpt>
      <trkpt lat="-41.92537" lon="146.09255">
        <ele>959.71</ele>
      </trkpt>
      <trkpt lat="-41.92542" lon="146.09252">
        <ele>957.74</ele>
      </trkpt>
      <trkpt lat="-41.92547" lon="146.09251">
        <ele>956.61</ele>
      </trkpt>
      <trkpt lat="-41.92547" lon="146.09251">
        <ele>956.61</ele>
      </trkpt>
      <trkpt lat="-41.92557" lon="146.0925">
        <ele>954.9</ele>
      </trkpt>
      <trkpt lat="-41.92558" lon="146.09248">
        <ele>954.68</ele>
      </trkpt>
      <trkpt lat="-41.92564" lon="146.09249">
        <ele>954.32</ele>
      </trkpt>
      <trkpt lat="-41.92569" lon="146.09249">
        <ele>953.96</ele>
      </trkpt>
      <trkpt lat="-41.92573" lon="146.0925">
        <ele>953.74</ele>
      </trkpt>
      <trkpt lat="-41.92578" lon="146.09251">
        <ele>953.6</ele>
      </trkpt>
      <trkpt lat="-41.92583" lon="146.09252">
        <ele>953.39</ele>
      </trkpt>
      <trkpt lat="-41.92588" lon="146.09253">
        <ele>954.18</ele>
      </trkpt>
      <trkpt lat="-41.92593" lon="146.09254">
        <ele>955.01</ele>
      </trkpt>
      <trkpt lat="-41.92597" lon="146.09256">
        <ele>955.84</ele>
      </trkpt>
      <trkpt lat="-41.92602" lon="146.09257">
        <ele>956.61</ele>
      </trkpt>
      <trkpt lat="-41.92607" lon="146.0926">
        <ele>957.59</ele>
      </trkpt>
      <trkpt lat="-41.92612" lon="146.09261">
        <ele>958.29</ele>
      </trkpt>
      <trkpt lat="-41.92617" lon="146.09261">
        <ele>958.87</ele>
      </trkpt>
      <trkpt lat="-41.92621" lon="146.0926">
        <ele>959.25</ele>
      </trkpt>
      <trkpt lat="-41.92626" lon="146.0926">
        <ele>959.84</ele>
      </trkpt>
      <trkpt lat="-41.92631" lon="146.09258">
        <ele>960.32</ele>
      </trkpt>
      <trkpt lat="-41.92636" lon="146.09257">
        <ele>960.89</ele>
      </trkpt>
      <trkpt lat="-41.9264" lon="146.09254">
        <ele>961.29</ele>
      </trkpt>
      <trkpt lat="-41.92644" lon="146.09251">
        <ele>961.76</ele>
      </trkpt>
      <trkpt lat="-41.92648" lon="146.09247">
        <ele>961.88</ele>
      </trkpt>
      <trkpt lat="-41.9265" lon="146.09245">
        <ele>961.84</ele>
      </trkpt>
      <trkpt lat="-41.92652" lon="146.09242">
        <ele>961.62</ele>
      </trkpt>
      <trkpt lat="-41.92655" lon="146.09236">
        <ele>960.93</ele>
      </trkpt>
      <trkpt lat="-41.92657" lon="146.0923">
        <ele>960.04</ele>
      </trkpt>
      <trkpt lat="-41.9266" lon="146.09224">
        <ele>959.1</ele>
      </trkpt>
      <trkpt lat="-41.92664" lon="146.09221">
        <ele>958.65</ele>
      </trkpt>
      <trkpt lat="-41.92668" lon="146.09217">
        <ele>957.96</ele>
      </trkpt>
      <trkpt lat="-41.92671" lon="146.09212">
        <ele>957.05</ele>
      </trkpt>
      <trkpt lat="-41.92675" lon="146.09208">
        <ele>956.37</ele>
      </trkpt>
      <trkpt lat="-41.92677" lon="146.09201">
        <ele>954.88</ele>
      </trkpt>
      <trkpt lat="-41.9268" lon="146.09195">
        <ele>953.61</ele>
      </trkpt>
      <trkpt lat="-41.92682" lon="146.0919">
        <ele>952.42</ele>
      </trkpt>
      <trkpt lat="-41.92685" lon="146.09184">
        <ele>950.91</ele>
      </trkpt>
      <trkpt lat="-41.92687" lon="146.09179">
        <ele>949.58</ele>
      </trkpt>
      <trkpt lat="-41.9269" lon="146.09173">
        <ele>947.91</ele>
      </trkpt>
      <trkpt lat="-41.92692" lon="146.09169">
        <ele>946.75</ele>
      </trkpt>
      <trkpt lat="-41.92696" lon="146.09157">
        <ele>945.25</ele>
      </trkpt>
      <trkpt lat="-41.92697" lon="146.09158">
        <ele>945.28</ele>
      </trkpt>
      <trkpt lat="-41.92701" lon="146.09145">
        <ele>944.2</ele>
      </trkpt>
      <trkpt lat="-41.92709" lon="146.09126">
        <ele>941.62</ele>
      </trkpt>
      <trkpt lat="-41.92724" lon="146.0911">
        <ele>939.25</ele>
      </trkpt>
      <trkpt lat="-41.92746" lon="146.09102">
        <ele>941.47</ele>
      </trkpt>
      <trkpt lat="-41.92762" lon="146.09101">
        <ele>940.43</ele>
      </trkpt>
      <trkpt lat="-41.92783" lon="146.09096">
        <ele>937.76</ele>
      </trkpt>
      <trkpt lat="-41.92785" lon="146.09093">
        <ele>937.4</ele>
      </trkpt>
      <trkpt lat="-41.92785" lon="146.0909">
        <ele>937.56</ele>
      </trkpt>
      <trkpt lat="-41.92789" lon="146.09085">
        <ele>936.7</ele>
      </trkpt>
      <trkpt lat="-41.92791" lon="146.09079">
        <ele>935.84</ele>
      </trkpt>
      <trkpt lat="-41.92793" lon="146.09073">
        <ele>935.05</ele>
      </trkpt>
      <trkpt lat="-41.92795" lon="146.09066">
        <ele>934.54</ele>
      </trkpt>
      <trkpt lat="-41.92799" lon="146.09061">
        <ele>934.4</ele>
      </trkpt>
      <trkpt lat="-41.92803" lon="146.09058">
        <ele>934.63</ele>
      </trkpt>
      <trkpt lat="-41.92808" lon="146.09055">
        <ele>933.89</ele>
      </trkpt>
      <trkpt lat="-41.92813" lon="146.09054">
        <ele>931.77</ele>
      </trkpt>
      <trkpt lat="-41.92818" lon="146.09052">
        <ele>929.44</ele>
      </trkpt>
      <trkpt lat="-41.92822" lon="146.09049">
        <ele>927.37</ele>
      </trkpt>
      <trkpt lat="-41.92826" lon="146.09045">
        <ele>925.32</ele>
      </trkpt>
      <trkpt lat="-41.92829" lon="146.0904">
        <ele>923.62</ele>
      </trkpt>
      <trkpt lat="-41.92831" lon="146.09035">
        <ele>922.38</ele>
      </trkpt>
      <trkpt lat="-41.92832" lon="146.09032">
        <ele>921.76</ele>
      </trkpt>
      <trkpt lat="-41.92834" lon="146.09026">
        <ele>920.0</ele>
      </trkpt>
      <trkpt lat="-41.92836" lon="146.0902">
        <ele>916.84</ele>
      </trkpt>
      <trkpt lat="-41.92837" lon="146.09014">
        <ele>913.99</ele>
      </trkpt>
      <trkpt lat="-41.92839" lon="146.09009">
        <ele>911.76</ele>
      </trkpt>
      <trkpt lat="-41.92842" lon="146.09003">
        <ele>909.46</ele>
      </trkpt>
      <trkpt lat="-41.92844" lon="146.09">
        <ele>908.54</ele>
      </trkpt>
      <trkpt lat="-41.92845" lon="146.09">
        <ele>908.68</ele>
      </trkpt>
      <trkpt lat="-41.92864" lon="146.0898">
        <ele>908.85</ele>
      </trkpt>
      <trkpt lat="-41.92901" lon="146.08957">
        <ele>907.66</ele>
      </trkpt>
      <trkpt lat="-41.92932" lon="146.08943">
        <ele>907.82</ele>
      </trkpt>
      <trkpt lat="-41.92943" lon="146.08933">
        <ele>902.52</ele>
      </trkpt>
      <trkpt lat="-41.92952" lon="146.08907">
        <ele>894.06</ele>
      </trkpt>
      <trkpt lat="-41.92959" lon="146.08906">
        <ele>891.73</ele>
      </trkpt>
      <trkpt lat="-41.92973" lon="146.08901">
        <ele>885.69</ele>
      </trkpt>
      <trkpt lat="-41.92992" lon="146.08908">
        <ele>884.92</ele>
      </trkpt>
      <trkpt lat="-41.93003" lon="146.0891">
        <ele>883.77</ele>
      </trkpt>
      <trkpt lat="-41.93024" lon="146.08912">
        <ele>884.01</ele>
      </trkpt>
      <trkpt lat="-41.93024" lon="146.08912">
        <ele>884.01</ele>
      </trkpt>
      <trkpt lat="-41.93034" lon="146.08913">
        <ele>884.24</ele>
      </trkpt>
      <trkpt lat="-41.93062" lon="146.08913">
        <ele>884.83</ele>
      </trkpt>
      <trkpt lat="-41.93063" lon="146.08913">
        <ele>884.91</ele>
      </trkpt>
      <trkpt lat="-41.93068" lon="146.08915">
        <ele>885.62</ele>
      </trkpt>
      <trkpt lat="-41.93072" lon="146.08918">
        <ele>886.18</ele>
      </trkpt>
      <trkpt lat="-41.93076" lon="146.08921">
        <ele>886.47</ele>
      </trkpt>
      <trkpt lat="-41.93081" lon="146.08923">
        <ele>886.83</ele>
      </trkpt>
      <trkpt lat="-41.93086" lon="146.08926">
        <ele>886.97</ele>
      </trkpt>
      <trkpt lat="-41.9309" lon="146.08927">
        <ele>886.91</ele>
      </trkpt>
      <trkpt lat="-41.93095" lon="146.08928">
        <ele>886.83</ele>
      </trkpt>
      <trkpt lat="-41.93099" lon="146.08929">
        <ele>886.75</ele>
      </trkpt>
      <trkpt lat="-41.93104" lon="146.08929">
        <ele>886.67</ele>
      </trkpt>
      <trkpt lat="-41.93108" lon="146.08932">
        <ele>886.51</ele>
      </trkpt>
      <trkpt lat="-41.93113" lon="146.08934">
        <ele>886.55</ele>
      </trkpt>
      <trkpt lat="-41.93118" lon="146.08936">
        <ele>886.97</ele>
      </trkpt>
      <trkpt lat="-41.93123" lon="146.08938">
        <ele>887.42</ele>
      </trkpt>
      <trkpt lat="-41.93125" lon="146.08938">
        <ele>887.62</ele>
      </trkpt>
      <trkpt lat="-41.93128" lon="146.08939">
        <ele>887.9</ele>
      </trkpt>
      <trkpt lat="-41.93133" lon="146.08938">
        <ele>888.41</ele>
      </trkpt>
      <trkpt lat="-41.93138" lon="146.08934">
        <ele>888.92</ele>
      </trkpt>
      <trkpt lat="-41.93142" lon="146.0893">
        <ele>888.61</ele>
      </trkpt>
      <trkpt lat="-41.93144" lon="146.08925">
        <ele>888.32</ele>
      </trkpt>
      <trkpt lat="-41.93149" lon="146.08923">
        <ele>887.63</ele>
      </trkpt>
      <trkpt lat="-41.93154" lon="146.08923">
        <ele>886.95</ele>
      </trkpt>
      <trkpt lat="-41.93159" lon="146.08923">
        <ele>886.27</ele>
      </trkpt>
      <trkpt lat="-41.93163" lon="146.08923">
        <ele>885.73</ele>
      </trkpt>
      <trkpt lat="-41.93168" lon="146.08922">
        <ele>885.26</ele>
      </trkpt>
      <trkpt lat="-41.93172" lon="146.08922">
        <ele>885.46</ele>
      </trkpt>
      <trkpt lat="-41.93177" lon="146.0892">
        <ele>885.58</ele>
      </trkpt>
      <trkpt lat="-41.93181" lon="146.08916">
        <ele>885.36</ele>
      </trkpt>
      <trkpt lat="-41.93185" lon="146.08913">
        <ele>884.74</ele>
      </trkpt>
      <trkpt lat="-41.93189" lon="146.08909">
        <ele>883.76</ele>
      </trkpt>
      <trkpt lat="-41.93193" lon="146.08905">
        <ele>882.65</ele>
      </trkpt>
      <trkpt lat="-41.93197" lon="146.08901">
        <ele>882.08</ele>
      </trkpt>
      <trkpt lat="-41.93203" lon="146.08899">
        <ele>882.87</ele>
      </trkpt>
      <trkpt lat="-41.93205" lon="146.08898">
        <ele>883.03</ele>
      </trkpt>
      <trkpt lat="-41.93206" lon="146.08897">
        <ele>882.95</ele>
      </trkpt>
      <trkpt lat="-41.9321" lon="146.08898">
        <ele>884.17</ele>
      </trkpt>
      <trkpt lat="-41.93215" lon="146.089">
        <ele>885.94</ele>
      </trkpt>
      <trkpt lat="-41.93219" lon="146.08899">
        <ele>886.54</ele>
      </trkpt>
      <trkpt lat="-41.93224" lon="146.08897">
        <ele>886.99</ele>
      </trkpt>
      <trkpt lat="-41.93229" lon="146.08895">
        <ele>887.39</ele>
      </trkpt>
      <trkpt lat="-41.93233" lon="146.08895">
        <ele>888.22</ele>
      </trkpt>
      <trkpt lat="-41.93238" lon="146.08896">
        <ele>889.57</ele>
      </trkpt>
      <trkpt lat="-41.93242" lon="146.08897">
        <ele>890.69</ele>
      </trkpt>
      <trkpt lat="-41.93244" lon="146.08897">
        <ele>891.1</ele>
      </trkpt>
      <trkpt lat="-41.93244" lon="146.08898">
        <ele>891.4</ele>
      </trkpt>
      <trkpt lat="-41.93254" lon="146.08897">
        <ele>892.6</ele>
      </trkpt>
      <trkpt lat="-41.9326" lon="146.08905">
        <ele>894.88</ele>
      </trkpt>
      <trkpt lat="-41.93284" lon="146.08895">
        <ele>893.56</ele>
      </trkpt>
      <trkpt lat="-41.93284" lon="146.08896">
        <ele>893.69</ele>
      </trkpt>
      <trkpt lat="-41.933" lon="146.08897">
        <ele>892.9</ele>
      </trkpt>
      <trkpt lat="-41.93303" lon="146.08901">
        <ele>893.04</ele>
      </trkpt>
      <trkpt lat="-41.93319" lon="146.08902">
        <ele>893.94</ele>
      </trkpt>
      <trkpt lat="-41.93326" lon="146.08905">
        <ele>894.51</ele>
      </trkpt>
      <trkpt lat="-41.93332" lon="146.08908">
        <ele>894.92</ele>
      </trkpt>
      <trkpt lat="-41.93337" lon="146.08913">
        <ele>895.51</ele>
      </trkpt>
      <trkpt lat="-41.93342" lon="146.0892">
        <ele>896.21</ele>
      </trkpt>
      <trkpt lat="-41.93353" lon="146.08924">
        <ele>897.65</ele>
      </trkpt>
      <trkpt lat="-41.93371" lon="146.08918">
        <ele>897.95</ele>
      </trkpt>
      <trkpt lat="-41.93378" lon="146.08919">
        <ele>897.3</ele>
      </trkpt>
      <trkpt lat="-41.93378" lon="146.08919">
        <ele>897.3</ele>
      </trkpt>
      <trkpt lat="-41.93411" lon="146.08907">
        <ele>891.39</ele>
      </trkpt>
      <trkpt lat="-41.93422" lon="146.08895">
        <ele>889.79</ele>
      </trkpt>
      <trkpt lat="-41.93435" lon="146.08895">
        <ele>888.75</ele>
      </trkpt>
      <trkpt lat="-41.9344" lon="146.08896">
        <ele>888.36</ele>
      </trkpt>
      <trkpt lat="-41.93444" lon="146.08899">
        <ele>888.04</ele>
      </trkpt>
      <trkpt lat="-41.93451" lon="146.08906">
        <ele>888.05</ele>
      </trkpt>
      <trkpt lat="-41.93452" lon="146.08917">
        <ele>888.28</ele>
      </trkpt>
      <trkpt lat="-41.93452" lon="146.08919">
        <ele>888.36</ele>
      </trkpt>
      <trkpt lat="-41.93467" lon="146.08916">
        <ele>888.77</ele>
      </trkpt>
      <trkpt lat="-41.93468" lon="146.08916">
        <ele>888.81</ele>
      </trkpt>
      <trkpt lat="-41.93473" lon="146.08916">
        <ele>889.04</ele>
      </trkpt>
      <trkpt lat="-41.93479" lon="146.08916">
        <ele>889.7</ele>
      </trkpt>
      <trkpt lat="-41.93483" lon="146.08917">
        <ele>890.18</ele>
      </trkpt>
      <trkpt lat="-41.93487" lon="146.0892">
        <ele>890.72</ele>
      </trkpt>
      <trkpt lat="-41.93492" lon="146.0892">
        <ele>891.26</ele>
      </trkpt>
      <trkpt lat="-41.93495" lon="146.08916">
        <ele>891.45</ele>
      </trkpt>
      <trkpt lat="-41.93499" lon="146.08912">
        <ele>891.88</ele>
      </trkpt>
      <trkpt lat="-41.93502" lon="146.08911">
        <ele>891.84</ele>
      </trkpt>
      <trkpt lat="-41.93548" lon="146.08914">
        <ele>887.51</ele>
      </trkpt>
      <trkpt lat="-41.93565" lon="146.08923">
        <ele>886.32</ele>
      </trkpt>
      <trkpt lat="-41.93574" lon="146.0893">
        <ele>885.31</ele>
      </trkpt>
      <trkpt lat="-41.93575" lon="146.0893">
        <ele>885.11</ele>
      </trkpt>
      <trkpt lat="-41.9358" lon="146.08929">
        <ele>884.08</ele>
      </trkpt>
      <trkpt lat="-41.93584" lon="146.08927">
        <ele>883.39</ele>
      </trkpt>
      <trkpt lat="-41.93589" lon="146.08925">
        <ele>883.44</ele>
      </trkpt>
      <trkpt lat="-41.93594" lon="146.08925">
        <ele>883.57</ele>
      </trkpt>
      <trkpt lat="-41.93598" lon="146.08928">
        <ele>883.72</ele>
      </trkpt>
      <trkpt lat="-41.93602" lon="146.0893">
        <ele>883.83</ele>
      </trkpt>
      <trkpt lat="-41.93606" lon="146.08932">
        <ele>883.92</ele>
      </trkpt>
      <trkpt lat="-41.93608" lon="146.08933">
        <ele>883.95</ele>
      </trkpt>
      <trkpt lat="-41.93608" lon="146.08933">
        <ele>883.95</ele>
      </trkpt>
      <trkpt lat="-41.93627" lon="146.08939">
        <ele>884.35</ele>
      </trkpt>
      <trkpt lat="-41.9364" lon="146.08933">
        <ele>884.11</ele>
      </trkpt>
      <trkpt lat="-41.9364" lon="146.08933">
        <ele>884.11</ele>
      </trkpt>
      <trkpt lat="-41.93645" lon="146.0893">
        <ele>883.63</ele>
      </trkpt>
      <trkpt lat="-41.93649" lon="146.08927">
        <ele>883.24</ele>
      </trkpt>
      <trkpt lat="-41.93653" lon="146.08925">
        <ele>882.94</ele>
      </trkpt>
      <trkpt lat="-41.93658" lon="146.08924">
        <ele>882.66</ele>
      </trkpt>
      <trkpt lat="-41.93662" lon="146.08924">
        <ele>882.48</ele>
      </trkpt>
      <trkpt lat="-41.93667" lon="146.08925">
        <ele>882.25</ele>
      </trkpt>
      <trkpt lat="-41.9367" lon="146.08926">
        <ele>881.82</ele>
      </trkpt>
      <trkpt lat="-41.93673" lon="146.08926">
        <ele>881.35</ele>
      </trkpt>
      <trkpt lat="-41.93677" lon="146.08928">
        <ele>880.85</ele>
      </trkpt>
      <trkpt lat="-41.93681" lon="146.08931">
        <ele>880.47</ele>
      </trkpt>
      <trkpt lat="-41.93685" lon="146.08935">
        <ele>880.23</ele>
      </trkpt>
      <trkpt lat="-41.93688" lon="146.08939">
        <ele>880.2</ele>
      </trkpt>
      <trkpt lat="-41.9369" lon="146.08944">
        <ele>880.44</ele>
      </trkpt>
      <trkpt lat="-41.93695" lon="146.08947">
        <ele>880.31</ele>
      </trkpt>
      <trkpt lat="-41.93696" lon="146.08947">
        <ele>880.19</ele>
      </trkpt>
      <trkpt lat="-41.93696" lon="146.08947">
        <ele>880.19</ele>
      </trkpt>
      <trkpt lat="-41.93704" lon="146.08945">
        <ele>879.04</ele>
      </trkpt>
      <trkpt lat="-41.93714" lon="146.08941">
        <ele>877.34</ele>
      </trkpt>
      <trkpt lat="-41.93723" lon="146.0894">
        <ele>876.12</ele>
      </trkpt>
      <trkpt lat="-41.93723" lon="146.0894">
        <ele>876.12</ele>
      </trkpt>
      <trkpt lat="-41.93733" lon="146.08933">
        <ele>873.94</ele>
      </trkpt>
      <trkpt lat="-41.93747" lon="146.08931">
        <ele>872.34</ele>
      </trkpt>
      <trkpt lat="-41.93756" lon="146.08922">
        <ele>869.9</ele>
      </trkpt>
      <trkpt lat="-41.93769" lon="146.08922">
        <ele>868.03</ele>
      </trkpt>
      <trkpt lat="-41.93769" lon="146.08923">
        <ele>868.18</ele>
      </trkpt>
      <trkpt lat="-41.93772" lon="146.08922">
        <ele>867.6</ele>
      </trkpt>
      <trkpt lat="-41.93789" lon="146.08918">
        <ele>867.04</ele>
      </trkpt>
      <trkpt lat="-41.93801" lon="146.08915">
        <ele>867.4</ele>
      </trkpt>
      <trkpt lat="-41.93806" lon="146.08911">
        <ele>866.98</ele>
      </trkpt>
      <trkpt lat="-41.93815" lon="146.08912">
        <ele>867.1</ele>
      </trkpt>
      <trkpt lat="-41.93823" lon="146.08908">
        <ele>866.24</ele>
      </trkpt>
      <trkpt lat="-41.93829" lon="146.0891">
        <ele>866.6</ele>
      </trkpt>
      <trkpt lat="-41.9384" lon="146.08901">
        <ele>863.58</ele>
      </trkpt>
      <trkpt lat="-41.93853" lon="146.08909">
        <ele>862.68</ele>
      </trkpt>
      <trkpt lat="-41.93854" lon="146.08909">
        <ele>862.5</ele>
      </trkpt>
      <trkpt lat="-41.93859" lon="146.08908">
        <ele>861.45</ele>
      </trkpt>
      <trkpt lat="-41.93863" lon="146.08907">
        <ele>860.7</ele>
      </trkpt>
      <trkpt lat="-41.93868" lon="146.08905">
        <ele>859.79</ele>
      </trkpt>
      <trkpt lat="-41.93872" lon="146.08904">
        <ele>859.1</ele>
      </trkpt>
      <trkpt lat="-41.93877" lon="146.08905">
        <ele>858.54</ele>
      </trkpt>
      <trkpt lat="-41.93881" lon="146.08907">
        <ele>858.31</ele>
      </trkpt>
      <trkpt lat="-41.93882" lon="146.08907">
        <ele>858.18</ele>
      </trkpt>
      <trkpt lat="-41.93882" lon="146.08907">
        <ele>858.18</ele>
      </trkpt>
      <trkpt lat="-41.93886" lon="146.08908">
        <ele>857.82</ele>
      </trkpt>
      <trkpt lat="-41.93911" lon="146.08924">
        <ele>857.61</ele>
      </trkpt>
      <trkpt lat="-41.93951" lon="146.08926">
        <ele>859.59</ele>
      </trkpt>
      <trkpt lat="-41.93982" lon="146.08926">
        <ele>860.5</ele>
      </trkpt>
      <trkpt lat="-41.94009" lon="146.0893">
        <ele>861.91</ele>
      </trkpt>
      <trkpt lat="-41.94038" lon="146.08946">
        <ele>859.21</ele>
      </trkpt>
      <trkpt lat="-41.94038" lon="146.08946">
        <ele>859.21</ele>
      </trkpt>
      <trkpt lat="-41.94057" lon="146.08957">
        <ele>857.2</ele>
      </trkpt>
      <trkpt lat="-41.94071" lon="146.08958">
        <ele>853.88</ele>
      </trkpt>
      <trkpt lat="-41.94087" lon="146.08953">
        <ele>850.79</ele>
      </trkpt>
      <trkpt lat="-41.94103" lon="146.08962">
        <ele>852.42</ele>
      </trkpt>
      <trkpt lat="-41.94103" lon="146.08962">
        <ele>852.42</ele>
      </trkpt>
      <trkpt lat="-41.94116" lon="146.08967">
        <ele>853.58</ele>
      </trkpt>
      <trkpt lat="-41.9412" lon="146.08967">
        <ele>853.7</ele>
      </trkpt>
      <trkpt lat="-41.9414" lon="146.08964">
        <ele>853.88</ele>
      </trkpt>
      <trkpt lat="-41.94153" lon="146.08967">
        <ele>854.95</ele>
      </trkpt>
      <trkpt lat="-41.94164" lon="146.08974">
        <ele>856.03</ele>
      </trkpt>
      <trkpt lat="-41.94172" lon="146.08978">
        <ele>855.88</ele>
      </trkpt>
      <trkpt lat="-41.94194" lon="146.08973">
        <ele>853.13</ele>
      </trkpt>
      <trkpt lat="-41.94204" lon="146.08979">
        <ele>852.78</ele>
      </trkpt>
      <trkpt lat="-41.94204" lon="146.08979">
        <ele>852.78</ele>
      </trkpt>
      <trkpt lat="-41.94215" lon="146.08981">
        <ele>851.96</ele>
      </trkpt>
      <trkpt lat="-41.94222" lon="146.0898">
        <ele>851.14</ele>
      </trkpt>
      <trkpt lat="-41.9423" lon="146.08977">
        <ele>850.59</ele>
      </trkpt>
      <trkpt lat="-41.94238" lon="146.0898">
        <ele>850.8</ele>
      </trkpt>
      <trkpt lat="-41.94251" lon="146.08979">
        <ele>850.3</ele>
      </trkpt>
      <trkpt lat="-41.94259" lon="146.08973">
        <ele>848.43</ele>
      </trkpt>
      <trkpt lat="-41.94282" lon="146.0897">
        <ele>844.78</ele>
      </trkpt>
      <trkpt lat="-41.94304" lon="146.08969">
        <ele>843.23</ele>
      </trkpt>
      <trkpt lat="-41.94317" lon="146.08967">
        <ele>843.11</ele>
      </trkpt>
      <trkpt lat="-41.94338" lon="146.08972">
        <ele>842.66</ele>
      </trkpt>
      <trkpt lat="-41.9434" lon="146.08973">
        <ele>842.56</ele>
      </trkpt>
      <trkpt lat="-41.94344" lon="146.08973">
        <ele>842.27</ele>
      </trkpt>
      <trkpt lat="-41.94349" lon="146.0897">
        <ele>841.83</ele>
      </trkpt>
      <trkpt lat="-41.94353" lon="146.08966">
        <ele>841.43</ele>
      </trkpt>
      <trkpt lat="-41.94358" lon="146.08966">
        <ele>841.03</ele>
      </trkpt>
      <trkpt lat="-41.94363" lon="146.08966">
        <ele>840.53</ele>
      </trkpt>
      <trkpt lat="-41.94367" lon="146.08969">
        <ele>840.09</ele>
      </trkpt>
      <trkpt lat="-41.94372" lon="146.0897">
        <ele>839.41</ele>
      </trkpt>
      <trkpt lat="-41.94377" lon="146.08971">
        <ele>838.72</ele>
      </trkpt>
      <trkpt lat="-41.94381" lon="146.08973">
        <ele>838.16</ele>
      </trkpt>
      <trkpt lat="-41.94386" lon="146.08973">
        <ele>837.44</ele>
      </trkpt>
      <trkpt lat="-41.94386" lon="146.08973">
        <ele>837.44</ele>
      </trkpt>
      <trkpt lat="-41.94386" lon="146.08975">
        <ele>837.51</ele>
      </trkpt>
      <trkpt lat="-41.94399" lon="146.08982">
        <ele>835.88</ele>
      </trkpt>
      <trkpt lat="-41.94412" lon="146.08989">
        <ele>833.6</ele>
      </trkpt>
      <trkpt lat="-41.94424" lon="146.08996">
        <ele>831.76</ele>
      </trkpt>
      <trkpt lat="-41.94433" lon="146.09002">
        <ele>830.78</ele>
      </trkpt>
      <trkpt lat="-41.94438" lon="146.08999">
        <ele>830.54</ele>
      </trkpt>
      <trkpt lat="-41.94444" lon="146.08995">
        <ele>830.39</ele>
      </trkpt>
      <trkpt lat="-41.9445" lon="146.08991">
        <ele>830.45</ele>
      </trkpt>
      <trkpt lat="-41.94458" lon="146.08987">
        <ele>830.45</ele>
      </trkpt>
      <trkpt lat="-41.9446" lon="146.08986">
        <ele>830.45</ele>
      </trkpt>
      <trkpt lat="-41.94501" lon="146.08969">
        <ele>828.8</ele>
      </trkpt>
      <trkpt lat="-41.94526" lon="146.08959">
        <ele>828.98</ele>
      </trkpt>
      <trkpt lat="-41.94528" lon="146.08959">
        <ele>829.04</ele>
      </trkpt>
      <trkpt lat="-41.94533" lon="146.08958">
        <ele>828.77</ele>
      </trkpt>
      <trkpt lat="-41.94538" lon="146.08958">
        <ele>828.58</ele>
      </trkpt>
      <trkpt lat="-41.94544" lon="146.0896">
        <ele>828.75</ele>
      </trkpt>
      <trkpt lat="-41.94549" lon="146.08963">
        <ele>829.34</ele>
      </trkpt>
      <trkpt lat="-41.94553" lon="146.08964">
        <ele>829.61</ele>
      </trkpt>
      <trkpt lat="-41.94558" lon="146.08967">
        <ele>829.86</ele>
      </trkpt>
      <trkpt lat="-41.94562" lon="146.08969">
        <ele>829.32</ele>
      </trkpt>
      <trkpt lat="-41.94566" lon="146.08973">
        <ele>828.97</ele>
      </trkpt>
      <trkpt lat="-41.9457" lon="146.08976">
        <ele>827.86</ele>
      </trkpt>
      <trkpt lat="-41.94574" lon="146.0898">
        <ele>826.96</ele>
      </trkpt>
      <trkpt lat="-41.94578" lon="146.08983">
        <ele>826.25</ele>
      </trkpt>
      <trkpt lat="-41.9458" lon="146.08985">
        <ele>826.01</ele>
      </trkpt>
      <trkpt lat="-41.9458" lon="146.08985">
        <ele>826.01</ele>
      </trkpt>
      <trkpt lat="-41.94585" lon="146.08986">
        <ele>825.16</ele>
      </trkpt>
      <trkpt lat="-41.94589" lon="146.08988">
        <ele>824.57</ele>
      </trkpt>
      <trkpt lat="-41.94594" lon="146.0899">
        <ele>823.75</ele>
      </trkpt>
      <trkpt lat="-41.94598" lon="146.08992">
        <ele>823.12</ele>
      </trkpt>
      <trkpt lat="-41.94603" lon="146.08994">
        <ele>822.26</ele>
      </trkpt>
      <trkpt lat="-41.94607" lon="146.08997">
        <ele>821.66</ele>
      </trkpt>
      <trkpt lat="-41.94611" lon="146.09001">
        <ele>821.06</ele>
      </trkpt>
      <trkpt lat="-41.94614" lon="146.09005">
        <ele>821.06</ele>
      </trkpt>
      <trkpt lat="-41.94617" lon="146.0901">
        <ele>821.07</ele>
      </trkpt>
      <trkpt lat="-41.94621" lon="146.09016">
        <ele>821.01</ele>
      </trkpt>
      <trkpt lat="-41.94625" lon="146.09018">
        <ele>820.82</ele>
      </trkpt>
      <trkpt lat="-41.94629" lon="146.0902">
        <ele>820.61</ele>
      </trkpt>
      <trkpt lat="-41.94629" lon="146.09021">
        <ele>820.63</ele>
      </trkpt>
      <trkpt lat="-41.94634" lon="146.09023">
        <ele>820.32</ele>
      </trkpt>
      <trkpt lat="-41.94638" lon="146.09026">
        <ele>820.06</ele>
      </trkpt>
      <trkpt lat="-41.94642" lon="146.0903">
        <ele>819.83</ele>
      </trkpt>
      <trkpt lat="-41.94646" lon="146.09034">
        <ele>819.74</ele>
      </trkpt>
      <trkpt lat="-41.9465" lon="146.09038">
        <ele>819.68</ele>
      </trkpt>
      <trkpt lat="-41.94653" lon="146.09043">
        <ele>819.85</ele>
      </trkpt>
      <trkpt lat="-41.94655" lon="146.09049">
        <ele>820.23</ele>
      </trkpt>
      <trkpt lat="-41.94657" lon="146.09055">
        <ele>820.64</ele>
      </trkpt>
      <trkpt lat="-41.94658" lon="146.09061">
        <ele>821.09</ele>
      </trkpt>
      <trkpt lat="-41.9466" lon="146.09067">
        <ele>821.52</ele>
      </trkpt>
      <trkpt lat="-41.9466" lon="146.09067">
        <ele>821.52</ele>
      </trkpt>
      <trkpt lat="-41.94667" lon="146.09082">
        <ele>822.77</ele>
      </trkpt>
      <trkpt lat="-41.94667" lon="146.09082">
        <ele>822.77</ele>
      </trkpt>
      <trkpt lat="-41.94671" lon="146.09104">
        <ele>821.16</ele>
      </trkpt>
      <trkpt lat="-41.94683" lon="146.09138">
        <ele>816.69</ele>
      </trkpt>
      <trkpt lat="-41.94683" lon="146.09138">
        <ele>816.69</ele>
      </trkpt>
      <trkpt lat="-41.94695" lon="146.0916">
        <ele>813.64</ele>
      </trkpt>
      <trkpt lat="-41.94702" lon="146.09187">
        <ele>815.65</ele>
      </trkpt>
      <trkpt lat="-41.94712" lon="146.09197">
        <ele>819.12</ele>
      </trkpt>
      <trkpt lat="-41.94721" lon="146.09214">
        <ele>819.9</ele>
      </trkpt>
      <trkpt lat="-41.94726" lon="146.09228">
        <ele>819.36</ele>
      </trkpt>
      <trkpt lat="-41.94729" lon="146.09233">
        <ele>819.68</ele>
      </trkpt>
      <trkpt lat="-41.9473" lon="146.09233">
        <ele>819.84</ele>
      </trkpt>
      <trkpt lat="-41.94735" lon="146.09234">
        <ele>820.61</ele>
      </trkpt>
      <trkpt lat="-41.9474" lon="146.09236">
        <ele>821.38</ele>
      </trkpt>
      <trkpt lat="-41.94744" lon="146.09237">
        <ele>822.02</ele>
      </trkpt>
      <trkpt lat="-41.94749" lon="146.09238">
        <ele>822.84</ele>
      </trkpt>
      <trkpt lat="-41.94753" lon="146.09238">
        <ele>822.35</ele>
      </trkpt>
      <trkpt lat="-41.94758" lon="146.09238">
        <ele>821.27</ele>
      </trkpt>
      <trkpt lat="-41.94763" lon="146.09236">
        <ele>820.19</ele>
      </trkpt>
      <trkpt lat="-41.94767" lon="146.09233">
        <ele>819.33</ele>
      </trkpt>
      <trkpt lat="-41.94771" lon="146.09228">
        <ele>818.46</ele>
      </trkpt>
      <trkpt lat="-41.94775" lon="146.09227">
        <ele>817.6</ele>
      </trkpt>
      <trkpt lat="-41.9478" lon="146.09226">
        <ele>817.01</ele>
      </trkpt>
      <trkpt lat="-41.94785" lon="146.09227">
        <ele>817.04</ele>
      </trkpt>
      <trkpt lat="-41.94789" lon="146.0923">
        <ele>817.11</ele>
      </trkpt>
      <trkpt lat="-41.94793" lon="146.09233">
        <ele>817.21</ele>
      </trkpt>
      <trkpt lat="-41.94797" lon="146.09236">
        <ele>817.34</ele>
      </trkpt>
      <trkpt lat="-41.94801" lon="146.0924">
        <ele>817.54</ele>
      </trkpt>
      <trkpt lat="-41.94803" lon="146.09241">
        <ele>817.61</ele>
      </trkpt>
      <trkpt lat="-41.94804" lon="146.09242">
        <ele>817.67</ele>
      </trkpt>
      <trkpt lat="-41.94808" lon="146.09245">
        <ele>817.35</ele>
      </trkpt>
      <trkpt lat="-41.94812" lon="146.09248">
        <ele>816.73</ele>
      </trkpt>
      <trkpt lat="-41.94817" lon="146.09251">
        <ele>816.07</ele>
      </trkpt>
      <trkpt lat="-41.94821" lon="146.09253">
        <ele>815.68</ele>
      </trkpt>
      <trkpt lat="-41.94826" lon="146.09253">
        <ele>814.85</ele>
      </trkpt>
      <trkpt lat="-41.94831" lon="146.09251">
        <ele>813.62</ele>
      </trkpt>
      <trkpt lat="-41.94836" lon="146.09251">
        <ele>812.82</ele>
      </trkpt>
      <trkpt lat="-41.9484" lon="146.09249">
        <ele>811.94</ele>
      </trkpt>
      <trkpt lat="-41.94845" lon="146.09249">
        <ele>811.23</ele>
      </trkpt>
      <trkpt lat="-41.9485" lon="146.09251">
        <ele>810.75</ele>
      </trkpt>
      <trkpt lat="-41.94854" lon="146.09251">
        <ele>810.16</ele>
      </trkpt>
      <trkpt lat="-41.94859" lon="146.09249">
        <ele>809.23</ele>
      </trkpt>
      <trkpt lat="-41.94861" lon="146.09249">
        <ele>808.94</ele>
      </trkpt>
      <trkpt lat="-41.94862" lon="146.09248">
        <ele>808.89</ele>
      </trkpt>
      <trkpt lat="-41.94867" lon="146.09245">
        <ele>808.81</ele>
      </trkpt>
      <trkpt lat="-41.94871" lon="146.09243">
        <ele>808.76</ele>
      </trkpt>
      <trkpt lat="-41.94876" lon="146.09242">
        <ele>808.81</ele>
      </trkpt>
      <trkpt lat="-41.9488" lon="146.09242">
        <ele>808.91</ele>
      </trkpt>
      <trkpt lat="-41.94885" lon="146.09244">
        <ele>809.24</ele>
      </trkpt>
      <trkpt lat="-41.94885" lon="146.09244">
        <ele>809.24</ele>
      </trkpt>
      <trkpt lat="-41.94885" lon="146.09244">
        <ele>809.24</ele>
      </trkpt>
      <trkpt lat="-41.94889" lon="146.09244">
        <ele>809.37</ele>
      </trkpt>
      <trkpt lat="-41.94894" lon="146.09245">
        <ele>810.5</ele>
      </trkpt>
      <trkpt lat="-41.94894" lon="146.09245">
        <ele>810.5</ele>
      </trkpt>
      <trkpt lat="-41.94908" lon="146.09249">
        <ele>813.97</ele>
      </trkpt>
      <trkpt lat="-41.9491" lon="146.0925">
        <ele>814.56</ele>
      </trkpt>
      <trkpt lat="-41.9491" lon="146.0925">
        <ele>814.56</ele>
      </trkpt>
      <trkpt lat="-41.94921" lon="146.09256">
        <ele>817.11</ele>
      </trkpt>
      <trkpt lat="-41.94933" lon="146.09258">
        <ele>817.99</ele>
      </trkpt>
      <trkpt lat="-41.94941" lon="146.09262">
        <ele>818.72</ele>
      </trkpt>
      <trkpt lat="-41.94958" lon="146.09262">
        <ele>817.19</ele>
      </trkpt>
      <trkpt lat="-41.94974" lon="146.09261">
        <ele>815.11</ele>
      </trkpt>
      <trkpt lat="-41.9498" lon="146.09262">
        <ele>814.19</ele>
      </trkpt>
      <trkpt lat="-41.9498" lon="146.09262">
        <ele>814.19</ele>
      </trkpt>
      <trkpt lat="-41.94986" lon="146.09261">
        <ele>813.22</ele>
      </trkpt>
      <trkpt lat="-41.95" lon="146.09259">
        <ele>811.0</ele>
      </trkpt>
      <trkpt lat="-41.95001" lon="146.09259">
        <ele>811.05</ele>
      </trkpt>
      <trkpt lat="-41.95005" lon="146.09259">
        <ele>811.24</ele>
      </trkpt>
      <trkpt lat="-41.9501" lon="146.09259">
        <ele>811.49</ele>
      </trkpt>
      <trkpt lat="-41.95014" lon="146.09259">
        <ele>811.68</ele>
      </trkpt>
      <trkpt lat="-41.95019" lon="146.09257">
        <ele>812.02</ele>
      </trkpt>
      <trkpt lat="-41.95023" lon="146.09254">
        <ele>812.42</ele>
      </trkpt>
      <trkpt lat="-41.95028" lon="146.09252">
        <ele>812.87</ele>
      </trkpt>
      <trkpt lat="-41.95032" lon="146.09251">
        <ele>813.25</ele>
      </trkpt>
      <trkpt lat="-41.95037" lon="146.09249">
        <ele>813.62</ele>
      </trkpt>
      <trkpt lat="-41.95041" lon="146.09247">
        <ele>813.84</ele>
      </trkpt>
      <trkpt lat="-41.95044" lon="146.09246">
        <ele>814.05</ele>
      </trkpt>
      <trkpt lat="-41.95045" lon="146.09245">
        <ele>814.1</ele>
      </trkpt>
      <trkpt lat="-41.95049" lon="146.09244">
        <ele>814.43</ele>
      </trkpt>
      <trkpt lat="-41.95054" lon="146.09244">
        <ele>814.86</ele>
      </trkpt>
      <trkpt lat="-41.95059" lon="146.09245">
        <ele>814.41</ele>
      </trkpt>
      <trkpt lat="-41.95063" lon="146.09244">
        <ele>813.7</ele>
      </trkpt>
      <trkpt lat="-41.95066" lon="146.09239">
        <ele>812.9</ele>
      </trkpt>
      <trkpt lat="-41.95071" lon="146.09237">
        <ele>811.74</ele>
      </trkpt>
      <trkpt lat="-41.95075" lon="146.09237">
        <ele>810.89</ele>
      </trkpt>
      <trkpt lat="-41.9508" lon="146.09238">
        <ele>809.96</ele>
      </trkpt>
      <trkpt lat="-41.95084" lon="146.09241">
        <ele>809.63</ele>
      </trkpt>
      <trkpt lat="-41.95088" lon="146.09243">
        <ele>809.53</ele>
      </trkpt>
      <trkpt lat="-41.95088" lon="146.09243">
        <ele>809.53</ele>
      </trkpt>
      <trkpt lat="-41.9509" lon="146.09244">
        <ele>809.5</ele>
      </trkpt>
      <trkpt lat="-41.95094" lon="146.09246">
        <ele>809.49</ele>
      </trkpt>
      <trkpt lat="-41.95099" lon="146.09247">
        <ele>809.26</ele>
      </trkpt>
      <trkpt lat="-41.95104" lon="146.09247">
        <ele>808.84</ele>
      </trkpt>
      <trkpt lat="-41.95108" lon="146.09245">
        <ele>808.02</ele>
      </trkpt>
      <trkpt lat="-41.95113" lon="146.09244">
        <ele>807.45</ele>
      </trkpt>
      <trkpt lat="-41.95117" lon="146.09244">
        <ele>807.37</ele>
      </trkpt>
      <trkpt lat="-41.95122" lon="146.09244">
        <ele>807.27</ele>
      </trkpt>
      <trkpt lat="-41.95126" lon="146.09245">
        <ele>807.4</ele>
      </trkpt>
      <trkpt lat="-41.95126" lon="146.09244">
        <ele>807.18</ele>
      </trkpt>
      <trkpt lat="-41.95131" lon="146.09244">
        <ele>807.08</ele>
      </trkpt>
      <trkpt lat="-41.95136" lon="146.09246">
        <ele>807.35</ele>
      </trkpt>
      <trkpt lat="-41.9514" lon="146.09248">
        <ele>807.61</ele>
      </trkpt>
      <trkpt lat="-41.95145" lon="146.0925">
        <ele>807.78</ele>
      </trkpt>
      <trkpt lat="-41.95149" lon="146.09251">
        <ele>807.74</ele>
      </trkpt>
      <trkpt lat="-41.95154" lon="146.09251">
        <ele>807.56</ele>
      </trkpt>
      <trkpt lat="-41.95158" lon="146.09251">
        <ele>807.42</ele>
      </trkpt>
      <trkpt lat="-41.95163" lon="146.09251">
        <ele>807.24</ele>
      </trkpt>
      <trkpt lat="-41.95164" lon="146.09251">
        <ele>807.2</ele>
      </trkpt>
      <trkpt lat="-41.95165" lon="146.09251">
        <ele>807.17</ele>
      </trkpt>
      <trkpt lat="-41.95169" lon="146.09252">
        <ele>807.78</ele>
      </trkpt>
      <trkpt lat="-41.95174" lon="146.09254">
        <ele>809.13</ele>
      </trkpt>
      <trkpt lat="-41.95178" lon="146.09257">
        <ele>810.2</ele>
      </trkpt>
      <trkpt lat="-41.95183" lon="146.09257">
        <ele>811.28</ele>
      </trkpt>
      <trkpt lat="-41.95187" lon="146.09255">
        <ele>812.14</ele>
      </trkpt>
      <trkpt lat="-41.95192" lon="146.09254">
        <ele>813.29</ele>
      </trkpt>
      <trkpt lat="-41.95194" lon="146.09255">
        <ele>813.72</ele>
      </trkpt>
      <trkpt lat="-41.95218" lon="146.09262">
        <ele>810.54</ele>
      </trkpt>
      <trkpt lat="-41.95234" lon="146.09267">
        <ele>807.39</ele>
      </trkpt>
      <trkpt lat="-41.95242" lon="146.09271">
        <ele>805.92</ele>
      </trkpt>
      <trkpt lat="-41.95252" lon="146.09278">
        <ele>804.88</ele>
      </trkpt>
      <trkpt lat="-41.95253" lon="146.09278">
        <ele>804.81</ele>
      </trkpt>
      <trkpt lat="-41.95258" lon="146.09281">
        <ele>804.84</ele>
      </trkpt>
      <trkpt lat="-41.95262" lon="146.09282">
        <ele>804.72</ele>
      </trkpt>
      <trkpt lat="-41.95267" lon="146.09283">
        <ele>804.57</ele>
      </trkpt>
      <trkpt lat="-41.95272" lon="146.09284">
        <ele>804.44</ele>
      </trkpt>
      <trkpt lat="-41.95275" lon="146.09287">
        <ele>804.79</ele>
      </trkpt>
      <trkpt lat="-41.95275" lon="146.09287">
        <ele>804.79</ele>
      </trkpt>
      <trkpt lat="-41.95278" lon="146.09292">
        <ele>805.54</ele>
      </trkpt>
      <trkpt lat="-41.95282" lon="146.09296">
        <ele>805.87</ele>
      </trkpt>
      <trkpt lat="-41.95287" lon="146.09297">
        <ele>805.59</ele>
      </trkpt>
      <trkpt lat="-41.95288" lon="146.09297">
        <ele>805.5</ele>
      </trkpt>
      <trkpt lat="-41.95289" lon="146.09297">
        <ele>805.4</ele>
      </trkpt>
      <trkpt lat="-41.95294" lon="146.09297">
        <ele>804.93</ele>
      </trkpt>
      <trkpt lat="-41.95298" lon="146.09297">
        <ele>804.56</ele>
      </trkpt>
      <trkpt lat="-41.95303" lon="146.09298">
        <ele>804.33</ele>
      </trkpt>
      <trkpt lat="-41.95304" lon="146.09298">
        <ele>804.24</ele>
      </trkpt>
      <trkpt lat="-41.95304" lon="146.09299">
        <ele>804.49</ele>
      </trkpt>
      <trkpt lat="-41.95309" lon="146.09302">
        <ele>804.67</ele>
      </trkpt>
      <trkpt lat="-41.95314" lon="146.09305">
        <ele>804.67</ele>
      </trkpt>
      <trkpt lat="-41.95318" lon="146.09309">
        <ele>803.95</ele>
      </trkpt>
      <trkpt lat="-41.95321" lon="146.09312">
        <ele>803.34</ele>
      </trkpt>
      <trkpt lat="-41.95327" lon="146.09315">
        <ele>802.42</ele>
      </trkpt>
      <trkpt lat="-41.95331" lon="146.09316">
        <ele>801.9</ele>
      </trkpt>
      <trkpt lat="-41.95335" lon="146.09318">
        <ele>801.33</ele>
      </trkpt>
      <trkpt lat="-41.95337" lon="146.09319">
        <ele>801.05</ele>
      </trkpt>
      <trkpt lat="-41.95338" lon="146.09319">
        <ele>800.92</ele>
      </trkpt>
      <trkpt lat="-41.95342" lon="146.09321">
        <ele>800.4</ele>
      </trkpt>
      <trkpt lat="-41.95347" lon="146.09321">
        <ele>799.8</ele>
      </trkpt>
      <trkpt lat="-41.95352" lon="146.09323">
        <ele>799.28</ele>
      </trkpt>
      <trkpt lat="-41.95356" lon="146.09323">
        <ele>798.83</ele>
      </trkpt>
      <trkpt lat="-41.95361" lon="146.09324">
        <ele>798.34</ele>
      </trkpt>
      <trkpt lat="-41.95365" lon="146.09326">
        <ele>798.33</ele>
      </trkpt>
      <trkpt lat="-41.9537" lon="146.09329">
        <ele>798.37</ele>
      </trkpt>
      <trkpt lat="-41.95374" lon="146.09332">
        <ele>798.44</ele>
      </trkpt>
      <trkpt lat="-41.95378" lon="146.09335">
        <ele>798.73</ele>
      </trkpt>
      <trkpt lat="-41.95381" lon="146.0934">
        <ele>799.66</ele>
      </trkpt>
      <trkpt lat="-41.95381" lon="146.0934">
        <ele>799.66</ele>
      </trkpt>
      <trkpt lat="-41.95382" lon="146.09341">
        <ele>799.84</ele>
      </trkpt>
      <trkpt lat="-41.95385" lon="146.09344">
        <ele>800.39</ele>
      </trkpt>
      <trkpt lat="-41.95389" lon="146.09348">
        <ele>801.17</ele>
      </trkpt>
      <trkpt lat="-41.95393" lon="146.09351">
        <ele>801.74</ele>
      </trkpt>
      <trkpt lat="-41.95396" lon="146.09355">
        <ele>802.39</ele>
      </trkpt>
      <trkpt lat="-41.954" lon="146.0936">
        <ele>803.02</ele>
      </trkpt>
      <trkpt lat="-41.95403" lon="146.09365">
        <ele>802.84</ele>
      </trkpt>
      <trkpt lat="-41.95405" lon="146.09371">
        <ele>802.37</ele>
      </trkpt>
      <trkpt lat="-41.95409" lon="146.09374">
        <ele>801.67</ele>
      </trkpt>
      <trkpt lat="-41.95413" lon="146.09379">
        <ele>800.67</ele>
      </trkpt>
      <trkpt lat="-41.95417" lon="146.09382">
        <ele>799.72</ele>
      </trkpt>
      <trkpt lat="-41.95417" lon="146.09383">
        <ele>799.62</ele>
      </trkpt>
      <trkpt lat="-41.95421" lon="146.09387">
        <ele>799.02</ele>
      </trkpt>
      <trkpt lat="-41.95424" lon="146.09391">
        <ele>798.53</ele>
      </trkpt>
      <trkpt lat="-41.95428" lon="146.09396">
        <ele>797.93</ele>
      </trkpt>
      <trkpt lat="-41.95431" lon="146.09401">
        <ele>797.4</ele>
      </trkpt>
      <trkpt lat="-41.95434" lon="146.09406">
        <ele>796.91</ele>
      </trkpt>
      <trkpt lat="-41.95438" lon="146.09408">
        <ele>796.7</ele>
      </trkpt>
      <trkpt lat="-41.95442" lon="146.09411">
        <ele>796.43</ele>
      </trkpt>
      <trkpt lat="-41.95447" lon="146.09413">
        <ele>796.32</ele>
      </trkpt>
      <trkpt lat="-41.95451" lon="146.09417">
        <ele>796.18</ele>
      </trkpt>
      <trkpt lat="-41.95455" lon="146.09421">
        <ele>795.78</ele>
      </trkpt>
      <trkpt lat="-41.95458" lon="146.09425">
        <ele>795.43</ele>
      </trkpt>
      <trkpt lat="-41.9546" lon="146.09427">
        <ele>795.32</ele>
      </trkpt>
      <trkpt lat="-41.9546" lon="146.09427">
        <ele>795.32</ele>
      </trkpt>
      <trkpt lat="-41.95464" lon="146.0943">
        <ele>795.32</ele>
      </trkpt>
      <trkpt lat="-41.95469" lon="146.0943">
        <ele>795.76</ele>
      </trkpt>
      <trkpt lat="-41.95474" lon="146.09429">
        <ele>796.49</ele>
      </trkpt>
      <trkpt lat="-41.95478" lon="146.09429">
        <ele>797.34</ele>
      </trkpt>
      <trkpt lat="-41.95483" lon="146.09429">
        <ele>798.4</ele>
      </trkpt>
      <trkpt lat="-41.95487" lon="146.09433">
        <ele>799.11</ele>
      </trkpt>
      <trkpt lat="-41.95491" lon="146.09435">
        <ele>799.95</ele>
      </trkpt>
      <trkpt lat="-41.95491" lon="146.09436">
        <ele>799.93</ele>
      </trkpt>
      <trkpt lat="-41.95496" lon="146.09436">
        <ele>801.08</ele>
      </trkpt>
      <trkpt lat="-41.95501" lon="146.09438">
        <ele>801.93</ele>
      </trkpt>
      <trkpt lat="-41.95506" lon="146.09439">
        <ele>801.61</ele>
      </trkpt>
      <trkpt lat="-41.95511" lon="146.09442">
        <ele>801.46</ele>
      </trkpt>
      <trkpt lat="-41.95515" lon="146.09444">
        <ele>801.43</ele>
      </trkpt>
      <trkpt lat="-41.95518" lon="146.09448">
        <ele>801.43</ele>
      </trkpt>
      <trkpt lat="-41.95518" lon="146.09454">
        <ele>801.56</ele>
      </trkpt>
      <trkpt lat="-41.95518" lon="146.09461">
        <ele>801.7</ele>
      </trkpt>
      <trkpt lat="-41.95516" lon="146.09467">
        <ele>801.67</ele>
      </trkpt>
      <trkpt lat="-41.95516" lon="146.09473">
        <ele>801.77</ele>
      </trkpt>
      <trkpt lat="-41.95518" lon="146.09479">
        <ele>802.35</ele>
      </trkpt>
      <trkpt lat="-41.9552" lon="146.09485">
        <ele>802.95</ele>
      </trkpt>
      <trkpt lat="-41.95521" lon="146.09488">
        <ele>803.27</ele>
      </trkpt>
      <trkpt lat="-41.95522" lon="146.09489">
        <ele>803.46</ele>
      </trkpt>
      <trkpt lat="-41.95524" lon="146.09495">
        <ele>804.12</ele>
      </trkpt>
      <trkpt lat="-41.95526" lon="146.09501">
        <ele>804.92</ele>
      </trkpt>
      <trkpt lat="-41.9553" lon="146.09505">
        <ele>805.89</ele>
      </trkpt>
      <trkpt lat="-41.95533" lon="146.09508">
        <ele>806.39</ele>
      </trkpt>
      <trkpt lat="-41.95536" lon="146.09509">
        <ele>806.52</ele>
      </trkpt>
      <trkpt lat="-41.95535" lon="146.0951">
        <ele>806.71</ele>
      </trkpt>
      <trkpt lat="-41.95548" lon="146.09511">
        <ele>806.69</ele>
      </trkpt>
      <trkpt lat="-41.95548" lon="146.09511">
        <ele>806.69</ele>
      </trkpt>
      <trkpt lat="-41.95567" lon="146.0952">
        <ele>806.64</ele>
      </trkpt>
      <trkpt lat="-41.95574" lon="146.09521">
        <ele>806.03</ele>
      </trkpt>
      <trkpt lat="-41.95574" lon="146.09521">
        <ele>806.03</ele>
      </trkpt>
      <trkpt lat="-41.95584" lon="146.09523">
        <ele>805.32</ele>
      </trkpt>
      <trkpt lat="-41.95596" lon="146.09524">
        <ele>805.52</ele>
      </trkpt>
      <trkpt lat="-41.95596" lon="146.09524">
        <ele>805.52</ele>
      </trkpt>
      <trkpt lat="-41.9561" lon="146.09517">
        <ele>804.82</ele>
      </trkpt>
      <trkpt lat="-41.95626" lon="146.09507">
        <ele>802.42</ele>
      </trkpt>
      <trkpt lat="-41.95637" lon="146.09497">
        <ele>799.82</ele>
      </trkpt>
      <trkpt lat="-41.95649" lon="146.09492">
        <ele>798.59</ele>
      </trkpt>
      <trkpt lat="-41.95661" lon="146.09487">
        <ele>797.7</ele>
      </trkpt>
      <trkpt lat="-41.95675" lon="146.09487">
        <ele>795.48</ele>
      </trkpt>
      <trkpt lat="-41.95686" lon="146.09491">
        <ele>792.91</ele>
      </trkpt>
      <trkpt lat="-41.95686" lon="146.09491">
        <ele>792.91</ele>
      </trkpt>
      <trkpt lat="-41.95705" lon="146.09493">
        <ele>788.57</ele>
      </trkpt>
      <trkpt lat="-41.95705" lon="146.09493">
        <ele>788.57</ele>
      </trkpt>
      <trkpt lat="-41.95713" lon="146.09489">
        <ele>787.25</ele>
      </trkpt>
      <trkpt lat="-41.95733" lon="146.09486">
        <ele>786.4</ele>
      </trkpt>
      <trkpt lat="-41.95735" lon="146.09487">
        <ele>786.39</ele>
      </trkpt>
      <trkpt lat="-41.9574" lon="146.09488">
        <ele>786.54</ele>
      </trkpt>
      <trkpt lat="-41.95744" lon="146.0949">
        <ele>786.66</ele>
      </trkpt>
      <trkpt lat="-41.95749" lon="146.09492">
        <ele>786.93</ele>
      </trkpt>
      <trkpt lat="-41.95753" lon="146.09495">
        <ele>787.09</ele>
      </trkpt>
      <trkpt lat="-41.95756" lon="146.09499">
        <ele>787.21</ele>
      </trkpt>
      <trkpt lat="-41.9576" lon="146.09504">
        <ele>787.42</ele>
      </trkpt>
      <trkpt lat="-41.95763" lon="146.09507">
        <ele>787.69</ele>
      </trkpt>
      <trkpt lat="-41.95766" lon="146.0951">
        <ele>788.05</ele>
      </trkpt>
      <trkpt lat="-41.95767" lon="146.09509">
        <ele>788.08</ele>
      </trkpt>
      <trkpt lat="-41.95772" lon="146.09511">
        <ele>788.65</ele>
      </trkpt>
      <trkpt lat="-41.95777" lon="146.09511">
        <ele>789.12</ele>
      </trkpt>
      <trkpt lat="-41.95782" lon="146.0951">
        <ele>789.22</ele>
      </trkpt>
      <trkpt lat="-41.95787" lon="146.0951">
        <ele>789.39</ele>
      </trkpt>
      <trkpt lat="-41.95791" lon="146.09508">
        <ele>789.4</ele>
      </trkpt>
      <trkpt lat="-41.95796" lon="146.09506">
        <ele>789.53</ele>
      </trkpt>
      <trkpt lat="-41.958" lon="146.09505">
        <ele>789.71</ele>
      </trkpt>
      <trkpt lat="-41.95805" lon="146.09503">
        <ele>789.97</ele>
      </trkpt>
      <trkpt lat="-41.95809" lon="146.095">
        <ele>790.37</ele>
      </trkpt>
      <trkpt lat="-41.95809" lon="146.095">
        <ele>790.37</ele>
      </trkpt>
      <trkpt lat="-41.95809" lon="146.095">
        <ele>790.37</ele>
      </trkpt>
      <trkpt lat="-41.95823" lon="146.09496">
        <ele>792.26</ele>
      </trkpt>
      <trkpt lat="-41.95848" lon="146.09499">
        <ele>794.16</ele>
      </trkpt>
      <trkpt lat="-41.95849" lon="146.09498">
        <ele>794.34</ele>
      </trkpt>
      <trkpt lat="-41.95853" lon="146.09501">
        <ele>794.24</ele>
      </trkpt>
      <trkpt lat="-41.95855" lon="146.09507">
        <ele>793.3</ele>
      </trkpt>
      <trkpt lat="-41.95855" lon="146.09513">
        <ele>792.22</ele>
      </trkpt>
      <trkpt lat="-41.95855" lon="146.09519">
        <ele>791.14</ele>
      </trkpt>
      <trkpt lat="-41.95857" lon="146.09525">
        <ele>790.2</ele>
      </trkpt>
      <trkpt lat="-41.95857" lon="146.09527">
        <ele>789.84</ele>
      </trkpt>
      <trkpt lat="-41.95858" lon="146.09528">
        <ele>789.77</ele>
      </trkpt>
      <trkpt lat="-41.9586" lon="146.09533">
        <ele>789.75</ele>
      </trkpt>
      <trkpt lat="-41.95864" lon="146.09537">
        <ele>789.63</ele>
      </trkpt>
      <trkpt lat="-41.95867" lon="146.09542">
        <ele>789.27</ele>
      </trkpt>
      <trkpt lat="-41.95871" lon="146.09545">
        <ele>788.85</ele>
      </trkpt>
      <trkpt lat="-41.95876" lon="146.09546">
        <ele>788.47</ele>
      </trkpt>
      <trkpt lat="-41.9588" lon="146.09544">
        <ele>788.51</ele>
      </trkpt>
      <trkpt lat="-41.95881" lon="146.09544">
        <ele>788.46</ele>
      </trkpt>
      <trkpt lat="-41.95881" lon="146.09544">
        <ele>788.46</ele>
      </trkpt>
      <trkpt lat="-41.95893" lon="146.09542">
        <ele>787.92</ele>
      </trkpt>
      <trkpt lat="-41.95908" lon="146.09536">
        <ele>786.97</ele>
      </trkpt>
      <trkpt lat="-41.95927" lon="146.09536">
        <ele>785.29</ele>
      </trkpt>
      <trkpt lat="-41.95937" lon="146.09541">
        <ele>784.33</ele>
      </trkpt>
      <trkpt lat="-41.95953" lon="146.0955">
        <ele>784.63</ele>
      </trkpt>
      <trkpt lat="-41.95961" lon="146.09554">
        <ele>785.5</ele>
      </trkpt>
      <trkpt lat="-41.95961" lon="146.09554">
        <ele>785.5</ele>
      </trkpt>
      <trkpt lat="-41.95964" lon="146.09559">
        <ele>786.01</ele>
      </trkpt>
      <trkpt lat="-41.95965" lon="146.09565">
        <ele>786.48</ele>
      </trkpt>
      <trkpt lat="-41.95965" lon="146.09571">
        <ele>786.81</ele>
      </trkpt>
      <trkpt lat="-41.95963" lon="146.09577">
        <ele>786.96</ele>
      </trkpt>
      <trkpt lat="-41.95962" lon="146.09583">
        <ele>787.24</ele>
      </trkpt>
      <trkpt lat="-41.95963" lon="146.0959">
        <ele>787.74</ele>
      </trkpt>
      <trkpt lat="-41.95964" lon="146.09595">
        <ele>788.12</ele>
      </trkpt>
      <trkpt lat="-41.95978" lon="146.0962">
        <ele>791.08</ele>
      </trkpt>
      <trkpt lat="-41.9599" lon="146.09638">
        <ele>792.01</ele>
      </trkpt>
      <trkpt lat="-41.95994" lon="146.09644">
        <ele>791.99</ele>
      </trkpt>
      <trkpt lat="-41.95994" lon="146.09644">
        <ele>791.99</ele>
      </trkpt>
      <trkpt lat="-41.96009" lon="146.09655">
        <ele>790.69</ele>
      </trkpt>
      <trkpt lat="-41.96012" lon="146.09658">
        <ele>790.36</ele>
      </trkpt>
      <trkpt lat="-41.96012" lon="146.09658">
        <ele>790.36</ele>
      </trkpt>
      <trkpt lat="-41.96026" lon="146.09671">
        <ele>788.47</ele>
      </trkpt>
      <trkpt lat="-41.96026" lon="146.09671">
        <ele>788.47</ele>
      </trkpt>
      <trkpt lat="-41.96036" lon="146.09693">
        <ele>787.76</ele>
      </trkpt>
      <trkpt lat="-41.96036" lon="146.09693">
        <ele>787.76</ele>
      </trkpt>
      <trkpt lat="-41.96037" lon="146.097">
        <ele>788.41</ele>
      </trkpt>
      <trkpt lat="-41.96039" lon="146.09707">
        <ele>788.91</ele>
      </trkpt>
      <trkpt lat="-41.9604" lon="146.09712">
        <ele>789.29</ele>
      </trkpt>
      <trkpt lat="-41.96041" lon="146.09719">
        <ele>789.83</ele>
      </trkpt>
      <trkpt lat="-41.96043" lon="146.09725">
        <ele>790.22</ele>
      </trkpt>
      <trkpt lat="-41.96045" lon="146.0973">
        <ele>790.72</ele>
      </trkpt>
      <trkpt lat="-41.96047" lon="146.09736">
        <ele>791.44</ele>
      </trkpt>
      <trkpt lat="-41.96051" lon="146.0974">
        <ele>791.15</ele>
      </trkpt>
      <trkpt lat="-41.96055" lon="146.09741">
        <ele>790.22</ele>
      </trkpt>
      <trkpt lat="-41.96059" lon="146.09746">
        <ele>791.08</ele>
      </trkpt>
      <trkpt lat="-41.96059" lon="146.09746">
        <ele>791.08</ele>
      </trkpt>
      <trkpt lat="-41.96077" lon="146.09759">
        <ele>792.0</ele>
      </trkpt>
      <trkpt lat="-41.96084" lon="146.09765">
        <ele>791.48</ele>
      </trkpt>
      <trkpt lat="-41.96096" lon="146.0977">
        <ele>790.08</ele>
      </trkpt>
      <trkpt lat="-41.96096" lon="146.0977">
        <ele>790.08</ele>
      </trkpt>
      <trkpt lat="-41.96101" lon="146.09769">
        <ele>789.51</ele>
      </trkpt>
      <trkpt lat="-41.96106" lon="146.09769">
        <ele>788.89</ele>
      </trkpt>
      <trkpt lat="-41.9611" lon="146.0977">
        <ele>788.26</ele>
      </trkpt>
      <trkpt lat="-41.96113" lon="146.09774">
        <ele>787.61</ele>
      </trkpt>
      <trkpt lat="-41.96124" lon="146.09795">
        <ele>787.46</ele>
      </trkpt>
      <trkpt lat="-41.96131" lon="146.09802">
        <ele>787.72</ele>
      </trkpt>
      <trkpt lat="-41.96145" lon="146.09805">
        <ele>789.31</ele>
      </trkpt>
      <trkpt lat="-41.96152" lon="146.09808">
        <ele>790.71</ele>
      </trkpt>
      <trkpt lat="-41.96152" lon="146.09809">
        <ele>790.66</ele>
      </trkpt>
      <trkpt lat="-41.96154" lon="146.09815">
        <ele>790.71</ele>
      </trkpt>
      <trkpt lat="-41.96154" lon="146.09822">
        <ele>790.3</ele>
      </trkpt>
      <trkpt lat="-41.96155" lon="146.09828">
        <ele>790.07</ele>
      </trkpt>
      <trkpt lat="-41.96156" lon="146.09835">
        <ele>789.94</ele>
      </trkpt>
      <trkpt lat="-41.96158" lon="146.09841">
        <ele>790.41</ele>
      </trkpt>
      <trkpt lat="-41.96161" lon="146.09846">
        <ele>790.76</ele>
      </trkpt>
      <trkpt lat="-41.96163" lon="146.0985">
        <ele>790.92</ele>
      </trkpt>
      <trkpt lat="-41.96162" lon="146.09852">
        <ele>790.95</ele>
      </trkpt>
      <trkpt lat="-41.96164" lon="146.09858">
        <ele>791.05</ele>
      </trkpt>
      <trkpt lat="-41.96165" lon="146.09864">
        <ele>791.68</ele>
      </trkpt>
      <trkpt lat="-41.96167" lon="146.09869">
        <ele>792.59</ele>
      </trkpt>
      <trkpt lat="-41.96171" lon="146.09874">
        <ele>792.31</ele>
      </trkpt>
      <trkpt lat="-41.96174" lon="146.09878">
        <ele>792.11</ele>
      </trkpt>
      <trkpt lat="-41.96177" lon="146.09882">
        <ele>791.88</ele>
      </trkpt>
      <trkpt lat="-41.96182" lon="146.09886">
        <ele>790.91</ele>
      </trkpt>
      <trkpt lat="-41.96186" lon="146.09888">
        <ele>789.87</ele>
      </trkpt>
      <trkpt lat="-41.96188" lon="146.09889">
        <ele>789.36</ele>
      </trkpt>
      <trkpt lat="-41.962" lon="146.09894">
        <ele>789.26</ele>
      </trkpt>
      <trkpt lat="-41.962" lon="146.09894">
        <ele>789.26</ele>
      </trkpt>
      <trkpt lat="-41.96203" lon="146.09895">
        <ele>789.68</ele>
      </trkpt>
      <trkpt lat="-41.96225" lon="146.09912">
        <ele>794.21</ele>
      </trkpt>
      <trkpt lat="-41.96225" lon="146.09912">
        <ele>794.21</ele>
      </trkpt>
      <trkpt lat="-41.96233" lon="146.09918">
        <ele>794.6</ele>
      </trkpt>
      <trkpt lat="-41.96242" lon="146.0992">
        <ele>793.52</ele>
      </trkpt>
      <trkpt lat="-41.96242" lon="146.0992">
        <ele>793.52</ele>
      </trkpt>
      <trkpt lat="-41.96254" lon="146.09921">
        <ele>792.26</ele>
      </trkpt>
      <trkpt lat="-41.9626" lon="146.09918">
        <ele>791.71</ele>
      </trkpt>
      <trkpt lat="-41.9626" lon="146.09918">
        <ele>791.71</ele>
      </trkpt>
      <trkpt lat="-41.96278" lon="146.09907">
        <ele>789.9</ele>
      </trkpt>
      <trkpt lat="-41.96289" lon="146.09899">
        <ele>788.15</ele>
      </trkpt>
      <trkpt lat="-41.9629" lon="146.09898">
        <ele>787.98</ele>
      </trkpt>
      <trkpt lat="-41.96295" lon="146.09896">
        <ele>787.68</ele>
      </trkpt>
      <trkpt lat="-41.96299" lon="146.09893">
        <ele>787.31</ele>
      </trkpt>
      <trkpt lat="-41.963" lon="146.09887">
        <ele>786.85</ele>
      </trkpt>
      <trkpt lat="-41.963" lon="146.0988">
        <ele>787.06</ele>
      </trkpt>
      <trkpt lat="-41.96301" lon="146.09874">
        <ele>787.28</ele>
      </trkpt>
      <trkpt lat="-41.96302" lon="146.09868">
        <ele>787.53</ele>
      </trkpt>
      <trkpt lat="-41.96303" lon="146.09862">
        <ele>787.79</ele>
      </trkpt>
      <trkpt lat="-41.96304" lon="146.09856">
        <ele>788.45</ele>
      </trkpt>
      <trkpt lat="-41.96305" lon="146.0985">
        <ele>789.17</ele>
      </trkpt>
      <trkpt lat="-41.96307" lon="146.09844">
        <ele>789.8</ele>
      </trkpt>
      <trkpt lat="-41.96311" lon="146.0984">
        <ele>790.08</ele>
      </trkpt>
      <trkpt lat="-41.96315" lon="146.09838">
        <ele>790.16</ele>
      </trkpt>
      <trkpt lat="-41.96318" lon="146.09838">
        <ele>790.05</ele>
      </trkpt>
      <trkpt lat="-41.96319" lon="146.09838">
        <ele>790.01</ele>
      </trkpt>
      <trkpt lat="-41.96336" lon="146.09827">
        <ele>788.77</ele>
      </trkpt>
      <trkpt lat="-41.96336" lon="146.09827">
        <ele>788.77</ele>
      </trkpt>
      <trkpt lat="-41.96352" lon="146.09817">
        <ele>786.15</ele>
      </trkpt>
      <trkpt lat="-41.96353" lon="146.09817">
        <ele>786.06</ele>
      </trkpt>
      <trkpt lat="-41.96357" lon="146.09817">
        <ele>785.74</ele>
      </trkpt>
      <trkpt lat="-41.96362" lon="146.09817">
        <ele>785.4</ele>
      </trkpt>
      <trkpt lat="-41.96366" lon="146.09816">
        <ele>785.35</ele>
      </trkpt>
      <trkpt lat="-41.9637" lon="146.09812">
        <ele>785.33</ele>
      </trkpt>
      <trkpt lat="-41.96373" lon="146.09808">
        <ele>785.4</ele>
      </trkpt>
      <trkpt lat="-41.96376" lon="146.09802">
        <ele>784.8</ele>
      </trkpt>
      <trkpt lat="-41.96377" lon="146.09802">
        <ele>784.86</ele>
      </trkpt>
      <trkpt lat="-41.9638" lon="146.098">
        <ele>784.7</ele>
      </trkpt>
      <trkpt lat="-41.96384" lon="146.09797">
        <ele>784.57</ele>
      </trkpt>
      <trkpt lat="-41.96388" lon="146.09793">
        <ele>784.53</ele>
      </trkpt>
      <trkpt lat="-41.96392" lon="146.0979">
        <ele>784.92</ele>
      </trkpt>
      <trkpt lat="-41.96396" lon="146.09789">
        <ele>785.64</ele>
      </trkpt>
      <trkpt lat="-41.96401" lon="146.09787">
        <ele>786.62</ele>
      </trkpt>
      <trkpt lat="-41.96405" lon="146.09785">
        <ele>787.52</ele>
      </trkpt>
      <trkpt lat="-41.96409" lon="146.09781">
        <ele>788.64</ele>
      </trkpt>
      <trkpt lat="-41.96412" lon="146.09776">
        <ele>789.51</ele>
      </trkpt>
      <trkpt lat="-41.96412" lon="146.09775">
        <ele>789.42</ele>
      </trkpt>
      <trkpt lat="-41.96442" lon="146.09749">
        <ele>788.61</ele>
      </trkpt>
      <trkpt lat="-41.96456" lon="146.09748">
        <ele>788.33</ele>
      </trkpt>
      <trkpt lat="-41.96466" lon="146.09735">
        <ele>784.74</ele>
      </trkpt>
      <trkpt lat="-41.96468" lon="146.09735">
        <ele>784.89</ele>
      </trkpt>
      <trkpt lat="-41.96473" lon="146.09735">
        <ele>785.27</ele>
      </trkpt>
      <trkpt lat="-41.96477" lon="146.09736">
        <ele>785.73</ele>
      </trkpt>
      <trkpt lat="-41.96482" lon="146.09736">
        <ele>786.01</ele>
      </trkpt>
      <trkpt lat="-41.96486" lon="146.09734">
        <ele>785.9</ele>
      </trkpt>
      <trkpt lat="-41.96491" lon="146.09732">
        <ele>785.98</ele>
      </trkpt>
      <trkpt lat="-41.96495" lon="146.0973">
        <ele>786.09</ele>
      </trkpt>
      <trkpt lat="-41.965" lon="146.09729">
        <ele>786.49</ele>
      </trkpt>
      <trkpt lat="-41.96504" lon="146.09728">
        <ele>785.41</ele>
      </trkpt>
      <trkpt lat="-41.96508" lon="146.09731">
        <ele>784.62</ele>
      </trkpt>
      <trkpt lat="-41.96512" lon="146.09735">
        <ele>783.9</ele>
      </trkpt>
      <trkpt lat="-41.96512" lon="146.09736">
        <ele>783.97</ele>
      </trkpt>
      <trkpt lat="-41.96519" lon="146.0974">
        <ele>782.49</ele>
      </trkpt>
      <trkpt lat="-41.96519" lon="146.0974">
        <ele>782.49</ele>
      </trkpt>
      <trkpt lat="-41.96533" lon="146.09748">
        <ele>780.76</ele>
      </trkpt>
      <trkpt lat="-41.96533" lon="146.09748">
        <ele>780.76</ele>
      </trkpt>
      <trkpt lat="-41.96543" lon="146.09743">
        <ele>779.53</ele>
      </trkpt>
      <trkpt lat="-41.96544" lon="146.09742">
        <ele>779.25</ele>
      </trkpt>
      <trkpt lat="-41.96545" lon="146.09735">
        <ele>777.58</ele>
      </trkpt>
      <trkpt lat="-41.96548" lon="146.09731">
        <ele>776.15</ele>
      </trkpt>
      <trkpt lat="-41.96553" lon="146.09729">
        <ele>774.68</ele>
      </trkpt>
      <trkpt lat="-41.96557" lon="146.09728">
        <ele>773.95</ele>
      </trkpt>
      <trkpt lat="-41.96562" lon="146.09727">
        <ele>773.96</ele>
      </trkpt>
      <trkpt lat="-41.96566" lon="146.09724">
        <ele>773.54</ele>
      </trkpt>
      <trkpt lat="-41.96568" lon="146.09723">
        <ele>773.51</ele>
      </trkpt>
      <trkpt lat="-41.96568" lon="146.09723">
        <ele>773.51</ele>
      </trkpt>
      <trkpt lat="-41.9657" lon="146.09722">
        <ele>773.54</ele>
      </trkpt>
      <trkpt lat="-41.96582" lon="146.09709">
        <ele>774.33</ele>
      </trkpt>
      <trkpt lat="-41.9659" lon="146.09704">
        <ele>775.79</ele>
      </trkpt>
      <trkpt lat="-41.96604" lon="146.09696">
        <ele>777.9</ele>
      </trkpt>
      <trkpt lat="-41.96605" lon="146.09695">
        <ele>777.97</ele>
      </trkpt>
      <trkpt lat="-41.96609" lon="146.09691">
        <ele>777.43</ele>
      </trkpt>
      <trkpt lat="-41.96614" lon="146.09688">
        <ele>777.06</ele>
      </trkpt>
      <trkpt lat="-41.96618" lon="146.09686">
        <ele>776.98</ele>
      </trkpt>
      <trkpt lat="-41.96623" lon="146.09685">
        <ele>777.47</ele>
      </trkpt>
      <trkpt lat="-41.96628" lon="146.09684">
        <ele>778.06</ele>
      </trkpt>
      <trkpt lat="-41.96633" lon="146.09683">
        <ele>778.73</ele>
      </trkpt>
      <trkpt lat="-41.96637" lon="146.09685">
        <ele>779.68</ele>
      </trkpt>
      <trkpt lat="-41.96641" lon="146.09689">
        <ele>780.24</ele>
      </trkpt>
      <trkpt lat="-41.96644" lon="146.09694">
        <ele>780.41</ele>
      </trkpt>
      <trkpt lat="-41.96645" lon="146.09695">
        <ele>780.38</ele>
      </trkpt>
      <trkpt lat="-41.96645" lon="146.09696">
        <ele>780.45</ele>
      </trkpt>
      <trkpt lat="-41.9665" lon="146.09695">
        <ele>779.84</ele>
      </trkpt>
      <trkpt lat="-41.96654" lon="146.09694">
        <ele>779.35</ele>
      </trkpt>
      <trkpt lat="-41.9666" lon="146.09691">
        <ele>778.72</ele>
      </trkpt>
      <trkpt lat="-41.96664" lon="146.09686">
        <ele>778.48</ele>
      </trkpt>
      <trkpt lat="-41.96668" lon="146.09683">
        <ele>778.43</ele>
      </trkpt>
      <trkpt lat="-41.96672" lon="146.09681">
        <ele>778.5</ele>
      </trkpt>
      <trkpt lat="-41.96677" lon="146.0968">
        <ele>778.49</ele>
      </trkpt>
      <trkpt lat="-41.96681" lon="146.0968">
        <ele>778.48</ele>
      </trkpt>
      <trkpt lat="-41.96681" lon="146.0968">
        <ele>778.48</ele>
      </trkpt>
      <trkpt lat="-41.96681" lon="146.0968">
        <ele>778.48</ele>
      </trkpt>
      <trkpt lat="-41.96687" lon="146.09679">
        <ele>778.39</ele>
      </trkpt>
      <trkpt lat="-41.96693" lon="146.09678">
        <ele>778.24</ele>
      </trkpt>
      <trkpt lat="-41.96703" lon="146.09671">
        <ele>777.21</ele>
      </trkpt>
      <trkpt lat="-41.96706" lon="146.09666">
        <ele>776.49</ele>
      </trkpt>
      <trkpt lat="-41.96711" lon="146.09662">
        <ele>775.73</ele>
      </trkpt>
      <trkpt lat="-41.96713" lon="146.09661">
        <ele>775.52</ele>
      </trkpt>
      <trkpt lat="-41.96718" lon="146.09659">
        <ele>775.05</ele>
      </trkpt>
      <trkpt lat="-41.96722" lon="146.09657">
        <ele>774.62</ele>
      </trkpt>
      <trkpt lat="-41.96726" lon="146.09654">
        <ele>775.13</ele>
      </trkpt>
      <trkpt lat="-41.96731" lon="146.09653">
        <ele>776.24</ele>
      </trkpt>
      <trkpt lat="-41.96735" lon="146.09651">
        <ele>776.96</ele>
      </trkpt>
      <trkpt lat="-41.9674" lon="146.09651">
        <ele>778.22</ele>
      </trkpt>
      <trkpt lat="-41.96744" lon="146.09653">
        <ele>779.52</ele>
      </trkpt>
      <trkpt lat="-41.96745" lon="146.09654">
        <ele>779.92</ele>
      </trkpt>
      <trkpt lat="-41.96746" lon="146.09652">
        <ele>779.88</ele>
      </trkpt>
      <trkpt lat="-41.96751" lon="146.09653">
        <ele>781.0</ele>
      </trkpt>
      <trkpt lat="-41.96756" lon="146.09652">
        <ele>780.68</ele>
      </trkpt>
      <trkpt lat="-41.96761" lon="146.09651">
        <ele>780.4</ele>
      </trkpt>
      <trkpt lat="-41.96766" lon="146.0965">
        <ele>780.14</ele>
      </trkpt>
      <trkpt lat="-41.9677" lon="146.09647">
        <ele>779.75</ele>
      </trkpt>
      <trkpt lat="-41.96773" lon="146.09643">
        <ele>779.35</ele>
      </trkpt>
      <trkpt lat="-41.96773" lon="146.09643">
        <ele>779.35</ele>
      </trkpt>
      <trkpt lat="-41.96773" lon="146.09643">
        <ele>779.35</ele>
      </trkpt>
      <trkpt lat="-41.9678" lon="146.09626">
        <ele>778.7</ele>
      </trkpt>
      <trkpt lat="-41.96784" lon="146.09616">
        <ele>778.62</ele>
      </trkpt>
      <trkpt lat="-41.9679" lon="146.09607">
        <ele>779.31</ele>
      </trkpt>
      <trkpt lat="-41.96796" lon="146.09597">
        <ele>780.99</ele>
      </trkpt>
      <trkpt lat="-41.96797" lon="146.09594">
        <ele>781.47</ele>
      </trkpt>
      <trkpt lat="-41.968" lon="146.09589">
        <ele>782.47</ele>
      </trkpt>
      <trkpt lat="-41.96803" lon="146.09584">
        <ele>783.54</ele>
      </trkpt>
      <trkpt lat="-41.96807" lon="146.09583">
        <ele>783.32</ele>
      </trkpt>
      <trkpt lat="-41.96812" lon="146.09582">
        <ele>781.03</ele>
      </trkpt>
      <trkpt lat="-41.96817" lon="146.09581">
        <ele>778.81</ele>
      </trkpt>
      <trkpt lat="-41.96822" lon="146.09579">
        <ele>776.58</ele>
      </trkpt>
      <trkpt lat="-41.96826" lon="146.09578">
        <ele>774.91</ele>
      </trkpt>
      <trkpt lat="-41.96831" lon="146.09576">
        <ele>772.9</ele>
      </trkpt>
      <trkpt lat="-41.96834" lon="146.09576">
        <ele>771.98</ele>
      </trkpt>
      <trkpt lat="-41.96833" lon="146.09575">
        <ele>772.13</ele>
      </trkpt>
      <trkpt lat="-41.96843" lon="146.09571">
        <ele>771.54</ele>
      </trkpt>
      <trkpt lat="-41.96853" lon="146.09567">
        <ele>770.75</ele>
      </trkpt>
      <trkpt lat="-41.96868" lon="146.09563">
        <ele>768.81</ele>
      </trkpt>
      <trkpt lat="-41.96868" lon="146.09563">
        <ele>768.81</ele>
      </trkpt>
      <trkpt lat="-41.96872" lon="146.09562">
        <ele>768.13</ele>
      </trkpt>
      <trkpt lat="-41.96889" lon="146.09557">
        <ele>765.19</ele>
      </trkpt>
      <trkpt lat="-41.96902" lon="146.09551">
        <ele>770.44</ele>
      </trkpt>
      <trkpt lat="-41.96902" lon="146.0955">
        <ele>770.7</ele>
      </trkpt>
      <trkpt lat="-41.96907" lon="146.09547">
        <ele>772.56</ele>
      </trkpt>
      <trkpt lat="-41.96911" lon="146.09546">
        <ele>773.55</ele>
      </trkpt>
      <trkpt lat="-41.96916" lon="146.09544">
        <ele>774.72</ele>
      </trkpt>
      <trkpt lat="-41.9692" lon="146.09543">
        <ele>775.28</ele>
      </trkpt>
      <trkpt lat="-41.96921" lon="146.09543">
        <ele>775.39</ele>
      </trkpt>
      <trkpt lat="-41.96951" lon="146.09538">
        <ele>777.98</ele>
      </trkpt>
      <trkpt lat="-41.96972" lon="146.09538">
        <ele>777.9</ele>
      </trkpt>
      <trkpt lat="-41.96984" lon="146.09542">
        <ele>778.75</ele>
      </trkpt>
      <trkpt lat="-41.97001" lon="146.09545">
        <ele>780.26</ele>
      </trkpt>
      <trkpt lat="-41.97019" lon="146.09552">
        <ele>777.99</ele>
      </trkpt>
      <trkpt lat="-41.9702" lon="146.09552">
        <ele>777.88</ele>
      </trkpt>
      <trkpt lat="-41.97024" lon="146.0955">
        <ele>777.44</ele>
      </trkpt>
      <trkpt lat="-41.97029" lon="146.0955">
        <ele>776.98</ele>
      </trkpt>
      <trkpt lat="-41.97033" lon="146.09553">
        <ele>776.86</ele>
      </trkpt>
      <trkpt lat="-41.97038" lon="146.09555">
        <ele>776.65</ele>
      </trkpt>
      <trkpt lat="-41.97042" lon="146.09556">
        <ele>776.46</ele>
      </trkpt>
      <trkpt lat="-41.97047" lon="146.09555">
        <ele>776.35</ele>
      </trkpt>
      <trkpt lat="-41.97052" lon="146.09555">
        <ele>776.18</ele>
      </trkpt>
      <trkpt lat="-41.97053" lon="146.09555">
        <ele>776.15</ele>
      </trkpt>
      <trkpt lat="-41.97071" lon="146.09558">
        <ele>779.62</ele>
      </trkpt>
      <trkpt lat="-41.97084" lon="146.09566">
        <ele>781.58</ele>
      </trkpt>
      <trkpt lat="-41.97085" lon="146.09568">
        <ele>781.42</ele>
      </trkpt>
      <trkpt lat="-41.9709" lon="146.09568">
        <ele>782.06</ele>
      </trkpt>
      <trkpt lat="-41.97094" lon="146.09568">
        <ele>782.57</ele>
      </trkpt>
      <trkpt lat="-41.97099" lon="146.09568">
        <ele>783.21</ele>
      </trkpt>
      <trkpt lat="-41.97104" lon="146.09567">
        <ele>784.02</ele>
      </trkpt>
      <trkpt lat="-41.97108" lon="146.09566">
        <ele>784.71</ele>
      </trkpt>
      <trkpt lat="-41.97113" lon="146.09565">
        <ele>785.35</ele>
      </trkpt>
      <trkpt lat="-41.97114" lon="146.09565">
        <ele>785.37</ele>
      </trkpt>
      <trkpt lat="-41.97116" lon="146.09566">
        <ele>785.25</ele>
      </trkpt>
      <trkpt lat="-41.9712" lon="146.09564">
        <ele>785.67</ele>
      </trkpt>
      <trkpt lat="-41.97125" lon="146.09563">
        <ele>785.93</ele>
      </trkpt>
      <trkpt lat="-41.9713" lon="146.09561">
        <ele>786.29</ele>
      </trkpt>
      <trkpt lat="-41.97135" lon="146.0956">
        <ele>786.48</ele>
      </trkpt>
      <trkpt lat="-41.9714" lon="146.0956">
        <ele>786.29</ele>
      </trkpt>
      <trkpt lat="-41.97142" lon="146.0956">
        <ele>785.88</ele>
      </trkpt>
      <trkpt lat="-41.97144" lon="146.09561">
        <ele>785.38</ele>
      </trkpt>
      <trkpt lat="-41.97149" lon="146.09561">
        <ele>784.37</ele>
      </trkpt>
      <trkpt lat="-41.97154" lon="146.0956">
        <ele>783.43</ele>
      </trkpt>
      <trkpt lat="-41.97158" lon="146.09558">
        <ele>782.73</ele>
      </trkpt>
      <trkpt lat="-41.97162" lon="146.09557">
        <ele>781.94</ele>
      </trkpt>
      <trkpt lat="-41.97167" lon="146.09556">
        <ele>780.89</ele>
      </trkpt>
      <trkpt lat="-41.97172" lon="146.09554">
        <ele>779.32</ele>
      </trkpt>
      <trkpt lat="-41.97177" lon="146.09553">
        <ele>777.82</ele>
      </trkpt>
      <trkpt lat="-41.97182" lon="146.09551">
        <ele>776.27</ele>
      </trkpt>
      <trkpt lat="-41.97187" lon="146.09551">
        <ele>774.89</ele>
      </trkpt>
      <trkpt lat="-41.97191" lon="146.09551">
        <ele>773.79</ele>
      </trkpt>
      <trkpt lat="-41.97196" lon="146.09551">
        <ele>772.65</ele>
      </trkpt>
      <trkpt lat="-41.97201" lon="146.0955">
        <ele>772.04</ele>
      </trkpt>
      <trkpt lat="-41.97205" lon="146.0955">
        <ele>771.58</ele>
      </trkpt>
      <trkpt lat="-41.97207" lon="146.0955">
        <ele>771.35</ele>
      </trkpt>
      <trkpt lat="-41.97207" lon="146.0955">
        <ele>771.35</ele>
      </trkpt>
      <trkpt lat="-41.97212" lon="146.09551">
        <ele>770.72</ele>
      </trkpt>
      <trkpt lat="-41.97219" lon="146.09551">
        <ele>769.88</ele>
      </trkpt>
      <trkpt lat="-41.97224" lon="146.09549">
        <ele>769.84</ele>
      </trkpt>
      <trkpt lat="-41.97229" lon="146.09547">
        <ele>770.41</ele>
      </trkpt>
      <trkpt lat="-41.97234" lon="146.09547">
        <ele>770.77</ele>
      </trkpt>
      <trkpt lat="-41.97238" lon="146.09549">
        <ele>770.84</ele>
      </trkpt>
      <trkpt lat="-41.97243" lon="146.09554">
        <ele>770.66</ele>
      </trkpt>
      <trkpt lat="-41.97246" lon="146.09557">
        <ele>770.76</ele>
      </trkpt>
      <trkpt lat="-41.97251" lon="146.0956">
        <ele>771.32</ele>
      </trkpt>
      <trkpt lat="-41.97255" lon="146.09562">
        <ele>772.04</ele>
      </trkpt>
      <trkpt lat="-41.9726" lon="146.09564">
        <ele>772.96</ele>
      </trkpt>
      <trkpt lat="-41.97265" lon="146.09564">
        <ele>773.79</ele>
      </trkpt>
      <trkpt lat="-41.97269" lon="146.09564">
        <ele>774.46</ele>
      </trkpt>
      <trkpt lat="-41.97274" lon="146.09566">
        <ele>775.48</ele>
      </trkpt>
      <trkpt lat="-41.97278" lon="146.0957">
        <ele>776.58</ele>
      </trkpt>
      <trkpt lat="-41.97282" lon="146.09572">
        <ele>777.23</ele>
      </trkpt>
      <trkpt lat="-41.97286" lon="146.09575">
        <ele>777.99</ele>
      </trkpt>
      <trkpt lat="-41.97291" lon="146.09578">
        <ele>778.85</ele>
      </trkpt>
      <trkpt lat="-41.97295" lon="146.09581">
        <ele>779.61</ele>
      </trkpt>
      <trkpt lat="-41.97299" lon="146.09584">
        <ele>780.27</ele>
      </trkpt>
      <trkpt lat="-41.97304" lon="146.09585">
        <ele>780.77</ele>
      </trkpt>
      <trkpt lat="-41.97306" lon="146.09585">
        <ele>780.96</ele>
      </trkpt>
      <trkpt lat="-41.97307" lon="146.09585">
        <ele>781.0</ele>
      </trkpt>
      <trkpt lat="-41.97313" lon="146.09585">
        <ele>781.24</ele>
      </trkpt>
      <trkpt lat="-41.97318" lon="146.09585">
        <ele>781.44</ele>
      </trkpt>
      <trkpt lat="-41.97324" lon="146.09584">
        <ele>781.67</ele>
      </trkpt>
      <trkpt lat="-41.97328" lon="146.09584">
        <ele>781.82</ele>
      </trkpt>
      <trkpt lat="-41.97333" lon="146.09584">
        <ele>782.01</ele>
      </trkpt>
      <trkpt lat="-41.97338" lon="146.09586">
        <ele>780.12</ele>
      </trkpt>
      <trkpt lat="-41.97342" lon="146.09589">
        <ele>778.98</ele>
      </trkpt>
      <trkpt lat="-41.97346" lon="146.09591">
        <ele>777.98</ele>
      </trkpt>
      <trkpt lat="-41.9735" lon="146.09594">
        <ele>777.58</ele>
      </trkpt>
      <trkpt lat="-41.97355" lon="146.09596">
        <ele>776.94</ele>
      </trkpt>
      <trkpt lat="-41.97356" lon="146.09603">
        <ele>779.61</ele>
      </trkpt>
      <trkpt lat="-41.97358" lon="146.0961">
        <ele>782.5</ele>
      </trkpt>
      <trkpt lat="-41.97359" lon="146.09615">
        <ele>782.34</ele>
      </trkpt>
      <trkpt lat="-41.97363" lon="146.09624">
        <ele>780.33</ele>
      </trkpt>
      <trkpt lat="-41.97367" lon="146.09628">
        <ele>779.44</ele>
      </trkpt>
      <trkpt lat="-41.97369" lon="146.09631">
        <ele>779.31</ele>
      </trkpt>
      <trkpt lat="-41.9739" lon="146.09652">
        <ele>782.65</ele>
      </trkpt>
      <trkpt lat="-41.9739" lon="146.09651">
        <ele>782.69</ele>
      </trkpt>
      <trkpt lat="-41.97398" lon="146.09657">
        <ele>783.23</ele>
      </trkpt>
      <trkpt lat="-41.97417" lon="146.09684">
        <ele>782.73</ele>
      </trkpt>
      <trkpt lat="-41.97432" lon="146.09689">
        <ele>781.29</ele>
      </trkpt>
      <trkpt lat="-41.97432" lon="146.09689">
        <ele>781.29</ele>
      </trkpt>
      <trkpt lat="-41.97449" lon="146.09695">
        <ele>779.51</ele>
      </trkpt>
      <trkpt lat="-41.97457" lon="146.09703">
        <ele>778.78</ele>
      </trkpt>
      <trkpt lat="-41.97457" lon="146.09703">
        <ele>778.78</ele>
      </trkpt>
      <trkpt lat="-41.9746" lon="146.09721">
        <ele>778.86</ele>
      </trkpt>
      <trkpt lat="-41.97462" lon="146.09723">
        <ele>778.81</ele>
      </trkpt>
      <trkpt lat="-41.97462" lon="146.09723">
        <ele>778.81</ele>
      </trkpt>
      <trkpt lat="-41.97473" lon="146.09734">
        <ele>779.34</ele>
      </trkpt>
      <trkpt lat="-41.97495" lon="146.09763">
        <ele>785.16</ele>
      </trkpt>
      <trkpt lat="-41.97507" lon="146.09777">
        <ele>788.65</ele>
      </trkpt>
      <trkpt lat="-41.97513" lon="146.09781">
        <ele>789.28</ele>
      </trkpt>
      <trkpt lat="-41.97513" lon="146.09781">
        <ele>789.28</ele>
      </trkpt>
      <trkpt lat="-41.9752" lon="146.09785">
        <ele>790.01</ele>
      </trkpt>
      <trkpt lat="-41.97537" lon="146.09789">
        <ele>791.67</ele>
      </trkpt>
      <trkpt lat="-41.97541" lon="146.09789">
        <ele>791.96</ele>
      </trkpt>
      <trkpt lat="-41.97543" lon="146.0979">
        <ele>792.21</ele>
      </trkpt>
      <trkpt lat="-41.97548" lon="146.09791">
        <ele>792.73</ele>
      </trkpt>
      <trkpt lat="-41.97552" lon="146.09789">
        <ele>792.76</ele>
      </trkpt>
      <trkpt lat="-41.97556" lon="146.09785">
        <ele>792.24</ele>
      </trkpt>
      <trkpt lat="-41.9756" lon="146.09782">
        <ele>791.06</ele>
      </trkpt>
      <trkpt lat="-41.97565" lon="146.0978">
        <ele>789.81</ele>
      </trkpt>
      <trkpt lat="-41.97569" lon="146.09777">
        <ele>788.45</ele>
      </trkpt>
      <trkpt lat="-41.9757" lon="146.09777">
        <ele>788.27</ele>
      </trkpt>
      <trkpt lat="-41.97569" lon="146.09777">
        <ele>788.45</ele>
      </trkpt>
      <trkpt lat="-41.97581" lon="146.09773">
        <ele>785.57</ele>
      </trkpt>
      <trkpt lat="-41.97589" lon="146.09773">
        <ele>785.34</ele>
      </trkpt>
      <trkpt lat="-41.97601" lon="146.09777">
        <ele>786.5</ele>
      </trkpt>
      <trkpt lat="-41.97612" lon="146.09788">
        <ele>788.35</ele>
      </trkpt>
      <trkpt lat="-41.97623" lon="146.09793">
        <ele>788.03</ele>
      </trkpt>
      <trkpt lat="-41.97633" lon="146.09801">
        <ele>789.57</ele>
      </trkpt>
      <trkpt lat="-41.97636" lon="146.09801">
        <ele>789.46</ele>
      </trkpt>
      <trkpt lat="-41.9764" lon="146.09802">
        <ele>789.96</ele>
      </trkpt>
      <trkpt lat="-41.97648" lon="146.09803">
        <ele>792.05</ele>
      </trkpt>
      <trkpt lat="-41.97648" lon="146.09803">
        <ele>792.05</ele>
      </trkpt>
      <trkpt lat="-41.97653" lon="146.09806">
        <ele>794.09</ele>
      </trkpt>
      <trkpt lat="-41.97657" lon="146.09807">
        <ele>795.0</ele>
      </trkpt>
      <trkpt lat="-41.97662" lon="146.09808">
        <ele>796.02</ele>
      </trkpt>
      <trkpt lat="-41.97667" lon="146.09808">
        <ele>796.88</ele>
      </trkpt>
      <trkpt lat="-41.97672" lon="146.09808">
        <ele>796.37</ele>
      </trkpt>
      <trkpt lat="-41.97676" lon="146.0981">
        <ele>795.94</ele>
      </trkpt>
      <trkpt lat="-41.97682" lon="146.09809">
        <ele>795.36</ele>
      </trkpt>
      <trkpt lat="-41.97687" lon="146.09808">
        <ele>794.84</ele>
      </trkpt>
      <trkpt lat="-41.97692" lon="146.09807">
        <ele>794.31</ele>
      </trkpt>
      <trkpt lat="-41.97696" lon="146.09805">
        <ele>793.6</ele>
      </trkpt>
      <trkpt lat="-41.97701" lon="146.09802">
        <ele>792.17</ele>
      </trkpt>
      <trkpt lat="-41.97703" lon="146.09801">
        <ele>791.68</ele>
      </trkpt>
      <trkpt lat="-41.97705" lon="146.09801">
        <ele>791.37</ele>
      </trkpt>
      <trkpt lat="-41.9771" lon="146.09797">
        <ele>790.04</ele>
      </trkpt>
      <trkpt lat="-41.97714" lon="146.09795">
        <ele>789.27</ele>
      </trkpt>
      <trkpt lat="-41.97719" lon="146.09793">
        <ele>788.47</ele>
      </trkpt>
      <trkpt lat="-41.97724" lon="146.09791">
        <ele>788.44</ele>
      </trkpt>
      <trkpt lat="-41.97728" lon="146.09787">
        <ele>789.4</ele>
      </trkpt>
      <trkpt lat="-41.97732" lon="146.09783">
        <ele>790.57</ele>
      </trkpt>
      <trkpt lat="-41.97736" lon="146.09778">
        <ele>791.96</ele>
      </trkpt>
      <trkpt lat="-41.97739" lon="146.09774">
        <ele>792.6</ele>
      </trkpt>
      <trkpt lat="-41.97743" lon="146.0977">
        <ele>793.5</ele>
      </trkpt>
      <trkpt lat="-41.97747" lon="146.09769">
        <ele>794.72</ele>
      </trkpt>
      <trkpt lat="-41.97752" lon="146.09769">
        <ele>795.76</ele>
      </trkpt>
      <trkpt lat="-41.97757" lon="146.09769">
        <ele>795.82</ele>
      </trkpt>
      <trkpt lat="-41.97761" lon="146.09766">
        <ele>795.47</ele>
      </trkpt>
      <trkpt lat="-41.97765" lon="146.09765">
        <ele>795.41</ele>
      </trkpt>
      <trkpt lat="-41.97769" lon="146.09763">
        <ele>795.24</ele>
      </trkpt>
      <trkpt lat="-41.97769" lon="146.09761">
        <ele>795.0</ele>
      </trkpt>
      <trkpt lat="-41.97774" lon="146.09762">
        <ele>795.22</ele>
      </trkpt>
      <trkpt lat="-41.97777" lon="146.09766">
        <ele>795.72</ele>
      </trkpt>
      <trkpt lat="-41.97782" lon="146.09768">
        <ele>795.59</ele>
      </trkpt>
      <trkpt lat="-41.97787" lon="146.09768">
        <ele>795.16</ele>
      </trkpt>
      <trkpt lat="-41.97791" lon="146.09771">
        <ele>795.2</ele>
      </trkpt>
      <trkpt lat="-41.97795" lon="146.09775">
        <ele>795.4</ele>
      </trkpt>
      <trkpt lat="-41.97799" lon="146.09779">
        <ele>795.52</ele>
      </trkpt>
      <trkpt lat="-41.97801" lon="146.09784">
        <ele>795.63</ele>
      </trkpt>
      <trkpt lat="-41.97804" lon="146.09791">
        <ele>795.96</ele>
      </trkpt>
      <trkpt lat="-41.97806" lon="146.09796">
        <ele>796.29</ele>
      </trkpt>
      <trkpt lat="-41.97809" lon="146.09801">
        <ele>796.53</ele>
      </trkpt>
      <trkpt lat="-41.97811" lon="146.09806">
        <ele>796.72</ele>
      </trkpt>
      <trkpt lat="-41.97813" lon="146.09812">
        <ele>795.57</ele>
      </trkpt>
      <trkpt lat="-41.97815" lon="146.09818">
        <ele>794.42</ele>
      </trkpt>
      <trkpt lat="-41.97818" lon="146.09823">
        <ele>793.41</ele>
      </trkpt>
      <trkpt lat="-41.9782" lon="146.09828">
        <ele>792.44</ele>
      </trkpt>
      <trkpt lat="-41.97818" lon="146.09827">
        <ele>792.69</ele>
      </trkpt>
      <trkpt lat="-41.9782" lon="146.09832">
        <ele>791.72</ele>
      </trkpt>
      <trkpt lat="-41.97825" lon="146.09835">
        <ele>791.47</ele>
      </trkpt>
      <trkpt lat="-41.97829" lon="146.09837">
        <ele>791.67</ele>
      </trkpt>
      <trkpt lat="-41.97834" lon="146.09838">
        <ele>791.92</ele>
      </trkpt>
      <trkpt lat="-41.97839" lon="146.09839">
        <ele>792.63</ele>
      </trkpt>
      <trkpt lat="-41.97844" lon="146.09839">
        <ele>793.16</ele>
      </trkpt>
      <trkpt lat="-41.97848" lon="146.0984">
        <ele>793.68</ele>
      </trkpt>
      <trkpt lat="-41.97853" lon="146.0984">
        <ele>794.18</ele>
      </trkpt>
      <trkpt lat="-41.97858" lon="146.0984">
        <ele>794.69</ele>
      </trkpt>
      <trkpt lat="-41.97861" lon="146.0984">
        <ele>794.99</ele>
      </trkpt>
      <trkpt lat="-41.97861" lon="146.0984">
        <ele>794.99</ele>
      </trkpt>
      <trkpt lat="-41.97866" lon="146.0984">
        <ele>794.82</ele>
      </trkpt>
      <trkpt lat="-41.97871" lon="146.0984">
        <ele>794.63</ele>
      </trkpt>
      <trkpt lat="-41.97875" lon="146.0984">
        <ele>794.48</ele>
      </trkpt>
      <trkpt lat="-41.9788" lon="146.09839">
        <ele>794.19</ele>
      </trkpt>
      <trkpt lat="-41.97884" lon="146.09838">
        <ele>793.91</ele>
      </trkpt>
      <trkpt lat="-41.97889" lon="146.09837">
        <ele>793.54</ele>
      </trkpt>
      <trkpt lat="-41.97894" lon="146.09836">
        <ele>794.07</ele>
      </trkpt>
      <trkpt lat="-41.97899" lon="146.09836">
        <ele>794.74</ele>
      </trkpt>
      <trkpt lat="-41.97903" lon="146.09837">
        <ele>795.36</ele>
      </trkpt>
      <trkpt lat="-41.97908" lon="146.09837">
        <ele>796.01</ele>
      </trkpt>
      <trkpt lat="-41.97909" lon="146.09838">
        <ele>796.2</ele>
      </trkpt>
      <trkpt lat="-41.9791" lon="146.09839">
        <ele>796.39</ele>
      </trkpt>
      <trkpt lat="-41.97915" lon="146.09843">
        <ele>797.17</ele>
      </trkpt>
      <trkpt lat="-41.97919" lon="146.09846">
        <ele>797.46</ele>
      </trkpt>
      <trkpt lat="-41.97923" lon="146.09849">
        <ele>797.56</ele>
      </trkpt>
      <trkpt lat="-41.97927" lon="146.09851">
        <ele>797.64</ele>
      </trkpt>
      <trkpt lat="-41.97931" lon="146.09854">
        <ele>797.74</ele>
      </trkpt>
      <trkpt lat="-41.97936" lon="146.09855">
        <ele>797.78</ele>
      </trkpt>
      <trkpt lat="-41.97941" lon="146.09856">
        <ele>797.82</ele>
      </trkpt>
      <trkpt lat="-41.97946" lon="146.09855">
        <ele>797.81</ele>
      </trkpt>
      <trkpt lat="-41.97951" lon="146.09853">
        <ele>797.81</ele>
      </trkpt>
      <trkpt lat="-41.97955" lon="146.09849">
        <ele>797.61</ele>
      </trkpt>
      <trkpt lat="-41.97959" lon="146.09845">
        <ele>797.34</ele>
      </trkpt>
      <trkpt lat="-41.9796" lon="146.09843">
        <ele>797.18</ele>
      </trkpt>
      <trkpt lat="-41.97961" lon="146.09843">
        <ele>797.17</ele>
      </trkpt>
      <trkpt lat="-41.97965" lon="146.09838">
        <ele>796.68</ele>
      </trkpt>
      <trkpt lat="-41.97968" lon="146.09834">
        <ele>796.22</ele>
      </trkpt>
      <trkpt lat="-41.97972" lon="146.0983">
        <ele>795.41</ele>
      </trkpt>
      <trkpt lat="-41.97976" lon="146.09828">
        <ele>794.9</ele>
      </trkpt>
      <trkpt lat="-41.97981" lon="146.09825">
        <ele>794.18</ele>
      </trkpt>
      <trkpt lat="-41.97986" lon="146.09823">
        <ele>793.64</ele>
      </trkpt>
      <trkpt lat="-41.9799" lon="146.0982">
        <ele>792.96</ele>
      </trkpt>
      <trkpt lat="-41.97994" lon="146.09817">
        <ele>792.28</ele>
      </trkpt>
      <trkpt lat="-41.97995" lon="146.09816">
        <ele>792.06</ele>
      </trkpt>
      <trkpt lat="-41.97999" lon="146.09814">
        <ele>791.56</ele>
      </trkpt>
      <trkpt lat="-41.98003" lon="146.09811">
        <ele>790.2</ele>
      </trkpt>
      <trkpt lat="-41.98006" lon="146.09807">
        <ele>788.74</ele>
      </trkpt>
      <trkpt lat="-41.98011" lon="146.09805">
        <ele>787.13</ele>
      </trkpt>
      <trkpt lat="-41.98015" lon="146.09802">
        <ele>785.66</ele>
      </trkpt>
      <trkpt lat="-41.98018" lon="146.09798">
        <ele>784.36</ele>
      </trkpt>
      <trkpt lat="-41.98022" lon="146.09794">
        <ele>782.95</ele>
      </trkpt>
      <trkpt lat="-41.98026" lon="146.09791">
        <ele>781.78</ele>
      </trkpt>
      <trkpt lat="-41.98031" lon="146.0979">
        <ele>780.82</ele>
      </trkpt>
      <trkpt lat="-41.98035" lon="146.09789">
        <ele>780.12</ele>
      </trkpt>
      <trkpt lat="-41.98036" lon="146.09789">
        <ele>779.97</ele>
      </trkpt>
      <trkpt lat="-41.98036" lon="146.09789">
        <ele>779.97</ele>
      </trkpt>
      <trkpt lat="-41.9804" lon="146.09784">
        <ele>779.06</ele>
      </trkpt>
      <trkpt lat="-41.98043" lon="146.0978">
        <ele>778.46</ele>
      </trkpt>
      <trkpt lat="-41.98048" lon="146.09779">
        <ele>777.85</ele>
      </trkpt>
      <trkpt lat="-41.98053" lon="146.09778">
        <ele>777.28</ele>
      </trkpt>
      <trkpt lat="-41.98058" lon="146.09779">
        <ele>776.92</ele>
      </trkpt>
      <trkpt lat="-41.98062" lon="146.09782">
        <ele>776.87</ele>
      </trkpt>
      <trkpt lat="-41.98068" lon="146.09784">
        <ele>776.85</ele>
      </trkpt>
      <trkpt lat="-41.98072" lon="146.09786">
        <ele>776.93</ele>
      </trkpt>
      <trkpt lat="-41.98077" lon="146.09788">
        <ele>777.08</ele>
      </trkpt>
      <trkpt lat="-41.98081" lon="146.0979">
        <ele>777.29</ele>
      </trkpt>
      <trkpt lat="-41.98086" lon="146.09792">
        <ele>777.63</ele>
      </trkpt>
      <trkpt lat="-41.9809" lon="146.09792">
        <ele>777.78</ele>
      </trkpt>
      <trkpt lat="-41.98094" lon="146.09793">
        <ele>778.03</ele>
      </trkpt>
      <trkpt lat="-41.98109" lon="146.09797">
        <ele>779.0</ele>
      </trkpt>
      <trkpt lat="-41.98125" lon="146.09792">
        <ele>778.8</ele>
      </trkpt>
      <trkpt lat="-41.98128" lon="146.09794">
        <ele>779.21</ele>
      </trkpt>
      <trkpt lat="-41.98132" lon="146.09796">
        <ele>779.7</ele>
      </trkpt>
      <trkpt lat="-41.98137" lon="146.09798">
        <ele>780.29</ele>
      </trkpt>
      <trkpt lat="-41.98142" lon="146.09799">
        <ele>780.5</ele>
      </trkpt>
      <trkpt lat="-41.98147" lon="146.09799">
        <ele>780.36</ele>
      </trkpt>
      <trkpt lat="-41.98152" lon="146.09799">
        <ele>780.22</ele>
      </trkpt>
      <trkpt lat="-41.98157" lon="146.09799">
        <ele>780.09</ele>
      </trkpt>
      <trkpt lat="-41.98163" lon="146.09797">
        <ele>779.55</ele>
      </trkpt>
      <trkpt lat="-41.98167" lon="146.09795">
        <ele>779.1</ele>
      </trkpt>
      <trkpt lat="-41.98172" lon="146.09793">
        <ele>778.83</ele>
      </trkpt>
      <trkpt lat="-41.98176" lon="146.09792">
        <ele>778.72</ele>
      </trkpt>
      <trkpt lat="-41.98176" lon="146.09792">
        <ele>778.72</ele>
      </trkpt>
      <trkpt lat="-41.98178" lon="146.09792">
        <ele>778.76</ele>
      </trkpt>
      <trkpt lat="-41.98182" lon="146.0979">
        <ele>778.51</ele>
      </trkpt>
      <trkpt lat="-41.98187" lon="146.09788">
        <ele>778.3</ele>
      </trkpt>
      <trkpt lat="-41.98191" lon="146.09786">
        <ele>778.1</ele>
      </trkpt>
      <trkpt lat="-41.98196" lon="146.09784">
        <ele>778.0</ele>
      </trkpt>
      <trkpt lat="-41.982" lon="146.09783">
        <ele>778.11</ele>
      </trkpt>
      <trkpt lat="-41.98205" lon="146.09782">
        <ele>778.31</ele>
      </trkpt>
      <trkpt lat="-41.9821" lon="146.09782">
        <ele>778.64</ele>
      </trkpt>
      <trkpt lat="-41.98214" lon="146.09784">
        <ele>779.15</ele>
      </trkpt>
      <trkpt lat="-41.98219" lon="146.09785">
        <ele>779.58</ele>
      </trkpt>
      <trkpt lat="-41.98223" lon="146.09787">
        <ele>779.91</ele>
      </trkpt>
      <trkpt lat="-41.98225" lon="146.09787">
        <ele>779.7</ele>
      </trkpt>
      <trkpt lat="-41.98226" lon="146.09789">
        <ele>779.83</ele>
      </trkpt>
      <trkpt lat="-41.98231" lon="146.09792">
        <ele>779.76</ele>
      </trkpt>
      <trkpt lat="-41.98236" lon="146.09793">
        <ele>779.48</ele>
      </trkpt>
      <trkpt lat="-41.98241" lon="146.09793">
        <ele>779.05</ele>
      </trkpt>
      <trkpt lat="-41.98245" lon="146.09793">
        <ele>778.71</ele>
      </trkpt>
      <trkpt lat="-41.9825" lon="146.09792">
        <ele>778.07</ele>
      </trkpt>
      <trkpt lat="-41.98255" lon="146.09791">
        <ele>777.32</ele>
      </trkpt>
      <trkpt lat="-41.98255" lon="146.09791">
        <ele>777.32</ele>
      </trkpt>
      <trkpt lat="-41.98255" lon="146.0979">
        <ele>777.12</ele>
      </trkpt>
      <trkpt lat="-41.98264" lon="146.09788">
        <ele>775.83</ele>
      </trkpt>
      <trkpt lat="-41.98287" lon="146.0979">
        <ele>774.32</ele>
      </trkpt>
      <trkpt lat="-41.98301" lon="146.09791">
        <ele>773.71</ele>
      </trkpt>
      <trkpt lat="-41.98307" lon="146.09794">
        <ele>773.29</ele>
      </trkpt>
      <trkpt lat="-41.98307" lon="146.09794">
        <ele>773.29</ele>
      </trkpt>
      <trkpt lat="-41.98319" lon="146.09799">
        <ele>771.77</ele>
      </trkpt>
      <trkpt lat="-41.98319" lon="146.09799">
        <ele>771.77</ele>
      </trkpt>
      <trkpt lat="-41.98333" lon="146.09799">
        <ele>769.69</ele>
      </trkpt>
      <trkpt lat="-41.98335" lon="146.09798">
        <ele>769.11</ele>
      </trkpt>
      <trkpt lat="-41.9834" lon="146.09799">
        <ele>768.91</ele>
      </trkpt>
      <trkpt lat="-41.98344" lon="146.09798">
        <ele>768.16</ele>
      </trkpt>
      <trkpt lat="-41.98351" lon="146.09797">
        <ele>767.16</ele>
      </trkpt>
      <trkpt lat="-41.98355" lon="146.09795">
        <ele>766.27</ele>
      </trkpt>
      <trkpt lat="-41.98361" lon="146.09795">
        <ele>765.73</ele>
      </trkpt>
      <trkpt lat="-41.98366" lon="146.09794">
        <ele>766.12</ele>
      </trkpt>
      <trkpt lat="-41.98371" lon="146.09794">
        <ele>766.75</ele>
      </trkpt>
      <trkpt lat="-41.98376" lon="146.09794">
        <ele>767.38</ele>
      </trkpt>
      <trkpt lat="-41.98381" lon="146.09795">
        <ele>768.07</ele>
      </trkpt>
      <trkpt lat="-41.98385" lon="146.09796">
        <ele>768.57</ele>
      </trkpt>
      <trkpt lat="-41.98387" lon="146.09797">
        <ele>768.81</ele>
      </trkpt>
      <trkpt lat="-41.98389" lon="146.09795">
        <ele>769.03</ele>
      </trkpt>
      <trkpt lat="-41.98393" lon="146.09794">
        <ele>770.02</ele>
      </trkpt>
      <trkpt lat="-41.98398" lon="146.09792">
        <ele>771.15</ele>
      </trkpt>
      <trkpt lat="-41.98404" lon="146.0979">
        <ele>772.37</ele>
      </trkpt>
      <trkpt lat="-41.98409" lon="146.09787">
        <ele>773.1</ele>
      </trkpt>
      <trkpt lat="-41.98413" lon="146.09785">
        <ele>773.6</ele>
      </trkpt>
      <trkpt lat="-41.98419" lon="146.09783">
        <ele>773.7</ele>
      </trkpt>
      <trkpt lat="-41.98423" lon="146.09781">
        <ele>772.92</ele>
      </trkpt>
      <trkpt lat="-41.98428" lon="146.09779">
        <ele>772.01</ele>
      </trkpt>
      <trkpt lat="-41.98433" lon="146.09778">
        <ele>771.28</ele>
      </trkpt>
      <trkpt lat="-41.98438" lon="146.09778">
        <ele>770.74</ele>
      </trkpt>
      <trkpt lat="-41.98442" lon="146.0978">
        <ele>770.74</ele>
      </trkpt>
      <trkpt lat="-41.98445" lon="146.09781">
        <ele>770.73</ele>
      </trkpt>
      <trkpt lat="-41.98446" lon="146.0978">
        <ele>770.59</ele>
      </trkpt>
      <trkpt lat="-41.98451" lon="146.0978">
        <ele>770.93</ele>
      </trkpt>
      <trkpt lat="-41.98456" lon="146.09782">
        <ele>771.68</ele>
      </trkpt>
      <trkpt lat="-41.9846" lon="146.09784">
        <ele>772.34</ele>
      </trkpt>
      <trkpt lat="-41.98464" lon="146.09788">
        <ele>773.36</ele>
      </trkpt>
      <trkpt lat="-41.98465" lon="146.09795">
        <ele>774.74</ele>
      </trkpt>
      <trkpt lat="-41.98465" lon="146.09801">
        <ele>775.88</ele>
      </trkpt>
      <trkpt lat="-41.98467" lon="146.09807">
        <ele>776.96</ele>
      </trkpt>
      <trkpt lat="-41.9847" lon="146.09812">
        <ele>777.48</ele>
      </trkpt>
      <trkpt lat="-41.98474" lon="146.09813">
        <ele>777.62</ele>
      </trkpt>
      <trkpt lat="-41.98479" lon="146.09815">
        <ele>778.09</ele>
      </trkpt>
      <trkpt lat="-41.98482" lon="146.09815">
        <ele>778.28</ele>
      </trkpt>
      <trkpt lat="-41.98482" lon="146.09815">
        <ele>778.28</ele>
      </trkpt>
      <trkpt lat="-41.98489" lon="146.09817">
        <ele>779.07</ele>
      </trkpt>
      <trkpt lat="-41.98503" lon="146.09818">
        <ele>780.34</ele>
      </trkpt>
      <trkpt lat="-41.9852" lon="146.09816">
        <ele>780.89</ele>
      </trkpt>
      <trkpt lat="-41.98527" lon="146.09815">
        <ele>781.01</ele>
      </trkpt>
      <trkpt lat="-41.98527" lon="146.09815">
        <ele>781.01</ele>
      </trkpt>
      <trkpt lat="-41.98563" lon="146.09812">
        <ele>777.46</ele>
      </trkpt>
      <trkpt lat="-41.98575" lon="146.09811">
        <ele>777.39</ele>
      </trkpt>
      <trkpt lat="-41.98576" lon="146.09809">
        <ele>776.79</ele>
      </trkpt>
      <trkpt lat="-41.9858" lon="146.09806">
        <ele>776.01</ele>
      </trkpt>
      <trkpt lat="-41.98585" lon="146.09804">
        <ele>775.51</ele>
      </trkpt>
      <trkpt lat="-41.98591" lon="146.09804">
        <ele>776.19</ele>
      </trkpt>
      <trkpt lat="-41.98597" lon="146.09805">
        <ele>777.26</ele>
      </trkpt>
      <trkpt lat="-41.98604" lon="146.09807">
        <ele>778.57</ele>
      </trkpt>
      <trkpt lat="-41.98608" lon="146.09809">
        <ele>779.44</ele>
      </trkpt>
      <trkpt lat="-41.98612" lon="146.09811">
        <ele>780.27</ele>
      </trkpt>
      <trkpt lat="-41.98617" lon="146.09812">
        <ele>781.03</ele>
      </trkpt>
      <trkpt lat="-41.98621" lon="146.09814">
        <ele>781.89</ele>
      </trkpt>
      <trkpt lat="-41.98626" lon="146.09816">
        <ele>782.86</ele>
      </trkpt>
      <trkpt lat="-41.98627" lon="146.09817">
        <ele>783.19</ele>
      </trkpt>
      <trkpt lat="-41.98628" lon="146.09818">
        <ele>783.51</ele>
      </trkpt>
      <trkpt lat="-41.98632" lon="146.09821">
        <ele>784.59</ele>
      </trkpt>
      <trkpt lat="-41.98637" lon="146.09824">
        <ele>785.78</ele>
      </trkpt>
      <trkpt lat="-41.98641" lon="146.09824">
        <ele>786.04</ele>
      </trkpt>
      <trkpt lat="-41.98646" lon="146.09824">
        <ele>786.16</ele>
      </trkpt>
      <trkpt lat="-41.98651" lon="146.09822">
        <ele>785.91</ele>
      </trkpt>
      <trkpt lat="-41.98656" lon="146.09819">
        <ele>785.54</ele>
      </trkpt>
      <trkpt lat="-41.9866" lon="146.09815">
        <ele>785.04</ele>
      </trkpt>
      <trkpt lat="-41.98663" lon="146.09811">
        <ele>784.57</ele>
      </trkpt>
      <trkpt lat="-41.98667" lon="146.09808">
        <ele>784.31</ele>
      </trkpt>
      <trkpt lat="-41.9867" lon="146.09805">
        <ele>783.57</ele>
      </trkpt>
      <trkpt lat="-41.98671" lon="146.09804">
        <ele>783.34</ele>
      </trkpt>
      <trkpt lat="-41.98675" lon="146.098">
        <ele>782.54</ele>
      </trkpt>
      <trkpt lat="-41.98679" lon="146.09796">
        <ele>781.9</ele>
      </trkpt>
      <trkpt lat="-41.98683" lon="146.09791">
        <ele>781.37</ele>
      </trkpt>
      <trkpt lat="-41.98688" lon="146.09788">
        <ele>781.11</ele>
      </trkpt>
      <trkpt lat="-41.98692" lon="146.09785">
        <ele>781.0</ele>
      </trkpt>
      <trkpt lat="-41.98696" lon="146.09782">
        <ele>780.94</ele>
      </trkpt>
      <trkpt lat="-41.98701" lon="146.0978">
        <ele>780.75</ele>
      </trkpt>
      <trkpt lat="-41.98706" lon="146.09778">
        <ele>780.58</ele>
      </trkpt>
      <trkpt lat="-41.9871" lon="146.09775">
        <ele>780.1</ele>
      </trkpt>
      <trkpt lat="-41.98715" lon="146.09773">
        <ele>779.7</ele>
      </trkpt>
      <trkpt lat="-41.98719" lon="146.09771">
        <ele>779.36</ele>
      </trkpt>
      <trkpt lat="-41.98724" lon="146.09769">
        <ele>778.28</ele>
      </trkpt>
      <trkpt lat="-41.98727" lon="146.09768">
        <ele>776.89</ele>
      </trkpt>
      <trkpt lat="-41.98728" lon="146.09767">
        <ele>776.37</ele>
      </trkpt>
      <trkpt lat="-41.98734" lon="146.09765">
        <ele>773.69</ele>
      </trkpt>
      <trkpt lat="-41.98738" lon="146.09763">
        <ele>771.93</ele>
      </trkpt>
      <trkpt lat="-41.98742" lon="146.09761">
        <ele>770.22</ele>
      </trkpt>
      <trkpt lat="-41.98747" lon="146.0976">
        <ele>768.2</ele>
      </trkpt>
      <trkpt lat="-41.98752" lon="146.09759">
        <ele>766.81</ele>
      </trkpt>
      <trkpt lat="-41.98755" lon="146.09758">
        <ele>766.56</ele>
      </trkpt>
      <trkpt lat="-41.98755" lon="146.09757">
        <ele>766.59</ele>
      </trkpt>
      <trkpt lat="-41.98766" lon="146.09752">
        <ele>766.22</ele>
      </trkpt>
      <trkpt lat="-41.98798" lon="146.09731">
        <ele>756.8</ele>
      </trkpt>
      <trkpt lat="-41.98813" lon="146.09724">
        <ele>753.1</ele>
      </trkpt>
      <trkpt lat="-41.9882" lon="146.09718">
        <ele>753.35</ele>
      </trkpt>
      <trkpt lat="-41.98833" lon="146.09707">
        <ele>753.79</ele>
      </trkpt>
      <trkpt lat="-41.98847" lon="146.09704">
        <ele>757.69</ele>
      </trkpt>
      <trkpt lat="-41.98866" lon="146.09706">
        <ele>761.63</ele>
      </trkpt>
      <trkpt lat="-41.98889" lon="146.09724">
        <ele>768.93</ele>
      </trkpt>
      <trkpt lat="-41.989" lon="146.09731">
        <ele>768.64</ele>
      </trkpt>
      <trkpt lat="-41.98905" lon="146.0973">
        <ele>768.53</ele>
      </trkpt>
      <trkpt lat="-41.98918" lon="146.0973">
        <ele>768.25</ele>
      </trkpt>
      <trkpt lat="-41.98934" lon="146.0973">
        <ele>766.5</ele>
      </trkpt>
      <trkpt lat="-41.98934" lon="146.0973">
        <ele>766.5</ele>
      </trkpt>
      <trkpt lat="-41.98936" lon="146.0973">
        <ele>766.28</ele>
      </trkpt>
      <trkpt lat="-41.98955" lon="146.09731">
        <ele>767.47</ele>
      </trkpt>
      <trkpt lat="-41.98971" lon="146.09736">
        <ele>771.32</ele>
      </trkpt>
      <trkpt lat="-41.9898" lon="146.09738">
        <ele>770.86</ele>
      </trkpt>
      <trkpt lat="-41.99009" lon="146.09769">
        <ele>770.34</ele>
      </trkpt>
      <trkpt lat="-41.99042" lon="146.09796">
        <ele>773.48</ele>
      </trkpt>
      <trkpt lat="-41.99058" lon="146.0981">
        <ele>772.7</ele>
      </trkpt>
      <trkpt lat="-41.99074" lon="146.09829">
        <ele>774.92</ele>
      </trkpt>
      <trkpt lat="-41.99089" lon="146.09846">
        <ele>777.79</ele>
      </trkpt>
      <trkpt lat="-41.99107" lon="146.09862">
        <ele>786.07</ele>
      </trkpt>
      <trkpt lat="-41.99113" lon="146.09866">
        <ele>788.54</ele>
      </trkpt>
      <trkpt lat="-41.99115" lon="146.09869">
        <ele>789.55</ele>
      </trkpt>
      <trkpt lat="-41.99119" lon="146.09873">
        <ele>790.99</ele>
      </trkpt>
      <trkpt lat="-41.99123" lon="146.09877">
        <ele>792.43</ele>
      </trkpt>
      <trkpt lat="-41.99136" lon="146.09888">
        <ele>796.54</ele>
      </trkpt>
      <trkpt lat="-41.99157" lon="146.09906">
        <ele>797.66</ele>
      </trkpt>
      <trkpt lat="-41.9917" lon="146.09919">
        <ele>798.9</ele>
      </trkpt>
      <trkpt lat="-41.9917" lon="146.09919">
        <ele>798.9</ele>
      </trkpt>
      <trkpt lat="-41.99184" lon="146.09931">
        <ele>798.98</ele>
      </trkpt>
      <trkpt lat="-41.99199" lon="146.09942">
        <ele>798.95</ele>
      </trkpt>
      <trkpt lat="-41.99213" lon="146.09948">
        <ele>798.21</ele>
      </trkpt>
      <trkpt lat="-41.99234" lon="146.09954">
        <ele>795.49</ele>
      </trkpt>
      <trkpt lat="-41.99281" lon="146.09924">
        <ele>775.08</ele>
      </trkpt>
      <trkpt lat="-41.99286" lon="146.09917">
        <ele>774.33</ele>
      </trkpt>
      <trkpt lat="-41.99291" lon="146.09912">
        <ele>774.89</ele>
      </trkpt>
      <trkpt lat="-41.993" lon="146.09905">
        <ele>775.98</ele>
      </trkpt>
      <trkpt lat="-41.99301" lon="146.09906">
        <ele>775.93</ele>
      </trkpt>
      <trkpt lat="-41.99304" lon="146.09906">
        <ele>776.07</ele>
      </trkpt>
      <trkpt lat="-41.99312" lon="146.09904">
        <ele>776.39</ele>
      </trkpt>
      <trkpt lat="-41.99321" lon="146.09904">
        <ele>776.42</ele>
      </trkpt>
      <trkpt lat="-41.99339" lon="146.09902">
        <ele>776.65</ele>
      </trkpt>
      <trkpt lat="-41.99356" lon="146.09907">
        <ele>776.38</ele>
      </trkpt>
      <trkpt lat="-41.99371" lon="146.09919">
        <ele>776.78</ele>
      </trkpt>
      <trkpt lat="-41.99383" lon="146.09925">
        <ele>778.94</ele>
      </trkpt>
      <trkpt lat="-41.99405" lon="146.09928">
        <ele>783.59</ele>
      </trkpt>
      <trkpt lat="-41.99414" lon="146.09929">
        <ele>785.53</ele>
      </trkpt>
      <trkpt lat="-41.99423" lon="146.09933">
        <ele>785.5</ele>
      </trkpt>
      <trkpt lat="-41.99441" lon="146.09939">
        <ele>784.34</ele>
      </trkpt>
      <trkpt lat="-41.9946" lon="146.09948">
        <ele>783.39</ele>
      </trkpt>
      <trkpt lat="-41.99478" lon="146.09942">
        <ele>781.75</ele>
      </trkpt>
      <trkpt lat="-41.99502" lon="146.09927">
        <ele>780.65</ele>
      </trkpt>
      <trkpt lat="-41.99509" lon="146.09924">
        <ele>780.12</ele>
      </trkpt>
      <trkpt lat="-41.99525" lon="146.09923">
        <ele>779.35</ele>
      </trkpt>
      <trkpt lat="-41.99538" lon="146.09922">
        <ele>777.71</ele>
      </trkpt>
      <trkpt lat="-41.99545" lon="146.09921">
        <ele>776.54</ele>
      </trkpt>
      <trkpt lat="-41.99551" lon="146.09923">
        <ele>776.0</ele>
      </trkpt>
      <trkpt lat="-41.99576" lon="146.09933">
        <ele>775.67</ele>
      </trkpt>
      <trkpt lat="-41.99591" lon="146.09945">
        <ele>777.3</ele>
      </trkpt>
      <trkpt lat="-41.99603" lon="146.09963">
        <ele>783.53</ele>
      </trkpt>
      <trkpt lat="-41.99627" lon="146.09986">
        <ele>781.02</ele>
      </trkpt>
      <trkpt lat="-41.99655" lon="146.10003">
        <ele>781.03</ele>
      </trkpt>
      <trkpt lat="-41.99695" lon="146.09997">
        <ele>773.38</ele>
      </trkpt>
      <trkpt lat="-41.99767" lon="146.10014">
        <ele>756.79</ele>
      </trkpt>
      <trkpt lat="-41.99781" lon="146.10014">
        <ele>756.07</ele>
      </trkpt>
      <trkpt lat="-41.99795" lon="146.10018">
        <ele>756.63</ele>
      </trkpt>
      <trkpt lat="-41.99824" lon="146.10016">
        <ele>757.52</ele>
      </trkpt>
      <trkpt lat="-41.9983" lon="146.10001">
        <ele>757.76</ele>
      </trkpt>
      <trkpt lat="-41.99835" lon="146.09986">
        <ele>758.18</ele>
      </trkpt>
      <trkpt lat="-41.99843" lon="146.09973">
        <ele>759.37</ele>
      </trkpt>
      <trkpt lat="-41.99851" lon="146.0996">
        <ele>760.7</ele>
      </trkpt>
      <trkpt lat="-41.99871" lon="146.09966">
        <ele>761.76</ele>
      </trkpt>
      <trkpt lat="-41.99891" lon="146.09972">
        <ele>761.45</ele>
      </trkpt>
      <trkpt lat="-41.99932" lon="146.09966">
        <ele>755.33</ele>
      </trkpt>
      <trkpt lat="-41.99975" lon="146.09976">
        <ele>757.13</ele>
      </trkpt>
      <trkpt lat="-41.99989" lon="146.09974">
        <ele>754.9</ele>
      </trkpt>
      <trkpt lat="-42.00004" lon="146.09972">
        <ele>752.42</ele>
      </trkpt>
      <trkpt lat="-42.00012" lon="146.09968">
        <ele>751.12</ele>
      </trkpt>
      <trkpt lat="-42.00022" lon="146.09965">
        <ele>749.57</ele>
      </trkpt>
      <trkpt lat="-42.00039" lon="146.09961">
        <ele>748.43</ele>
      </trkpt>
      <trkpt lat="-42.00073" lon="146.09948">
        <ele>749.77</ele>
      </trkpt>
      <trkpt lat="-42.00088" lon="146.09945">
        <ele>751.37</ele>
      </trkpt>
      <trkpt lat="-42.00091" lon="146.09945">
        <ele>751.58</ele>
      </trkpt>
      <trkpt lat="-42.00095" lon="146.09944">
        <ele>751.81</ele>
      </trkpt>
      <trkpt lat="-42.00101" lon="146.09939">
        <ele>751.88</ele>
      </trkpt>
      <trkpt lat="-42.00109" lon="146.09933">
        <ele>752.02</ele>
      </trkpt>
      <trkpt lat="-42.00121" lon="146.09929">
        <ele>750.35</ele>
      </trkpt>
      <trkpt lat="-42.00132" lon="146.09926">
        <ele>748.66</ele>
      </trkpt>
      <trkpt lat="-42.00137" lon="146.09927">
        <ele>747.91</ele>
      </trkpt>
      <trkpt lat="-42.00142" lon="146.09929">
        <ele>747.38</ele>
      </trkpt>
      <trkpt lat="-42.00151" lon="146.09933">
        <ele>746.8</ele>
      </trkpt>
      <trkpt lat="-42.00169" lon="146.09937">
        <ele>745.79</ele>
      </trkpt>
      <trkpt lat="-42.00177" lon="146.09938">
        <ele>745.08</ele>
      </trkpt>
      <trkpt lat="-42.00179" lon="146.09937">
        <ele>744.87</ele>
      </trkpt>
      <trkpt lat="-42.00181" lon="146.09937">
        <ele>744.69</ele>
      </trkpt>
      <trkpt lat="-42.00184" lon="146.09939">
        <ele>744.51</ele>
      </trkpt>
      <trkpt lat="-42.00192" lon="146.09939">
        <ele>743.82</ele>
      </trkpt>
      <trkpt lat="-42.00202" lon="146.09936">
        <ele>742.47</ele>
      </trkpt>
      <trkpt lat="-42.00211" lon="146.09931">
        <ele>741.22</ele>
      </trkpt>
      <trkpt lat="-42.00217" lon="146.09927">
        <ele>740.52</ele>
      </trkpt>
      <trkpt lat="-42.00225" lon="146.09916">
        <ele>740.38</ele>
      </trkpt>
      <trkpt lat="-42.00229" lon="146.09913">
        <ele>740.91</ele>
      </trkpt>
      <trkpt lat="-42.00245" lon="146.09912">
        <ele>743.39</ele>
      </trkpt>
      <trkpt lat="-42.00256" lon="146.09907">
        <ele>744.41</ele>
      </trkpt>
      <trkpt lat="-42.00272" lon="146.09901">
        <ele>744.46</ele>
      </trkpt>
      <trkpt lat="-42.00283" lon="146.09898">
        <ele>743.7</ele>
      </trkpt>
      <trkpt lat="-42.00291" lon="146.09887">
        <ele>742.19</ele>
      </trkpt>
      <trkpt lat="-42.003" lon="146.09881">
        <ele>741.48</ele>
      </trkpt>
      <trkpt lat="-42.00312" lon="146.09877">
        <ele>742.68</ele>
      </trkpt>
      <trkpt lat="-42.00314" lon="146.09879">
        <ele>742.89</ele>
      </trkpt>
      <trkpt lat="-42.00331" lon="146.09878">
        <ele>746.67</ele>
      </trkpt>
      <trkpt lat="-42.00364" lon="146.09874">
        <ele>756.15</ele>
      </trkpt>
      <trkpt lat="-42.00398" lon="146.09868">
        <ele>754.44</ele>
      </trkpt>
      <trkpt lat="-42.00405" lon="146.09868">
        <ele>753.25</ele>
      </trkpt>
      <trkpt lat="-42.00416" lon="146.09868">
        <ele>751.37</ele>
      </trkpt>
      <trkpt lat="-42.00434" lon="146.09869">
        <ele>752.84</ele>
      </trkpt>
      <trkpt lat="-42.00448" lon="146.09871">
        <ele>753.33</ele>
      </trkpt>
      <trkpt lat="-42.00462" lon="146.09875">
        <ele>752.05</ele>
      </trkpt>
      <trkpt lat="-42.00473" lon="146.09872">
        <ele>751.64</ele>
      </trkpt>
      <trkpt lat="-42.00497" lon="146.0988">
        <ele>753.14</ele>
      </trkpt>
      <trkpt lat="-42.00519" lon="146.09873">
        <ele>755.79</ele>
      </trkpt>
      <trkpt lat="-42.00556" lon="146.09882">
        <ele>756.36</ele>
      </trkpt>
      <trkpt lat="-42.00612" lon="146.09884">
        <ele>760.5</ele>
      </trkpt>
      <trkpt lat="-42.00626" lon="146.09896">
        <ele>759.74</ele>
      </trkpt>
      <trkpt lat="-42.00629" lon="146.09908">
        <ele>759.18</ele>
      </trkpt>
      <trkpt lat="-42.00635" lon="146.0991">
        <ele>758.45</ele>
      </trkpt>
      <trkpt lat="-42.00652" lon="146.09903">
        <ele>756.1</ele>
      </trkpt>
      <trkpt lat="-42.00707" lon="146.09903">
        <ele>751.94</ele>
      </trkpt>
      <trkpt lat="-42.00717" lon="146.09917">
        <ele>748.75</ele>
      </trkpt>
      <trkpt lat="-42.00761" lon="146.09947">
        <ele>753.52</ele>
      </trkpt>
      <trkpt lat="-42.00777" lon="146.09945">
        <ele>754.88</ele>
      </trkpt>
      <trkpt lat="-42.00788" lon="146.09949">
        <ele>753.95</ele>
      </trkpt>
      <trkpt lat="-42.00798" lon="146.09955">
        <ele>753.23</ele>
      </trkpt>
      <trkpt lat="-42.00804" lon="146.09964">
        <ele>752.99</ele>
      </trkpt>
      <trkpt lat="-42.00807" lon="146.09981">
        <ele>753.25</ele>
      </trkpt>
      <trkpt lat="-42.00816" lon="146.09993">
        <ele>753.09</ele>
      </trkpt>
      <trkpt lat="-42.00822" lon="146.10004">
        <ele>752.9</ele>
      </trkpt>
      <trkpt lat="-42.00836" lon="146.10003">
        <ele>752.07</ele>
      </trkpt>
      <trkpt lat="-42.00842" lon="146.1">
        <ele>752.0</ele>
      </trkpt>
      <trkpt lat="-42.00848" lon="146.1">
        <ele>752.0</ele>
      </trkpt>
      <trkpt lat="-42.00856" lon="146.10003">
        <ele>751.76</ele>
      </trkpt>
      <trkpt lat="-42.00868" lon="146.10016">
        <ele>751.02</ele>
      </trkpt>
      <trkpt lat="-42.00894" lon="146.1002">
        <ele>752.87</ele>
      </trkpt>
      <trkpt lat="-42.00899" lon="146.10024">
        <ele>752.62</ele>
      </trkpt>
      <trkpt lat="-42.00902" lon="146.10029">
        <ele>752.37</ele>
      </trkpt>
      <trkpt lat="-42.00905" lon="146.10035">
        <ele>751.87</ele>
      </trkpt>
      <trkpt lat="-42.00911" lon="146.10041">
        <ele>751.18</ele>
      </trkpt>
      <trkpt lat="-42.00916" lon="146.10049">
        <ele>749.98</ele>
      </trkpt>
      <trkpt lat="-42.00927" lon="146.10056">
        <ele>746.74</ele>
      </trkpt>
      <trkpt lat="-42.00969" lon="146.10064">
        <ele>742.66</ele>
      </trkpt>
      <trkpt lat="-42.01017" lon="146.10086">
        <ele>745.35</ele>
      </trkpt>
      <trkpt lat="-42.01038" lon="146.10092">
        <ele>747.79</ele>
      </trkpt>
      <trkpt lat="-42.01047" lon="146.10087">
        <ele>749.97</ele>
      </trkpt>
      <trkpt lat="-42.01055" lon="146.10073">
        <ele>754.12</ele>
      </trkpt>
      <trkpt lat="-42.01059" lon="146.1007">
        <ele>755.25</ele>
      </trkpt>
      <trkpt lat="-42.0107" lon="146.10069">
        <ele>756.67</ele>
      </trkpt>
      <trkpt lat="-42.01079" lon="146.10069">
        <ele>757.66</ele>
      </trkpt>
      <trkpt lat="-42.01086" lon="146.10073">
        <ele>756.96</ele>
      </trkpt>
      <trkpt lat="-42.011" lon="146.10084">
        <ele>754.55</ele>
      </trkpt>
      <trkpt lat="-42.0111" lon="146.10083">
        <ele>755.02</ele>
      </trkpt>
      <trkpt lat="-42.0113" lon="146.1009">
        <ele>757.23</ele>
      </trkpt>
      <trkpt lat="-42.01147" lon="146.10087">
        <ele>758.93</ele>
      </trkpt>
      <trkpt lat="-42.01157" lon="146.10093">
        <ele>758.83</ele>
      </trkpt>
      <trkpt lat="-42.01162" lon="146.10096">
        <ele>758.84</ele>
      </trkpt>
      <trkpt lat="-42.0117" lon="146.10109">
        <ele>757.88</ele>
      </trkpt>
      <trkpt lat="-42.01185" lon="146.10127">
        <ele>759.56</ele>
      </trkpt>
      <trkpt lat="-42.012" lon="146.10144">
        <ele>759.95</ele>
      </trkpt>
      <trkpt lat="-42.0123" lon="146.10158">
        <ele>767.59</ele>
      </trkpt>
      <trkpt lat="-42.01244" lon="146.1017">
        <ele>767.24</ele>
      </trkpt>
      <trkpt lat="-42.01244" lon="146.1017">
        <ele>767.24</ele>
      </trkpt>
      <trkpt lat="-42.01248" lon="146.10163">
        <ele>765.96</ele>
      </trkpt>
      <trkpt lat="-42.01252" lon="146.10153">
        <ele>764.2</ele>
      </trkpt>
      <trkpt lat="-42.01256" lon="146.10144">
        <ele>762.65</ele>
      </trkpt>
      <trkpt lat="-42.01261" lon="146.10138">
        <ele>761.22</ele>
      </trkpt>
      <trkpt lat="-42.0127" lon="146.10126">
        <ele>757.34</ele>
      </trkpt>
      <trkpt lat="-42.01277" lon="146.1011">
        <ele>752.96</ele>
      </trkpt>
      <trkpt lat="-42.01284" lon="146.10092">
        <ele>749.67</ele>
      </trkpt>
      <trkpt lat="-42.01291" lon="146.10065">
        <ele>751.1</ele>
      </trkpt>
      <trkpt lat="-42.01299" lon="146.10046">
        <ele>753.9</ele>
      </trkpt>
      <trkpt lat="-42.01303" lon="146.10007">
        <ele>755.43</ele>
      </trkpt>
      <trkpt lat="-42.01301" lon="146.09979">
        <ele>754.85</ele>
      </trkpt>
      <trkpt lat="-42.01302" lon="146.09964">
        <ele>755.18</ele>
      </trkpt>
      <trkpt lat="-42.01302" lon="146.0994">
        <ele>755.46</ele>
      </trkpt>
      <trkpt lat="-42.01307" lon="146.09923">
        <ele>756.08</ele>
      </trkpt>
      <trkpt lat="-42.01313" lon="146.09915">
        <ele>756.38</ele>
      </trkpt>
      <trkpt lat="-42.01334" lon="146.09897">
        <ele>756.12</ele>
      </trkpt>
      <trkpt lat="-42.01361" lon="146.09865">
        <ele>748.9</ele>
      </trkpt>
      <trkpt lat="-42.01384" lon="146.09853">
        <ele>742.92</ele>
      </trkpt>
      <trkpt lat="-42.01398" lon="146.09836">
        <ele>745.49</ele>
      </trkpt>
      <trkpt lat="-42.01407" lon="146.09827">
        <ele>745.18</ele>
      </trkpt>
      <trkpt lat="-42.01431" lon="146.09808">
        <ele>736.37</ele>
      </trkpt>
      <trkpt lat="-42.01459" lon="146.09775">
        <ele>730.97</ele>
      </trkpt>
      <trkpt lat="-42.01474" lon="146.09758">
        <ele>736.36</ele>
      </trkpt>
      <trkpt lat="-42.01485" lon="146.09743">
        <ele>738.4</ele>
      </trkpt>
      <trkpt lat="-42.01494" lon="146.09723">
        <ele>738.8</ele>
      </trkpt>
      <trkpt lat="-42.01512" lon="146.09698">
        <ele>735.36</ele>
      </trkpt>
      <trkpt lat="-42.01517" lon="146.09673">
        <ele>733.48</ele>
      </trkpt>
      <trkpt lat="-42.01517" lon="146.09663">
        <ele>733.51</ele>
      </trkpt>
      <trkpt lat="-42.01518" lon="146.09654">
        <ele>734.26</ele>
      </trkpt>
      <trkpt lat="-42.01521" lon="146.09647">
        <ele>734.68</ele>
      </trkpt>
      <trkpt lat="-42.01538" lon="146.09634">
        <ele>735.21</ele>
      </trkpt>
      <trkpt lat="-42.01549" lon="146.09618">
        <ele>737.81</ele>
      </trkpt>
      <trkpt lat="-42.01553" lon="146.0961">
        <ele>739.17</ele>
      </trkpt>
      <trkpt lat="-42.0157" lon="146.0959">
        <ele>739.36</ele>
      </trkpt>
      <trkpt lat="-42.01586" lon="146.09575">
        <ele>739.91</ele>
      </trkpt>
      <trkpt lat="-42.01612" lon="146.09544">
        <ele>736.52</ele>
      </trkpt>
      <trkpt lat="-42.01631" lon="146.09538">
        <ele>734.21</ele>
      </trkpt>
      <trkpt lat="-42.01651" lon="146.09529">
        <ele>733.05</ele>
      </trkpt>
      <trkpt lat="-42.01657" lon="146.09528">
        <ele>732.69</ele>
      </trkpt>
      <trkpt lat="-42.0169" lon="146.09512">
        <ele>738.18</ele>
      </trkpt>
      <trkpt lat="-42.01702" lon="146.09505">
        <ele>740.36</ele>
      </trkpt>
      <trkpt lat="-42.01709" lon="146.09494">
        <ele>741.59</ele>
      </trkpt>
      <trkpt lat="-42.01718" lon="146.09486">
        <ele>743.25</ele>
      </trkpt>
      <trkpt lat="-42.01739" lon="146.0948">
        <ele>742.02</ele>
      </trkpt>
      <trkpt lat="-42.01769" lon="146.09462">
        <ele>749.45</ele>
      </trkpt>
      <trkpt lat="-42.01776" lon="146.09439">
        <ele>755.98</ele>
      </trkpt>
      <trkpt lat="-42.01788" lon="146.09422">
        <ele>762.84</ele>
      </trkpt>
      <trkpt lat="-42.01815" lon="146.09422">
        <ele>772.1</ele>
      </trkpt>
      <trkpt lat="-42.0182" lon="146.09418">
        <ele>774.44</ele>
      </trkpt>
      <trkpt lat="-42.01829" lon="146.09416">
        <ele>777.65</ele>
      </trkpt>
      <trkpt lat="-42.01844" lon="146.09427">
        <ele>776.8</ele>
      </trkpt>
      <trkpt lat="-42.01857" lon="146.09428">
        <ele>776.3</ele>
      </trkpt>
      <trkpt lat="-42.01863" lon="146.09432">
        <ele>776.2</ele>
      </trkpt>
      <trkpt lat="-42.01881" lon="146.09424">
        <ele>779.86</ele>
      </trkpt>
      <trkpt lat="-42.01895" lon="146.09413">
        <ele>778.69</ele>
      </trkpt>
      <trkpt lat="-42.01903" lon="146.09413">
        <ele>775.56</ele>
      </trkpt>
      <trkpt lat="-42.01913" lon="146.09428">
        <ele>773.71</ele>
      </trkpt>
      <trkpt lat="-42.0192" lon="146.09459">
        <ele>771.7</ele>
      </trkpt>
      <trkpt lat="-42.0193" lon="146.09479">
        <ele>768.95</ele>
      </trkpt>
      <trkpt lat="-42.01938" lon="146.09491">
        <ele>768.01</ele>
      </trkpt>
      <trkpt lat="-42.01947" lon="146.0952">
        <ele>762.75</ele>
      </trkpt>
      <trkpt lat="-42.01949" lon="146.09531">
        <ele>760.89</ele>
      </trkpt>
      <trkpt lat="-42.01956" lon="146.09557">
        <ele>758.66</ele>
      </trkpt>
      <trkpt lat="-42.01961" lon="146.09564">
        <ele>758.89</ele>
      </trkpt>
      <trkpt lat="-42.01963" lon="146.09575">
        <ele>759.5</ele>
      </trkpt>
      <trkpt lat="-42.01966" lon="146.09583">
        <ele>759.98</ele>
      </trkpt>
      <trkpt lat="-42.01986" lon="146.09586">
        <ele>761.37</ele>
      </trkpt>
      <trkpt lat="-42.01992" lon="146.09586">
        <ele>761.89</ele>
      </trkpt>
      <trkpt lat="-42.01996" lon="146.0959">
        <ele>763.01</ele>
      </trkpt>
      <trkpt lat="-42.01996" lon="146.09591">
        <ele>763.21</ele>
      </trkpt>
      <trkpt lat="-42.02005" lon="146.09607">
        <ele>767.11</ele>
      </trkpt>
      <trkpt lat="-42.02018" lon="146.09622">
        <ele>768.65</ele>
      </trkpt>
      <trkpt lat="-42.02023" lon="146.09629">
        <ele>769.18</ele>
      </trkpt>
      <trkpt lat="-42.02031" lon="146.09646">
        <ele>768.74</ele>
      </trkpt>
      <trkpt lat="-42.02036" lon="146.09649">
        <ele>767.42</ele>
      </trkpt>
      <trkpt lat="-42.0204" lon="146.09652">
        <ele>766.39</ele>
      </trkpt>
      <trkpt lat="-42.02041" lon="146.09653">
        <ele>766.14</ele>
      </trkpt>
      <trkpt lat="-42.02042" lon="146.09657">
        <ele>765.78</ele>
      </trkpt>
      <trkpt lat="-42.02047" lon="146.09662">
        <ele>764.64</ele>
      </trkpt>
      <trkpt lat="-42.0206" lon="146.09676">
        <ele>761.85</ele>
      </trkpt>
      <trkpt lat="-42.02067" lon="146.09684">
        <ele>760.52</ele>
      </trkpt>
      <trkpt lat="-42.02071" lon="146.09686">
        <ele>759.94</ele>
      </trkpt>
      <trkpt lat="-42.02079" lon="146.0969">
        <ele>758.79</ele>
      </trkpt>
      <trkpt lat="-42.02083" lon="146.09692">
        <ele>758.21</ele>
      </trkpt>
      <trkpt lat="-42.02088" lon="146.09696">
        <ele>756.88</ele>
      </trkpt>
      <trkpt lat="-42.02091" lon="146.09697">
        <ele>756.16</ele>
      </trkpt>
      <trkpt lat="-42.02091" lon="146.09695">
        <ele>756.52</ele>
      </trkpt>
      <trkpt lat="-42.02103" lon="146.09697">
        <ele>754.0</ele>
      </trkpt>
      <trkpt lat="-42.02128" lon="146.09697">
        <ele>752.6</ele>
      </trkpt>
      <trkpt lat="-42.02161" lon="146.09688">
        <ele>756.73</ele>
      </trkpt>
      <trkpt lat="-42.02164" lon="146.09689">
        <ele>756.87</ele>
      </trkpt>
      <trkpt lat="-42.02164" lon="146.09689">
        <ele>756.87</ele>
      </trkpt>
      <trkpt lat="-42.02183" lon="146.097">
        <ele>760.37</ele>
      </trkpt>
      <trkpt lat="-42.02193" lon="146.09709">
        <ele>761.94</ele>
      </trkpt>
      <trkpt lat="-42.02199" lon="146.09712">
        <ele>762.31</ele>
      </trkpt>
      <trkpt lat="-42.02208" lon="146.09734">
        <ele>762.39</ele>
      </trkpt>
      <trkpt lat="-42.02217" lon="146.09737">
        <ele>763.45</ele>
      </trkpt>
      <trkpt lat="-42.02222" lon="146.0975">
        <ele>763.98</ele>
      </trkpt>
      <trkpt lat="-42.0223" lon="146.09767">
        <ele>766.95</ele>
      </trkpt>
      <trkpt lat="-42.02243" lon="146.09775">
        <ele>768.5</ele>
      </trkpt>
      <trkpt lat="-42.0226" lon="146.09789">
        <ele>768.75</ele>
      </trkpt>
      <trkpt lat="-42.0227" lon="146.09822">
        <ele>768.6</ele>
      </trkpt>
      <trkpt lat="-42.02289" lon="146.0985">
        <ele>766.55</ele>
      </trkpt>
      <trkpt lat="-42.0229" lon="146.09855">
        <ele>766.34</ele>
      </trkpt>
      <trkpt lat="-42.0229" lon="146.09855">
        <ele>766.34</ele>
      </trkpt>
      <trkpt lat="-42.02295" lon="146.09863">
        <ele>765.48</ele>
      </trkpt>
      <trkpt lat="-42.02299" lon="146.09867">
        <ele>764.78</ele>
      </trkpt>
      <trkpt lat="-42.023" lon="146.09874">
        <ele>764.43</ele>
      </trkpt>
      <trkpt lat="-42.02302" lon="146.0988">
        <ele>763.92</ele>
      </trkpt>
      <trkpt lat="-42.02302" lon="146.09888">
        <ele>763.67</ele>
      </trkpt>
      <trkpt lat="-42.023" lon="146.09896">
        <ele>764.15</ele>
      </trkpt>
      <trkpt lat="-42.02297" lon="146.09903">
        <ele>764.74</ele>
      </trkpt>
      <trkpt lat="-42.02295" lon="146.09908">
        <ele>765.07</ele>
      </trkpt>
      <trkpt lat="-42.02294" lon="146.09947">
        <ele>769.85</ele>
      </trkpt>
      <trkpt lat="-42.02294" lon="146.09947">
        <ele>769.85</ele>
      </trkpt>
      <trkpt lat="-42.02306" lon="146.09963">
        <ele>769.29</ele>
      </trkpt>
      <trkpt lat="-42.02315" lon="146.09967">
        <ele>768.67</ele>
      </trkpt>
      <trkpt lat="-42.02333" lon="146.09988">
        <ele>767.59</ele>
      </trkpt>
      <trkpt lat="-42.0234" lon="146.09992">
        <ele>767.58</ele>
      </trkpt>
      <trkpt lat="-42.02349" lon="146.09999">
        <ele>766.94</ele>
      </trkpt>
      <trkpt lat="-42.02365" lon="146.09996">
        <ele>766.8</ele>
      </trkpt>
      <trkpt lat="-42.02375" lon="146.09992">
        <ele>767.72</ele>
      </trkpt>
      <trkpt lat="-42.02384" lon="146.0999">
        <ele>768.2</ele>
      </trkpt>
      <trkpt lat="-42.0239" lon="146.09992">
        <ele>768.36</ele>
      </trkpt>
      <trkpt lat="-42.02406" lon="146.10023">
        <ele>765.51</ele>
      </trkpt>
      <trkpt lat="-42.02406" lon="146.10027">
        <ele>764.75</ele>
      </trkpt>
      <trkpt lat="-42.02407" lon="146.10033">
        <ele>763.45</ele>
      </trkpt>
      <trkpt lat="-42.02414" lon="146.10049">
        <ele>760.89</ele>
      </trkpt>
      <trkpt lat="-42.02416" lon="146.10056">
        <ele>760.95</ele>
      </trkpt>
      <trkpt lat="-42.02419" lon="146.10061">
        <ele>761.02</ele>
      </trkpt>
      <trkpt lat="-42.02422" lon="146.10071">
        <ele>761.11</ele>
      </trkpt>
      <trkpt lat="-42.02425" lon="146.10076">
        <ele>761.22</ele>
      </trkpt>
      <trkpt lat="-42.02429" lon="146.1008">
        <ele>761.39</ele>
      </trkpt>
      <trkpt lat="-42.02435" lon="146.10089">
        <ele>761.52</ele>
      </trkpt>
      <trkpt lat="-42.02439" lon="146.10094">
        <ele>761.65</ele>
      </trkpt>
      <trkpt lat="-42.02442" lon="146.10099">
        <ele>761.81</ele>
      </trkpt>
      <trkpt lat="-42.02443" lon="146.10105">
        <ele>761.87</ele>
      </trkpt>
      <trkpt lat="-42.02445" lon="146.10112">
        <ele>761.95</ele>
      </trkpt>
      <trkpt lat="-42.02447" lon="146.10118">
        <ele>761.49</ele>
      </trkpt>
      <trkpt lat="-42.02449" lon="146.10125">
        <ele>760.99</ele>
      </trkpt>
      <trkpt lat="-42.02449" lon="146.10133">
        <ele>760.22</ele>
      </trkpt>
      <trkpt lat="-42.0245" lon="146.10139">
        <ele>759.8</ele>
      </trkpt>
      <trkpt lat="-42.02446" lon="146.10146">
        <ele>758.97</ele>
      </trkpt>
      <trkpt lat="-42.02443" lon="146.10152">
        <ele>758.34</ele>
      </trkpt>
      <trkpt lat="-42.0244" lon="146.10157">
        <ele>757.81</ele>
      </trkpt>
      <trkpt lat="-42.02437" lon="146.10162">
        <ele>757.32</ele>
      </trkpt>
      <trkpt lat="-42.02436" lon="146.10168">
        <ele>757.13</ele>
      </trkpt>
      <trkpt lat="-42.02434" lon="146.10175">
        <ele>757.21</ele>
      </trkpt>
      <trkpt lat="-42.02433" lon="146.10181">
        <ele>757.4</ele>
      </trkpt>
      <trkpt lat="-42.02433" lon="146.10187">
        <ele>757.67</ele>
      </trkpt>
      <trkpt lat="-42.02433" lon="146.10193">
        <ele>757.94</ele>
      </trkpt>
      <trkpt lat="-42.02433" lon="146.102">
        <ele>758.4</ele>
      </trkpt>
      <trkpt lat="-42.02433" lon="146.10208">
        <ele>758.98</ele>
      </trkpt>
      <trkpt lat="-42.02433" lon="146.10216">
        <ele>759.55</ele>
      </trkpt>
      <trkpt lat="-42.02429" lon="146.10224">
        <ele>760.07</ele>
      </trkpt>
      <trkpt lat="-42.02429" lon="146.10224">
        <ele>760.07</ele>
      </trkpt>
      <trkpt lat="-42.02429" lon="146.10225">
        <ele>760.11</ele>
      </trkpt>
      <trkpt lat="-42.02427" lon="146.10231">
        <ele>760.4</ele>
      </trkpt>
      <trkpt lat="-42.02426" lon="146.10237">
        <ele>760.71</ele>
      </trkpt>
      <trkpt lat="-42.02424" lon="146.10243">
        <ele>761.1</ele>
      </trkpt>
      <trkpt lat="-42.0242" lon="146.10248">
        <ele>761.63</ele>
      </trkpt>
      <trkpt lat="-42.02418" lon="146.10253">
        <ele>761.8</ele>
      </trkpt>
      <trkpt lat="-42.02416" lon="146.10259">
        <ele>761.59</ele>
      </trkpt>
      <trkpt lat="-42.02416" lon="146.10266">
        <ele>761.34</ele>
      </trkpt>
      <trkpt lat="-42.02415" lon="146.10272">
        <ele>761.02</ele>
      </trkpt>
      <trkpt lat="-42.02413" lon="146.10278">
        <ele>760.61</ele>
      </trkpt>
      <trkpt lat="-42.02411" lon="146.10284">
        <ele>760.57</ele>
      </trkpt>
      <trkpt lat="-42.0241" lon="146.10291">
        <ele>760.64</ele>
      </trkpt>
      <trkpt lat="-42.0241" lon="146.10297">
        <ele>760.81</ele>
      </trkpt>
      <trkpt lat="-42.02412" lon="146.10303">
        <ele>761.25</ele>
      </trkpt>
      <trkpt lat="-42.02416" lon="146.10308">
        <ele>761.64</ele>
      </trkpt>
      <trkpt lat="-42.02421" lon="146.10312">
        <ele>761.08</ele>
      </trkpt>
      <trkpt lat="-42.02428" lon="146.10315">
        <ele>760.29</ele>
      </trkpt>
      <trkpt lat="-42.02432" lon="146.10318">
        <ele>759.61</ele>
      </trkpt>
      <trkpt lat="-42.02437" lon="146.10321">
        <ele>758.79</ele>
      </trkpt>
      <trkpt lat="-42.02441" lon="146.10323">
        <ele>758.14</ele>
      </trkpt>
      <trkpt lat="-42.02446" lon="146.10328">
        <ele>756.67</ele>
      </trkpt>
      <trkpt lat="-42.02451" lon="146.10335">
        <ele>754.52</ele>
      </trkpt>
      <trkpt lat="-42.02453" lon="146.10341">
        <ele>753.14</ele>
      </trkpt>
      <trkpt lat="-42.02454" lon="146.10349">
        <ele>751.67</ele>
      </trkpt>
      <trkpt lat="-42.02456" lon="146.10355">
        <ele>750.54</ele>
      </trkpt>
      <trkpt lat="-42.02457" lon="146.10361">
        <ele>749.56</ele>
      </trkpt>
      <trkpt lat="-42.02454" lon="146.10367">
        <ele>749.09</ele>
      </trkpt>
      <trkpt lat="-42.02454" lon="146.10367">
        <ele>749.09</ele>
      </trkpt>
      <trkpt lat="-42.02453" lon="146.10368">
        <ele>749.02</ele>
      </trkpt>
      <trkpt lat="-42.0245" lon="146.10373">
        <ele>748.6</ele>
      </trkpt>
      <trkpt lat="-42.02446" lon="146.10379">
        <ele>748.05</ele>
      </trkpt>
      <trkpt lat="-42.02443" lon="146.10383">
        <ele>747.74</ele>
      </trkpt>
      <trkpt lat="-42.02439" lon="146.10388">
        <ele>747.49</ele>
      </trkpt>
      <trkpt lat="-42.02437" lon="146.10393">
        <ele>747.35</ele>
      </trkpt>
      <trkpt lat="-42.02435" lon="146.10399">
        <ele>747.19</ele>
      </trkpt>
      <trkpt lat="-42.02434" lon="146.10406">
        <ele>746.9</ele>
      </trkpt>
      <trkpt lat="-42.02435" lon="146.10413">
        <ele>746.52</ele>
      </trkpt>
      <trkpt lat="-42.02437" lon="146.10419">
        <ele>746.14</ele>
      </trkpt>
      <trkpt lat="-42.02442" lon="146.10427">
        <ele>745.65</ele>
      </trkpt>
      <trkpt lat="-42.02446" lon="146.10433">
        <ele>745.29</ele>
      </trkpt>
      <trkpt lat="-42.02449" lon="146.10439">
        <ele>744.77</ele>
      </trkpt>
      <trkpt lat="-42.0245" lon="146.10445">
        <ele>744.33</ele>
      </trkpt>
      <trkpt lat="-42.02449" lon="146.10452">
        <ele>743.51</ele>
      </trkpt>
      <trkpt lat="-42.02448" lon="146.10458">
        <ele>742.79</ele>
      </trkpt>
      <trkpt lat="-42.02444" lon="146.10462">
        <ele>742.44</ele>
      </trkpt>
      <trkpt lat="-42.02444" lon="146.10464">
        <ele>742.15</ele>
      </trkpt>
      <trkpt lat="-42.02444" lon="146.10464">
        <ele>742.15</ele>
      </trkpt>
      <trkpt lat="-42.02442" lon="146.1047">
        <ele>741.07</ele>
      </trkpt>
      <trkpt lat="-42.02444" lon="146.10476">
        <ele>740.81</ele>
      </trkpt>
      <trkpt lat="-42.02447" lon="146.1048">
        <ele>740.68</ele>
      </trkpt>
      <trkpt lat="-42.0245" lon="146.10485">
        <ele>740.52</ele>
      </trkpt>
      <trkpt lat="-42.02453" lon="146.1049">
        <ele>740.45</ele>
      </trkpt>
      <trkpt lat="-42.02458" lon="146.10493">
        <ele>740.49</ele>
      </trkpt>
      <trkpt lat="-42.0246" lon="146.10494">
        <ele>740.53</ele>
      </trkpt>
      <trkpt lat="-42.0246" lon="146.10494">
        <ele>740.53</ele>
      </trkpt>
      <trkpt lat="-42.02464" lon="146.10498">
        <ele>740.67</ele>
      </trkpt>
      <trkpt lat="-42.02468" lon="146.10502">
        <ele>740.55</ele>
      </trkpt>
      <trkpt lat="-42.02472" lon="146.10505">
        <ele>740.27</ele>
      </trkpt>
      <trkpt lat="-42.02475" lon="146.10508">
        <ele>740.08</ele>
      </trkpt>
      <trkpt lat="-42.02476" lon="146.10508">
        <ele>740.16</ele>
      </trkpt>
      <trkpt lat="-42.0248" lon="146.1051">
        <ele>740.22</ele>
      </trkpt>
      <trkpt lat="-42.02483" lon="146.10515">
        <ele>739.83</ele>
      </trkpt>
      <trkpt lat="-42.02486" lon="146.1052">
        <ele>739.47</ele>
      </trkpt>
      <trkpt lat="-42.02489" lon="146.10525">
        <ele>739.15</ele>
      </trkpt>
      <trkpt lat="-42.02493" lon="146.10528">
        <ele>739.21</ele>
      </trkpt>
      <trkpt lat="-42.02494" lon="146.10528">
        <ele>739.32</ele>
      </trkpt>
      <trkpt lat="-42.02495" lon="146.10529">
        <ele>739.28</ele>
      </trkpt>
      <trkpt lat="-42.02497" lon="146.10535">
        <ele>738.61</ele>
      </trkpt>
      <trkpt lat="-42.02498" lon="146.10542">
        <ele>737.7</ele>
      </trkpt>
      <trkpt lat="-42.02499" lon="146.10548">
        <ele>736.95</ele>
      </trkpt>
      <trkpt lat="-42.02499" lon="146.10549">
        <ele>736.81</ele>
      </trkpt>
      <trkpt lat="-42.02498" lon="146.10552">
        <ele>736.23</ele>
      </trkpt>
      <trkpt lat="-42.02501" lon="146.10557">
        <ele>736.11</ele>
      </trkpt>
      <trkpt lat="-42.02502" lon="146.10564">
        <ele>735.78</ele>
      </trkpt>
      <trkpt lat="-42.02503" lon="146.1057">
        <ele>735.5</ele>
      </trkpt>
      <trkpt lat="-42.02504" lon="146.10577">
        <ele>735.1</ele>
      </trkpt>
      <trkpt lat="-42.02506" lon="146.10583">
        <ele>734.89</ele>
      </trkpt>
      <trkpt lat="-42.0251" lon="146.10586">
        <ele>735.21</ele>
      </trkpt>
      <trkpt lat="-42.02514" lon="146.10588">
        <ele>735.51</ele>
      </trkpt>
      <trkpt lat="-42.02514" lon="146.10588">
        <ele>735.51</ele>
      </trkpt>
      <trkpt lat="-42.02514" lon="146.10588">
        <ele>735.51</ele>
      </trkpt>
      <trkpt lat="-42.02519" lon="146.1059">
        <ele>735.84</ele>
      </trkpt>
      <trkpt lat="-42.02522" lon="146.10594">
        <ele>735.57</ele>
      </trkpt>
      <trkpt lat="-42.02526" lon="146.10599">
        <ele>735.07</ele>
      </trkpt>
      <trkpt lat="-42.0253" lon="146.10602">
        <ele>735.01</ele>
      </trkpt>
      <trkpt lat="-42.02534" lon="146.10605">
        <ele>735.17</ele>
      </trkpt>
      <trkpt lat="-42.02539" lon="146.10606">
        <ele>735.87</ele>
      </trkpt>
      <trkpt lat="-42.02543" lon="146.10608">
        <ele>736.24</ele>
      </trkpt>
      <trkpt lat="-42.02548" lon="146.10609">
        <ele>736.96</ele>
      </trkpt>
      <trkpt lat="-42.02553" lon="146.1061">
        <ele>737.7</ele>
      </trkpt>
      <trkpt lat="-42.02558" lon="146.10611">
        <ele>738.37</ele>
      </trkpt>
      <trkpt lat="-42.02562" lon="146.10611">
        <ele>738.94</ele>
      </trkpt>
      <trkpt lat="-42.02567" lon="146.10611">
        <ele>739.66</ele>
      </trkpt>
      <trkpt lat="-42.02572" lon="146.10612">
        <ele>740.35</ele>
      </trkpt>
      <trkpt lat="-42.02576" lon="146.10613">
        <ele>740.94</ele>
      </trkpt>
      <trkpt lat="-42.02576" lon="146.10612">
        <ele>740.94</ele>
      </trkpt>
      <trkpt lat="-42.02581" lon="146.10613">
        <ele>741.71</ele>
      </trkpt>
      <trkpt lat="-42.02586" lon="146.10614">
        <ele>742.39</ele>
      </trkpt>
      <trkpt lat="-42.02595" lon="146.10617">
        <ele>743.47</ele>
      </trkpt>
      <trkpt lat="-42.02599" lon="146.10619">
        <ele>743.98</ele>
      </trkpt>
      <trkpt lat="-42.02602" lon="146.10624">
        <ele>744.48</ele>
      </trkpt>
      <trkpt lat="-42.02605" lon="146.10629">
        <ele>744.98</ele>
      </trkpt>
      <trkpt lat="-42.0261" lon="146.10632">
        <ele>745.63</ele>
      </trkpt>
      <trkpt lat="-42.02613" lon="146.10637">
        <ele>746.13</ele>
      </trkpt>
      <trkpt lat="-42.02616" lon="146.10643">
        <ele>746.35</ele>
      </trkpt>
      <trkpt lat="-42.02617" lon="146.10648">
        <ele>746.24</ele>
      </trkpt>
      <trkpt lat="-42.02618" lon="146.10654">
        <ele>746.07</ele>
      </trkpt>
      <trkpt lat="-42.02619" lon="146.1066">
        <ele>745.88</ele>
      </trkpt>
      <trkpt lat="-42.02619" lon="146.10667">
        <ele>745.53</ele>
      </trkpt>
      <trkpt lat="-42.02619" lon="146.10673">
        <ele>744.79</ele>
      </trkpt>
      <trkpt lat="-42.02618" lon="146.1068">
        <ele>743.81</ele>
      </trkpt>
      <trkpt lat="-42.02616" lon="146.10686">
        <ele>742.81</ele>
      </trkpt>
      <trkpt lat="-42.02615" lon="146.10693">
        <ele>741.75</ele>
      </trkpt>
      <trkpt lat="-42.02614" lon="146.10699">
        <ele>740.73</ele>
      </trkpt>
      <trkpt lat="-42.02613" lon="146.10703">
        <ele>740.0</ele>
      </trkpt>
      <trkpt lat="-42.02613" lon="146.10701">
        <ele>740.3</ele>
      </trkpt>
      <trkpt lat="-42.02613" lon="146.10707">
        <ele>739.4</ele>
      </trkpt>
      <trkpt lat="-42.02615" lon="146.10718">
        <ele>737.93</ele>
      </trkpt>
      <trkpt lat="-42.02618" lon="146.10726">
        <ele>736.92</ele>
      </trkpt>
      <trkpt lat="-42.02622" lon="146.1073">
        <ele>736.55</ele>
      </trkpt>
      <trkpt lat="-42.02624" lon="146.10736">
        <ele>735.71</ele>
      </trkpt>
      <trkpt lat="-42.02626" lon="146.10741">
        <ele>735.01</ele>
      </trkpt>
      <trkpt lat="-42.02628" lon="146.10748">
        <ele>733.94</ele>
      </trkpt>
      <trkpt lat="-42.02631" lon="146.10752">
        <ele>733.64</ele>
      </trkpt>
      <trkpt lat="-42.02636" lon="146.10753">
        <ele>733.79</ele>
      </trkpt>
      <trkpt lat="-42.02641" lon="146.10755">
        <ele>733.88</ele>
      </trkpt>
      <trkpt lat="-42.02646" lon="146.10754">
        <ele>734.08</ele>
      </trkpt>
      <trkpt lat="-42.0265" lon="146.10751">
        <ele>734.35</ele>
      </trkpt>
      <trkpt lat="-42.02655" lon="146.10749">
        <ele>734.76</ele>
      </trkpt>
      <trkpt lat="-42.0266" lon="146.1075">
        <ele>734.76</ele>
      </trkpt>
      <trkpt lat="-42.0266" lon="146.1075">
        <ele>734.76</ele>
      </trkpt>
      <trkpt lat="-42.0266" lon="146.1075">
        <ele>734.76</ele>
      </trkpt>
      <trkpt lat="-42.02665" lon="146.10753">
        <ele>734.73</ele>
      </trkpt>
      <trkpt lat="-42.02673" lon="146.10754">
        <ele>736.05</ele>
      </trkpt>
      <trkpt lat="-42.02685" lon="146.10751">
        <ele>738.86</ele>
      </trkpt>
      <trkpt lat="-42.02687" lon="146.10752">
        <ele>739.2</ele>
      </trkpt>
      <trkpt lat="-42.02687" lon="146.10751">
        <ele>739.29</ele>
      </trkpt>
      <trkpt lat="-42.02691" lon="146.10752">
        <ele>740.05</ele>
      </trkpt>
      <trkpt lat="-42.02695" lon="146.10755">
        <ele>740.62</ele>
      </trkpt>
      <trkpt lat="-42.02699" lon="146.10759">
        <ele>741.34</ele>
      </trkpt>
      <trkpt lat="-42.027" lon="146.10765">
        <ele>740.98</ele>
      </trkpt>
      <trkpt lat="-42.02699" lon="146.10772">
        <ele>739.94</ele>
      </trkpt>
      <trkpt lat="-42.02698" lon="146.10778">
        <ele>738.97</ele>
      </trkpt>
      <trkpt lat="-42.02698" lon="146.10785">
        <ele>737.43</ele>
      </trkpt>
      <trkpt lat="-42.02699" lon="146.10792">
        <ele>736.16</ele>
      </trkpt>
      <trkpt lat="-42.02701" lon="146.10797">
        <ele>735.57</ele>
      </trkpt>
      <trkpt lat="-42.02705" lon="146.108">
        <ele>735.94</ele>
      </trkpt>
      <trkpt lat="-42.02714" lon="146.10804">
        <ele>737.3</ele>
      </trkpt>
      <trkpt lat="-42.02718" lon="146.10805">
        <ele>738.07</ele>
      </trkpt>
      <trkpt lat="-42.02723" lon="146.10807">
        <ele>738.95</ele>
      </trkpt>
      <trkpt lat="-42.02725" lon="146.10813">
        <ele>738.3</ele>
      </trkpt>
      <trkpt lat="-42.02727" lon="146.10818">
        <ele>737.99</ele>
      </trkpt>
      <trkpt lat="-42.02729" lon="146.10824">
        <ele>737.52</ele>
      </trkpt>
      <trkpt lat="-42.02729" lon="146.10825">
        <ele>737.3</ele>
      </trkpt>
      <trkpt lat="-42.02733" lon="146.10829">
        <ele>738.34</ele>
      </trkpt>
      <trkpt lat="-42.02737" lon="146.10833">
        <ele>739.51</ele>
      </trkpt>
      <trkpt lat="-42.02742" lon="146.10836">
        <ele>741.8</ele>
      </trkpt>
      <trkpt lat="-42.02749" lon="146.10842">
        <ele>744.88</ele>
      </trkpt>
      <trkpt lat="-42.02754" lon="146.10845">
        <ele>748.2</ele>
      </trkpt>
      <trkpt lat="-42.02757" lon="146.10849">
        <ele>750.37</ele>
      </trkpt>
      <trkpt lat="-42.02759" lon="146.10855">
        <ele>751.86</ele>
      </trkpt>
      <trkpt lat="-42.02757" lon="146.1086">
        <ele>750.08</ele>
      </trkpt>
      <trkpt lat="-42.02753" lon="146.10862">
        <ele>746.61</ele>
      </trkpt>
      <trkpt lat="-42.02749" lon="146.10865">
        <ele>743.66</ele>
      </trkpt>
      <trkpt lat="-42.02744" lon="146.10868">
        <ele>741.28</ele>
      </trkpt>
      <trkpt lat="-42.0274" lon="146.1087">
        <ele>739.29</ele>
      </trkpt>
      <trkpt lat="-42.02736" lon="146.10873">
        <ele>737.23</ele>
      </trkpt>
      <trkpt lat="-42.02732" lon="146.10877">
        <ele>735.04</ele>
      </trkpt>
      <trkpt lat="-42.0273" lon="146.10883">
        <ele>733.73</ele>
      </trkpt>
      <trkpt lat="-42.02729" lon="146.10889">
        <ele>732.9</ele>
      </trkpt>
      <trkpt lat="-42.02729" lon="146.10895">
        <ele>732.86</ele>
      </trkpt>
      <trkpt lat="-42.02732" lon="146.10902">
        <ele>734.27</ele>
      </trkpt>
      <trkpt lat="-42.02734" lon="146.10907">
        <ele>735.05</ele>
      </trkpt>
      <trkpt lat="-42.02736" lon="146.10913">
        <ele>735.65</ele>
      </trkpt>
      <trkpt lat="-42.02739" lon="146.10919">
        <ele>736.64</ele>
      </trkpt>
      <trkpt lat="-42.02742" lon="146.10924">
        <ele>737.68</ele>
      </trkpt>
      <trkpt lat="-42.02744" lon="146.10929">
        <ele>738.22</ele>
      </trkpt>
      <trkpt lat="-42.02744" lon="146.10931">
        <ele>738.15</ele>
      </trkpt>
      <trkpt lat="-42.02745" lon="146.10932">
        <ele>738.41</ele>
      </trkpt>
      <trkpt lat="-42.02748" lon="146.10939">
        <ele>738.89</ele>
      </trkpt>
      <trkpt lat="-42.0275" lon="146.10945">
        <ele>739.0</ele>
      </trkpt>
      <trkpt lat="-42.02751" lon="146.10952">
        <ele>739.48</ele>
      </trkpt>
      <trkpt lat="-42.02753" lon="146.10957">
        <ele>740.41</ele>
      </trkpt>
      <trkpt lat="-42.02755" lon="146.10964">
        <ele>741.27</ele>
      </trkpt>
      <trkpt lat="-42.02757" lon="146.10973">
        <ele>741.99</ele>
      </trkpt>
      <trkpt lat="-42.02758" lon="146.10981">
        <ele>742.05</ele>
      </trkpt>
      <trkpt lat="-42.02759" lon="146.10988">
        <ele>742.14</ele>
      </trkpt>
      <trkpt lat="-42.02761" lon="146.10995">
        <ele>742.61</ele>
      </trkpt>
      <trkpt lat="-42.02762" lon="146.11001">
        <ele>742.68</ele>
      </trkpt>
      <trkpt lat="-42.02764" lon="146.1101">
        <ele>742.82</ele>
      </trkpt>
      <trkpt lat="-42.02766" lon="146.11018">
        <ele>742.94</ele>
      </trkpt>
      <trkpt lat="-42.02768" lon="146.11024">
        <ele>743.14</ele>
      </trkpt>
      <trkpt lat="-42.02768" lon="146.1103">
        <ele>742.65</ele>
      </trkpt>
      <trkpt lat="-42.02769" lon="146.11036">
        <ele>742.46</ele>
      </trkpt>
      <trkpt lat="-42.02769" lon="146.11038">
        <ele>742.28</ele>
      </trkpt>
      <trkpt lat="-42.02769" lon="146.11039">
        <ele>742.2</ele>
      </trkpt>
      <trkpt lat="-42.02771" lon="146.11046">
        <ele>742.16</ele>
      </trkpt>
      <trkpt lat="-42.02773" lon="146.11061">
        <ele>741.24</ele>
      </trkpt>
      <trkpt lat="-42.02775" lon="146.11071">
        <ele>740.69</ele>
      </trkpt>
      <trkpt lat="-42.02777" lon="146.11079">
        <ele>740.3</ele>
      </trkpt>
      <trkpt lat="-42.02779" lon="146.11084">
        <ele>740.35</ele>
      </trkpt>
      <trkpt lat="-42.02782" lon="146.11089">
        <ele>741.22</ele>
      </trkpt>
      <trkpt lat="-42.02783" lon="146.11096">
        <ele>741.5</ele>
      </trkpt>
      <trkpt lat="-42.02784" lon="146.11102">
        <ele>741.79</ele>
      </trkpt>
      <trkpt lat="-42.02784" lon="146.11109">
        <ele>741.79</ele>
      </trkpt>
      <trkpt lat="-42.02783" lon="146.11115">
        <ele>741.36</ele>
      </trkpt>
      <trkpt lat="-42.02781" lon="146.11119">
        <ele>740.64</ele>
      </trkpt>
      <trkpt lat="-42.02781" lon="146.11123">
        <ele>740.5</ele>
      </trkpt>
      <trkpt lat="-42.02781" lon="146.1113">
        <ele>740.25</ele>
      </trkpt>
      <trkpt lat="-42.02779" lon="146.11136">
        <ele>739.46</ele>
      </trkpt>
      <trkpt lat="-42.02776" lon="146.11141">
        <ele>738.58</ele>
      </trkpt>
      <trkpt lat="-42.02773" lon="146.11146">
        <ele>738.06</ele>
      </trkpt>
      <trkpt lat="-42.02772" lon="146.11152">
        <ele>738.13</ele>
      </trkpt>
      <trkpt lat="-42.02773" lon="146.11158">
        <ele>738.51</ele>
      </trkpt>
      <trkpt lat="-42.02776" lon="146.11163">
        <ele>738.89</ele>
      </trkpt>
      <trkpt lat="-42.02777" lon="146.11167">
        <ele>738.95</ele>
      </trkpt>
      <trkpt lat="-42.02779" lon="146.1117">
        <ele>739.07</ele>
      </trkpt>
      <trkpt lat="-42.02782" lon="146.11175">
        <ele>739.51</ele>
      </trkpt>
      <trkpt lat="-42.02782" lon="146.11181">
        <ele>739.11</ele>
      </trkpt>
      <trkpt lat="-42.02781" lon="146.11188">
        <ele>738.37</ele>
      </trkpt>
      <trkpt lat="-42.02786" lon="146.1119">
        <ele>739.64</ele>
      </trkpt>
      <trkpt lat="-42.02789" lon="146.11194">
        <ele>740.26</ele>
      </trkpt>
      <trkpt lat="-42.0279" lon="146.11201">
        <ele>740.81</ele>
      </trkpt>
      <trkpt lat="-42.02791" lon="146.11208">
        <ele>741.34</ele>
      </trkpt>
      <trkpt lat="-42.02793" lon="146.11214">
        <ele>741.95</ele>
      </trkpt>
      <trkpt lat="-42.02795" lon="146.1122">
        <ele>742.44</ele>
      </trkpt>
      <trkpt lat="-42.02797" lon="146.11225">
        <ele>742.08</ele>
      </trkpt>
      <trkpt lat="-42.028" lon="146.11231">
        <ele>741.24</ele>
      </trkpt>
      <trkpt lat="-42.02801" lon="146.11233">
        <ele>741.02</ele>
      </trkpt>
      <trkpt lat="-42.02802" lon="146.11235">
        <ele>740.83</ele>
      </trkpt>
      <trkpt lat="-42.02803" lon="146.11244">
        <ele>739.28</ele>
      </trkpt>
      <trkpt lat="-42.02806" lon="146.11255">
        <ele>738.29</ele>
      </trkpt>
      <trkpt lat="-42.02807" lon="146.11263">
        <ele>737.31</ele>
      </trkpt>
      <trkpt lat="-42.02809" lon="146.11268">
        <ele>737.33</ele>
      </trkpt>
      <trkpt lat="-42.02811" lon="146.11274">
        <ele>737.2</ele>
      </trkpt>
      <trkpt lat="-42.02814" lon="146.11279">
        <ele>737.89</ele>
      </trkpt>
      <trkpt lat="-42.02816" lon="146.11286">
        <ele>738.48</ele>
      </trkpt>
      <trkpt lat="-42.02816" lon="146.11292">
        <ele>738.18</ele>
      </trkpt>
      <trkpt lat="-42.02815" lon="146.11298">
        <ele>737.44</ele>
      </trkpt>
      <trkpt lat="-42.02814" lon="146.11305">
        <ele>736.67</ele>
      </trkpt>
      <trkpt lat="-42.02813" lon="146.11305">
        <ele>736.24</ele>
      </trkpt>
      <trkpt lat="-42.02813" lon="146.11308">
        <ele>736.21</ele>
      </trkpt>
      <trkpt lat="-42.02815" lon="146.11314">
        <ele>736.97</ele>
      </trkpt>
      <trkpt lat="-42.02819" lon="146.11319">
        <ele>738.35</ele>
      </trkpt>
      <trkpt lat="-42.02823" lon="146.11321">
        <ele>739.7</ele>
      </trkpt>
      <trkpt lat="-42.02827" lon="146.11323">
        <ele>740.95</ele>
      </trkpt>
      <trkpt lat="-42.02832" lon="146.11326">
        <ele>742.36</ele>
      </trkpt>
      <trkpt lat="-42.02833" lon="146.11332">
        <ele>742.05</ele>
      </trkpt>
      <trkpt lat="-42.02836" lon="146.11336">
        <ele>742.67</ele>
      </trkpt>
      <trkpt lat="-42.02836" lon="146.11337">
        <ele>742.6</ele>
      </trkpt>
      <trkpt lat="-42.02839" lon="146.11343">
        <ele>743.14</ele>
      </trkpt>
      <trkpt lat="-42.02844" lon="146.11348">
        <ele>744.4</ele>
      </trkpt>
      <trkpt lat="-42.02849" lon="146.11349">
        <ele>745.95</ele>
      </trkpt>
      <trkpt lat="-42.02852" lon="146.1135">
        <ele>746.85</ele>
      </trkpt>
      <trkpt lat="-42.02853" lon="146.11351">
        <ele>747.1</ele>
      </trkpt>
      <trkpt lat="-42.02858" lon="146.11352">
        <ele>748.65</ele>
      </trkpt>
      <trkpt lat="-42.02862" lon="146.11355">
        <ele>749.55</ele>
      </trkpt>
      <trkpt lat="-42.02864" lon="146.11361">
        <ele>749.42</ele>
      </trkpt>
      <trkpt lat="-42.02866" lon="146.11366">
        <ele>749.21</ele>
      </trkpt>
      <trkpt lat="-42.02869" lon="146.11372">
        <ele>749.07</ele>
      </trkpt>
      <trkpt lat="-42.02871" lon="146.11378">
        <ele>748.82</ele>
      </trkpt>
      <trkpt lat="-42.02872" lon="146.11383">
        <ele>748.51</ele>
      </trkpt>
      <trkpt lat="-42.02874" lon="146.1139">
        <ele>748.24</ele>
      </trkpt>
      <trkpt lat="-42.02877" lon="146.11396">
        <ele>748.31</ele>
      </trkpt>
      <trkpt lat="-42.0288" lon="146.11399">
        <ele>748.54</ele>
      </trkpt>
      <trkpt lat="-42.02881" lon="146.114">
        <ele>748.61</ele>
      </trkpt>
      <trkpt lat="-42.02883" lon="146.11401">
        <ele>748.82</ele>
      </trkpt>
      <trkpt lat="-42.02886" lon="146.11407">
        <ele>748.66</ele>
      </trkpt>
      <trkpt lat="-42.02889" lon="146.11413">
        <ele>748.43</ele>
      </trkpt>
      <trkpt lat="-42.02894" lon="146.11414">
        <ele>749.74</ele>
      </trkpt>
      <trkpt lat="-42.02898" lon="146.11415">
        <ele>750.78</ele>
      </trkpt>
      <trkpt lat="-42.02903" lon="146.11416">
        <ele>752.12</ele>
      </trkpt>
      <trkpt lat="-42.02907" lon="146.11417">
        <ele>753.18</ele>
      </trkpt>
      <trkpt lat="-42.02907" lon="146.11417">
        <ele>753.18</ele>
      </trkpt>
      <trkpt lat="-42.02908" lon="146.11418">
        <ele>753.36</ele>
      </trkpt>
      <trkpt lat="-42.02913" lon="146.11419">
        <ele>754.64</ele>
      </trkpt>
      <trkpt lat="-42.02918" lon="146.11422">
        <ele>755.31</ele>
      </trkpt>
      <trkpt lat="-42.0292" lon="146.11425">
        <ele>754.97</ele>
      </trkpt>
      <trkpt lat="-42.02919" lon="146.11426">
        <ele>754.77</ele>
      </trkpt>
      <trkpt lat="-42.02922" lon="146.11431">
        <ele>754.12</ele>
      </trkpt>
      <trkpt lat="-42.02925" lon="146.11436">
        <ele>753.4</ele>
      </trkpt>
      <trkpt lat="-42.02926" lon="146.11442">
        <ele>752.41</ele>
      </trkpt>
      <trkpt lat="-42.02928" lon="146.11447">
        <ele>751.8</ele>
      </trkpt>
      <trkpt lat="-42.02928" lon="146.11449">
        <ele>751.64</ele>
      </trkpt>
      <trkpt lat="-42.02928" lon="146.11449">
        <ele>751.64</ele>
      </trkpt>
      <trkpt lat="-42.02931" lon="146.11454">
        <ele>751.32</ele>
      </trkpt>
      <trkpt lat="-42.02932" lon="146.1146">
        <ele>750.94</ele>
      </trkpt>
      <trkpt lat="-42.02934" lon="146.11467">
        <ele>750.58</ele>
      </trkpt>
      <trkpt lat="-42.02935" lon="146.11473">
        <ele>750.39</ele>
      </trkpt>
      <trkpt lat="-42.02936" lon="146.11479">
        <ele>751.05</ele>
      </trkpt>
      <trkpt lat="-42.02936" lon="146.11485">
        <ele>751.63</ele>
      </trkpt>
      <trkpt lat="-42.02937" lon="146.11492">
        <ele>752.41</ele>
      </trkpt>
      <trkpt lat="-42.02937" lon="146.11498">
        <ele>753.0</ele>
      </trkpt>
      <trkpt lat="-42.02938" lon="146.11505">
        <ele>753.72</ele>
      </trkpt>
      <trkpt lat="-42.0294" lon="146.11511">
        <ele>754.52</ele>
      </trkpt>
      <trkpt lat="-42.02942" lon="146.11521">
        <ele>755.8</ele>
      </trkpt>
      <trkpt lat="-42.02944" lon="146.11531">
        <ele>757.36</ele>
      </trkpt>
      <trkpt lat="-42.02945" lon="146.11541">
        <ele>759.1</ele>
      </trkpt>
      <trkpt lat="-42.02945" lon="146.11545">
        <ele>759.68</ele>
      </trkpt>
      <trkpt lat="-42.02944" lon="146.11547">
        <ele>759.62</ele>
      </trkpt>
      <trkpt lat="-42.02944" lon="146.11554">
        <ele>760.6</ele>
      </trkpt>
      <trkpt lat="-42.02943" lon="146.1156">
        <ele>760.72</ele>
      </trkpt>
      <trkpt lat="-42.02943" lon="146.11567">
        <ele>761.19</ele>
      </trkpt>
      <trkpt lat="-42.02941" lon="146.11573">
        <ele>760.66</ele>
      </trkpt>
      <trkpt lat="-42.0294" lon="146.11579">
        <ele>760.52</ele>
      </trkpt>
      <trkpt lat="-42.02939" lon="146.11588">
        <ele>759.48</ele>
      </trkpt>
      <trkpt lat="-42.02939" lon="146.11595">
        <ele>758.32</ele>
      </trkpt>
      <trkpt lat="-42.0294" lon="146.11602">
        <ele>757.62</ele>
      </trkpt>
      <trkpt lat="-42.02942" lon="146.11611">
        <ele>756.96</ele>
      </trkpt>
      <trkpt lat="-42.02944" lon="146.11618">
        <ele>756.82</ele>
      </trkpt>
      <trkpt lat="-42.02943" lon="146.11627">
        <ele>755.09</ele>
      </trkpt>
      <trkpt lat="-42.02941" lon="146.11631">
        <ele>753.65</ele>
      </trkpt>
      <trkpt lat="-42.0294" lon="146.11633">
        <ele>752.93</ele>
      </trkpt>
      <trkpt lat="-42.02937" lon="146.11643">
        <ele>750.45</ele>
      </trkpt>
      <trkpt lat="-42.02935" lon="146.11648">
        <ele>749.15</ele>
      </trkpt>
      <trkpt lat="-42.02932" lon="146.11655">
        <ele>747.2</ele>
      </trkpt>
      <trkpt lat="-42.02928" lon="146.11658">
        <ele>745.11</ele>
      </trkpt>
      <trkpt lat="-42.02925" lon="146.11664">
        <ele>743.16</ele>
      </trkpt>
      <trkpt lat="-42.02923" lon="146.1167">
        <ele>741.85</ele>
      </trkpt>
      <trkpt lat="-42.02921" lon="146.11676">
        <ele>740.82</ele>
      </trkpt>
      <trkpt lat="-42.02919" lon="146.11682">
        <ele>739.91</ele>
      </trkpt>
      <trkpt lat="-42.02917" lon="146.11688">
        <ele>739.12</ele>
      </trkpt>
      <trkpt lat="-42.02917" lon="146.11695">
        <ele>739.15</ele>
      </trkpt>
      <trkpt lat="-42.02917" lon="146.11703">
        <ele>739.71</ele>
      </trkpt>
      <trkpt lat="-42.02918" lon="146.11709">
        <ele>740.38</ele>
      </trkpt>
      <trkpt lat="-42.02919" lon="146.11715">
        <ele>740.99</ele>
      </trkpt>
      <trkpt lat="-42.02926" lon="146.11723">
        <ele>742.6</ele>
      </trkpt>
      <trkpt lat="-42.02931" lon="146.11729">
        <ele>742.98</ele>
      </trkpt>
      <trkpt lat="-42.02932" lon="146.11736">
        <ele>742.6</ele>
      </trkpt>
      <trkpt lat="-42.02933" lon="146.11743">
        <ele>742.27</ele>
      </trkpt>
      <trkpt lat="-42.02932" lon="146.11749">
        <ele>741.5</ele>
      </trkpt>
      <trkpt lat="-42.02933" lon="146.11752">
        <ele>741.53</ele>
      </trkpt>
      <trkpt lat="-42.02932" lon="146.11753">
        <ele>741.18</ele>
      </trkpt>
      <trkpt lat="-42.02936" lon="146.11759">
        <ele>741.67</ele>
      </trkpt>
      <trkpt lat="-42.02939" lon="146.11768">
        <ele>741.35</ele>
      </trkpt>
      <trkpt lat="-42.02942" lon="146.11774">
        <ele>741.14</ele>
      </trkpt>
      <trkpt lat="-42.02944" lon="146.1178">
        <ele>740.77</ele>
      </trkpt>
      <trkpt lat="-42.02945" lon="146.11786">
        <ele>740.58</ele>
      </trkpt>
      <trkpt lat="-42.02946" lon="146.11793">
        <ele>740.41</ele>
      </trkpt>
      <trkpt lat="-42.02948" lon="146.11798">
        <ele>740.75</ele>
      </trkpt>
      <trkpt lat="-42.02951" lon="146.11804">
        <ele>741.45</ele>
      </trkpt>
      <trkpt lat="-42.02955" lon="146.11808">
        <ele>742.44</ele>
      </trkpt>
      <trkpt lat="-42.02958" lon="146.11809">
        <ele>743.33</ele>
      </trkpt>
      <trkpt lat="-42.02958" lon="146.11808">
        <ele>743.49</ele>
      </trkpt>
      <trkpt lat="-42.02966" lon="146.11807">
        <ele>746.48</ele>
      </trkpt>
      <trkpt lat="-42.02971" lon="146.11807">
        <ele>748.25</ele>
      </trkpt>
      <trkpt lat="-42.02976" lon="146.11807">
        <ele>749.15</ele>
      </trkpt>
      <trkpt lat="-42.0298" lon="146.11807">
        <ele>749.64</ele>
      </trkpt>
      <trkpt lat="-42.02984" lon="146.1181">
        <ele>749.85</ele>
      </trkpt>
      <trkpt lat="-42.02987" lon="146.11815">
        <ele>750.0</ele>
      </trkpt>
      <trkpt lat="-42.02988" lon="146.11822">
        <ele>749.84</ele>
      </trkpt>
      <trkpt lat="-42.02988" lon="146.11823">
        <ele>749.79</ele>
      </trkpt>
      <trkpt lat="-42.02988" lon="146.11824">
        <ele>749.74</ele>
      </trkpt>
      <trkpt lat="-42.0299" lon="146.11841">
        <ele>747.66</ele>
      </trkpt>
      <trkpt lat="-42.02989" lon="146.11854">
        <ele>743.24</ele>
      </trkpt>
      <trkpt lat="-42.02989" lon="146.11862">
        <ele>740.88</ele>
      </trkpt>
      <trkpt lat="-42.02988" lon="146.11868">
        <ele>739.48</ele>
      </trkpt>
      <trkpt lat="-42.02987" lon="146.11875">
        <ele>737.99</ele>
      </trkpt>
      <trkpt lat="-42.02986" lon="146.11879">
        <ele>737.07</ele>
      </trkpt>
      <trkpt lat="-42.02986" lon="146.11879">
        <ele>737.07</ele>
      </trkpt>
      <trkpt lat="-42.02986" lon="146.11886">
        <ele>735.95</ele>
      </trkpt>
      <trkpt lat="-42.02988" lon="146.11896">
        <ele>735.84</ele>
      </trkpt>
      <trkpt lat="-42.0299" lon="146.11902">
        <ele>736.2</ele>
      </trkpt>
      <trkpt lat="-42.02994" lon="146.11909">
        <ele>736.92</ele>
      </trkpt>
      <trkpt lat="-42.02998" lon="146.11913">
        <ele>737.64</ele>
      </trkpt>
      <trkpt lat="-42.03002" lon="146.11917">
        <ele>739.49</ele>
      </trkpt>
      <trkpt lat="-42.03007" lon="146.11918">
        <ele>743.1</ele>
      </trkpt>
      <trkpt lat="-42.03011" lon="146.11921">
        <ele>745.42</ele>
      </trkpt>
      <trkpt lat="-42.03017" lon="146.11923">
        <ele>748.95</ele>
      </trkpt>
      <trkpt lat="-42.0302" lon="146.11926">
        <ele>749.88</ele>
      </trkpt>
      <trkpt lat="-42.03023" lon="146.11932">
        <ele>749.35</ele>
      </trkpt>
      <trkpt lat="-42.03023" lon="146.11932">
        <ele>749.35</ele>
      </trkpt>
      <trkpt lat="-42.03024" lon="146.11934">
        <ele>749.05</ele>
      </trkpt>
      <trkpt lat="-42.03024" lon="146.11941">
        <ele>746.19</ele>
      </trkpt>
      <trkpt lat="-42.03026" lon="146.11948">
        <ele>744.46</ele>
      </trkpt>
      <trkpt lat="-42.03026" lon="146.11956">
        <ele>742.28</ele>
      </trkpt>
      <trkpt lat="-42.03027" lon="146.11963">
        <ele>740.53</ele>
      </trkpt>
      <trkpt lat="-42.03028" lon="146.11969">
        <ele>739.0</ele>
      </trkpt>
      <trkpt lat="-42.0303" lon="146.11976">
        <ele>738.36</ele>
      </trkpt>
      <trkpt lat="-42.0303" lon="146.11982">
        <ele>737.91</ele>
      </trkpt>
      <trkpt lat="-42.0303" lon="146.11989">
        <ele>737.38</ele>
      </trkpt>
      <trkpt lat="-42.0303" lon="146.11996">
        <ele>736.86</ele>
      </trkpt>
      <trkpt lat="-42.0303" lon="146.11997">
        <ele>736.78</ele>
      </trkpt>
      <trkpt lat="-42.03032" lon="146.11997">
        <ele>737.3</ele>
      </trkpt>
      <trkpt lat="-42.03034" lon="146.12003">
        <ele>737.72</ele>
      </trkpt>
      <trkpt lat="-42.03039" lon="146.12011">
        <ele>739.54</ele>
      </trkpt>
      <trkpt lat="-42.03043" lon="146.1202">
        <ele>741.35</ele>
      </trkpt>
      <trkpt lat="-42.03047" lon="146.12025">
        <ele>742.99</ele>
      </trkpt>
      <trkpt lat="-42.0305" lon="146.12031">
        <ele>744.32</ele>
      </trkpt>
      <trkpt lat="-42.0305" lon="146.12034">
        <ele>744.42</ele>
      </trkpt>
      <trkpt lat="-42.03053" lon="146.12043">
        <ele>745.72</ele>
      </trkpt>
      <trkpt lat="-42.03054" lon="146.12043">
        <ele>746.04</ele>
      </trkpt>
      <trkpt lat="-42.03059" lon="146.12053">
        <ele>748.11</ele>
      </trkpt>
      <trkpt lat="-42.03066" lon="146.1207">
        <ele>750.83</ele>
      </trkpt>
      <trkpt lat="-42.03067" lon="146.12077">
        <ele>751.3</ele>
      </trkpt>
      <trkpt lat="-42.03061" lon="146.12117">
        <ele>745.68</ele>
      </trkpt>
      <trkpt lat="-42.03062" lon="146.12137">
        <ele>742.59</ele>
      </trkpt>
      <trkpt lat="-42.0307" lon="146.12154">
        <ele>743.8</ele>
      </trkpt>
      <trkpt lat="-42.03082" lon="146.12172">
        <ele>746.12</ele>
      </trkpt>
      <trkpt lat="-42.03082" lon="146.12172">
        <ele>746.12</ele>
      </trkpt>
      <trkpt lat="-42.03083" lon="146.12175">
        <ele>746.28</ele>
      </trkpt>
      <trkpt lat="-42.03098" lon="146.1219">
        <ele>752.35</ele>
      </trkpt>
      <trkpt lat="-42.03103" lon="146.12215">
        <ele>749.58</ele>
      </trkpt>
      <trkpt lat="-42.03106" lon="146.12224">
        <ele>748.57</ele>
      </trkpt>
      <trkpt lat="-42.03112" lon="146.12239">
        <ele>748.38</ele>
      </trkpt>
      <trkpt lat="-42.0313" lon="146.12273">
        <ele>747.47</ele>
      </trkpt>
      <trkpt lat="-42.03135" lon="146.1228">
        <ele>746.82</ele>
      </trkpt>
      <trkpt lat="-42.03143" lon="146.123">
        <ele>745.7</ele>
      </trkpt>
      <trkpt lat="-42.03153" lon="146.12312">
        <ele>745.78</ele>
      </trkpt>
      <trkpt lat="-42.03156" lon="146.12328">
        <ele>745.42</ele>
      </trkpt>
      <trkpt lat="-42.03158" lon="146.12335">
        <ele>745.23</ele>
      </trkpt>
      <trkpt lat="-42.03162" lon="146.12343">
        <ele>744.74</ele>
      </trkpt>
      <trkpt lat="-42.03166" lon="146.1236">
        <ele>743.12</ele>
      </trkpt>
      <trkpt lat="-42.03185" lon="146.12407">
        <ele>738.18</ele>
      </trkpt>
      <trkpt lat="-42.03185" lon="146.12407">
        <ele>738.18</ele>
      </trkpt>
      <trkpt lat="-42.03201" lon="146.12445">
        <ele>738.16</ele>
      </trkpt>
      <trkpt lat="-42.03205" lon="146.12451">
        <ele>739.89</ele>
      </trkpt>
      <trkpt lat="-42.03208" lon="146.12479">
        <ele>741.42</ele>
      </trkpt>
      <trkpt lat="-42.03212" lon="146.12491">
        <ele>740.81</ele>
      </trkpt>
      <trkpt lat="-42.03216" lon="146.12518">
        <ele>737.12</ele>
      </trkpt>
      <trkpt lat="-42.03222" lon="146.12536">
        <ele>735.39</ele>
      </trkpt>
      <trkpt lat="-42.03222" lon="146.12536">
        <ele>735.39</ele>
      </trkpt>
      <trkpt lat="-42.03226" lon="146.12543">
        <ele>737.16</ele>
      </trkpt>
      <trkpt lat="-42.03232" lon="146.12546">
        <ele>740.23</ele>
      </trkpt>
      <trkpt lat="-42.03234" lon="146.12553">
        <ele>740.01</ele>
      </trkpt>
      <trkpt lat="-42.03243" lon="146.12566">
        <ele>741.19</ele>
      </trkpt>
      <trkpt lat="-42.0325" lon="146.12585">
        <ele>737.94</ele>
      </trkpt>
      <trkpt lat="-42.03251" lon="146.12589">
        <ele>738.87</ele>
      </trkpt>
      <trkpt lat="-42.03252" lon="146.12595">
        <ele>739.58</ele>
      </trkpt>
      <trkpt lat="-42.03253" lon="146.12601">
        <ele>740.13</ele>
      </trkpt>
      <trkpt lat="-42.03254" lon="146.12608">
        <ele>740.44</ele>
      </trkpt>
      <trkpt lat="-42.03255" lon="146.12614">
        <ele>740.82</ele>
      </trkpt>
      <trkpt lat="-42.03256" lon="146.1262">
        <ele>741.17</ele>
      </trkpt>
      <trkpt lat="-42.03256" lon="146.12627">
        <ele>740.72</ele>
      </trkpt>
      <trkpt lat="-42.03256" lon="146.12633">
        <ele>740.33</ele>
      </trkpt>
      <trkpt lat="-42.03256" lon="146.1264">
        <ele>739.92</ele>
      </trkpt>
      <trkpt lat="-42.03257" lon="146.12646">
        <ele>740.07</ele>
      </trkpt>
      <trkpt lat="-42.03258" lon="146.12652">
        <ele>740.18</ele>
      </trkpt>
      <trkpt lat="-42.0326" lon="146.12659">
        <ele>740.46</ele>
      </trkpt>
      <trkpt lat="-42.03263" lon="146.12669">
        <ele>740.81</ele>
      </trkpt>
      <trkpt lat="-42.03266" lon="146.12677">
        <ele>741.4</ele>
      </trkpt>
      <trkpt lat="-42.03269" lon="146.12682">
        <ele>741.9</ele>
      </trkpt>
      <trkpt lat="-42.03271" lon="146.12685">
        <ele>742.2</ele>
      </trkpt>
      <trkpt lat="-42.03271" lon="146.12686">
        <ele>742.18</ele>
      </trkpt>
      <trkpt lat="-42.03273" lon="146.12692">
        <ele>742.37</ele>
      </trkpt>
      <trkpt lat="-42.03276" lon="146.127">
        <ele>742.6</ele>
      </trkpt>
      <trkpt lat="-42.03278" lon="146.12705">
        <ele>742.67</ele>
      </trkpt>
      <trkpt lat="-42.03281" lon="146.1271">
        <ele>743.11</ele>
      </trkpt>
      <trkpt lat="-42.03283" lon="146.12715">
        <ele>743.21</ele>
      </trkpt>
      <trkpt lat="-42.03287" lon="146.1272">
        <ele>743.51</ele>
      </trkpt>
      <trkpt lat="-42.0329" lon="146.12725">
        <ele>743.65</ele>
      </trkpt>
      <trkpt lat="-42.03293" lon="146.12731">
        <ele>743.61</ele>
      </trkpt>
      <trkpt lat="-42.03295" lon="146.12736">
        <ele>743.32</ele>
      </trkpt>
      <trkpt lat="-42.03296" lon="146.12742">
        <ele>742.78</ele>
      </trkpt>
      <trkpt lat="-42.03297" lon="146.12748">
        <ele>742.13</ele>
      </trkpt>
      <trkpt lat="-42.033" lon="146.12754">
        <ele>741.34</ele>
      </trkpt>
      <trkpt lat="-42.03303" lon="146.1276">
        <ele>740.59</ele>
      </trkpt>
      <trkpt lat="-42.03306" lon="146.12764">
        <ele>740.16</ele>
      </trkpt>
      <trkpt lat="-42.03309" lon="146.12769">
        <ele>740.73</ele>
      </trkpt>
      <trkpt lat="-42.03311" lon="146.12775">
        <ele>740.55</ele>
      </trkpt>
      <trkpt lat="-42.03312" lon="146.12777">
        <ele>740.51</ele>
      </trkpt>
      <trkpt lat="-42.03313" lon="146.12782">
        <ele>740.6</ele>
      </trkpt>
      <trkpt lat="-42.03314" lon="146.12788">
        <ele>740.74</ele>
      </trkpt>
      <trkpt lat="-42.03317" lon="146.12798">
        <ele>741.0</ele>
      </trkpt>
      <trkpt lat="-42.03318" lon="146.12807">
        <ele>740.9</ele>
      </trkpt>
      <trkpt lat="-42.0332" lon="146.12814">
        <ele>741.04</ele>
      </trkpt>
      <trkpt lat="-42.03325" lon="146.12828">
        <ele>741.4</ele>
      </trkpt>
      <trkpt lat="-42.03327" lon="146.12833">
        <ele>741.54</ele>
      </trkpt>
      <trkpt lat="-42.03329" lon="146.12838">
        <ele>741.52</ele>
      </trkpt>
      <trkpt lat="-42.03331" lon="146.12844">
        <ele>741.45</ele>
      </trkpt>
      <trkpt lat="-42.03331" lon="146.12846">
        <ele>741.38</ele>
      </trkpt>
      <trkpt lat="-42.03331" lon="146.12848">
        <ele>741.3</ele>
      </trkpt>
      <trkpt lat="-42.03333" lon="146.12856">
        <ele>741.16</ele>
      </trkpt>
      <trkpt lat="-42.03337" lon="146.12868">
        <ele>742.44</ele>
      </trkpt>
      <trkpt lat="-42.03342" lon="146.12878">
        <ele>744.26</ele>
      </trkpt>
      <trkpt lat="-42.03346" lon="146.12883">
        <ele>745.78</ele>
      </trkpt>
      <trkpt lat="-42.03349" lon="146.12889">
        <ele>746.76</ele>
      </trkpt>
      <trkpt lat="-42.03352" lon="146.12894">
        <ele>747.45</ele>
      </trkpt>
      <trkpt lat="-42.03356" lon="146.12898">
        <ele>748.6</ele>
      </trkpt>
      <trkpt lat="-42.0336" lon="146.12903">
        <ele>749.53</ele>
      </trkpt>
      <trkpt lat="-42.03363" lon="146.12907">
        <ele>749.58</ele>
      </trkpt>
      <trkpt lat="-42.03363" lon="146.12907">
        <ele>749.58</ele>
      </trkpt>
      <trkpt lat="-42.03363" lon="146.12908">
        <ele>749.42</ele>
      </trkpt>
      <trkpt lat="-42.03367" lon="146.12913">
        <ele>748.88</ele>
      </trkpt>
      <trkpt lat="-42.0337" lon="146.12919">
        <ele>748.21</ele>
      </trkpt>
      <trkpt lat="-42.03373" lon="146.12925">
        <ele>748.08</ele>
      </trkpt>
      <trkpt lat="-42.03375" lon="146.12931">
        <ele>747.98</ele>
      </trkpt>
      <trkpt lat="-42.03378" lon="146.12938">
        <ele>748.01</ele>
      </trkpt>
      <trkpt lat="-42.0338" lon="146.12945">
        <ele>748.01</ele>
      </trkpt>
      <trkpt lat="-42.03382" lon="146.1295">
        <ele>748.01</ele>
      </trkpt>
      <trkpt lat="-42.03384" lon="146.12956">
        <ele>747.98</ele>
      </trkpt>
      <trkpt lat="-42.03387" lon="146.12962">
        <ele>748.12</ele>
      </trkpt>
      <trkpt lat="-42.03389" lon="146.12968">
        <ele>748.17</ele>
      </trkpt>
      <trkpt lat="-42.03391" lon="146.12973">
        <ele>748.22</ele>
      </trkpt>
      <trkpt lat="-42.03395" lon="146.12982">
        <ele>747.67</ele>
      </trkpt>
      <trkpt lat="-42.03397" lon="146.12985">
        <ele>747.52</ele>
      </trkpt>
      <trkpt lat="-42.03397" lon="146.12985">
        <ele>747.52</ele>
      </trkpt>
      <trkpt lat="-42.03401" lon="146.12991">
        <ele>747.13</ele>
      </trkpt>
      <trkpt lat="-42.03405" lon="146.12999">
        <ele>746.31</ele>
      </trkpt>
      <trkpt lat="-42.03409" lon="146.13004">
        <ele>745.99</ele>
      </trkpt>
      <trkpt lat="-42.03414" lon="146.13009">
        <ele>745.61</ele>
      </trkpt>
      <trkpt lat="-42.03417" lon="146.13014">
        <ele>745.13</ele>
      </trkpt>
      <trkpt lat="-42.0342" lon="146.1302">
        <ele>745.44</ele>
      </trkpt>
      <trkpt lat="-42.03422" lon="146.13025">
        <ele>745.26</ele>
      </trkpt>
      <trkpt lat="-42.03423" lon="146.13031">
        <ele>744.69</ele>
      </trkpt>
      <trkpt lat="-42.03425" lon="146.13037">
        <ele>744.54</ele>
      </trkpt>
      <trkpt lat="-42.03425" lon="146.13043">
        <ele>743.78</ele>
      </trkpt>
      <trkpt lat="-42.03425" lon="146.13049">
        <ele>743.03</ele>
      </trkpt>
      <trkpt lat="-42.03425" lon="146.13049">
        <ele>743.03</ele>
      </trkpt>
      <trkpt lat="-42.03426" lon="146.13058">
        <ele>742.14</ele>
      </trkpt>
      <trkpt lat="-42.03428" lon="146.13064">
        <ele>741.9</ele>
      </trkpt>
      <trkpt lat="-42.03431" lon="146.13069">
        <ele>741.85</ele>
      </trkpt>
      <trkpt lat="-42.03435" lon="146.13072">
        <ele>742.07</ele>
      </trkpt>
      <trkpt lat="-42.03439" lon="146.13076">
        <ele>742.15</ele>
      </trkpt>
      <trkpt lat="-42.03441" lon="146.13081">
        <ele>741.87</ele>
      </trkpt>
      <trkpt lat="-42.03444" lon="146.13087">
        <ele>741.95</ele>
      </trkpt>
      <trkpt lat="-42.03448" lon="146.13091">
        <ele>742.44</ele>
      </trkpt>
      <trkpt lat="-42.03452" lon="146.13094">
        <ele>742.88</ele>
      </trkpt>
      <trkpt lat="-42.03455" lon="146.13097">
        <ele>743.15</ele>
      </trkpt>
      <trkpt lat="-42.03459" lon="146.13101">
        <ele>743.43</ele>
      </trkpt>
      <trkpt lat="-42.03462" lon="146.13106">
        <ele>743.5</ele>
      </trkpt>
      <trkpt lat="-42.03465" lon="146.13111">
        <ele>743.49</ele>
      </trkpt>
      <trkpt lat="-42.03469" lon="146.13117">
        <ele>742.96</ele>
      </trkpt>
      <trkpt lat="-42.03469" lon="146.13117">
        <ele>742.96</ele>
      </trkpt>
      <trkpt lat="-42.03468" lon="146.13116">
        <ele>742.98</ele>
      </trkpt>
      <trkpt lat="-42.03472" lon="146.1312">
        <ele>743.01</ele>
      </trkpt>
      <trkpt lat="-42.03478" lon="146.13128">
        <ele>743.26</ele>
      </trkpt>
      <trkpt lat="-42.03482" lon="146.13133">
        <ele>743.6</ele>
      </trkpt>
      <trkpt lat="-42.03486" lon="146.13136">
        <ele>744.18</ele>
      </trkpt>
      <trkpt lat="-42.03489" lon="146.13141">
        <ele>744.31</ele>
      </trkpt>
      <trkpt lat="-42.03492" lon="146.13146">
        <ele>744.43</ele>
      </trkpt>
      <trkpt lat="-42.03495" lon="146.13151">
        <ele>744.86</ele>
      </trkpt>
      <trkpt lat="-42.035" lon="146.13156">
        <ele>746.38</ele>
      </trkpt>
      <trkpt lat="-42.03504" lon="146.1316">
        <ele>746.19</ele>
      </trkpt>
      <trkpt lat="-42.03507" lon="146.13165">
        <ele>745.66</ele>
      </trkpt>
      <trkpt lat="-42.03509" lon="146.1317">
        <ele>743.98</ele>
      </trkpt>
      <trkpt lat="-42.03512" lon="146.13172">
        <ele>743.11</ele>
      </trkpt>
      <trkpt lat="-42.03513" lon="146.13172">
        <ele>743.09</ele>
      </trkpt>
      <trkpt lat="-42.03517" lon="146.13173">
        <ele>742.7</ele>
      </trkpt>
      <trkpt lat="-42.03522" lon="146.13176">
        <ele>741.84</ele>
      </trkpt>
      <trkpt lat="-42.03526" lon="146.1318">
        <ele>741.0</ele>
      </trkpt>
      <trkpt lat="-42.03529" lon="146.13184">
        <ele>740.71</ele>
      </trkpt>
      <trkpt lat="-42.03535" lon="146.13186">
        <ele>742.36</ele>
      </trkpt>
      <trkpt lat="-42.03539" lon="146.13189">
        <ele>742.72</ele>
      </trkpt>
      <trkpt lat="-42.03543" lon="146.1319">
        <ele>743.59</ele>
      </trkpt>
      <trkpt lat="-42.03544" lon="146.1319">
        <ele>743.89</ele>
      </trkpt>
      <trkpt lat="-42.03548" lon="146.13194">
        <ele>743.3</ele>
      </trkpt>
      <trkpt lat="-42.03552" lon="146.13198">
        <ele>742.97</ele>
      </trkpt>
      <trkpt lat="-42.03554" lon="146.13204">
        <ele>741.34</ele>
      </trkpt>
      <trkpt lat="-42.03558" lon="146.13208">
        <ele>741.57</ele>
      </trkpt>
      <trkpt lat="-42.03562" lon="146.1321">
        <ele>743.21</ele>
      </trkpt>
      <trkpt lat="-42.03567" lon="146.13215">
        <ele>744.3</ele>
      </trkpt>
      <trkpt lat="-42.0357" lon="146.1322">
        <ele>744.16</ele>
      </trkpt>
      <trkpt lat="-42.03574" lon="146.13224">
        <ele>744.75</ele>
      </trkpt>
      <trkpt lat="-42.03575" lon="146.13223">
        <ele>745.8</ele>
      </trkpt>
      <trkpt lat="-42.0358" lon="146.13226">
        <ele>746.76</ele>
      </trkpt>
      <trkpt lat="-42.03583" lon="146.1323">
        <ele>745.54</ele>
      </trkpt>
      <trkpt lat="-42.03585" lon="146.13237">
        <ele>741.42</ele>
      </trkpt>
      <trkpt lat="-42.03587" lon="146.13243">
        <ele>738.14</ele>
      </trkpt>
      <trkpt lat="-42.03592" lon="146.13246">
        <ele>738.17</ele>
      </trkpt>
      <trkpt lat="-42.03596" lon="146.13248">
        <ele>738.61</ele>
      </trkpt>
      <trkpt lat="-42.03601" lon="146.13251">
        <ele>739.43</ele>
      </trkpt>
      <trkpt lat="-42.03606" lon="146.13251">
        <ele>741.53</ele>
      </trkpt>
      <trkpt lat="-42.03608" lon="146.13251">
        <ele>742.37</ele>
      </trkpt>
      <trkpt lat="-42.03609" lon="146.13251">
        <ele>742.79</ele>
      </trkpt>
      <trkpt lat="-42.03616" lon="146.13252">
        <ele>745.14</ele>
      </trkpt>
      <trkpt lat="-42.03621" lon="146.13254">
        <ele>746.37</ele>
      </trkpt>
      <trkpt lat="-42.03626" lon="146.13256">
        <ele>747.65</ele>
      </trkpt>
      <trkpt lat="-42.03632" lon="146.13259">
        <ele>749.09</ele>
      </trkpt>
      <trkpt lat="-42.03633" lon="146.13265">
        <ele>747.87</ele>
      </trkpt>
      <trkpt lat="-42.03638" lon="146.13269">
        <ele>748.85</ele>
      </trkpt>
      <trkpt lat="-42.03642" lon="146.13274">
        <ele>749.6</ele>
      </trkpt>
      <trkpt lat="-42.03645" lon="146.13279">
        <ele>750.06</ele>
      </trkpt>
      <trkpt lat="-42.03648" lon="146.13287">
        <ele>750.04</ele>
      </trkpt>
      <trkpt lat="-42.03649" lon="146.13293">
        <ele>749.32</ele>
      </trkpt>
      <trkpt lat="-42.03649" lon="146.13299">
        <ele>748.08</ele>
      </trkpt>
      <trkpt lat="-42.03649" lon="146.13303">
        <ele>747.26</ele>
      </trkpt>
      <trkpt lat="-42.03649" lon="146.13304">
        <ele>747.05</ele>
      </trkpt>
      <trkpt lat="-42.0365" lon="146.1331">
        <ele>746.08</ele>
      </trkpt>
      <trkpt lat="-42.03651" lon="146.13316">
        <ele>744.97</ele>
      </trkpt>
      <trkpt lat="-42.03653" lon="146.13324">
        <ele>743.6</ele>
      </trkpt>
      <trkpt lat="-42.03657" lon="146.13331">
        <ele>742.91</ele>
      </trkpt>
      <trkpt lat="-42.03662" lon="146.13337">
        <ele>742.12</ele>
      </trkpt>
      <trkpt lat="-42.03667" lon="146.13341">
        <ele>741.46</ele>
      </trkpt>
      <trkpt lat="-42.0367" lon="146.13345">
        <ele>739.89</ele>
      </trkpt>
      <trkpt lat="-42.03675" lon="146.13347">
        <ele>739.37</ele>
      </trkpt>
      <trkpt lat="-42.0368" lon="146.1335">
        <ele>738.16</ele>
      </trkpt>
      <trkpt lat="-42.03685" lon="146.13352">
        <ele>737.35</ele>
      </trkpt>
      <trkpt lat="-42.03689" lon="146.13354">
        <ele>736.36</ele>
      </trkpt>
      <trkpt lat="-42.03694" lon="146.13355">
        <ele>735.94</ele>
      </trkpt>
      <trkpt lat="-42.03697" lon="146.13356">
        <ele>736.37</ele>
      </trkpt>
      <trkpt lat="-42.03698" lon="146.13357">
        <ele>736.18</ele>
      </trkpt>
      <trkpt lat="-42.03704" lon="146.13361">
        <ele>736.53</ele>
      </trkpt>
      <trkpt lat="-42.03709" lon="146.13365">
        <ele>737.86</ele>
      </trkpt>
      <trkpt lat="-42.03714" lon="146.13369">
        <ele>738.55</ele>
      </trkpt>
      <trkpt lat="-42.03718" lon="146.13374">
        <ele>737.91</ele>
      </trkpt>
      <trkpt lat="-42.03722" lon="146.13377">
        <ele>737.52</ele>
      </trkpt>
      <trkpt lat="-42.03727" lon="146.1338">
        <ele>737.38</ele>
      </trkpt>
      <trkpt lat="-42.03731" lon="146.13384">
        <ele>736.8</ele>
      </trkpt>
      <trkpt lat="-42.03737" lon="146.13391">
        <ele>736.42</ele>
      </trkpt>
      <trkpt lat="-42.0374" lon="146.13396">
        <ele>736.29</ele>
      </trkpt>
      <trkpt lat="-42.03743" lon="146.13401">
        <ele>735.8</ele>
      </trkpt>
      <trkpt lat="-42.03746" lon="146.13407">
        <ele>734.68</ele>
      </trkpt>
      <trkpt lat="-42.03751" lon="146.1341">
        <ele>734.61</ele>
      </trkpt>
      <trkpt lat="-42.03754" lon="146.13414">
        <ele>734.8</ele>
      </trkpt>
      <trkpt lat="-42.03757" lon="146.13415">
        <ele>735.98</ele>
      </trkpt>
      <trkpt lat="-42.03762" lon="146.13417">
        <ele>738.03</ele>
      </trkpt>
      <trkpt lat="-42.03771" lon="146.13422">
        <ele>742.15</ele>
      </trkpt>
      <trkpt lat="-42.03775" lon="146.13425">
        <ele>743.79</ele>
      </trkpt>
      <trkpt lat="-42.0378" lon="146.13427">
        <ele>744.82</ele>
      </trkpt>
      <trkpt lat="-42.03785" lon="146.13429">
        <ele>744.44</ele>
      </trkpt>
      <trkpt lat="-42.03785" lon="146.13429">
        <ele>744.44</ele>
      </trkpt>
      <trkpt lat="-42.03786" lon="146.1343">
        <ele>744.28</ele>
      </trkpt>
      <trkpt lat="-42.03793" lon="146.13433">
        <ele>743.59</ele>
      </trkpt>
      <trkpt lat="-42.03798" lon="146.13436">
        <ele>742.9</ele>
      </trkpt>
      <trkpt lat="-42.03803" lon="146.13437">
        <ele>742.47</ele>
      </trkpt>
      <trkpt lat="-42.03808" lon="146.13437">
        <ele>742.63</ele>
      </trkpt>
      <trkpt lat="-42.03812" lon="146.13436">
        <ele>743.34</ele>
      </trkpt>
      <trkpt lat="-42.03817" lon="146.13438">
        <ele>743.46</ele>
      </trkpt>
      <trkpt lat="-42.03822" lon="146.13441">
        <ele>743.17</ele>
      </trkpt>
      <trkpt lat="-42.03827" lon="146.13444">
        <ele>742.69</ele>
      </trkpt>
      <trkpt lat="-42.03831" lon="146.13447">
        <ele>741.84</ele>
      </trkpt>
      <trkpt lat="-42.03836" lon="146.1345">
        <ele>741.97</ele>
      </trkpt>
      <trkpt lat="-42.0384" lon="146.13453">
        <ele>742.57</ele>
      </trkpt>
      <trkpt lat="-42.03844" lon="146.13457">
        <ele>742.81</ele>
      </trkpt>
      <trkpt lat="-42.03845" lon="146.1346">
        <ele>742.12</ele>
      </trkpt>
      <trkpt lat="-42.03863" lon="146.13473">
        <ele>745.37</ele>
      </trkpt>
      <trkpt lat="-42.03884" lon="146.13483">
        <ele>748.94</ele>
      </trkpt>
      <trkpt lat="-42.03902" lon="146.13489">
        <ele>749.8</ele>
      </trkpt>
      <trkpt lat="-42.0392" lon="146.13491">
        <ele>750.64</ele>
      </trkpt>
      <trkpt lat="-42.0392" lon="146.13491">
        <ele>750.64</ele>
      </trkpt>
      <trkpt lat="-42.03927" lon="146.13497">
        <ele>749.24</ele>
      </trkpt>
      <trkpt lat="-42.03936" lon="146.13505">
        <ele>747.74</ele>
      </trkpt>
      <trkpt lat="-42.0394" lon="146.13508">
        <ele>747.16</ele>
      </trkpt>
      <trkpt lat="-42.03944" lon="146.13515">
        <ele>745.14</ele>
      </trkpt>
      <trkpt lat="-42.03948" lon="146.13519">
        <ele>744.4</ele>
      </trkpt>
      <trkpt lat="-42.03953" lon="146.13521">
        <ele>744.5</ele>
      </trkpt>
      <trkpt lat="-42.03957" lon="146.13526">
        <ele>743.41</ele>
      </trkpt>
      <trkpt lat="-42.0396" lon="146.1353">
        <ele>742.73</ele>
      </trkpt>
      <trkpt lat="-42.03961" lon="146.13531">
        <ele>742.62</ele>
      </trkpt>
      <trkpt lat="-42.03961" lon="146.1353">
        <ele>742.86</ele>
      </trkpt>
      <trkpt lat="-42.03969" lon="146.13535">
        <ele>742.38</ele>
      </trkpt>
      <trkpt lat="-42.03975" lon="146.13539">
        <ele>741.5</ele>
      </trkpt>
      <trkpt lat="-42.0398" lon="146.13542">
        <ele>740.5</ele>
      </trkpt>
      <trkpt lat="-42.03984" lon="146.13543">
        <ele>740.1</ele>
      </trkpt>
      <trkpt lat="-42.03989" lon="146.13545">
        <ele>739.07</ele>
      </trkpt>
      <trkpt lat="-42.03994" lon="146.13549">
        <ele>736.65</ele>
      </trkpt>
      <trkpt lat="-42.03999" lon="146.13553">
        <ele>733.77</ele>
      </trkpt>
      <trkpt lat="-42.04004" lon="146.13555">
        <ele>732.38</ele>
      </trkpt>
      <trkpt lat="-42.04008" lon="146.13556">
        <ele>732.0</ele>
      </trkpt>
      <trkpt lat="-42.04014" lon="146.13557">
        <ele>732.0</ele>
      </trkpt>
      <trkpt lat="-42.04018" lon="146.13558">
        <ele>732.0</ele>
      </trkpt>
      <trkpt lat="-42.04022" lon="146.13558">
        <ele>732.0</ele>
      </trkpt>
      <trkpt lat="-42.04026" lon="146.13559">
        <ele>732.0</ele>
      </trkpt>
      <trkpt lat="-42.04043" lon="146.1356">
        <ele>739.83</ele>
      </trkpt>
      <trkpt lat="-42.04071" lon="146.13559">
        <ele>752.66</ele>
      </trkpt>
      <trkpt lat="-42.04073" lon="146.13559">
        <ele>753.41</ele>
      </trkpt>
      <trkpt lat="-42.04079" lon="146.1356">
        <ele>755.13</ele>
      </trkpt>
      <trkpt lat="-42.04091" lon="146.13565">
        <ele>757.1</ele>
      </trkpt>
      <trkpt lat="-42.04095" lon="146.13568">
        <ele>757.26</ele>
      </trkpt>
      <trkpt lat="-42.041" lon="146.13572">
        <ele>757.53</ele>
      </trkpt>
      <trkpt lat="-42.04104" lon="146.13575">
        <ele>757.98</ele>
      </trkpt>
      <trkpt lat="-42.04109" lon="146.13576">
        <ele>759.73</ele>
      </trkpt>
      <trkpt lat="-42.04114" lon="146.13578">
        <ele>760.11</ele>
      </trkpt>
      <trkpt lat="-42.04116" lon="146.1358">
        <ele>759.53</ele>
      </trkpt>
      <trkpt lat="-42.04117" lon="146.1358">
        <ele>759.6</ele>
      </trkpt>
      <trkpt lat="-42.04125" lon="146.13583">
        <ele>759.11</ele>
      </trkpt>
      <trkpt lat="-42.04133" lon="146.1359">
        <ele>755.61</ele>
      </trkpt>
      <trkpt lat="-42.04137" lon="146.13595">
        <ele>753.64</ele>
      </trkpt>
      <trkpt lat="-42.0414" lon="146.136">
        <ele>751.57</ele>
      </trkpt>
      <trkpt lat="-42.04144" lon="146.13603">
        <ele>749.88</ele>
      </trkpt>
      <trkpt lat="-42.04149" lon="146.13606">
        <ele>748.05</ele>
      </trkpt>
      <trkpt lat="-42.04154" lon="146.13609">
        <ele>746.1</ele>
      </trkpt>
      <trkpt lat="-42.04157" lon="146.13613">
        <ele>744.07</ele>
      </trkpt>
      <trkpt lat="-42.0416" lon="146.13619">
        <ele>741.7</ele>
      </trkpt>
      <trkpt lat="-42.04164" lon="146.13622">
        <ele>740.07</ele>
      </trkpt>
      <trkpt lat="-42.04168" lon="146.13626">
        <ele>738.26</ele>
      </trkpt>
      <trkpt lat="-42.0417" lon="146.13628">
        <ele>737.62</ele>
      </trkpt>
      <trkpt lat="-42.04171" lon="146.13629">
        <ele>737.26</ele>
      </trkpt>
      <trkpt lat="-42.04178" lon="146.13632">
        <ele>736.23</ele>
      </trkpt>
      <trkpt lat="-42.04184" lon="146.13637">
        <ele>733.51</ele>
      </trkpt>
      <trkpt lat="-42.04186" lon="146.13643">
        <ele>732.26</ele>
      </trkpt>
      <trkpt lat="-42.04188" lon="146.13648">
        <ele>732.16</ele>
      </trkpt>
      <trkpt lat="-42.04193" lon="146.13656">
        <ele>732.02</ele>
      </trkpt>
      <trkpt lat="-42.04195" lon="146.13663">
        <ele>732.35</ele>
      </trkpt>
      <trkpt lat="-42.04198" lon="146.13668">
        <ele>734.11</ele>
      </trkpt>
      <trkpt lat="-42.04202" lon="146.13672">
        <ele>736.1</ele>
      </trkpt>
      <trkpt lat="-42.04206" lon="146.13676">
        <ele>737.67</ele>
      </trkpt>
      <trkpt lat="-42.04211" lon="146.13677">
        <ele>739.91</ele>
      </trkpt>
      <trkpt lat="-42.04215" lon="146.13679">
        <ele>741.29</ele>
      </trkpt>
      <trkpt lat="-42.04215" lon="146.13681">
        <ele>740.76</ele>
      </trkpt>
      <trkpt lat="-42.04222" lon="146.13685">
        <ele>742.32</ele>
      </trkpt>
      <trkpt lat="-42.04227" lon="146.13692">
        <ele>741.62</ele>
      </trkpt>
      <trkpt lat="-42.04232" lon="146.13694">
        <ele>742.69</ele>
      </trkpt>
      <trkpt lat="-42.04235" lon="146.13698">
        <ele>742.65</ele>
      </trkpt>
      <trkpt lat="-42.04237" lon="146.13704">
        <ele>741.73</ele>
      </trkpt>
      <trkpt lat="-42.04242" lon="146.13708">
        <ele>742.36</ele>
      </trkpt>
      <trkpt lat="-42.04246" lon="146.13711">
        <ele>742.88</ele>
      </trkpt>
      <trkpt lat="-42.0425" lon="146.13717">
        <ele>742.5</ele>
      </trkpt>
      <trkpt lat="-42.04255" lon="146.13718">
        <ele>743.5</ele>
      </trkpt>
      <trkpt lat="-42.0426" lon="146.13719">
        <ele>744.49</ele>
      </trkpt>
      <trkpt lat="-42.0426" lon="146.13719">
        <ele>744.49</ele>
      </trkpt>
      <trkpt lat="-42.04261" lon="146.13718">
        <ele>745.05</ele>
      </trkpt>
      <trkpt lat="-42.04264" lon="146.13723">
        <ele>744.35</ele>
      </trkpt>
      <trkpt lat="-42.04267" lon="146.13728">
        <ele>743.86</ele>
      </trkpt>
      <trkpt lat="-42.04272" lon="146.13736">
        <ele>742.89</ele>
      </trkpt>
      <trkpt lat="-42.04275" lon="146.1374">
        <ele>742.37</ele>
      </trkpt>
      <trkpt lat="-42.0428" lon="146.13743">
        <ele>742.58</ele>
      </trkpt>
      <trkpt lat="-42.04284" lon="146.13745">
        <ele>742.95</ele>
      </trkpt>
      <trkpt lat="-42.04289" lon="146.13746">
        <ele>743.81</ele>
      </trkpt>
      <trkpt lat="-42.04295" lon="146.13749">
        <ele>744.1</ele>
      </trkpt>
      <trkpt lat="-42.04299" lon="146.13752">
        <ele>743.68</ele>
      </trkpt>
      <trkpt lat="-42.04299" lon="146.13752">
        <ele>743.68</ele>
      </trkpt>
      <trkpt lat="-42.04301" lon="146.13753">
        <ele>743.61</ele>
      </trkpt>
      <trkpt lat="-42.04309" lon="146.13757">
        <ele>741.17</ele>
      </trkpt>
      <trkpt lat="-42.04319" lon="146.13761">
        <ele>736.36</ele>
      </trkpt>
      <trkpt lat="-42.04324" lon="146.13767">
        <ele>733.83</ele>
      </trkpt>
      <trkpt lat="-42.04327" lon="146.13772">
        <ele>732.66</ele>
      </trkpt>
      <trkpt lat="-42.04331" lon="146.13774">
        <ele>732.16</ele>
      </trkpt>
      <trkpt lat="-42.04331" lon="146.13774">
        <ele>732.16</ele>
      </trkpt>
      <trkpt lat="-42.04334" lon="146.13781">
        <ele>732.0</ele>
      </trkpt>
      <trkpt lat="-42.04336" lon="146.13787">
        <ele>732.0</ele>
      </trkpt>
      <trkpt lat="-42.04339" lon="146.13797">
        <ele>732.0</ele>
      </trkpt>
      <trkpt lat="-42.04341" lon="146.13803">
        <ele>732.0</ele>
      </trkpt>
      <trkpt lat="-42.04344" lon="146.13806">
        <ele>732.0</ele>
      </trkpt>
      <trkpt lat="-42.04345" lon="146.13806">
        <ele>732.0</ele>
      </trkpt>
      <trkpt lat="-42.04346" lon="146.138">
        <ele>732.0</ele>
      </trkpt>
      <trkpt lat="-42.04348" lon="146.13795">
        <ele>732.0</ele>
      </trkpt>
      <trkpt lat="-42.04351" lon="146.1379">
        <ele>732.0</ele>
      </trkpt>
      <trkpt lat="-42.04354" lon="146.13789">
        <ele>732.0</ele>
      </trkpt>
      <trkpt lat="-42.04351" lon="146.1379">
        <ele>732.0</ele>
      </trkpt>
      <trkpt lat="-42.04355" lon="146.13786">
        <ele>732.0</ele>
      </trkpt>
      <trkpt lat="-42.04359" lon="146.13788">
        <ele>732.0</ele>
      </trkpt>
      <trkpt lat="-42.04365" lon="146.1379">
        <ele>732.0</ele>
      </trkpt>
      <trkpt lat="-42.04385" lon="146.13795">
        <ele>732.0</ele>
      </trkpt>
      <trkpt lat="-42.04404" lon="146.13802">
        <ele>732.0</ele>
      </trkpt>
      <trkpt lat="-42.04421" lon="146.13813">
        <ele>732.0</ele>
      </trkpt>
      <trkpt lat="-42.04438" lon="146.13814">
        <ele>732.0</ele>
      </trkpt>
      <trkpt lat="-42.0445" lon="146.13823">
        <ele>732.0</ele>
      </trkpt>
      <trkpt lat="-42.04467" lon="146.13831">
        <ele>732.0</ele>
      </trkpt>
      <trkpt lat="-42.04479" lon="146.13832">
        <ele>734.73</ele>
      </trkpt>
      <trkpt lat="-42.04492" lon="146.13831">
        <ele>740.07</ele>
      </trkpt>
      <trkpt lat="-42.04502" lon="146.13835">
        <ele>741.6</ele>
      </trkpt>
      <trkpt lat="-42.04517" lon="146.13829">
        <ele>737.94</ele>
      </trkpt>
      <trkpt lat="-42.04532" lon="146.13829">
        <ele>734.36</ele>
      </trkpt>
      <trkpt lat="-42.04554" lon="146.13823">
        <ele>737.93</ele>
      </trkpt>
      <trkpt lat="-42.04566" lon="146.13828">
        <ele>734.64</ele>
      </trkpt>
      <trkpt lat="-42.04577" lon="146.13826">
        <ele>735.0</ele>
      </trkpt>
      <trkpt lat="-42.04596" lon="146.13834">
        <ele>732.0</ele>
      </trkpt>
      <trkpt lat="-42.04608" lon="146.13832">
        <ele>732.05</ele>
      </trkpt>
      <trkpt lat="-42.04626" lon="146.13832">
        <ele>732.0</ele>
      </trkpt>
      <trkpt lat="-42.04642" lon="146.13838">
        <ele>732.93</ele>
      </trkpt>
      <trkpt lat="-42.04658" lon="146.13832">
        <ele>739.28</ele>
      </trkpt>
      <trkpt lat="-42.04663" lon="146.13832">
        <ele>741.18</ele>
      </trkpt>
      <trkpt lat="-42.0467" lon="146.1384">
        <ele>740.88</ele>
      </trkpt>
      <trkpt lat="-42.04679" lon="146.13841">
        <ele>743.74</ele>
      </trkpt>
      <trkpt lat="-42.04694" lon="146.13855">
        <ele>737.23</ele>
      </trkpt>
      <trkpt lat="-42.04711" lon="146.1386">
        <ele>745.21</ele>
      </trkpt>
      <trkpt lat="-42.04735" lon="146.1386">
        <ele>758.67</ele>
      </trkpt>
      <trkpt lat="-42.0475" lon="146.13858">
        <ele>766.02</ele>
      </trkpt>
      <trkpt lat="-42.04763" lon="146.13866">
        <ele>767.57</ele>
      </trkpt>
      <trkpt lat="-42.04766" lon="146.13875">
        <ele>763.49</ele>
      </trkpt>
      <trkpt lat="-42.04776" lon="146.13898">
        <ele>750.3</ele>
      </trkpt>
      <trkpt lat="-42.04781" lon="146.13899">
        <ele>751.53</ele>
      </trkpt>
      <trkpt lat="-42.04786" lon="146.13902">
        <ele>751.68</ele>
      </trkpt>
      <trkpt lat="-42.04795" lon="146.13915">
        <ele>748.58</ele>
      </trkpt>
      <trkpt lat="-42.04798" lon="146.13922">
        <ele>748.1</ele>
      </trkpt>
      <trkpt lat="-42.04814" lon="146.1394">
        <ele>745.51</ele>
      </trkpt>
      <trkpt lat="-42.04823" lon="146.13948">
        <ele>742.93</ele>
      </trkpt>
      <trkpt lat="-42.04837" lon="146.13951">
        <ele>744.46</ele>
      </trkpt>
      <trkpt lat="-42.04862" lon="146.13966">
        <ele>741.88</ele>
      </trkpt>
      <trkpt lat="-42.04868" lon="146.13968">
        <ele>742.64</ele>
      </trkpt>
      <trkpt lat="-42.04882" lon="146.13977">
        <ele>742.98</ele>
      </trkpt>
      <trkpt lat="-42.04888" lon="146.1398">
        <ele>743.82</ele>
      </trkpt>
      <trkpt lat="-42.04897" lon="146.13989">
        <ele>743.4</ele>
      </trkpt>
      <trkpt lat="-42.04903" lon="146.13994">
        <ele>742.98</ele>
      </trkpt>
      <trkpt lat="-42.04907" lon="146.14002">
        <ele>741.15</ele>
      </trkpt>
      <trkpt lat="-42.04916" lon="146.14004">
        <ele>742.04</ele>
      </trkpt>
      <trkpt lat="-42.04931" lon="146.14014">
        <ele>743.84</ele>
      </trkpt>
      <trkpt lat="-42.04935" lon="146.14017">
        <ele>744.2</ele>
      </trkpt>
      <trkpt lat="-42.04935" lon="146.14017">
        <ele>744.2</ele>
      </trkpt>
      <trkpt lat="-42.0494" lon="146.14021">
        <ele>744.55</ele>
      </trkpt>
      <trkpt lat="-42.0496" lon="146.14041">
        <ele>742.08</ele>
      </trkpt>
      <trkpt lat="-42.04983" lon="146.14055">
        <ele>743.63</ele>
      </trkpt>
      <trkpt lat="-42.04992" lon="146.14055">
        <ele>744.94</ele>
      </trkpt>
      <trkpt lat="-42.04999" lon="146.14063">
        <ele>744.24</ele>
      </trkpt>
      <trkpt lat="-42.05014" lon="146.14075">
        <ele>743.72</ele>
      </trkpt>
      <trkpt lat="-42.05025" lon="146.14081">
        <ele>744.7</ele>
      </trkpt>
      <trkpt lat="-42.05037" lon="146.14092">
        <ele>742.87</ele>
      </trkpt>
      <trkpt lat="-42.05067" lon="146.14128">
        <ele>742.3</ele>
      </trkpt>
      <trkpt lat="-42.05072" lon="146.14143">
        <ele>742.36</ele>
      </trkpt>
      <trkpt lat="-42.05084" lon="146.14157">
        <ele>743.89</ele>
      </trkpt>
      <trkpt lat="-42.05087" lon="146.14168">
        <ele>742.7</ele>
      </trkpt>
      <trkpt lat="-42.05102" lon="146.14175">
        <ele>744.5</ele>
      </trkpt>
      <trkpt lat="-42.05113" lon="146.14186">
        <ele>743.1</ele>
      </trkpt>
      <trkpt lat="-42.05122" lon="146.14201">
        <ele>740.5</ele>
      </trkpt>
      <trkpt lat="-42.05128" lon="146.14209">
        <ele>739.46</ele>
      </trkpt>
      <trkpt lat="-42.05139" lon="146.14215">
        <ele>739.1</ele>
      </trkpt>
      <trkpt lat="-42.05147" lon="146.14215">
        <ele>740.62</ele>
      </trkpt>
      <trkpt lat="-42.05154" lon="146.14206">
        <ele>744.71</ele>
      </trkpt>
      <trkpt lat="-42.05167" lon="146.14204">
        <ele>747.91</ele>
      </trkpt>
      <trkpt lat="-42.05181" lon="146.14221">
        <ele>743.85</ele>
      </trkpt>
      <trkpt lat="-42.05184" lon="146.14229">
        <ele>742.56</ele>
      </trkpt>
      <trkpt lat="-42.05184" lon="146.14244">
        <ele>739.66</ele>
      </trkpt>
      <trkpt lat="-42.05181" lon="146.14256">
        <ele>737.53</ele>
      </trkpt>
      <trkpt lat="-42.05184" lon="146.14267">
        <ele>737.04</ele>
      </trkpt>
      <trkpt lat="-42.05189" lon="146.14273">
        <ele>737.4</ele>
      </trkpt>
      <trkpt lat="-42.05194" lon="146.14282">
        <ele>737.62</ele>
      </trkpt>
      <trkpt lat="-42.052" lon="146.1429">
        <ele>737.41</ele>
      </trkpt>
      <trkpt lat="-42.05205" lon="146.1431">
        <ele>736.88</ele>
      </trkpt>
      <trkpt lat="-42.05223" lon="146.14314">
        <ele>738.85</ele>
      </trkpt>
      <trkpt lat="-42.05237" lon="146.14327">
        <ele>742.81</ele>
      </trkpt>
      <trkpt lat="-42.05244" lon="146.14331">
        <ele>744.08</ele>
      </trkpt>
      <trkpt lat="-42.05248" lon="146.14343">
        <ele>746.63</ele>
      </trkpt>
      <trkpt lat="-42.05261" lon="146.14348">
        <ele>748.45</ele>
      </trkpt>
      <trkpt lat="-42.05273" lon="146.14349">
        <ele>748.68</ele>
      </trkpt>
      <trkpt lat="-42.05282" lon="146.14357">
        <ele>748.22</ele>
      </trkpt>
      <trkpt lat="-42.05296" lon="146.14351">
        <ele>751.32</ele>
      </trkpt>
      <trkpt lat="-42.05316" lon="146.14362">
        <ele>752.05</ele>
      </trkpt>
      <trkpt lat="-42.05323" lon="146.14391">
        <ele>749.92</ele>
      </trkpt>
      <trkpt lat="-42.05331" lon="146.14407">
        <ele>748.17</ele>
      </trkpt>
      <trkpt lat="-42.05344" lon="146.14416">
        <ele>751.3</ele>
      </trkpt>
      <trkpt lat="-42.05353" lon="146.14426">
        <ele>753.4</ele>
      </trkpt>
      <trkpt lat="-42.05367" lon="146.14435">
        <ele>756.25</ele>
      </trkpt>
      <trkpt lat="-42.05372" lon="146.14439">
        <ele>756.96</ele>
      </trkpt>
      <trkpt lat="-42.05386" lon="146.14442">
        <ele>760.45</ele>
      </trkpt>
      <trkpt lat="-42.05389" lon="146.14453">
        <ele>760.39</ele>
      </trkpt>
      <trkpt lat="-42.05398" lon="146.14467">
        <ele>758.7</ele>
      </trkpt>
      <trkpt lat="-42.05405" lon="146.14476">
        <ele>757.07</ele>
      </trkpt>
      <trkpt lat="-42.05409" lon="146.14482">
        <ele>756.38</ele>
      </trkpt>
      <trkpt lat="-42.05412" lon="146.14494">
        <ele>755.59</ele>
      </trkpt>
      <trkpt lat="-42.05413" lon="146.1452">
        <ele>757.04</ele>
      </trkpt>
      <trkpt lat="-42.05441" lon="146.14563">
        <ele>760.38</ele>
      </trkpt>
      <trkpt lat="-42.05448" lon="146.14575">
        <ele>761.26</ele>
      </trkpt>
      <trkpt lat="-42.05467" lon="146.14616">
        <ele>760.95</ele>
      </trkpt>
      <trkpt lat="-42.05477" lon="146.14619">
        <ele>760.73</ele>
      </trkpt>
      <trkpt lat="-42.05485" lon="146.14635">
        <ele>760.68</ele>
      </trkpt>
      <trkpt lat="-42.05492" lon="146.14635">
        <ele>761.37</ele>
      </trkpt>
      <trkpt lat="-42.05503" lon="146.14653">
        <ele>760.38</ele>
      </trkpt>
      <trkpt lat="-42.0551" lon="146.14661">
        <ele>758.16</ele>
      </trkpt>
      <trkpt lat="-42.0552" lon="146.14659">
        <ele>756.63</ele>
      </trkpt>
      <trkpt lat="-42.05529" lon="146.14667">
        <ele>754.91</ele>
      </trkpt>
      <trkpt lat="-42.05536" lon="146.1467">
        <ele>754.3</ele>
      </trkpt>
      <trkpt lat="-42.0554" lon="146.14677">
        <ele>753.63</ele>
      </trkpt>
      <trkpt lat="-42.05543" lon="146.14691">
        <ele>752.46</ele>
      </trkpt>
      <trkpt lat="-42.05545" lon="146.14706">
        <ele>751.76</ele>
      </trkpt>
      <trkpt lat="-42.05551" lon="146.1471">
        <ele>749.78</ele>
      </trkpt>
      <trkpt lat="-42.05559" lon="146.14716">
        <ele>748.43</ele>
      </trkpt>
      <trkpt lat="-42.05576" lon="146.14734">
        <ele>752.62</ele>
      </trkpt>
      <trkpt lat="-42.05583" lon="146.14752">
        <ele>753.15</ele>
      </trkpt>
      <trkpt lat="-42.05592" lon="146.14769">
        <ele>756.9</ele>
      </trkpt>
      <trkpt lat="-42.05597" lon="146.14775">
        <ele>757.41</ele>
      </trkpt>
      <trkpt lat="-42.05602" lon="146.14784">
        <ele>756.87</ele>
      </trkpt>
      <trkpt lat="-42.05616" lon="146.148">
        <ele>757.0</ele>
      </trkpt>
      <trkpt lat="-42.0563" lon="146.14825">
        <ele>757.44</ele>
      </trkpt>
      <trkpt lat="-42.05636" lon="146.14832">
        <ele>758.32</ele>
      </trkpt>
      <trkpt lat="-42.05645" lon="146.1485">
        <ele>757.95</ele>
      </trkpt>
      <trkpt lat="-42.05651" lon="146.14845">
        <ele>759.3</ele>
      </trkpt>
      <trkpt lat="-42.05659" lon="146.14844">
        <ele>760.47</ele>
      </trkpt>
      <trkpt lat="-42.05669" lon="146.14856">
        <ele>759.58</ele>
      </trkpt>
      <trkpt lat="-42.05679" lon="146.14877">
        <ele>757.09</ele>
      </trkpt>
      <trkpt lat="-42.05681" lon="146.14885">
        <ele>756.75</ele>
      </trkpt>
      <trkpt lat="-42.05691" lon="146.14897">
        <ele>758.36</ele>
      </trkpt>
      <trkpt lat="-42.05697" lon="146.14902">
        <ele>759.71</ele>
      </trkpt>
      <trkpt lat="-42.05711" lon="146.14909">
        <ele>760.89</ele>
      </trkpt>
      <trkpt lat="-42.05717" lon="146.14924">
        <ele>759.82</ele>
      </trkpt>
      <trkpt lat="-42.05716" lon="146.14925">
        <ele>759.79</ele>
      </trkpt>
      <trkpt lat="-42.05719" lon="146.14932">
        <ele>759.44</ele>
      </trkpt>
      <trkpt lat="-42.05721" lon="146.14939">
        <ele>759.17</ele>
      </trkpt>
      <trkpt lat="-42.05723" lon="146.14948">
        <ele>758.93</ele>
      </trkpt>
      <trkpt lat="-42.05727" lon="146.14955">
        <ele>759.03</ele>
      </trkpt>
      <trkpt lat="-42.05731" lon="146.14959">
        <ele>759.27</ele>
      </trkpt>
      <trkpt lat="-42.05736" lon="146.14962">
        <ele>759.67</ele>
      </trkpt>
      <trkpt lat="-42.0574" lon="146.14966">
        <ele>760.0</ele>
      </trkpt>
      <trkpt lat="-42.05745" lon="146.14969">
        <ele>760.48</ele>
      </trkpt>
      <trkpt lat="-42.05751" lon="146.14973">
        <ele>761.65</ele>
      </trkpt>
      <trkpt lat="-42.05755" lon="146.14977">
        <ele>763.98</ele>
      </trkpt>
      <trkpt lat="-42.05758" lon="146.14982">
        <ele>765.14</ele>
      </trkpt>
      <trkpt lat="-42.05761" lon="146.14986">
        <ele>766.16</ele>
      </trkpt>
      <trkpt lat="-42.05765" lon="146.1499">
        <ele>767.41</ele>
      </trkpt>
      <trkpt lat="-42.05769" lon="146.14994">
        <ele>768.29</ele>
      </trkpt>
      <trkpt lat="-42.0577" lon="146.14995">
        <ele>768.45</ele>
      </trkpt>
      <trkpt lat="-42.0577" lon="146.14999">
        <ele>767.23</ele>
      </trkpt>
      <trkpt lat="-42.05775" lon="146.15005">
        <ele>768.11</ele>
      </trkpt>
      <trkpt lat="-42.0578" lon="146.15021">
        <ele>766.44</ele>
      </trkpt>
      <trkpt lat="-42.05783" lon="146.15026">
        <ele>765.59</ele>
      </trkpt>
      <trkpt lat="-42.05786" lon="146.15032">
        <ele>764.25</ele>
      </trkpt>
      <trkpt lat="-42.05789" lon="146.15037">
        <ele>763.01</ele>
      </trkpt>
      <trkpt lat="-42.05793" lon="146.15043">
        <ele>761.36</ele>
      </trkpt>
      <trkpt lat="-42.05797" lon="146.15047">
        <ele>760.1</ele>
      </trkpt>
      <trkpt lat="-42.05802" lon="146.15053">
        <ele>758.05</ele>
      </trkpt>
      <trkpt lat="-42.05806" lon="146.1506">
        <ele>756.43</ele>
      </trkpt>
      <trkpt lat="-42.05811" lon="146.15063">
        <ele>756.7</ele>
      </trkpt>
      <trkpt lat="-42.05814" lon="146.15067">
        <ele>756.37</ele>
      </trkpt>
      <trkpt lat="-42.05817" lon="146.15071">
        <ele>755.92</ele>
      </trkpt>
      <trkpt lat="-42.05821" lon="146.15076">
        <ele>755.2</ele>
      </trkpt>
      <trkpt lat="-42.05826" lon="146.15079">
        <ele>754.82</ele>
      </trkpt>
      <trkpt lat="-42.0583" lon="146.15082">
        <ele>754.24</ele>
      </trkpt>
      <trkpt lat="-42.05835" lon="146.15086">
        <ele>753.45</ele>
      </trkpt>
      <trkpt lat="-42.05839" lon="146.15087">
        <ele>753.74</ele>
      </trkpt>
      <trkpt lat="-42.0584" lon="146.15086">
        <ele>754.11</ele>
      </trkpt>
      <trkpt lat="-42.05846" lon="146.1509">
        <ele>754.21</ele>
      </trkpt>
      <trkpt lat="-42.05853" lon="146.15095">
        <ele>754.85</ele>
      </trkpt>
      <trkpt lat="-42.05858" lon="146.15099">
        <ele>755.66</ele>
      </trkpt>
      <trkpt lat="-42.05867" lon="146.15104">
        <ele>755.25</ele>
      </trkpt>
      <trkpt lat="-42.05871" lon="146.15106">
        <ele>754.47</ele>
      </trkpt>
      <trkpt lat="-42.05876" lon="146.15109">
        <ele>753.44</ele>
      </trkpt>
      <trkpt lat="-42.05881" lon="146.15112">
        <ele>752.37</ele>
      </trkpt>
      <trkpt lat="-42.05885" lon="146.15115">
        <ele>751.58</ele>
      </trkpt>
      <trkpt lat="-42.05888" lon="146.15119">
        <ele>751.11</ele>
      </trkpt>
      <trkpt lat="-42.05892" lon="146.15125">
        <ele>750.83</ele>
      </trkpt>
      <trkpt lat="-42.05894" lon="146.15132">
        <ele>750.77</ele>
      </trkpt>
      <trkpt lat="-42.05897" lon="146.15137">
        <ele>750.69</ele>
      </trkpt>
      <trkpt lat="-42.05899" lon="146.15142">
        <ele>750.31</ele>
      </trkpt>
      <trkpt lat="-42.05901" lon="146.15148">
        <ele>749.68</ele>
      </trkpt>
      <trkpt lat="-42.05901" lon="146.15149">
        <ele>749.58</ele>
      </trkpt>
      <trkpt lat="-42.05902" lon="146.15152">
        <ele>749.31</ele>
      </trkpt>
      <trkpt lat="-42.05905" lon="146.15158">
        <ele>748.87</ele>
      </trkpt>
      <trkpt lat="-42.05908" lon="146.15163">
        <ele>748.63</ele>
      </trkpt>
      <trkpt lat="-42.05913" lon="146.15169">
        <ele>748.47</ele>
      </trkpt>
      <trkpt lat="-42.05916" lon="146.15174">
        <ele>748.15</ele>
      </trkpt>
      <trkpt lat="-42.05919" lon="146.15181">
        <ele>747.66</ele>
      </trkpt>
      <trkpt lat="-42.05923" lon="146.15185">
        <ele>747.63</ele>
      </trkpt>
      <trkpt lat="-42.0593" lon="146.15195">
        <ele>747.4</ele>
      </trkpt>
      <trkpt lat="-42.05933" lon="146.15201">
        <ele>747.29</ele>
      </trkpt>
      <trkpt lat="-42.05937" lon="146.15206">
        <ele>747.36</ele>
      </trkpt>
      <trkpt lat="-42.05942" lon="146.1521">
        <ele>747.62</ele>
      </trkpt>
      <trkpt lat="-42.05946" lon="146.15214">
        <ele>747.8</ele>
      </trkpt>
      <trkpt lat="-42.0595" lon="146.15217">
        <ele>748.14</ele>
      </trkpt>
      <trkpt lat="-42.05953" lon="146.15222">
        <ele>748.25</ele>
      </trkpt>
      <trkpt lat="-42.05956" lon="146.15229">
        <ele>748.07</ele>
      </trkpt>
      <trkpt lat="-42.05958" lon="146.15233">
        <ele>747.99</ele>
      </trkpt>
      <trkpt lat="-42.05961" lon="146.15235">
        <ele>748.19</ele>
      </trkpt>
      <trkpt lat="-42.05965" lon="146.15242">
        <ele>748.01</ele>
      </trkpt>
      <trkpt lat="-42.05971" lon="146.15248">
        <ele>748.08</ele>
      </trkpt>
      <trkpt lat="-42.05974" lon="146.15253">
        <ele>748.05</ele>
      </trkpt>
      <trkpt lat="-42.05977" lon="146.15258">
        <ele>748.12</ele>
      </trkpt>
      <trkpt lat="-42.05981" lon="146.15262">
        <ele>748.46</ele>
      </trkpt>
      <trkpt lat="-42.05985" lon="146.15266">
        <ele>748.77</ele>
      </trkpt>
      <trkpt lat="-42.05988" lon="146.1527">
        <ele>748.84</ele>
      </trkpt>
      <trkpt lat="-42.05991" lon="146.15275">
        <ele>748.75</ele>
      </trkpt>
      <trkpt lat="-42.05994" lon="146.15279">
        <ele>748.72</ele>
      </trkpt>
      <trkpt lat="-42.05996" lon="146.15286">
        <ele>747.89</ele>
      </trkpt>
      <trkpt lat="-42.05999" lon="146.15293">
        <ele>747.12</ele>
      </trkpt>
      <trkpt lat="-42.06002" lon="146.15299">
        <ele>746.37</ele>
      </trkpt>
      <trkpt lat="-42.06006" lon="146.15303">
        <ele>745.95</ele>
      </trkpt>
      <trkpt lat="-42.0601" lon="146.15306">
        <ele>745.66</ele>
      </trkpt>
      <trkpt lat="-42.06013" lon="146.1531">
        <ele>745.31</ele>
      </trkpt>
      <trkpt lat="-42.06014" lon="146.15311">
        <ele>745.22</ele>
      </trkpt>
      <trkpt lat="-42.06015" lon="146.15314">
        <ele>744.84</ele>
      </trkpt>
      <trkpt lat="-42.06019" lon="146.15318">
        <ele>744.41</ele>
      </trkpt>
      <trkpt lat="-42.06022" lon="146.15322">
        <ele>743.87</ele>
      </trkpt>
      <trkpt lat="-42.06025" lon="146.15328">
        <ele>742.92</ele>
      </trkpt>
      <trkpt lat="-42.06027" lon="146.15334">
        <ele>741.86</ele>
      </trkpt>
      <trkpt lat="-42.0603" lon="146.1534">
        <ele>740.92</ele>
      </trkpt>
      <trkpt lat="-42.06034" lon="146.15347">
        <ele>739.95</ele>
      </trkpt>
      <trkpt lat="-42.06038" lon="146.15351">
        <ele>739.56</ele>
      </trkpt>
      <trkpt lat="-42.06043" lon="146.15359">
        <ele>738.18</ele>
      </trkpt>
      <trkpt lat="-42.06046" lon="146.15365">
        <ele>737.46</ele>
      </trkpt>
      <trkpt lat="-42.06049" lon="146.1537">
        <ele>737.09</ele>
      </trkpt>
      <trkpt lat="-42.06053" lon="146.15375">
        <ele>736.77</ele>
      </trkpt>
      <trkpt lat="-42.06057" lon="146.15378">
        <ele>736.85</ele>
      </trkpt>
      <trkpt lat="-42.0606" lon="146.1538">
        <ele>737.13</ele>
      </trkpt>
      <trkpt lat="-42.06061" lon="146.15378">
        <ele>737.62</ele>
      </trkpt>
      <trkpt lat="-42.06071" lon="146.15389">
        <ele>737.77</ele>
      </trkpt>
      <trkpt lat="-42.06082" lon="146.15398">
        <ele>738.2</ele>
      </trkpt>
      <trkpt lat="-42.06103" lon="146.15411">
        <ele>738.14</ele>
      </trkpt>
      <trkpt lat="-42.06116" lon="146.15418">
        <ele>738.47</ele>
      </trkpt>
      <trkpt lat="-42.06119" lon="146.1542">
        <ele>738.57</ele>
      </trkpt>
      <trkpt lat="-42.06119" lon="146.1542">
        <ele>738.57</ele>
      </trkpt>
      <trkpt lat="-42.06134" lon="146.15434">
        <ele>738.69</ele>
      </trkpt>
      <trkpt lat="-42.06142" lon="146.15443">
        <ele>738.85</ele>
      </trkpt>
      <trkpt lat="-42.06156" lon="146.1545">
        <ele>741.5</ele>
      </trkpt>
      <trkpt lat="-42.06157" lon="146.15452">
        <ele>741.64</ele>
      </trkpt>
      <trkpt lat="-42.06162" lon="146.15454">
        <ele>742.65</ele>
      </trkpt>
      <trkpt lat="-42.0617" lon="146.15459">
        <ele>743.84</ele>
      </trkpt>
      <trkpt lat="-42.06176" lon="146.15462">
        <ele>744.38</ele>
      </trkpt>
      <trkpt lat="-42.0618" lon="146.15465">
        <ele>744.7</ele>
      </trkpt>
      <trkpt lat="-42.06185" lon="146.15465">
        <ele>745.24</ele>
      </trkpt>
      <trkpt lat="-42.0619" lon="146.15466">
        <ele>745.74</ele>
      </trkpt>
      <trkpt lat="-42.06195" lon="146.15469">
        <ele>746.3</ele>
      </trkpt>
      <trkpt lat="-42.06199" lon="146.15472">
        <ele>747.49</ele>
      </trkpt>
      <trkpt lat="-42.06203" lon="146.15475">
        <ele>748.78</ele>
      </trkpt>
      <trkpt lat="-42.06203" lon="146.15476">
        <ele>748.78</ele>
      </trkpt>
      <trkpt lat="-42.06204" lon="146.15476">
        <ele>749.09</ele>
      </trkpt>
      <trkpt lat="-42.06209" lon="146.15484">
        <ele>750.47</ele>
      </trkpt>
      <trkpt lat="-42.06211" lon="146.15489">
        <ele>750.89</ele>
      </trkpt>
      <trkpt lat="-42.06214" lon="146.15494">
        <ele>751.46</ele>
      </trkpt>
      <trkpt lat="-42.06221" lon="146.155">
        <ele>752.74</ele>
      </trkpt>
      <trkpt lat="-42.06226" lon="146.15502">
        <ele>752.86</ele>
      </trkpt>
      <trkpt lat="-42.06231" lon="146.15504">
        <ele>752.61</ele>
      </trkpt>
      <trkpt lat="-42.06235" lon="146.15506">
        <ele>752.22</ele>
      </trkpt>
      <trkpt lat="-42.06239" lon="146.15509">
        <ele>751.46</ele>
      </trkpt>
      <trkpt lat="-42.06243" lon="146.15513">
        <ele>750.24</ele>
      </trkpt>
      <trkpt lat="-42.06247" lon="146.15519">
        <ele>748.18</ele>
      </trkpt>
      <trkpt lat="-42.0625" lon="146.15524">
        <ele>746.22</ele>
      </trkpt>
      <trkpt lat="-42.06254" lon="146.15527">
        <ele>745.4</ele>
      </trkpt>
      <trkpt lat="-42.06258" lon="146.1553">
        <ele>744.97</ele>
      </trkpt>
      <trkpt lat="-42.06262" lon="146.15535">
        <ele>744.39</ele>
      </trkpt>
      <trkpt lat="-42.06265" lon="146.1554">
        <ele>743.78</ele>
      </trkpt>
      <trkpt lat="-42.06268" lon="146.15544">
        <ele>743.31</ele>
      </trkpt>
      <trkpt lat="-42.06271" lon="146.1555">
        <ele>742.56</ele>
      </trkpt>
      <trkpt lat="-42.06272" lon="146.15553">
        <ele>742.16</ele>
      </trkpt>
      <trkpt lat="-42.06274" lon="146.15551">
        <ele>742.52</ele>
      </trkpt>
      <trkpt lat="-42.06285" lon="146.15572">
        <ele>740.47</ele>
      </trkpt>
      <trkpt lat="-42.06307" lon="146.15587">
        <ele>737.33</ele>
      </trkpt>
      <trkpt lat="-42.06313" lon="146.15595">
        <ele>738.31</ele>
      </trkpt>
      <trkpt lat="-42.0632" lon="146.15599">
        <ele>739.17</ele>
      </trkpt>
      <trkpt lat="-42.0632" lon="146.15599">
        <ele>739.17</ele>
      </trkpt>
      <trkpt lat="-42.06338" lon="146.15611">
        <ele>739.53</ele>
      </trkpt>
      <trkpt lat="-42.06348" lon="146.1562">
        <ele>739.78</ele>
      </trkpt>
      <trkpt lat="-42.06361" lon="146.15634">
        <ele>739.52</ele>
      </trkpt>
      <trkpt lat="-42.06375" lon="146.15645">
        <ele>742.45</ele>
      </trkpt>
      <trkpt lat="-42.06377" lon="146.15645">
        <ele>743.01</ele>
      </trkpt>
      <trkpt lat="-42.06381" lon="146.15648">
        <ele>743.84</ele>
      </trkpt>
      <trkpt lat="-42.06387" lon="146.1565">
        <ele>745.28</ele>
      </trkpt>
      <trkpt lat="-42.06391" lon="146.15653">
        <ele>746.16</ele>
      </trkpt>
      <trkpt lat="-42.06395" lon="146.15656">
        <ele>747.08</ele>
      </trkpt>
      <trkpt lat="-42.064" lon="146.1566">
        <ele>748.11</ele>
      </trkpt>
      <trkpt lat="-42.06403" lon="146.15665">
        <ele>748.3</ele>
      </trkpt>
      <trkpt lat="-42.06405" lon="146.1567">
        <ele>748.04</ele>
      </trkpt>
      <trkpt lat="-42.06409" lon="146.15674">
        <ele>748.47</ele>
      </trkpt>
      <trkpt lat="-42.06413" lon="146.15678">
        <ele>748.9</ele>
      </trkpt>
      <trkpt lat="-42.06417" lon="146.15682">
        <ele>749.35</ele>
      </trkpt>
      <trkpt lat="-42.06421" lon="146.15686">
        <ele>749.92</ele>
      </trkpt>
      <trkpt lat="-42.06425" lon="146.1569">
        <ele>750.5</ele>
      </trkpt>
      <trkpt lat="-42.06428" lon="146.15694">
        <ele>750.75</ele>
      </trkpt>
      <trkpt lat="-42.06432" lon="146.15697">
        <ele>751.51</ele>
      </trkpt>
      <trkpt lat="-42.06437" lon="146.15702">
        <ele>752.23</ele>
      </trkpt>
      <trkpt lat="-42.06441" lon="146.15706">
        <ele>752.8</ele>
      </trkpt>
      <trkpt lat="-42.06445" lon="146.1571">
        <ele>753.35</ele>
      </trkpt>
      <trkpt lat="-42.06448" lon="146.15715">
        <ele>753.29</ele>
      </trkpt>
      <trkpt lat="-42.06452" lon="146.1572">
        <ele>753.55</ele>
      </trkpt>
      <trkpt lat="-42.06455" lon="146.15724">
        <ele>753.74</ele>
      </trkpt>
      <trkpt lat="-42.06455" lon="146.15725">
        <ele>753.58</ele>
      </trkpt>
      <trkpt lat="-42.06459" lon="146.15731">
        <ele>753.78</ele>
      </trkpt>
      <trkpt lat="-42.06466" lon="146.15736">
        <ele>755.11</ele>
      </trkpt>
      <trkpt lat="-42.06472" lon="146.1574">
        <ele>756.37</ele>
      </trkpt>
      <trkpt lat="-42.06479" lon="146.15744">
        <ele>757.03</ele>
      </trkpt>
      <trkpt lat="-42.06483" lon="146.15744">
        <ele>757.72</ele>
      </trkpt>
      <trkpt lat="-42.06487" lon="146.15748">
        <ele>757.91</ele>
      </trkpt>
      <trkpt lat="-42.06491" lon="146.15756">
        <ele>756.2</ele>
      </trkpt>
      <trkpt lat="-42.06494" lon="146.15761">
        <ele>754.4</ele>
      </trkpt>
      <trkpt lat="-42.06499" lon="146.15763">
        <ele>753.47</ele>
      </trkpt>
      <trkpt lat="-42.06504" lon="146.15764">
        <ele>752.73</ele>
      </trkpt>
      <trkpt lat="-42.06509" lon="146.15767">
        <ele>751.2</ele>
      </trkpt>
      <trkpt lat="-42.06513" lon="146.15772">
        <ele>749.17</ele>
      </trkpt>
      <trkpt lat="-42.06517" lon="146.15779">
        <ele>747.11</ele>
      </trkpt>
      <trkpt lat="-42.0652" lon="146.15783">
        <ele>746.93</ele>
      </trkpt>
      <trkpt lat="-42.06524" lon="146.15785">
        <ele>746.98</ele>
      </trkpt>
      <trkpt lat="-42.06528" lon="146.1579">
        <ele>746.73</ele>
      </trkpt>
      <trkpt lat="-42.06529" lon="146.1579">
        <ele>746.94</ele>
      </trkpt>
      <trkpt lat="-42.06562" lon="146.15824">
        <ele>739.63</ele>
      </trkpt>
      <trkpt lat="-42.06581" lon="146.15833">
        <ele>732.59</ele>
      </trkpt>
      <trkpt lat="-42.06603" lon="146.1584">
        <ele>732.0</ele>
      </trkpt>
      <trkpt lat="-42.06618" lon="146.15854">
        <ele>736.74</ele>
      </trkpt>
      <trkpt lat="-42.06631" lon="146.15867">
        <ele>740.46</ele>
      </trkpt>
      <trkpt lat="-42.06646" lon="146.1588">
        <ele>738.11</ele>
      </trkpt>
      <trkpt lat="-42.06655" lon="146.15883">
        <ele>737.15</ele>
      </trkpt>
      <trkpt lat="-42.06665" lon="146.15897">
        <ele>732.0</ele>
      </trkpt>
      <trkpt lat="-42.06676" lon="146.15905">
        <ele>732.0</ele>
      </trkpt>
      <trkpt lat="-42.06683" lon="146.15899">
        <ele>732.0</ele>
      </trkpt>
      <trkpt lat="-42.06721" lon="146.1592">
        <ele>742.94</ele>
      </trkpt>
      <trkpt lat="-42.06748" lon="146.15935">
        <ele>738.94</ele>
      </trkpt>
      <trkpt lat="-42.06749" lon="146.15937">
        <ele>737.55</ele>
      </trkpt>
      <trkpt lat="-42.06753" lon="146.15942">
        <ele>735.93</ele>
      </trkpt>
      <trkpt lat="-42.06758" lon="146.15946">
        <ele>737.82</ele>
      </trkpt>
      <trkpt lat="-42.06762" lon="146.15949">
        <ele>740.08</ele>
      </trkpt>
      <trkpt lat="-42.06766" lon="146.15952">
        <ele>741.9</ele>
      </trkpt>
      <trkpt lat="-42.06771" lon="146.15955">
        <ele>743.85</ele>
      </trkpt>
      <trkpt lat="-42.06775" lon="146.15958">
        <ele>744.75</ele>
      </trkpt>
      <trkpt lat="-42.06776" lon="146.15958">
        <ele>745.26</ele>
      </trkpt>
      <trkpt lat="-42.06775" lon="146.15957">
        <ele>745.2</ele>
      </trkpt>
      <trkpt lat="-42.0678" lon="146.15957">
        <ele>747.0</ele>
      </trkpt>
      <trkpt lat="-42.06785" lon="146.15957">
        <ele>747.73</ele>
      </trkpt>
      <trkpt lat="-42.06789" lon="146.15959">
        <ele>747.57</ele>
      </trkpt>
      <trkpt lat="-42.06794" lon="146.15963">
        <ele>747.16</ele>
      </trkpt>
      <trkpt lat="-42.06798" lon="146.15966">
        <ele>747.22</ele>
      </trkpt>
      <trkpt lat="-42.06802" lon="146.1597">
        <ele>747.34</ele>
      </trkpt>
      <trkpt lat="-42.06806" lon="146.15973">
        <ele>747.55</ele>
      </trkpt>
      <trkpt lat="-42.06811" lon="146.15977">
        <ele>745.25</ele>
      </trkpt>
      <trkpt lat="-42.06816" lon="146.15981">
        <ele>742.94</ele>
      </trkpt>
      <trkpt lat="-42.06821" lon="146.15986">
        <ele>740.06</ele>
      </trkpt>
      <trkpt lat="-42.06825" lon="146.15988">
        <ele>738.91</ele>
      </trkpt>
      <trkpt lat="-42.0683" lon="146.15992">
        <ele>736.61</ele>
      </trkpt>
      <trkpt lat="-42.0683" lon="146.15992">
        <ele>736.61</ele>
      </trkpt>
      <trkpt lat="-42.06831" lon="146.15992">
        <ele>736.61</ele>
      </trkpt>
      <trkpt lat="-42.06837" lon="146.15998">
        <ele>734.9</ele>
      </trkpt>
      <trkpt lat="-42.06843" lon="146.16002">
        <ele>736.75</ele>
      </trkpt>
      <trkpt lat="-42.06847" lon="146.16006">
        <ele>738.36</ele>
      </trkpt>
      <trkpt lat="-42.06851" lon="146.1601">
        <ele>739.76</ele>
      </trkpt>
      <trkpt lat="-42.06855" lon="146.16014">
        <ele>740.95</ele>
      </trkpt>
      <trkpt lat="-42.06861" lon="146.16021">
        <ele>742.18</ele>
      </trkpt>
      <trkpt lat="-42.06864" lon="146.16026">
        <ele>742.27</ele>
      </trkpt>
      <trkpt lat="-42.06869" lon="146.16028">
        <ele>743.49</ele>
      </trkpt>
      <trkpt lat="-42.06873" lon="146.16029">
        <ele>744.51</ele>
      </trkpt>
      <trkpt lat="-42.06878" lon="146.16032">
        <ele>745.38</ele>
      </trkpt>
      <trkpt lat="-42.06883" lon="146.16032">
        <ele>747.08</ele>
      </trkpt>
      <trkpt lat="-42.06884" lon="146.16034">
        <ele>746.95</ele>
      </trkpt>
      <trkpt lat="-42.06886" lon="146.16036">
        <ele>747.2</ele>
      </trkpt>
      <trkpt lat="-42.06895" lon="146.16045">
        <ele>748.18</ele>
      </trkpt>
      <trkpt lat="-42.06899" lon="146.16048">
        <ele>748.81</ele>
      </trkpt>
      <trkpt lat="-42.06905" lon="146.16052">
        <ele>749.91</ele>
      </trkpt>
      <trkpt lat="-42.06909" lon="146.16056">
        <ele>750.4</ele>
      </trkpt>
      <trkpt lat="-42.06914" lon="146.16057">
        <ele>751.7</ele>
      </trkpt>
      <trkpt lat="-42.06919" lon="146.16061">
        <ele>751.62</ele>
      </trkpt>
      <trkpt lat="-42.06924" lon="146.16067">
        <ele>750.39</ele>
      </trkpt>
      <trkpt lat="-42.06928" lon="146.1607">
        <ele>749.94</ele>
      </trkpt>
      <trkpt lat="-42.06929" lon="146.16072">
        <ele>749.37</ele>
      </trkpt>
      <trkpt lat="-42.06929" lon="146.16075">
        <ele>748.3</ele>
      </trkpt>
      <trkpt lat="-42.06933" lon="146.16079">
        <ele>747.35</ele>
      </trkpt>
      <trkpt lat="-42.06937" lon="146.16085">
        <ele>745.34</ele>
      </trkpt>
      <trkpt lat="-42.0694" lon="146.16089">
        <ele>743.56</ele>
      </trkpt>
      <trkpt lat="-42.0694" lon="146.16088">
        <ele>744.08</ele>
      </trkpt>
      <trkpt lat="-42.06953" lon="146.16098">
        <ele>741.85</ele>
      </trkpt>
      <trkpt lat="-42.06969" lon="146.16107">
        <ele>742.18</ele>
      </trkpt>
      <trkpt lat="-42.06976" lon="146.16113">
        <ele>743.37</ele>
      </trkpt>
      <trkpt lat="-42.06978" lon="146.16121">
        <ele>742.3</ele>
      </trkpt>
      <trkpt lat="-42.06986" lon="146.1613">
        <ele>745.45</ele>
      </trkpt>
      <trkpt lat="-42.06989" lon="146.16133">
        <ele>746.72</ele>
      </trkpt>
      <trkpt lat="-42.06996" lon="146.16136">
        <ele>751.0</ele>
      </trkpt>
      <trkpt lat="-42.07001" lon="146.16137">
        <ele>754.6</ele>
      </trkpt>
      <trkpt lat="-42.07006" lon="146.16137">
        <ele>759.18</ele>
      </trkpt>
      <trkpt lat="-42.0701" lon="146.1614">
        <ele>761.42</ele>
      </trkpt>
      <trkpt lat="-42.07013" lon="146.16145">
        <ele>759.83</ele>
      </trkpt>
      <trkpt lat="-42.07015" lon="146.16152">
        <ele>755.34</ele>
      </trkpt>
      <trkpt lat="-42.0702" lon="146.16156">
        <ele>755.68</ele>
      </trkpt>
      <trkpt lat="-42.07025" lon="146.16158">
        <ele>757.62</ele>
      </trkpt>
      <trkpt lat="-42.07029" lon="146.1616">
        <ele>758.68</ele>
      </trkpt>
      <trkpt lat="-42.07034" lon="146.16163">
        <ele>760.2</ele>
      </trkpt>
      <trkpt lat="-42.07039" lon="146.16164">
        <ele>763.99</ele>
      </trkpt>
      <trkpt lat="-42.07043" lon="146.16165">
        <ele>767.17</ele>
      </trkpt>
      <trkpt lat="-42.07048" lon="146.16167">
        <ele>771.1</ele>
      </trkpt>
      <trkpt lat="-42.07053" lon="146.1617">
        <ele>773.07</ele>
      </trkpt>
      <trkpt lat="-42.07056" lon="146.16175">
        <ele>770.01</ele>
      </trkpt>
      <trkpt lat="-42.07057" lon="146.16178">
        <ele>766.77</ele>
      </trkpt>
      <trkpt lat="-42.07059" lon="146.1618">
        <ele>764.6</ele>
      </trkpt>
      <trkpt lat="-42.07067" lon="146.16184">
        <ele>760.18</ele>
      </trkpt>
      <trkpt lat="-42.0708" lon="146.16191">
        <ele>752.06</ele>
      </trkpt>
      <trkpt lat="-42.07088" lon="146.16191">
        <ele>755.48</ele>
      </trkpt>
      <trkpt lat="-42.07093" lon="146.16191">
        <ele>759.24</ele>
      </trkpt>
      <trkpt lat="-42.07097" lon="146.16195">
        <ele>759.21</ele>
      </trkpt>
      <trkpt lat="-42.07103" lon="146.16199">
        <ele>763.07</ele>
      </trkpt>
      <trkpt lat="-42.07106" lon="146.16204">
        <ele>763.9</ele>
      </trkpt>
      <trkpt lat="-42.07108" lon="146.16209">
        <ele>763.71</ele>
      </trkpt>
      <trkpt lat="-42.0711" lon="146.16215">
        <ele>762.95</ele>
      </trkpt>
      <trkpt lat="-42.07113" lon="146.1622">
        <ele>762.11</ele>
      </trkpt>
      <trkpt lat="-42.07115" lon="146.16223">
        <ele>761.38</ele>
      </trkpt>
      <trkpt lat="-42.07115" lon="146.16224">
        <ele>761.15</ele>
      </trkpt>
      <trkpt lat="-42.07123" lon="146.16225">
        <ele>761.98</ele>
      </trkpt>
      <trkpt lat="-42.07128" lon="146.16227">
        <ele>762.09</ele>
      </trkpt>
      <trkpt lat="-42.07133" lon="146.16227">
        <ele>762.71</ele>
      </trkpt>
      <trkpt lat="-42.07137" lon="146.16232">
        <ele>761.63</ele>
      </trkpt>
      <trkpt lat="-42.07141" lon="146.16235">
        <ele>760.96</ele>
      </trkpt>
      <trkpt lat="-42.07145" lon="146.16238">
        <ele>759.99</ele>
      </trkpt>
      <trkpt lat="-42.07149" lon="146.1624">
        <ele>759.2</ele>
      </trkpt>
      <trkpt lat="-42.07154" lon="146.16241">
        <ele>758.69</ele>
      </trkpt>
      <trkpt lat="-42.07155" lon="146.1624">
        <ele>759.17</ele>
      </trkpt>
      <trkpt lat="-42.07156" lon="146.1624">
        <ele>759.17</ele>
      </trkpt>
      <trkpt lat="-42.07161" lon="146.1624">
        <ele>759.14</ele>
      </trkpt>
      <trkpt lat="-42.07165" lon="146.16243">
        <ele>757.34</ele>
      </trkpt>
      <trkpt lat="-42.0717" lon="146.16247">
        <ele>755.27</ele>
      </trkpt>
      <trkpt lat="-42.07174" lon="146.16251">
        <ele>754.15</ele>
      </trkpt>
      <trkpt lat="-42.07177" lon="146.16256">
        <ele>753.97</ele>
      </trkpt>
      <trkpt lat="-42.0718" lon="146.16262">
        <ele>753.84</ele>
      </trkpt>
      <trkpt lat="-42.07184" lon="146.16267">
        <ele>754.36</ele>
      </trkpt>
      <trkpt lat="-42.07186" lon="146.16271">
        <ele>754.57</ele>
      </trkpt>
      <trkpt lat="-42.07186" lon="146.16272">
        <ele>754.48</ele>
      </trkpt>
      <trkpt lat="-42.07191" lon="146.16275">
        <ele>755.92</ele>
      </trkpt>
      <trkpt lat="-42.07196" lon="146.16281">
        <ele>755.37</ele>
      </trkpt>
      <trkpt lat="-42.07199" lon="146.16285">
        <ele>753.54</ele>
      </trkpt>
      <trkpt lat="-42.07203" lon="146.1629">
        <ele>751.62</ele>
      </trkpt>
      <trkpt lat="-42.07206" lon="146.16296">
        <ele>749.58</ele>
      </trkpt>
      <trkpt lat="-42.07209" lon="146.16301">
        <ele>748.28</ele>
      </trkpt>
      <trkpt lat="-42.07212" lon="146.16306">
        <ele>747.35</ele>
      </trkpt>
      <trkpt lat="-42.07214" lon="146.16308">
        <ele>747.58</ele>
      </trkpt>
      <trkpt lat="-42.07214" lon="146.16308">
        <ele>747.58</ele>
      </trkpt>
      <trkpt lat="-42.07222" lon="146.16316">
        <ele>749.54</ele>
      </trkpt>
      <trkpt lat="-42.07254" lon="146.1633">
        <ele>756.34</ele>
      </trkpt>
      <trkpt lat="-42.07263" lon="146.16338">
        <ele>755.67</ele>
      </trkpt>
      <trkpt lat="-42.07265" lon="146.1634">
        <ele>755.78</ele>
      </trkpt>
      <trkpt lat="-42.07269" lon="146.16343">
        <ele>756.44</ele>
      </trkpt>
      <trkpt lat="-42.07272" lon="146.16348">
        <ele>757.52</ele>
      </trkpt>
      <trkpt lat="-42.07275" lon="146.16353">
        <ele>759.19</ele>
      </trkpt>
      <trkpt lat="-42.07278" lon="146.16358">
        <ele>761.31</ele>
      </trkpt>
      <trkpt lat="-42.07284" lon="146.16363">
        <ele>760.85</ele>
      </trkpt>
      <trkpt lat="-42.0729" lon="146.16365">
        <ele>759.74</ele>
      </trkpt>
      <trkpt lat="-42.07295" lon="146.16366">
        <ele>758.93</ele>
      </trkpt>
      <trkpt lat="-42.073" lon="146.16368">
        <ele>758.01</ele>
      </trkpt>
      <trkpt lat="-42.07305" lon="146.16369">
        <ele>757.22</ele>
      </trkpt>
      <trkpt lat="-42.0731" lon="146.16371">
        <ele>756.98</ele>
      </trkpt>
      <trkpt lat="-42.07315" lon="146.16372">
        <ele>756.9</ele>
      </trkpt>
      <trkpt lat="-42.07319" lon="146.16373">
        <ele>756.79</ele>
      </trkpt>
      <trkpt lat="-42.07319" lon="146.16373">
        <ele>756.79</ele>
      </trkpt>
      <trkpt lat="-42.07318" lon="146.16374">
        <ele>756.64</ele>
      </trkpt>
      <trkpt lat="-42.07325" lon="146.16377">
        <ele>756.18</ele>
      </trkpt>
      <trkpt lat="-42.07331" lon="146.16381">
        <ele>755.46</ele>
      </trkpt>
      <trkpt lat="-42.07334" lon="146.16386">
        <ele>754.67</ele>
      </trkpt>
      <trkpt lat="-42.07338" lon="146.1639">
        <ele>754.87</ele>
      </trkpt>
      <trkpt lat="-42.07343" lon="146.16392">
        <ele>755.69</ele>
      </trkpt>
      <trkpt lat="-42.07348" lon="146.16394">
        <ele>756.33</ele>
      </trkpt>
      <trkpt lat="-42.07354" lon="146.16396">
        <ele>756.9</ele>
      </trkpt>
      <trkpt lat="-42.07359" lon="146.16398">
        <ele>757.15</ele>
      </trkpt>
      <trkpt lat="-42.07366" lon="146.16402">
        <ele>759.11</ele>
      </trkpt>
      <trkpt lat="-42.07372" lon="146.16404">
        <ele>761.73</ele>
      </trkpt>
      <trkpt lat="-42.07378" lon="146.16408">
        <ele>763.84</ele>
      </trkpt>
      <trkpt lat="-42.07384" lon="146.16412">
        <ele>765.83</ele>
      </trkpt>
      <trkpt lat="-42.07388" lon="146.16415">
        <ele>767.0</ele>
      </trkpt>
      <trkpt lat="-42.07392" lon="146.16419">
        <ele>767.09</ele>
      </trkpt>
      <trkpt lat="-42.07393" lon="146.16422">
        <ele>766.44</ele>
      </trkpt>
      <trkpt lat="-42.07392" lon="146.16423">
        <ele>765.91</ele>
      </trkpt>
      <trkpt lat="-42.07394" lon="146.1643">
        <ele>764.27</ele>
      </trkpt>
      <trkpt lat="-42.07398" lon="146.16434">
        <ele>763.89</ele>
      </trkpt>
      <trkpt lat="-42.07403" lon="146.1644">
        <ele>762.98</ele>
      </trkpt>
      <trkpt lat="-42.07408" lon="146.16442">
        <ele>763.27</ele>
      </trkpt>
      <trkpt lat="-42.07414" lon="146.16444">
        <ele>763.68</ele>
      </trkpt>
      <trkpt lat="-42.07419" lon="146.16449">
        <ele>763.64</ele>
      </trkpt>
      <trkpt lat="-42.07423" lon="146.16455">
        <ele>763.27</ele>
      </trkpt>
      <trkpt lat="-42.07427" lon="146.16457">
        <ele>763.88</ele>
      </trkpt>
      <trkpt lat="-42.07431" lon="146.16462">
        <ele>763.43</ele>
      </trkpt>
      <trkpt lat="-42.07434" lon="146.16467">
        <ele>762.53</ele>
      </trkpt>
      <trkpt lat="-42.07438" lon="146.1647">
        <ele>762.41</ele>
      </trkpt>
      <trkpt lat="-42.07442" lon="146.16473">
        <ele>762.4</ele>
      </trkpt>
      <trkpt lat="-42.07448" lon="146.16474">
        <ele>763.95</ele>
      </trkpt>
      <trkpt lat="-42.07452" lon="146.16476">
        <ele>765.0</ele>
      </trkpt>
      <trkpt lat="-42.07454" lon="146.16476">
        <ele>765.64</ele>
      </trkpt>
      <trkpt lat="-42.07456" lon="146.16479">
        <ele>765.91</ele>
      </trkpt>
      <trkpt lat="-42.07466" lon="146.16487">
        <ele>767.98</ele>
      </trkpt>
      <trkpt lat="-42.0747" lon="146.16491">
        <ele>768.63</ele>
      </trkpt>
      <trkpt lat="-42.07475" lon="146.16494">
        <ele>769.32</ele>
      </trkpt>
      <trkpt lat="-42.07479" lon="146.16498">
        <ele>769.14</ele>
      </trkpt>
      <trkpt lat="-42.07483" lon="146.16501">
        <ele>768.9</ele>
      </trkpt>
      <trkpt lat="-42.07487" lon="146.16507">
        <ele>767.7</ele>
      </trkpt>
      <trkpt lat="-42.07491" lon="146.16511">
        <ele>766.99</ele>
      </trkpt>
      <trkpt lat="-42.07495" lon="146.16514">
        <ele>766.52</ele>
      </trkpt>
      <trkpt lat="-42.07499" lon="146.16518">
        <ele>765.73</ele>
      </trkpt>
      <trkpt lat="-42.07499" lon="146.16518">
        <ele>765.73</ele>
      </trkpt>
      <trkpt lat="-42.07499" lon="146.1652">
        <ele>765.16</ele>
      </trkpt>
      <trkpt lat="-42.07507" lon="146.16523">
        <ele>764.21</ele>
      </trkpt>
      <trkpt lat="-42.07512" lon="146.16525">
        <ele>763.45</ele>
      </trkpt>
      <trkpt lat="-42.07517" lon="146.16528">
        <ele>762.34</ele>
      </trkpt>
      <trkpt lat="-42.07522" lon="146.16531">
        <ele>761.51</ele>
      </trkpt>
      <trkpt lat="-42.07526" lon="146.16533">
        <ele>760.94</ele>
      </trkpt>
      <trkpt lat="-42.07531" lon="146.16535">
        <ele>761.13</ele>
      </trkpt>
      <trkpt lat="-42.07535" lon="146.16538">
        <ele>761.23</ele>
      </trkpt>
      <trkpt lat="-42.07538" lon="146.16543">
        <ele>760.48</ele>
      </trkpt>
      <trkpt lat="-42.07541" lon="146.16548">
        <ele>759.58</ele>
      </trkpt>
      <trkpt lat="-42.07545" lon="146.16553">
        <ele>758.64</ele>
      </trkpt>
      <trkpt lat="-42.07548" lon="146.16557">
        <ele>757.98</ele>
      </trkpt>
      <trkpt lat="-42.07552" lon="146.16562">
        <ele>757.57</ele>
      </trkpt>
      <trkpt lat="-42.07556" lon="146.16566">
        <ele>757.25</ele>
      </trkpt>
      <trkpt lat="-42.07559" lon="146.1657">
        <ele>757.32</ele>
      </trkpt>
      <trkpt lat="-42.07563" lon="146.16578">
        <ele>756.72</ele>
      </trkpt>
      <trkpt lat="-42.07567" lon="146.16582">
        <ele>756.77</ele>
      </trkpt>
      <trkpt lat="-42.07571" lon="146.16584">
        <ele>757.31</ele>
      </trkpt>
      <trkpt lat="-42.07574" lon="146.16586">
        <ele>757.86</ele>
      </trkpt>
      <trkpt lat="-42.07575" lon="146.16587">
        <ele>758.02</ele>
      </trkpt>
      <trkpt lat="-42.07579" lon="146.16589">
        <ele>758.72</ele>
      </trkpt>
      <trkpt lat="-42.07587" lon="146.16594">
        <ele>760.09</ele>
      </trkpt>
      <trkpt lat="-42.07595" lon="146.16597">
        <ele>761.55</ele>
      </trkpt>
      <trkpt lat="-42.076" lon="146.16596">
        <ele>762.79</ele>
      </trkpt>
      <trkpt lat="-42.07605" lon="146.16596">
        <ele>763.91</ele>
      </trkpt>
      <trkpt lat="-42.0761" lon="146.16597">
        <ele>764.81</ele>
      </trkpt>
      <trkpt lat="-42.07616" lon="146.16603">
        <ele>764.33</ele>
      </trkpt>
      <trkpt lat="-42.0762" lon="146.16607">
        <ele>763.9</ele>
      </trkpt>
      <trkpt lat="-42.07624" lon="146.16612">
        <ele>763.31</ele>
      </trkpt>
      <trkpt lat="-42.07627" lon="146.16617">
        <ele>763.17</ele>
      </trkpt>
      <trkpt lat="-42.07627" lon="146.16617">
        <ele>763.17</ele>
      </trkpt>
      <trkpt lat="-42.07627" lon="146.16618">
        <ele>763.08</ele>
      </trkpt>
      <trkpt lat="-42.07635" lon="146.16624">
        <ele>763.25</ele>
      </trkpt>
      <trkpt lat="-42.0764" lon="146.16629">
        <ele>763.43</ele>
      </trkpt>
      <trkpt lat="-42.07643" lon="146.16634">
        <ele>763.93</ele>
      </trkpt>
      <trkpt lat="-42.07647" lon="146.16638">
        <ele>764.99</ele>
      </trkpt>
      <trkpt lat="-42.07651" lon="146.16641">
        <ele>765.48</ele>
      </trkpt>
      <trkpt lat="-42.07655" lon="146.16647">
        <ele>764.16</ele>
      </trkpt>
      <trkpt lat="-42.07658" lon="146.16651">
        <ele>763.16</ele>
      </trkpt>
      <trkpt lat="-42.07663" lon="146.16657">
        <ele>761.42</ele>
      </trkpt>
      <trkpt lat="-42.07667" lon="146.16661">
        <ele>760.18</ele>
      </trkpt>
      <trkpt lat="-42.07674" lon="146.16666">
        <ele>760.23</ele>
      </trkpt>
      <trkpt lat="-42.07679" lon="146.1667">
        <ele>761.86</ele>
      </trkpt>
      <trkpt lat="-42.07683" lon="146.16673">
        <ele>762.96</ele>
      </trkpt>
      <trkpt lat="-42.07688" lon="146.16676">
        <ele>763.85</ele>
      </trkpt>
      <trkpt lat="-42.07692" lon="146.16678">
        <ele>764.27</ele>
      </trkpt>
      <trkpt lat="-42.07698" lon="146.16683">
        <ele>764.22</ele>
      </trkpt>
      <trkpt lat="-42.07702" lon="146.16688">
        <ele>763.68</ele>
      </trkpt>
      <trkpt lat="-42.07703" lon="146.16695">
        <ele>761.73</ele>
      </trkpt>
      <trkpt lat="-42.07704" lon="146.16702">
        <ele>760.53</ele>
      </trkpt>
      <trkpt lat="-42.07706" lon="146.16709">
        <ele>759.57</ele>
      </trkpt>
      <trkpt lat="-42.07706" lon="146.16716">
        <ele>758.16</ele>
      </trkpt>
      <trkpt lat="-42.07709" lon="146.16721">
        <ele>757.91</ele>
      </trkpt>
      <trkpt lat="-42.07711" lon="146.16728">
        <ele>757.3</ele>
      </trkpt>
      <trkpt lat="-42.07712" lon="146.16732">
        <ele>756.92</ele>
      </trkpt>
      <trkpt lat="-42.07717" lon="146.16735">
        <ele>757.56</ele>
      </trkpt>
      <trkpt lat="-42.07725" lon="146.16738">
        <ele>759.46</ele>
      </trkpt>
      <trkpt lat="-42.0773" lon="146.16741">
        <ele>761.26</ele>
      </trkpt>
      <trkpt lat="-42.07735" lon="146.16745">
        <ele>762.88</ele>
      </trkpt>
      <trkpt lat="-42.07739" lon="146.16748">
        <ele>764.21</ele>
      </trkpt>
      <trkpt lat="-42.07743" lon="146.16752">
        <ele>765.22</ele>
      </trkpt>
      <trkpt lat="-42.07749" lon="146.16757">
        <ele>766.77</ele>
      </trkpt>
      <trkpt lat="-42.07757" lon="146.16763">
        <ele>767.35</ele>
      </trkpt>
      <trkpt lat="-42.07761" lon="146.16768">
        <ele>767.1</ele>
      </trkpt>
      <trkpt lat="-42.07766" lon="146.16777">
        <ele>766.21</ele>
      </trkpt>
      <trkpt lat="-42.07769" lon="146.16783">
        <ele>765.91</ele>
      </trkpt>
      <trkpt lat="-42.07774" lon="146.16789">
        <ele>766.08</ele>
      </trkpt>
      <trkpt lat="-42.07778" lon="146.16792">
        <ele>766.5</ele>
      </trkpt>
      <trkpt lat="-42.07782" lon="146.16795">
        <ele>767.15</ele>
      </trkpt>
      <trkpt lat="-42.07787" lon="146.16799">
        <ele>768.01</ele>
      </trkpt>
      <trkpt lat="-42.07791" lon="146.16801">
        <ele>768.95</ele>
      </trkpt>
      <trkpt lat="-42.07796" lon="146.16804">
        <ele>770.11</ele>
      </trkpt>
      <trkpt lat="-42.078" lon="146.16808">
        <ele>771.01</ele>
      </trkpt>
      <trkpt lat="-42.07804" lon="146.1681">
        <ele>772.17</ele>
      </trkpt>
      <trkpt lat="-42.07804" lon="146.16811">
        <ele>772.09</ele>
      </trkpt>
      <trkpt lat="-42.07812" lon="146.16821">
        <ele>772.58</ele>
      </trkpt>
      <trkpt lat="-42.07818" lon="146.1683">
        <ele>772.58</ele>
      </trkpt>
      <trkpt lat="-42.07823" lon="146.16833">
        <ele>772.91</ele>
      </trkpt>
      <trkpt lat="-42.07834" lon="146.16836">
        <ele>773.56</ele>
      </trkpt>
      <trkpt lat="-42.07837" lon="146.16841">
        <ele>772.31</ele>
      </trkpt>
      <trkpt lat="-42.07839" lon="146.16847">
        <ele>771.1</ele>
      </trkpt>
      <trkpt lat="-42.07846" lon="146.16857">
        <ele>767.93</ele>
      </trkpt>
      <trkpt lat="-42.07851" lon="146.16858">
        <ele>766.39</ele>
      </trkpt>
      <trkpt lat="-42.07856" lon="146.16864">
        <ele>763.83</ele>
      </trkpt>
      <trkpt lat="-42.07859" lon="146.16869">
        <ele>762.21</ele>
      </trkpt>
      <trkpt lat="-42.07863" lon="146.16873">
        <ele>761.85</ele>
      </trkpt>
      <trkpt lat="-42.0787" lon="146.16886">
        <ele>762.52</ele>
      </trkpt>
      <trkpt lat="-42.07873" lon="146.16889">
        <ele>763.26</ele>
      </trkpt>
      <trkpt lat="-42.07873" lon="146.16891">
        <ele>762.91</ele>
      </trkpt>
      <trkpt lat="-42.07875" lon="146.16897">
        <ele>762.54</ele>
      </trkpt>
      <trkpt lat="-42.07877" lon="146.16903">
        <ele>762.11</ele>
      </trkpt>
      <trkpt lat="-42.0788" lon="146.16914">
        <ele>760.95</ele>
      </trkpt>
      <trkpt lat="-42.07884" lon="146.16919">
        <ele>761.44</ele>
      </trkpt>
      <trkpt lat="-42.07888" lon="146.16921">
        <ele>762.44</ele>
      </trkpt>
      <trkpt lat="-42.07894" lon="146.16922">
        <ele>764.9</ele>
      </trkpt>
      <trkpt lat="-42.07898" lon="146.16925">
        <ele>766.37</ele>
      </trkpt>
      <trkpt lat="-42.07902" lon="146.16928">
        <ele>767.74</ele>
      </trkpt>
      <trkpt lat="-42.07907" lon="146.16933">
        <ele>769.15</ele>
      </trkpt>
      <trkpt lat="-42.07916" lon="146.16943">
        <ele>771.02</ele>
      </trkpt>
      <trkpt lat="-42.07923" lon="146.16947">
        <ele>772.75</ele>
      </trkpt>
      <trkpt lat="-42.07932" lon="146.16956">
        <ele>773.51</ele>
      </trkpt>
      <trkpt lat="-42.07937" lon="146.16961">
        <ele>773.85</ele>
      </trkpt>
      <trkpt lat="-42.0794" lon="146.16966">
        <ele>773.38</ele>
      </trkpt>
      <trkpt lat="-42.07942" lon="146.16969">
        <ele>773.15</ele>
      </trkpt>
      <trkpt lat="-42.07945" lon="146.16974">
        <ele>772.56</ele>
      </trkpt>
      <trkpt lat="-42.07949" lon="146.16978">
        <ele>772.17</ele>
      </trkpt>
      <trkpt lat="-42.07961" lon="146.16988">
        <ele>771.04</ele>
      </trkpt>
      <trkpt lat="-42.07966" lon="146.16993">
        <ele>769.96</ele>
      </trkpt>
      <trkpt lat="-42.0797" lon="146.16999">
        <ele>768.1</ele>
      </trkpt>
      <trkpt lat="-42.07977" lon="146.17007">
        <ele>766.72</ele>
      </trkpt>
      <trkpt lat="-42.07981" lon="146.1701">
        <ele>766.54</ele>
      </trkpt>
      <trkpt lat="-42.07985" lon="146.17012">
        <ele>766.67</ele>
      </trkpt>
      <trkpt lat="-42.0799" lon="146.17016">
        <ele>766.29</ele>
      </trkpt>
      <trkpt lat="-42.07994" lon="146.1702">
        <ele>765.66</ele>
      </trkpt>
      <trkpt lat="-42.07999" lon="146.17025">
        <ele>764.82</ele>
      </trkpt>
      <trkpt lat="-42.08003" lon="146.1703">
        <ele>765.09</ele>
      </trkpt>
      <trkpt lat="-42.08006" lon="146.17034">
        <ele>765.61</ele>
      </trkpt>
      <trkpt lat="-42.0801" lon="146.17039">
        <ele>766.1</ele>
      </trkpt>
      <trkpt lat="-42.08016" lon="146.1705">
        <ele>765.08</ele>
      </trkpt>
      <trkpt lat="-42.08021" lon="146.17055">
        <ele>765.01</ele>
      </trkpt>
      <trkpt lat="-42.08026" lon="146.1706">
        <ele>765.66</ele>
      </trkpt>
      <trkpt lat="-42.0803" lon="146.17064">
        <ele>766.32</ele>
      </trkpt>
      <trkpt lat="-42.08033" lon="146.17068">
        <ele>766.59</ele>
      </trkpt>
      <trkpt lat="-42.08036" lon="146.17073">
        <ele>766.48</ele>
      </trkpt>
      <trkpt lat="-42.08041" lon="146.17078">
        <ele>766.75</ele>
      </trkpt>
      <trkpt lat="-42.08043" lon="146.17079">
        <ele>767.04</ele>
      </trkpt>
      <trkpt lat="-42.08043" lon="146.1708">
        <ele>766.76</ele>
      </trkpt>
      <trkpt lat="-42.08052" lon="146.17091">
        <ele>766.31</ele>
      </trkpt>
      <trkpt lat="-42.08063" lon="146.17108">
        <ele>765.85</ele>
      </trkpt>
      <trkpt lat="-42.08069" lon="146.17117">
        <ele>765.86</ele>
      </trkpt>
      <trkpt lat="-42.08074" lon="146.17118">
        <ele>767.32</ele>
      </trkpt>
      <trkpt lat="-42.08078" lon="146.17121">
        <ele>767.74</ele>
      </trkpt>
      <trkpt lat="-42.08082" lon="146.17125">
        <ele>767.62</ele>
      </trkpt>
      <trkpt lat="-42.08086" lon="146.17128">
        <ele>767.49</ele>
      </trkpt>
      <trkpt lat="-42.08091" lon="146.17131">
        <ele>767.34</ele>
      </trkpt>
      <trkpt lat="-42.08095" lon="146.17132">
        <ele>767.68</ele>
      </trkpt>
      <trkpt lat="-42.081" lon="146.17134">
        <ele>767.69</ele>
      </trkpt>
      <trkpt lat="-42.08104" lon="146.17139">
        <ele>765.95</ele>
      </trkpt>
      <trkpt lat="-42.08104" lon="146.17139">
        <ele>765.95</ele>
      </trkpt>
      <trkpt lat="-42.08104" lon="146.17141">
        <ele>765.48</ele>
      </trkpt>
      <trkpt lat="-42.08109" lon="146.17144">
        <ele>765.44</ele>
      </trkpt>
      <trkpt lat="-42.08119" lon="146.17155">
        <ele>765.03</ele>
      </trkpt>
      <trkpt lat="-42.08125" lon="146.17163">
        <ele>763.45</ele>
      </trkpt>
      <trkpt lat="-42.08129" lon="146.17167">
        <ele>762.52</ele>
      </trkpt>
      <trkpt lat="-42.08133" lon="146.17171">
        <ele>762.35</ele>
      </trkpt>
      <trkpt lat="-42.08137" lon="146.17175">
        <ele>762.01</ele>
      </trkpt>
      <trkpt lat="-42.08139" lon="146.17181">
        <ele>760.94</ele>
      </trkpt>
      <trkpt lat="-42.08142" lon="146.17185">
        <ele>761.05</ele>
      </trkpt>
      <trkpt lat="-42.08146" lon="146.17188">
        <ele>761.54</ele>
      </trkpt>
      <trkpt lat="-42.0815" lon="146.17191">
        <ele>761.84</ele>
      </trkpt>
      <trkpt lat="-42.08152" lon="146.17192">
        <ele>762.08</ele>
      </trkpt>
      <trkpt lat="-42.0815" lon="146.17194">
        <ele>760.93</ele>
      </trkpt>
      <trkpt lat="-42.08162" lon="146.17206">
        <ele>762.09</ele>
      </trkpt>
      <trkpt lat="-42.08172" lon="146.17217">
        <ele>762.12</ele>
      </trkpt>
      <trkpt lat="-42.08185" lon="146.17223">
        <ele>763.21</ele>
      </trkpt>
      <trkpt lat="-42.08207" lon="146.17249">
        <ele>766.62</ele>
      </trkpt>
      <trkpt lat="-42.08224" lon="146.17267">
        <ele>770.2</ele>
      </trkpt>
      <trkpt lat="-42.08239" lon="146.17279">
        <ele>770.17</ele>
      </trkpt>
      <trkpt lat="-42.08248" lon="146.17289">
        <ele>769.32</ele>
      </trkpt>
      <trkpt lat="-42.08248" lon="146.17289">
        <ele>769.32</ele>
      </trkpt>
      <trkpt lat="-42.08273" lon="146.17311">
        <ele>766.07</ele>
      </trkpt>
      <trkpt lat="-42.08298" lon="146.1733">
        <ele>764.29</ele>
      </trkpt>
      <trkpt lat="-42.083" lon="146.17334">
        <ele>763.04</ele>
      </trkpt>
      <trkpt lat="-42.08303" lon="146.17339">
        <ele>762.78</ele>
      </trkpt>
      <trkpt lat="-42.08307" lon="146.17343">
        <ele>763.25</ele>
      </trkpt>
      <trkpt lat="-42.08312" lon="146.17346">
        <ele>764.5</ele>
      </trkpt>
      <trkpt lat="-42.08316" lon="146.17348">
        <ele>765.29</ele>
      </trkpt>
      <trkpt lat="-42.08321" lon="146.17349">
        <ele>766.67</ele>
      </trkpt>
      <trkpt lat="-42.08325" lon="146.17351">
        <ele>766.92</ele>
      </trkpt>
      <trkpt lat="-42.0833" lon="146.17353">
        <ele>767.16</ele>
      </trkpt>
      <trkpt lat="-42.08334" lon="146.17357">
        <ele>765.15</ele>
      </trkpt>
      <trkpt lat="-42.0834" lon="146.17361">
        <ele>762.8</ele>
      </trkpt>
      <trkpt lat="-42.08344" lon="146.17363">
        <ele>762.29</ele>
      </trkpt>
      <trkpt lat="-42.08349" lon="146.17364">
        <ele>762.4</ele>
      </trkpt>
      <trkpt lat="-42.08354" lon="146.17366">
        <ele>762.07</ele>
      </trkpt>
      <trkpt lat="-42.08358" lon="146.17369">
        <ele>761.22</ele>
      </trkpt>
      <trkpt lat="-42.08362" lon="146.17372">
        <ele>760.47</ele>
      </trkpt>
      <trkpt lat="-42.08366" lon="146.17375">
        <ele>759.97</ele>
      </trkpt>
      <trkpt lat="-42.08371" lon="146.17377">
        <ele>760.12</ele>
      </trkpt>
      <trkpt lat="-42.08375" lon="146.17379">
        <ele>760.09</ele>
      </trkpt>
      <trkpt lat="-42.08377" lon="146.17379">
        <ele>760.5</ele>
      </trkpt>
      <trkpt lat="-42.08377" lon="146.17378">
        <ele>760.91</ele>
      </trkpt>
      <trkpt lat="-42.08385" lon="146.1738">
        <ele>761.72</ele>
      </trkpt>
      <trkpt lat="-42.08411" lon="146.17401">
        <ele>761.44</ele>
      </trkpt>
      <trkpt lat="-42.08431" lon="146.17409">
        <ele>762.36</ele>
      </trkpt>
      <trkpt lat="-42.08446" lon="146.17412">
        <ele>760.86</ele>
      </trkpt>
      <trkpt lat="-42.08455" lon="146.17418">
        <ele>761.27</ele>
      </trkpt>
      <trkpt lat="-42.08479" lon="146.17437">
        <ele>762.52</ele>
      </trkpt>
      <trkpt lat="-42.08479" lon="146.17437">
        <ele>762.52</ele>
      </trkpt>
      <trkpt lat="-42.08487" lon="146.17444">
        <ele>764.79</ele>
      </trkpt>
      <trkpt lat="-42.08504" lon="146.17462">
        <ele>759.79</ele>
      </trkpt>
      <trkpt lat="-42.08525" lon="146.17476">
        <ele>760.68</ele>
      </trkpt>
      <trkpt lat="-42.08542" lon="146.17477">
        <ele>746.14</ele>
      </trkpt>
      <trkpt lat="-42.0855" lon="146.17482">
        <ele>736.54</ele>
      </trkpt>
      <trkpt lat="-42.08581" lon="146.17496">
        <ele>732.0</ele>
      </trkpt>
      <trkpt lat="-42.08618" lon="146.17504">
        <ele>735.61</ele>
      </trkpt>
      <trkpt lat="-42.08621" lon="146.17506">
        <ele>736.74</ele>
      </trkpt>
      <trkpt lat="-42.08634" lon="146.17508">
        <ele>741.97</ele>
      </trkpt>
      <trkpt lat="-42.08642" lon="146.17511">
        <ele>741.12</ele>
      </trkpt>
      <trkpt lat="-42.08648" lon="146.17514">
        <ele>737.67</ele>
      </trkpt>
      <trkpt lat="-42.08655" lon="146.17516">
        <ele>735.03</ele>
      </trkpt>
      <trkpt lat="-42.0866" lon="146.17517">
        <ele>733.58</ele>
      </trkpt>
      <trkpt lat="-42.08661" lon="146.17517">
        <ele>733.35</ele>
      </trkpt>
      <trkpt lat="-42.08661" lon="146.17515">
        <ele>733.6</ele>
      </trkpt>
      <trkpt lat="-42.08683" lon="146.17528">
        <ele>732.0</ele>
      </trkpt>
      <trkpt lat="-42.08686" lon="146.17528">
        <ele>732.0</ele>
      </trkpt>
      <trkpt lat="-42.08688" lon="146.1753">
        <ele>732.0</ele>
      </trkpt>
      <trkpt lat="-42.087" lon="146.1753">
        <ele>732.0</ele>
      </trkpt>
      <trkpt lat="-42.08712" lon="146.1753">
        <ele>732.0</ele>
      </trkpt>
      <trkpt lat="-42.08719" lon="146.1753">
        <ele>732.0</ele>
      </trkpt>
      <trkpt lat="-42.08726" lon="146.17528">
        <ele>732.0</ele>
      </trkpt>
      <trkpt lat="-42.08731" lon="146.17528">
        <ele>732.0</ele>
      </trkpt>
      <trkpt lat="-42.08735" lon="146.17532">
        <ele>732.0</ele>
      </trkpt>
      <trkpt lat="-42.0874" lon="146.17535">
        <ele>732.0</ele>
      </trkpt>
      <trkpt lat="-42.08745" lon="146.17535">
        <ele>732.0</ele>
      </trkpt>
      <trkpt lat="-42.08752" lon="146.17537">
        <ele>732.0</ele>
      </trkpt>
      <trkpt lat="-42.08756" lon="146.17537">
        <ele>732.0</ele>
      </trkpt>
      <trkpt lat="-42.08762" lon="146.1754">
        <ele>732.0</ele>
      </trkpt>
      <trkpt lat="-42.08767" lon="146.17545">
        <ele>732.0</ele>
      </trkpt>
      <trkpt lat="-42.08772" lon="146.17547">
        <ele>732.0</ele>
      </trkpt>
      <trkpt lat="-42.08776" lon="146.17546">
        <ele>732.0</ele>
      </trkpt>
      <trkpt lat="-42.08778" lon="146.17546">
        <ele>732.0</ele>
      </trkpt>
      <trkpt lat="-42.08778" lon="146.17546">
        <ele>732.0</ele>
      </trkpt>
      <trkpt lat="-42.08784" lon="146.17546">
        <ele>732.0</ele>
      </trkpt>
      <trkpt lat="-42.08799" lon="146.17543">
        <ele>732.0</ele>
      </trkpt>
      <trkpt lat="-42.08823" lon="146.17551">
        <ele>732.0</ele>
      </trkpt>
      <trkpt lat="-42.08836" lon="146.17543">
        <ele>732.0</ele>
      </trkpt>
      <trkpt lat="-42.08842" lon="146.17543">
        <ele>732.0</ele>
      </trkpt>
      <trkpt lat="-42.08849" lon="146.1754">
        <ele>732.0</ele>
      </trkpt>
      <trkpt lat="-42.0886" lon="146.17539">
        <ele>732.0</ele>
      </trkpt>
      <trkpt lat="-42.08868" lon="146.1754">
        <ele>732.0</ele>
      </trkpt>
      <trkpt lat="-42.08881" lon="146.17537">
        <ele>732.0</ele>
      </trkpt>
      <trkpt lat="-42.08893" lon="146.17529">
        <ele>732.0</ele>
      </trkpt>
      <trkpt lat="-42.08899" lon="146.17532">
        <ele>732.0</ele>
      </trkpt>
      <trkpt lat="-42.08908" lon="146.1753">
        <ele>732.0</ele>
      </trkpt>
      <trkpt lat="-42.08921" lon="146.17528">
        <ele>732.0</ele>
      </trkpt>
      <trkpt lat="-42.08921" lon="146.17528">
        <ele>732.0</ele>
      </trkpt>
      <trkpt lat="-42.08928" lon="146.17526">
        <ele>732.0</ele>
      </trkpt>
      <trkpt lat="-42.08939" lon="146.17517">
        <ele>732.0</ele>
      </trkpt>
      <trkpt lat="-42.08958" lon="146.17513">
        <ele>732.0</ele>
      </trkpt>
      <trkpt lat="-42.08964" lon="146.1751">
        <ele>732.0</ele>
      </trkpt>
      <trkpt lat="-42.09012" lon="146.17503">
        <ele>732.0</ele>
      </trkpt>
      <trkpt lat="-42.09034" lon="146.17496">
        <ele>732.0</ele>
      </trkpt>
      <trkpt lat="-42.09045" lon="146.17496">
        <ele>732.0</ele>
      </trkpt>
      <trkpt lat="-42.09055" lon="146.17491">
        <ele>732.0</ele>
      </trkpt>
      <trkpt lat="-42.09061" lon="146.17487">
        <ele>732.0</ele>
      </trkpt>
      <trkpt lat="-42.09092" lon="146.17473">
        <ele>732.0</ele>
      </trkpt>
      <trkpt lat="-42.09095" lon="146.1747">
        <ele>732.0</ele>
      </trkpt>
      <trkpt lat="-42.0911" lon="146.17466">
        <ele>732.0</ele>
      </trkpt>
      <trkpt lat="-42.09118" lon="146.1746">
        <ele>732.0</ele>
      </trkpt>
      <trkpt lat="-42.09121" lon="146.17455">
        <ele>732.0</ele>
      </trkpt>
      <trkpt lat="-42.09126" lon="146.17454">
        <ele>732.0</ele>
      </trkpt>
      <trkpt lat="-42.09132" lon="146.17454">
        <ele>732.0</ele>
      </trkpt>
      <trkpt lat="-42.09137" lon="146.17453">
        <ele>732.0</ele>
      </trkpt>
      <trkpt lat="-42.09146" lon="146.17449">
        <ele>732.0</ele>
      </trkpt>
      <trkpt lat="-42.09156" lon="146.17446">
        <ele>732.0</ele>
      </trkpt>
      <trkpt lat="-42.09166" lon="146.17442">
        <ele>732.0</ele>
      </trkpt>
      <trkpt lat="-42.09177" lon="146.17438">
        <ele>732.0</ele>
      </trkpt>
      <trkpt lat="-42.09182" lon="146.17438">
        <ele>732.0</ele>
      </trkpt>
      <trkpt lat="-42.09187" lon="146.17435">
        <ele>732.0</ele>
      </trkpt>
      <trkpt lat="-42.09187" lon="146.17435">
        <ele>732.0</ele>
      </trkpt>
      <trkpt lat="-42.09191" lon="146.17435">
        <ele>732.0</ele>
      </trkpt>
      <trkpt lat="-42.09209" lon="146.17429">
        <ele>732.0</ele>
      </trkpt>
      <trkpt lat="-42.09219" lon="146.17424">
        <ele>732.0</ele>
      </trkpt>
      <trkpt lat="-42.0923" lon="146.1742">
        <ele>732.0</ele>
      </trkpt>
      <trkpt lat="-42.09235" lon="146.17419">
        <ele>732.0</ele>
      </trkpt>
      <trkpt lat="-42.09239" lon="146.17417">
        <ele>732.0</ele>
      </trkpt>
      <trkpt lat="-42.09244" lon="146.17416">
        <ele>732.0</ele>
      </trkpt>
      <trkpt lat="-42.09249" lon="146.17415">
        <ele>732.0</ele>
      </trkpt>
      <trkpt lat="-42.09249" lon="146.17414">
        <ele>732.0</ele>
      </trkpt>
      <trkpt lat="-42.09326" lon="146.17389">
        <ele>732.0</ele>
      </trkpt>
      <trkpt lat="-42.09354" lon="146.17386">
        <ele>732.0</ele>
      </trkpt>
      <trkpt lat="-42.09354" lon="146.17388">
        <ele>732.0</ele>
      </trkpt>
      <trkpt lat="-42.09363" lon="146.17387">
        <ele>733.04</ele>
      </trkpt>
      <trkpt lat="-42.09369" lon="146.17395">
        <ele>735.1</ele>
      </trkpt>
      <trkpt lat="-42.09375" lon="146.17398">
        <ele>736.7</ele>
      </trkpt>
      <trkpt lat="-42.09388" lon="146.1739">
        <ele>745.01</ele>
      </trkpt>
      <trkpt lat="-42.09409" lon="146.17375">
        <ele>755.86</ele>
      </trkpt>
      <trkpt lat="-42.0943" lon="146.17375">
        <ele>755.28</ele>
      </trkpt>
      <trkpt lat="-42.09442" lon="146.17381">
        <ele>753.93</ele>
      </trkpt>
      <trkpt lat="-42.09449" lon="146.17389">
        <ele>749.49</ele>
      </trkpt>
      <trkpt lat="-42.09463" lon="146.17401">
        <ele>735.93</ele>
      </trkpt>
      <trkpt lat="-42.0947" lon="146.17403">
        <ele>732.83</ele>
      </trkpt>
      <trkpt lat="-42.09481" lon="146.17403">
        <ele>732.0</ele>
      </trkpt>
      <trkpt lat="-42.09491" lon="146.17398">
        <ele>732.0</ele>
      </trkpt>
      <trkpt lat="-42.09501" lon="146.17389">
        <ele>732.0</ele>
      </trkpt>
      <trkpt lat="-42.09523" lon="146.17366">
        <ele>746.6</ele>
      </trkpt>
      <trkpt lat="-42.09535" lon="146.17357">
        <ele>749.25</ele>
      </trkpt>
      <trkpt lat="-42.09555" lon="146.17337">
        <ele>751.48</ele>
      </trkpt>
      <trkpt lat="-42.09562" lon="146.17333">
        <ele>747.18</ele>
      </trkpt>
      <trkpt lat="-42.09571" lon="146.17331">
        <ele>740.13</ele>
      </trkpt>
      <trkpt lat="-42.09585" lon="146.17334">
        <ele>732.0</ele>
      </trkpt>
      <trkpt lat="-42.09593" lon="146.17337">
        <ele>732.0</ele>
      </trkpt>
      <trkpt lat="-42.09603" lon="146.17339">
        <ele>732.0</ele>
      </trkpt>
      <trkpt lat="-42.09613" lon="146.17339">
        <ele>732.0</ele>
      </trkpt>
      <trkpt lat="-42.09619" lon="146.17337">
        <ele>732.0</ele>
      </trkpt>
      <trkpt lat="-42.09629" lon="146.17331">
        <ele>732.0</ele>
      </trkpt>
      <trkpt lat="-42.09631" lon="146.17317">
        <ele>732.0</ele>
      </trkpt>
      <trkpt lat="-42.09636" lon="146.17297">
        <ele>732.0</ele>
      </trkpt>
      <trkpt lat="-42.0964" lon="146.17288">
        <ele>732.0</ele>
      </trkpt>
      <trkpt lat="-42.09643" lon="146.17278">
        <ele>732.0</ele>
      </trkpt>
      <trkpt lat="-42.09647" lon="146.17271">
        <ele>732.0</ele>
      </trkpt>
      <trkpt lat="-42.0966" lon="146.17262">
        <ele>732.0</ele>
      </trkpt>
      <trkpt lat="-42.09681" lon="146.1725">
        <ele>732.0</ele>
      </trkpt>
      <trkpt lat="-42.097" lon="146.1725">
        <ele>732.0</ele>
      </trkpt>
      <trkpt lat="-42.09721" lon="146.17241">
        <ele>732.0</ele>
      </trkpt>
      <trkpt lat="-42.09729" lon="146.17235">
        <ele>732.0</ele>
      </trkpt>
      <trkpt lat="-42.09736" lon="146.17235">
        <ele>732.0</ele>
      </trkpt>
      <trkpt lat="-42.09755" lon="146.1723">
        <ele>732.0</ele>
      </trkpt>
      <trkpt lat="-42.09759" lon="146.17226">
        <ele>732.0</ele>
      </trkpt>
      <trkpt lat="-42.09772" lon="146.17206">
        <ele>732.0</ele>
      </trkpt>
      <trkpt lat="-42.09798" lon="146.17192">
        <ele>732.0</ele>
      </trkpt>
      <trkpt lat="-42.09822" lon="146.17172">
        <ele>732.0</ele>
      </trkpt>
      <trkpt lat="-42.09828" lon="146.17168">
        <ele>732.0</ele>
      </trkpt>
      <trkpt lat="-42.09844" lon="146.17154">
        <ele>732.0</ele>
      </trkpt>
      <trkpt lat="-42.09847" lon="146.1714">
        <ele>732.0</ele>
      </trkpt>
      <trkpt lat="-42.09869" lon="146.1711">
        <ele>732.0</ele>
      </trkpt>
      <trkpt lat="-42.09873" lon="146.17098">
        <ele>732.0</ele>
      </trkpt>
      <trkpt lat="-42.09875" lon="146.17088">
        <ele>732.0</ele>
      </trkpt>
      <trkpt lat="-42.09883" lon="146.17072">
        <ele>732.0</ele>
      </trkpt>
      <trkpt lat="-42.09893" lon="146.17065">
        <ele>732.0</ele>
      </trkpt>
      <trkpt lat="-42.09898" lon="146.17052">
        <ele>732.0</ele>
      </trkpt>
      <trkpt lat="-42.09914" lon="146.17033">
        <ele>732.0</ele>
      </trkpt>
      <trkpt lat="-42.09927" lon="146.17021">
        <ele>732.0</ele>
      </trkpt>
      <trkpt lat="-42.09939" lon="146.16998">
        <ele>732.0</ele>
      </trkpt>
      <trkpt lat="-42.09943" lon="146.16992">
        <ele>732.0</ele>
      </trkpt>
      <trkpt lat="-42.0995" lon="146.16966">
        <ele>732.0</ele>
      </trkpt>
      <trkpt lat="-42.09959" lon="146.16946">
        <ele>732.0</ele>
      </trkpt>
      <trkpt lat="-42.09975" lon="146.1693">
        <ele>732.0</ele>
      </trkpt>
      <trkpt lat="-42.09985" lon="146.16928">
        <ele>732.0</ele>
      </trkpt>
      <trkpt lat="-42.09997" lon="146.16922">
        <ele>732.0</ele>
      </trkpt>
      <trkpt lat="-42.1001" lon="146.1691">
        <ele>732.0</ele>
      </trkpt>
      <trkpt lat="-42.10018" lon="146.16901">
        <ele>732.0</ele>
      </trkpt>
      <trkpt lat="-42.10027" lon="146.16896">
        <ele>732.0</ele>
      </trkpt>
      <trkpt lat="-42.10034" lon="146.16896">
        <ele>732.0</ele>
      </trkpt>
      <trkpt lat="-42.10041" lon="146.1689">
        <ele>732.0</ele>
      </trkpt>
      <trkpt lat="-42.10047" lon="146.16881">
        <ele>732.0</ele>
      </trkpt>
      <trkpt lat="-42.10057" lon="146.16875">
        <ele>732.0</ele>
      </trkpt>
      <trkpt lat="-42.10083" lon="146.16856">
        <ele>732.0</ele>
      </trkpt>
      <trkpt lat="-42.10101" lon="146.16832">
        <ele>732.0</ele>
      </trkpt>
      <trkpt lat="-42.10109" lon="146.16823">
        <ele>732.0</ele>
      </trkpt>
      <trkpt lat="-42.1012" lon="146.16814">
        <ele>732.0</ele>
      </trkpt>
      <trkpt lat="-42.10123" lon="146.16808">
        <ele>732.0</ele>
      </trkpt>
      <trkpt lat="-42.10133" lon="146.16797">
        <ele>732.0</ele>
      </trkpt>
      <trkpt lat="-42.10146" lon="146.16791">
        <ele>732.0</ele>
      </trkpt>
      <trkpt lat="-42.10155" lon="146.16783">
        <ele>732.0</ele>
      </trkpt>
      <trkpt lat="-42.1016" lon="146.16774">
        <ele>732.0</ele>
      </trkpt>
      <trkpt lat="-42.10174" lon="146.1676">
        <ele>732.0</ele>
      </trkpt>
      <trkpt lat="-42.10184" lon="146.16744">
        <ele>732.0</ele>
      </trkpt>
      <trkpt lat="-42.10198" lon="146.16724">
        <ele>732.0</ele>
      </trkpt>
      <trkpt lat="-42.10207" lon="146.16715">
        <ele>732.0</ele>
      </trkpt>
      <trkpt lat="-42.10225" lon="146.16699">
        <ele>732.0</ele>
      </trkpt>
      <trkpt lat="-42.10241" lon="146.16689">
        <ele>736.64</ele>
      </trkpt>
      <trkpt lat="-42.10251" lon="146.16673">
        <ele>749.86</ele>
      </trkpt>
      <trkpt lat="-42.10273" lon="146.1665">
        <ele>752.15</ele>
      </trkpt>
      <trkpt lat="-42.10288" lon="146.16643">
        <ele>757.47</ele>
      </trkpt>
      <trkpt lat="-42.10294" lon="146.16643">
        <ele>756.92</ele>
      </trkpt>
      <trkpt lat="-42.10325" lon="146.16632">
        <ele>758.37</ele>
      </trkpt>
      <trkpt lat="-42.10344" lon="146.16612">
        <ele>757.29</ele>
      </trkpt>
      <trkpt lat="-42.10361" lon="146.16589">
        <ele>757.8</ele>
      </trkpt>
      <trkpt lat="-42.10377" lon="146.16583">
        <ele>764.88</ele>
      </trkpt>
      <trkpt lat="-42.10389" lon="146.16574">
        <ele>769.01</ele>
      </trkpt>
      <trkpt lat="-42.10405" lon="146.16571">
        <ele>770.99</ele>
      </trkpt>
      <trkpt lat="-42.10423" lon="146.16556">
        <ele>770.6</ele>
      </trkpt>
      <trkpt lat="-42.10439" lon="146.16548">
        <ele>769.94</ele>
      </trkpt>
      <trkpt lat="-42.10448" lon="146.16545">
        <ele>770.05</ele>
      </trkpt>
      <trkpt lat="-42.10464" lon="146.16544">
        <ele>769.89</ele>
      </trkpt>
      <trkpt lat="-42.10483" lon="146.16534">
        <ele>774.19</ele>
      </trkpt>
      <trkpt lat="-42.10497" lon="146.16534">
        <ele>775.77</ele>
      </trkpt>
      <trkpt lat="-42.10507" lon="146.16527">
        <ele>777.1</ele>
      </trkpt>
      <trkpt lat="-42.1053" lon="146.16515">
        <ele>777.2</ele>
      </trkpt>
      <trkpt lat="-42.10543" lon="146.16511">
        <ele>778.43</ele>
      </trkpt>
      <trkpt lat="-42.10555" lon="146.16501">
        <ele>779.9</ele>
      </trkpt>
      <trkpt lat="-42.10564" lon="146.16481">
        <ele>778.29</ele>
      </trkpt>
      <trkpt lat="-42.10577" lon="146.1647">
        <ele>778.88</ele>
      </trkpt>
      <trkpt lat="-42.10591" lon="146.16463">
        <ele>779.47</ele>
      </trkpt>
      <trkpt lat="-42.10607" lon="146.16451">
        <ele>777.66</ele>
      </trkpt>
      <trkpt lat="-42.10635" lon="146.16463">
        <ele>770.92</ele>
      </trkpt>
      <trkpt lat="-42.10649" lon="146.16463">
        <ele>768.12</ele>
      </trkpt>
      <trkpt lat="-42.10661" lon="146.16461">
        <ele>766.31</ele>
      </trkpt>
      <trkpt lat="-42.1067" lon="146.16463">
        <ele>765.29</ele>
      </trkpt>
      <trkpt lat="-42.10676" lon="146.1646">
        <ele>763.45</ele>
      </trkpt>
      <trkpt lat="-42.1071" lon="146.16478">
        <ele>762.94</ele>
      </trkpt>
      <trkpt lat="-42.10716" lon="146.16478">
        <ele>762.97</ele>
      </trkpt>
      <trkpt lat="-42.10732" lon="146.16463">
        <ele>762.61</ele>
      </trkpt>
      <trkpt lat="-42.10746" lon="146.16452">
        <ele>766.09</ele>
      </trkpt>
      <trkpt lat="-42.10766" lon="146.16425">
        <ele>766.64</ele>
      </trkpt>
      <trkpt lat="-42.10782" lon="146.16411">
        <ele>763.87</ele>
      </trkpt>
      <trkpt lat="-42.10796" lon="146.16388">
        <ele>760.87</ele>
      </trkpt>
      <trkpt lat="-42.10798" lon="146.16384">
        <ele>760.3</ele>
      </trkpt>
      <trkpt lat="-42.10801" lon="146.16379">
        <ele>759.58</ele>
      </trkpt>
      <trkpt lat="-42.10821" lon="146.16368">
        <ele>757.02</ele>
      </trkpt>
      <trkpt lat="-42.10838" lon="146.16367">
        <ele>756.49</ele>
      </trkpt>
      <trkpt lat="-42.10857" lon="146.16364">
        <ele>757.9</ele>
      </trkpt>
      <trkpt lat="-42.1087" lon="146.16364">
        <ele>758.6</ele>
      </trkpt>
      <trkpt lat="-42.1089" lon="146.16367">
        <ele>759.41</ele>
      </trkpt>
      <trkpt lat="-42.1091" lon="146.16368">
        <ele>759.12</ele>
      </trkpt>
      <trkpt lat="-42.10936" lon="146.16386">
        <ele>758.16</ele>
      </trkpt>
      <trkpt lat="-42.10943" lon="146.1639">
        <ele>758.09</ele>
      </trkpt>
      <trkpt lat="-42.10949" lon="146.16389">
        <ele>758.17</ele>
      </trkpt>
      <trkpt lat="-42.10954" lon="146.16385">
        <ele>758.02</ele>
      </trkpt>
      <trkpt lat="-42.10974" lon="146.16364">
        <ele>756.47</ele>
      </trkpt>
      <trkpt lat="-42.10993" lon="146.16365">
        <ele>758.14</ele>
      </trkpt>
      <trkpt lat="-42.10999" lon="146.16365">
        <ele>758.64</ele>
      </trkpt>
      <trkpt lat="-42.11008" lon="146.16364">
        <ele>759.08</ele>
      </trkpt>
      <trkpt lat="-42.11026" lon="146.16368">
        <ele>759.44</ele>
      </trkpt>
      <trkpt lat="-42.11036" lon="146.16367">
        <ele>755.68</ele>
      </trkpt>
      <trkpt lat="-42.11063" lon="146.16362">
        <ele>746.83</ele>
      </trkpt>
      <trkpt lat="-42.11084" lon="146.16356">
        <ele>749.75</ele>
      </trkpt>
      <trkpt lat="-42.11101" lon="146.16344">
        <ele>758.04</ele>
      </trkpt>
      <trkpt lat="-42.11124" lon="146.16339">
        <ele>765.65</ele>
      </trkpt>
      <trkpt lat="-42.11145" lon="146.16362">
        <ele>766.56</ele>
      </trkpt>
      <trkpt lat="-42.11164" lon="146.16383">
        <ele>766.35</ele>
      </trkpt>
      <trkpt lat="-42.11173" lon="146.16394">
        <ele>764.93</ele>
      </trkpt>
      <trkpt lat="-42.11185" lon="146.16411">
        <ele>763.07</ele>
      </trkpt>
      <trkpt lat="-42.11212" lon="146.16435">
        <ele>763.4</ele>
      </trkpt>
      <trkpt lat="-42.11219" lon="146.16438">
        <ele>763.53</ele>
      </trkpt>
      <trkpt lat="-42.11226" lon="146.16443">
        <ele>763.31</ele>
      </trkpt>
      <trkpt lat="-42.11242" lon="146.16454">
        <ele>762.09</ele>
      </trkpt>
      <trkpt lat="-42.11267" lon="146.16461">
        <ele>762.0</ele>
      </trkpt>
      <trkpt lat="-42.1129" lon="146.16473">
        <ele>759.66</ele>
      </trkpt>
      <trkpt lat="-42.11302" lon="146.16483">
        <ele>758.33</ele>
      </trkpt>
      <trkpt lat="-42.11309" lon="146.16489">
        <ele>757.58</ele>
      </trkpt>
      <trkpt lat="-42.1133" lon="146.16513">
        <ele>756.6</ele>
      </trkpt>
      <trkpt lat="-42.11344" lon="146.1653">
        <ele>757.67</ele>
      </trkpt>
      <trkpt lat="-42.11352" lon="146.16541">
        <ele>757.48</ele>
      </trkpt>
      <trkpt lat="-42.11369" lon="146.1656">
        <ele>756.76</ele>
      </trkpt>
      <trkpt lat="-42.11375" lon="146.16566">
        <ele>756.69</ele>
      </trkpt>
      <trkpt lat="-42.11397" lon="146.16582">
        <ele>756.92</ele>
      </trkpt>
      <trkpt lat="-42.11413" lon="146.16599">
        <ele>758.13</ele>
      </trkpt>
      <trkpt lat="-42.11427" lon="146.16617">
        <ele>759.96</ele>
      </trkpt>
      <trkpt lat="-42.11445" lon="146.16637">
        <ele>761.91</ele>
      </trkpt>
      <trkpt lat="-42.11462" lon="146.16666">
        <ele>761.47</ele>
      </trkpt>
      <trkpt lat="-42.11476" lon="146.16693">
        <ele>760.01</ele>
      </trkpt>
      <trkpt lat="-42.11486" lon="146.16719">
        <ele>758.68</ele>
      </trkpt>
      <trkpt lat="-42.115" lon="146.16751">
        <ele>756.93</ele>
      </trkpt>
      <trkpt lat="-42.11508" lon="146.16775">
        <ele>753.44</ele>
      </trkpt>
      <trkpt lat="-42.11494" lon="146.16782">
        <ele>755.97</ele>
      </trkpt>
      <trkpt lat="-42.11494" lon="146.16782">
        <ele>755.97</ele>
      </trkpt>
      <trkpt lat="-42.11484" lon="146.16787">
        <ele>756.82</ele>
      </trkpt>
      <trkpt lat="-42.11476" lon="146.16798">
        <ele>756.14</ele>
      </trkpt>
      <trkpt lat="-42.1146" lon="146.1682">
        <ele>751.92</ele>
      </trkpt>
      <trkpt lat="-42.11452" lon="146.16831">
        <ele>747.77</ele>
      </trkpt>
      <trkpt lat="-42.11434" lon="146.16842">
        <ele>743.63</ele>
      </trkpt>
      <trkpt lat="-42.11423" lon="146.16848">
        <ele>742.48</ele>
      </trkpt>
      <trkpt lat="-42.11416" lon="146.16852">
        <ele>741.61</ele>
      </trkpt>
      <trkpt lat="-42.11422" lon="146.16872">
        <ele>739.18</ele>
      </trkpt>
      <trkpt lat="-42.11437" lon="146.16904">
        <ele>736.93</ele>
      </trkpt>
      <trkpt lat="-42.11443" lon="146.16912">
        <ele>736.89</ele>
      </trkpt>
      <trkpt lat="-42.11446" lon="146.16925">
        <ele>737.78</ele>
      </trkpt>
      <trkpt lat="-42.11443" lon="146.16956">
        <ele>739.25</ele>
      </trkpt>
      <trkpt lat="-42.11436" lon="146.16968">
        <ele>740.54</ele>
      </trkpt>
      <trkpt lat="-42.11437" lon="146.16982">
        <ele>741.54</ele>
      </trkpt>
      <trkpt lat="-42.11436" lon="146.16994">
        <ele>742.26</ele>
      </trkpt>
      <trkpt lat="-42.11448" lon="146.17018">
        <ele>740.83</ele>
      </trkpt>
      <trkpt lat="-42.11462" lon="146.17073">
        <ele>736.43</ele>
      </trkpt>
      <trkpt lat="-42.11475" lon="146.1712">
        <ele>736.75</ele>
      </trkpt>
      <trkpt lat="-42.11479" lon="146.17133">
        <ele>736.26</ele>
      </trkpt>
      <trkpt lat="-42.11492" lon="146.17156">
        <ele>735.13</ele>
      </trkpt>
      <trkpt lat="-42.11508" lon="146.17178">
        <ele>732.86</ele>
      </trkpt>
      <trkpt lat="-42.11517" lon="146.17184">
        <ele>731.67</ele>
      </trkpt>
      <trkpt lat="-42.11523" lon="146.17195">
        <ele>729.38</ele>
      </trkpt>
      <trkpt lat="-42.11527" lon="146.17204">
        <ele>728.53</ele>
      </trkpt>
      <trkpt lat="-42.11527" lon="146.17204">
        <ele>728.53</ele>
      </trkpt>
      <trkpt lat="-42.11528" lon="146.17206">
        <ele>728.45</ele>
      </trkpt>
      <trkpt lat="-42.11538" lon="146.17228">
        <ele>729.92</ele>
      </trkpt>
      <trkpt lat="-42.11548" lon="146.1729">
        <ele>733.05</ele>
      </trkpt>
      <trkpt lat="-42.11554" lon="146.17329">
        <ele>736.54</ele>
      </trkpt>
      <trkpt lat="-42.11554" lon="146.17343">
        <ele>738.43</ele>
      </trkpt>
      <trkpt lat="-42.11564" lon="146.17358">
        <ele>739.44</ele>
      </trkpt>
      <trkpt lat="-42.11567" lon="146.17352">
        <ele>738.45</ele>
      </trkpt>
      <trkpt lat="-42.11569" lon="146.17352">
        <ele>738.23</ele>
      </trkpt>
      <trkpt lat="-42.11568" lon="146.17361">
        <ele>739.2</ele>
      </trkpt>
      <trkpt lat="-42.11576" lon="146.1736">
        <ele>737.98</ele>
      </trkpt>
      <trkpt lat="-42.11576" lon="146.1736">
        <ele>737.98</ele>
      </trkpt>
      <trkpt lat="-42.11579" lon="146.1736">
        <ele>737.57</ele>
      </trkpt>
      <trkpt lat="-42.11592" lon="146.17366">
        <ele>735.85</ele>
      </trkpt>
      <trkpt lat="-42.11596" lon="146.17382">
        <ele>736.57</ele>
      </trkpt>
      <trkpt lat="-42.11597" lon="146.17395">
        <ele>737.47</ele>
      </trkpt>
      <trkpt lat="-42.11598" lon="146.17401">
        <ele>737.78</ele>
      </trkpt>
      <trkpt lat="-42.11593" lon="146.17406">
        <ele>738.65</ele>
      </trkpt>
      <trkpt lat="-42.11589" lon="146.17416">
        <ele>739.56</ele>
      </trkpt>
      <trkpt lat="-42.11595" lon="146.17422">
        <ele>739.1</ele>
      </trkpt>
      <trkpt lat="-42.11615" lon="146.17425">
        <ele>738.46</ele>
      </trkpt>
      <trkpt lat="-42.11631" lon="146.17432">
        <ele>738.39</ele>
      </trkpt>
      <trkpt lat="-42.11637" lon="146.17435">
        <ele>738.39</ele>
      </trkpt>
      <trkpt lat="-42.11643" lon="146.17443">
        <ele>739.2</ele>
      </trkpt>
      <trkpt lat="-42.11645" lon="146.1745">
        <ele>739.64</ele>
      </trkpt>
    </trkseg>
  </trk>
</gpx>
