<?xml version="1.0"?>
<gpx xmlns="http://www.topografix.com/GPX/1/1" xmlns:xsi="http://www.w3.org/2001/XMLSchema-instance" version="1.1" creator="AllTrails.com" xsi:schemaLocation="http://www.topografix.com/GPX/1/1 http://www.topografix.com/GPX/1/1/gpx.xsd">
  <metadata>
    <name><![CDATA[West Highland Way]]></name>
    <desc><![CDATA[]]></desc>
    <link href="http://www.alltrails.com">
      <text>AllTrails, LLC</text>
    </link>
    <bounds minlat="55.94141" minlon="-5.11392" maxlat="56.82176" maxlon="-4.31787"/>
  </metadata>
  <wpt lat="56.06862" lon="-4.43845">
    <name><![CDATA[End of Section 1: Milngavie to Drymen]]></name>
    <desc><![CDATA[]]></desc>
  </wpt>
  <wpt lat="56.15156" lon="-4.64201">
    <name><![CDATA[End of Section 2: Drymen to Rowardennan]]></name>
    <desc><![CDATA[]]></desc>
  </wpt>
  <wpt lat="56.33053" lon="-4.71709">
    <name><![CDATA[End of Section 3: Rowardennan to Inverarnan]]></name>
    <desc><![CDATA[]]></desc>
  </wpt>
  <wpt lat="56.43431" lon="-4.71402">
    <name><![CDATA[End of Section 4: Inverarnan to Tyndrum]]></name>
    <desc><![CDATA[]]></desc>
  </wpt>
  <wpt lat="56.53267" lon="-4.8079">
    <name><![CDATA[End of Section 5: Tyndrum to Inveroran]]></name>
    <desc><![CDATA[]]></desc>
  </wpt>
  <wpt lat="56.65097" lon="-4.84024">
    <name><![CDATA[End of Section 6: Inveroran to Kingshouse]]></name>
    <desc><![CDATA[]]></desc>
  </wpt>
  <wpt lat="56.71388" lon="-4.96283">
    <name><![CDATA[End of Section 7: Kingshouse to Kinlochleven]]></name>
    <desc><![CDATA[]]></desc>
  </wpt>
  <wpt lat="56.81645" lon="-5.11387">
    <name><![CDATA[End of (Final) Section 8: Kinlochleven to Fort William]]></name>
    <desc><![CDATA[]]></desc>
  </wpt>
  <trk>
    <name><![CDATA[West Highland Way]]></name>
    <src>AllTrails</src>
    <trkseg>
      <trkpt lat="55.94141" lon="-4.31789">
        <ele>57.02</ele>
      </trkpt>
      <trkpt lat="55.94142" lon="-4.31787">
        <ele>56.77</ele>
      </trkpt>
      <trkpt lat="55.94143" lon="-4.31788">
        <ele>56.63</ele>
      </trkpt>
      <trkpt lat="55.94147" lon="-4.3179">
        <ele>55.98</ele>
      </trkpt>
      <trkpt lat="55.94151" lon="-4.31794">
        <ele>55.4</ele>
      </trkpt>
      <trkpt lat="55.94154" lon="-4.318">
        <ele>55.08</ele>
      </trkpt>
      <trkpt lat="55.94157" lon="-4.31806">
        <ele>54.73</ele>
      </trkpt>
      <trkpt lat="55.94161" lon="-4.31813">
        <ele>53.81</ele>
      </trkpt>
      <trkpt lat="55.94163" lon="-4.3182">
        <ele>53.21</ele>
      </trkpt>
      <trkpt lat="55.94166" lon="-4.31827">
        <ele>52.37</ele>
      </trkpt>
      <trkpt lat="55.94168" lon="-4.31833">
        <ele>52.01</ele>
      </trkpt>
      <trkpt lat="55.94174" lon="-4.31835">
        <ele>51.96</ele>
      </trkpt>
      <trkpt lat="55.94178" lon="-4.31836">
        <ele>51.94</ele>
      </trkpt>
      <trkpt lat="55.94183" lon="-4.31836">
        <ele>51.96</ele>
      </trkpt>
      <trkpt lat="55.94188" lon="-4.31836">
        <ele>51.98</ele>
      </trkpt>
      <trkpt lat="55.94192" lon="-4.31836">
        <ele>51.99</ele>
      </trkpt>
      <trkpt lat="55.94197" lon="-4.31835">
        <ele>52.0</ele>
      </trkpt>
      <trkpt lat="55.94198" lon="-4.31835">
        <ele>52.0</ele>
      </trkpt>
      <trkpt lat="55.94202" lon="-4.31835">
        <ele>52.0</ele>
      </trkpt>
      <trkpt lat="55.94207" lon="-4.31835">
        <ele>52.0</ele>
      </trkpt>
      <trkpt lat="55.94212" lon="-4.31835">
        <ele>52.0</ele>
      </trkpt>
      <trkpt lat="55.94216" lon="-4.31836">
        <ele>52.0</ele>
      </trkpt>
      <trkpt lat="55.94221" lon="-4.3184">
        <ele>52.0</ele>
      </trkpt>
      <trkpt lat="55.94225" lon="-4.31844">
        <ele>51.84</ele>
      </trkpt>
      <trkpt lat="55.94229" lon="-4.31848">
        <ele>51.64</ele>
      </trkpt>
      <trkpt lat="55.94233" lon="-4.31852">
        <ele>51.48</ele>
      </trkpt>
      <trkpt lat="55.94237" lon="-4.31855">
        <ele>51.35</ele>
      </trkpt>
      <trkpt lat="55.9424" lon="-4.31858">
        <ele>51.29</ele>
      </trkpt>
      <trkpt lat="55.94276" lon="-4.31889">
        <ele>55.88</ele>
      </trkpt>
      <trkpt lat="55.94289" lon="-4.31896">
        <ele>55.4</ele>
      </trkpt>
      <trkpt lat="55.94318" lon="-4.31924">
        <ele>55.18</ele>
      </trkpt>
      <trkpt lat="55.94346" lon="-4.31949">
        <ele>54.12</ele>
      </trkpt>
      <trkpt lat="55.94359" lon="-4.31956">
        <ele>53.48</ele>
      </trkpt>
      <trkpt lat="55.94378" lon="-4.31978">
        <ele>53.36</ele>
      </trkpt>
      <trkpt lat="55.94421" lon="-4.3201">
        <ele>52.9</ele>
      </trkpt>
      <trkpt lat="55.94469" lon="-4.32046">
        <ele>52.65</ele>
      </trkpt>
      <trkpt lat="55.94503" lon="-4.32062">
        <ele>57.09</ele>
      </trkpt>
      <trkpt lat="55.94504" lon="-4.32062">
        <ele>57.12</ele>
      </trkpt>
      <trkpt lat="55.94508" lon="-4.32065">
        <ele>57.09</ele>
      </trkpt>
      <trkpt lat="55.94512" lon="-4.32069">
        <ele>56.82</ele>
      </trkpt>
      <trkpt lat="55.94513" lon="-4.32077">
        <ele>56.13</ele>
      </trkpt>
      <trkpt lat="55.94514" lon="-4.32086">
        <ele>55.49</ele>
      </trkpt>
      <trkpt lat="55.94515" lon="-4.32095">
        <ele>55.31</ele>
      </trkpt>
      <trkpt lat="55.94515" lon="-4.32103">
        <ele>55.27</ele>
      </trkpt>
      <trkpt lat="55.94515" lon="-4.32111">
        <ele>55.22</ele>
      </trkpt>
      <trkpt lat="55.94517" lon="-4.3212">
        <ele>54.77</ele>
      </trkpt>
      <trkpt lat="55.94521" lon="-4.32123">
        <ele>53.59</ele>
      </trkpt>
      <trkpt lat="55.94525" lon="-4.32127">
        <ele>52.3</ele>
      </trkpt>
      <trkpt lat="55.94529" lon="-4.32132">
        <ele>50.91</ele>
      </trkpt>
      <trkpt lat="55.94532" lon="-4.32136">
        <ele>49.82</ele>
      </trkpt>
      <trkpt lat="55.94537" lon="-4.3214">
        <ele>48.04</ele>
      </trkpt>
      <trkpt lat="55.94541" lon="-4.32144">
        <ele>46.73</ele>
      </trkpt>
      <trkpt lat="55.94543" lon="-4.32145">
        <ele>46.03</ele>
      </trkpt>
      <trkpt lat="55.94544" lon="-4.32145">
        <ele>45.67</ele>
      </trkpt>
      <trkpt lat="55.94549" lon="-4.32149">
        <ele>43.74</ele>
      </trkpt>
      <trkpt lat="55.94553" lon="-4.32152">
        <ele>42.06</ele>
      </trkpt>
      <trkpt lat="55.94558" lon="-4.32153">
        <ele>40.24</ele>
      </trkpt>
      <trkpt lat="55.94562" lon="-4.32153">
        <ele>39.01</ele>
      </trkpt>
      <trkpt lat="55.94567" lon="-4.32154">
        <ele>37.43</ele>
      </trkpt>
      <trkpt lat="55.94572" lon="-4.32156">
        <ele>35.8</ele>
      </trkpt>
      <trkpt lat="55.94576" lon="-4.3216">
        <ele>34.42</ele>
      </trkpt>
      <trkpt lat="55.9458" lon="-4.32164">
        <ele>33.07</ele>
      </trkpt>
      <trkpt lat="55.94585" lon="-4.32167">
        <ele>31.92</ele>
      </trkpt>
      <trkpt lat="55.9459" lon="-4.32168">
        <ele>31.65</ele>
      </trkpt>
      <trkpt lat="55.94594" lon="-4.32168">
        <ele>31.5</ele>
      </trkpt>
      <trkpt lat="55.94599" lon="-4.32169">
        <ele>31.22</ele>
      </trkpt>
      <trkpt lat="55.94603" lon="-4.3217">
        <ele>30.97</ele>
      </trkpt>
      <trkpt lat="55.94608" lon="-4.32172">
        <ele>30.56</ele>
      </trkpt>
      <trkpt lat="55.94613" lon="-4.32175">
        <ele>30.23</ele>
      </trkpt>
      <trkpt lat="55.94615" lon="-4.32175">
        <ele>30.37</ele>
      </trkpt>
      <trkpt lat="55.94616" lon="-4.32177">
        <ele>30.26</ele>
      </trkpt>
      <trkpt lat="55.9462" lon="-4.32181">
        <ele>30.27</ele>
      </trkpt>
      <trkpt lat="55.94625" lon="-4.32185">
        <ele>30.51</ele>
      </trkpt>
      <trkpt lat="55.9463" lon="-4.32188">
        <ele>30.94</ele>
      </trkpt>
      <trkpt lat="55.94635" lon="-4.32189">
        <ele>31.52</ele>
      </trkpt>
      <trkpt lat="55.94639" lon="-4.32191">
        <ele>32.0</ele>
      </trkpt>
      <trkpt lat="55.94644" lon="-4.32192">
        <ele>31.9</ele>
      </trkpt>
      <trkpt lat="55.94649" lon="-4.32194">
        <ele>31.67</ele>
      </trkpt>
      <trkpt lat="55.94654" lon="-4.32195">
        <ele>31.43</ele>
      </trkpt>
      <trkpt lat="55.94659" lon="-4.32197">
        <ele>31.2</ele>
      </trkpt>
      <trkpt lat="55.94664" lon="-4.32199">
        <ele>31.05</ele>
      </trkpt>
      <trkpt lat="55.94669" lon="-4.32201">
        <ele>32.74</ele>
      </trkpt>
      <trkpt lat="55.94669" lon="-4.32201">
        <ele>32.74</ele>
      </trkpt>
      <trkpt lat="55.9467" lon="-4.32202">
        <ele>33.49</ele>
      </trkpt>
      <trkpt lat="55.94675" lon="-4.32204">
        <ele>37.2</ele>
      </trkpt>
      <trkpt lat="55.94681" lon="-4.32206">
        <ele>41.62</ele>
      </trkpt>
      <trkpt lat="55.94686" lon="-4.32209">
        <ele>45.25</ele>
      </trkpt>
      <trkpt lat="55.9469" lon="-4.32211">
        <ele>48.14</ele>
      </trkpt>
      <trkpt lat="55.94695" lon="-4.32212">
        <ele>51.59</ele>
      </trkpt>
      <trkpt lat="55.94701" lon="-4.32214">
        <ele>53.89</ele>
      </trkpt>
      <trkpt lat="55.94706" lon="-4.32215">
        <ele>55.84</ele>
      </trkpt>
      <trkpt lat="55.9471" lon="-4.32215">
        <ele>57.42</ele>
      </trkpt>
      <trkpt lat="55.94715" lon="-4.32217">
        <ele>59.33</ele>
      </trkpt>
      <trkpt lat="55.9472" lon="-4.32218">
        <ele>61.27</ele>
      </trkpt>
      <trkpt lat="55.94725" lon="-4.32218">
        <ele>62.24</ele>
      </trkpt>
      <trkpt lat="55.9473" lon="-4.32218">
        <ele>62.39</ele>
      </trkpt>
      <trkpt lat="55.94735" lon="-4.32217">
        <ele>62.56</ele>
      </trkpt>
      <trkpt lat="55.94737" lon="-4.32217">
        <ele>62.62</ele>
      </trkpt>
      <trkpt lat="55.94811" lon="-4.32182">
        <ele>69.76</ele>
      </trkpt>
      <trkpt lat="55.94812" lon="-4.32182">
        <ele>69.74</ele>
      </trkpt>
      <trkpt lat="55.94817" lon="-4.3218">
        <ele>69.58</ele>
      </trkpt>
      <trkpt lat="55.9482" lon="-4.32179">
        <ele>69.42</ele>
      </trkpt>
      <trkpt lat="55.94824" lon="-4.32177">
        <ele>69.08</ele>
      </trkpt>
      <trkpt lat="55.94857" lon="-4.32161">
        <ele>59.33</ele>
      </trkpt>
      <trkpt lat="55.94865" lon="-4.32157">
        <ele>57.92</ele>
      </trkpt>
      <trkpt lat="55.94878" lon="-4.32157">
        <ele>57.66</ele>
      </trkpt>
      <trkpt lat="55.9489" lon="-4.32164">
        <ele>55.58</ele>
      </trkpt>
      <trkpt lat="55.94928" lon="-4.32199">
        <ele>57.2</ele>
      </trkpt>
      <trkpt lat="55.94939" lon="-4.32212">
        <ele>55.42</ele>
      </trkpt>
      <trkpt lat="55.94954" lon="-4.32235">
        <ele>52.05</ele>
      </trkpt>
      <trkpt lat="55.94989" lon="-4.3223">
        <ele>51.91</ele>
      </trkpt>
      <trkpt lat="55.95027" lon="-4.32217">
        <ele>55.3</ele>
      </trkpt>
      <trkpt lat="55.9506" lon="-4.32211">
        <ele>61.19</ele>
      </trkpt>
      <trkpt lat="55.95077" lon="-4.32206">
        <ele>64.78</ele>
      </trkpt>
      <trkpt lat="55.95108" lon="-4.32181">
        <ele>72.54</ele>
      </trkpt>
      <trkpt lat="55.95146" lon="-4.32159">
        <ele>80.84</ele>
      </trkpt>
      <trkpt lat="55.95157" lon="-4.32149">
        <ele>82.37</ele>
      </trkpt>
      <trkpt lat="55.95168" lon="-4.32135">
        <ele>84.32</ele>
      </trkpt>
      <trkpt lat="55.95194" lon="-4.32107">
        <ele>85.85</ele>
      </trkpt>
      <trkpt lat="55.95207" lon="-4.32089">
        <ele>83.66</ele>
      </trkpt>
      <trkpt lat="55.95213" lon="-4.32086">
        <ele>82.96</ele>
      </trkpt>
      <trkpt lat="55.95225" lon="-4.32091">
        <ele>81.87</ele>
      </trkpt>
      <trkpt lat="55.95263" lon="-4.32123">
        <ele>80.97</ele>
      </trkpt>
      <trkpt lat="55.95312" lon="-4.32173">
        <ele>79.04</ele>
      </trkpt>
      <trkpt lat="55.95328" lon="-4.32192">
        <ele>82.64</ele>
      </trkpt>
      <trkpt lat="55.95335" lon="-4.32201">
        <ele>82.71</ele>
      </trkpt>
      <trkpt lat="55.95347" lon="-4.32216">
        <ele>82.92</ele>
      </trkpt>
      <trkpt lat="55.95373" lon="-4.32275">
        <ele>85.18</ele>
      </trkpt>
      <trkpt lat="55.95383" lon="-4.32302">
        <ele>85.14</ele>
      </trkpt>
      <trkpt lat="55.95393" lon="-4.32341">
        <ele>87.91</ele>
      </trkpt>
      <trkpt lat="55.95414" lon="-4.3243">
        <ele>89.88</ele>
      </trkpt>
      <trkpt lat="55.95463" lon="-4.32554">
        <ele>84.69</ele>
      </trkpt>
      <trkpt lat="55.95481" lon="-4.3261">
        <ele>82.7</ele>
      </trkpt>
      <trkpt lat="55.9551" lon="-4.32716">
        <ele>84.8</ele>
      </trkpt>
      <trkpt lat="55.95519" lon="-4.32742">
        <ele>88.29</ele>
      </trkpt>
      <trkpt lat="55.95523" lon="-4.32751">
        <ele>89.35</ele>
      </trkpt>
      <trkpt lat="55.95531" lon="-4.32768">
        <ele>87.51</ele>
      </trkpt>
      <trkpt lat="55.95562" lon="-4.3282">
        <ele>82.37</ele>
      </trkpt>
      <trkpt lat="55.95572" lon="-4.32849">
        <ele>87.14</ele>
      </trkpt>
      <trkpt lat="55.95576" lon="-4.32867">
        <ele>90.84</ele>
      </trkpt>
      <trkpt lat="55.95577" lon="-4.32869">
        <ele>90.84</ele>
      </trkpt>
      <trkpt lat="55.95578" lon="-4.32878">
        <ele>90.14</ele>
      </trkpt>
      <trkpt lat="55.95579" lon="-4.32885">
        <ele>89.62</ele>
      </trkpt>
      <trkpt lat="55.95581" lon="-4.32893">
        <ele>88.88</ele>
      </trkpt>
      <trkpt lat="55.95582" lon="-4.32901">
        <ele>87.64</ele>
      </trkpt>
      <trkpt lat="55.95583" lon="-4.32909">
        <ele>86.35</ele>
      </trkpt>
      <trkpt lat="55.95586" lon="-4.32916">
        <ele>85.02</ele>
      </trkpt>
      <trkpt lat="55.95588" lon="-4.32923">
        <ele>83.54</ele>
      </trkpt>
      <trkpt lat="55.95591" lon="-4.32929">
        <ele>82.31</ele>
      </trkpt>
      <trkpt lat="55.95594" lon="-4.32935">
        <ele>81.16</ele>
      </trkpt>
      <trkpt lat="55.95597" lon="-4.32942">
        <ele>79.93</ele>
      </trkpt>
      <trkpt lat="55.956" lon="-4.32948">
        <ele>78.88</ele>
      </trkpt>
      <trkpt lat="55.95601" lon="-4.3295">
        <ele>78.51</ele>
      </trkpt>
      <trkpt lat="55.95608" lon="-4.3296">
        <ele>76.59</ele>
      </trkpt>
      <trkpt lat="55.95622" lon="-4.32977">
        <ele>74.06</ele>
      </trkpt>
      <trkpt lat="55.95623" lon="-4.32978">
        <ele>74.12</ele>
      </trkpt>
      <trkpt lat="55.95627" lon="-4.32981">
        <ele>74.45</ele>
      </trkpt>
      <trkpt lat="55.95631" lon="-4.32985">
        <ele>75.06</ele>
      </trkpt>
      <trkpt lat="55.95632" lon="-4.32985">
        <ele>75.16</ele>
      </trkpt>
      <trkpt lat="55.95635" lon="-4.32989">
        <ele>75.91</ele>
      </trkpt>
      <trkpt lat="55.95638" lon="-4.32992">
        <ele>76.71</ele>
      </trkpt>
      <trkpt lat="55.95655" lon="-4.33007">
        <ele>79.84</ele>
      </trkpt>
      <trkpt lat="55.95676" lon="-4.33031">
        <ele>84.23</ele>
      </trkpt>
      <trkpt lat="55.95719" lon="-4.33094">
        <ele>81.12</ele>
      </trkpt>
      <trkpt lat="55.95731" lon="-4.33109">
        <ele>80.1</ele>
      </trkpt>
      <trkpt lat="55.95732" lon="-4.33111">
        <ele>80.06</ele>
      </trkpt>
      <trkpt lat="55.95735" lon="-4.33117">
        <ele>80.04</ele>
      </trkpt>
      <trkpt lat="55.95739" lon="-4.33123">
        <ele>80.3</ele>
      </trkpt>
      <trkpt lat="55.95742" lon="-4.33128">
        <ele>80.61</ele>
      </trkpt>
      <trkpt lat="55.95746" lon="-4.33133">
        <ele>81.23</ele>
      </trkpt>
      <trkpt lat="55.9575" lon="-4.33138">
        <ele>82.0</ele>
      </trkpt>
      <trkpt lat="55.95754" lon="-4.33144">
        <ele>82.35</ele>
      </trkpt>
      <trkpt lat="55.95757" lon="-4.33149">
        <ele>82.76</ele>
      </trkpt>
      <trkpt lat="55.95761" lon="-4.33155">
        <ele>83.53</ele>
      </trkpt>
      <trkpt lat="55.95765" lon="-4.3316">
        <ele>84.5</ele>
      </trkpt>
      <trkpt lat="55.95769" lon="-4.33165">
        <ele>85.68</ele>
      </trkpt>
      <trkpt lat="55.95774" lon="-4.33168">
        <ele>86.84</ele>
      </trkpt>
      <trkpt lat="55.95778" lon="-4.3317">
        <ele>87.37</ele>
      </trkpt>
      <trkpt lat="55.95783" lon="-4.33171">
        <ele>86.56</ele>
      </trkpt>
      <trkpt lat="55.95787" lon="-4.33171">
        <ele>86.05</ele>
      </trkpt>
      <trkpt lat="55.95791" lon="-4.33167">
        <ele>86.05</ele>
      </trkpt>
      <trkpt lat="55.95792" lon="-4.33166">
        <ele>85.93</ele>
      </trkpt>
      <trkpt lat="55.95794" lon="-4.33165">
        <ele>85.62</ele>
      </trkpt>
      <trkpt lat="55.95794" lon="-4.33165">
        <ele>85.62</ele>
      </trkpt>
      <trkpt lat="55.9582" lon="-4.33131">
        <ele>83.79</ele>
      </trkpt>
      <trkpt lat="55.95822" lon="-4.33129">
        <ele>83.83</ele>
      </trkpt>
      <trkpt lat="55.95823" lon="-4.33128">
        <ele>83.86</ele>
      </trkpt>
      <trkpt lat="55.95827" lon="-4.33125">
        <ele>83.96</ele>
      </trkpt>
      <trkpt lat="55.95831" lon="-4.33122">
        <ele>84.17</ele>
      </trkpt>
      <trkpt lat="55.95836" lon="-4.3312">
        <ele>83.95</ele>
      </trkpt>
      <trkpt lat="55.9584" lon="-4.33122">
        <ele>82.93</ele>
      </trkpt>
      <trkpt lat="55.95845" lon="-4.33126">
        <ele>81.45</ele>
      </trkpt>
      <trkpt lat="55.95849" lon="-4.3313">
        <ele>80.16</ele>
      </trkpt>
      <trkpt lat="55.95853" lon="-4.33133">
        <ele>79.08</ele>
      </trkpt>
      <trkpt lat="55.95858" lon="-4.33137">
        <ele>77.73</ele>
      </trkpt>
      <trkpt lat="55.95862" lon="-4.3314">
        <ele>76.9</ele>
      </trkpt>
      <trkpt lat="55.95867" lon="-4.33145">
        <ele>76.63</ele>
      </trkpt>
      <trkpt lat="55.95871" lon="-4.33148">
        <ele>76.66</ele>
      </trkpt>
      <trkpt lat="55.95875" lon="-4.33152">
        <ele>76.61</ele>
      </trkpt>
      <trkpt lat="55.95875" lon="-4.33152">
        <ele>76.61</ele>
      </trkpt>
      <trkpt lat="55.95901" lon="-4.33178">
        <ele>82.56</ele>
      </trkpt>
      <trkpt lat="55.95901" lon="-4.33178">
        <ele>82.56</ele>
      </trkpt>
      <trkpt lat="55.95905" lon="-4.33183">
        <ele>84.73</ele>
      </trkpt>
      <trkpt lat="55.95908" lon="-4.33188">
        <ele>86.52</ele>
      </trkpt>
      <trkpt lat="55.95911" lon="-4.33195">
        <ele>88.47</ele>
      </trkpt>
      <trkpt lat="55.95914" lon="-4.33202">
        <ele>89.38</ele>
      </trkpt>
      <trkpt lat="55.95915" lon="-4.33211">
        <ele>88.74</ele>
      </trkpt>
      <trkpt lat="55.95917" lon="-4.33219">
        <ele>88.59</ele>
      </trkpt>
      <trkpt lat="55.95919" lon="-4.33226">
        <ele>88.77</ele>
      </trkpt>
      <trkpt lat="55.95921" lon="-4.33234">
        <ele>89.16</ele>
      </trkpt>
      <trkpt lat="55.95924" lon="-4.33241">
        <ele>89.87</ele>
      </trkpt>
      <trkpt lat="55.95926" lon="-4.33248">
        <ele>90.14</ele>
      </trkpt>
      <trkpt lat="55.95929" lon="-4.33256">
        <ele>90.68</ele>
      </trkpt>
      <trkpt lat="55.95931" lon="-4.33263">
        <ele>90.93</ele>
      </trkpt>
      <trkpt lat="55.95931" lon="-4.33264">
        <ele>90.88</ele>
      </trkpt>
      <trkpt lat="55.95932" lon="-4.33265">
        <ele>91.13</ele>
      </trkpt>
      <trkpt lat="55.95934" lon="-4.33272">
        <ele>91.33</ele>
      </trkpt>
      <trkpt lat="55.95937" lon="-4.33278">
        <ele>91.85</ele>
      </trkpt>
      <trkpt lat="55.95939" lon="-4.33282">
        <ele>92.31</ele>
      </trkpt>
      <trkpt lat="55.95941" lon="-4.33286">
        <ele>92.75</ele>
      </trkpt>
      <trkpt lat="55.95959" lon="-4.33323">
        <ele>94.89</ele>
      </trkpt>
      <trkpt lat="55.95984" lon="-4.3336">
        <ele>97.3</ele>
      </trkpt>
      <trkpt lat="55.96025" lon="-4.3343">
        <ele>99.91</ele>
      </trkpt>
      <trkpt lat="55.96052" lon="-4.33495">
        <ele>110.52</ele>
      </trkpt>
      <trkpt lat="55.96064" lon="-4.33524">
        <ele>109.33</ele>
      </trkpt>
      <trkpt lat="55.9609" lon="-4.33577">
        <ele>101.87</ele>
      </trkpt>
      <trkpt lat="55.96129" lon="-4.33648">
        <ele>105.48</ele>
      </trkpt>
      <trkpt lat="55.96146" lon="-4.33673">
        <ele>105.66</ele>
      </trkpt>
      <trkpt lat="55.96158" lon="-4.33687">
        <ele>106.13</ele>
      </trkpt>
      <trkpt lat="55.96159" lon="-4.33689">
        <ele>106.3</ele>
      </trkpt>
      <trkpt lat="55.96163" lon="-4.33695">
        <ele>106.82</ele>
      </trkpt>
      <trkpt lat="55.96166" lon="-4.337">
        <ele>106.56</ele>
      </trkpt>
      <trkpt lat="55.96169" lon="-4.33708">
        <ele>105.43</ele>
      </trkpt>
      <trkpt lat="55.96171" lon="-4.33715">
        <ele>104.58</ele>
      </trkpt>
      <trkpt lat="55.96173" lon="-4.33723">
        <ele>103.87</ele>
      </trkpt>
      <trkpt lat="55.96174" lon="-4.33731">
        <ele>103.97</ele>
      </trkpt>
      <trkpt lat="55.96176" lon="-4.33739">
        <ele>104.34</ele>
      </trkpt>
      <trkpt lat="55.96178" lon="-4.33747">
        <ele>105.18</ele>
      </trkpt>
      <trkpt lat="55.96179" lon="-4.33756">
        <ele>106.0</ele>
      </trkpt>
      <trkpt lat="55.96181" lon="-4.33763">
        <ele>106.49</ele>
      </trkpt>
      <trkpt lat="55.96182" lon="-4.33769">
        <ele>106.64</ele>
      </trkpt>
      <trkpt lat="55.96186" lon="-4.33787">
        <ele>105.65</ele>
      </trkpt>
      <trkpt lat="55.96203" lon="-4.33846">
        <ele>102.61</ele>
      </trkpt>
      <trkpt lat="55.96232" lon="-4.33921">
        <ele>109.5</ele>
      </trkpt>
      <trkpt lat="55.96285" lon="-4.34075">
        <ele>102.66</ele>
      </trkpt>
      <trkpt lat="55.96299" lon="-4.34109">
        <ele>103.68</ele>
      </trkpt>
      <trkpt lat="55.96309" lon="-4.34129">
        <ele>105.32</ele>
      </trkpt>
      <trkpt lat="55.96313" lon="-4.34136">
        <ele>105.85</ele>
      </trkpt>
      <trkpt lat="55.96337" lon="-4.3417">
        <ele>108.15</ele>
      </trkpt>
      <trkpt lat="55.96363" lon="-4.34225">
        <ele>103.65</ele>
      </trkpt>
      <trkpt lat="55.96363" lon="-4.34226">
        <ele>103.42</ele>
      </trkpt>
      <trkpt lat="55.96366" lon="-4.34232">
        <ele>103.86</ele>
      </trkpt>
      <trkpt lat="55.9637" lon="-4.34239">
        <ele>104.3</ele>
      </trkpt>
      <trkpt lat="55.96374" lon="-4.34245">
        <ele>104.61</ele>
      </trkpt>
      <trkpt lat="55.96377" lon="-4.34252">
        <ele>104.58</ele>
      </trkpt>
      <trkpt lat="55.96378" lon="-4.3426">
        <ele>105.53</ele>
      </trkpt>
      <trkpt lat="55.96375" lon="-4.34265">
        <ele>104.85</ele>
      </trkpt>
      <trkpt lat="55.96371" lon="-4.34269">
        <ele>104.03</ele>
      </trkpt>
      <trkpt lat="55.96366" lon="-4.34273">
        <ele>103.24</ele>
      </trkpt>
      <trkpt lat="55.96362" lon="-4.34276">
        <ele>102.82</ele>
      </trkpt>
      <trkpt lat="55.96358" lon="-4.34279">
        <ele>102.64</ele>
      </trkpt>
      <trkpt lat="55.96354" lon="-4.34284">
        <ele>102.42</ele>
      </trkpt>
      <trkpt lat="55.96352" lon="-4.34291">
        <ele>102.64</ele>
      </trkpt>
      <trkpt lat="55.96352" lon="-4.34299">
        <ele>103.22</ele>
      </trkpt>
      <trkpt lat="55.96353" lon="-4.34307">
        <ele>103.49</ele>
      </trkpt>
      <trkpt lat="55.96355" lon="-4.34314">
        <ele>101.92</ele>
      </trkpt>
      <trkpt lat="55.96356" lon="-4.34315">
        <ele>101.7</ele>
      </trkpt>
      <trkpt lat="55.96361" lon="-4.34328">
        <ele>97.74</ele>
      </trkpt>
      <trkpt lat="55.96369" lon="-4.34344">
        <ele>95.0</ele>
      </trkpt>
      <trkpt lat="55.96381" lon="-4.34353">
        <ele>93.06</ele>
      </trkpt>
      <trkpt lat="55.96395" lon="-4.34355">
        <ele>92.54</ele>
      </trkpt>
      <trkpt lat="55.96418" lon="-4.34351">
        <ele>95.7</ele>
      </trkpt>
      <trkpt lat="55.96428" lon="-4.34353">
        <ele>97.53</ele>
      </trkpt>
      <trkpt lat="55.96442" lon="-4.34364">
        <ele>101.54</ele>
      </trkpt>
      <trkpt lat="55.96453" lon="-4.34378">
        <ele>102.7</ele>
      </trkpt>
      <trkpt lat="55.96485" lon="-4.34431">
        <ele>100.8</ele>
      </trkpt>
      <trkpt lat="55.96498" lon="-4.34446">
        <ele>100.5</ele>
      </trkpt>
      <trkpt lat="55.96528" lon="-4.3449">
        <ele>100.12</ele>
      </trkpt>
      <trkpt lat="55.96559" lon="-4.34539">
        <ele>99.54</ele>
      </trkpt>
      <trkpt lat="55.9659" lon="-4.34571">
        <ele>98.22</ele>
      </trkpt>
      <trkpt lat="55.9662" lon="-4.34588">
        <ele>98.07</ele>
      </trkpt>
      <trkpt lat="55.9667" lon="-4.346">
        <ele>103.05</ele>
      </trkpt>
      <trkpt lat="55.96733" lon="-4.34635">
        <ele>106.69</ele>
      </trkpt>
      <trkpt lat="55.96788" lon="-4.34645">
        <ele>108.33</ele>
      </trkpt>
      <trkpt lat="55.96799" lon="-4.3466">
        <ele>108.54</ele>
      </trkpt>
      <trkpt lat="55.96805" lon="-4.34667">
        <ele>108.84</ele>
      </trkpt>
      <trkpt lat="55.96817" lon="-4.3474">
        <ele>104.42</ele>
      </trkpt>
      <trkpt lat="55.9683" lon="-4.34782">
        <ele>97.25</ele>
      </trkpt>
      <trkpt lat="55.96849" lon="-4.34814">
        <ele>101.7</ele>
      </trkpt>
      <trkpt lat="55.96871" lon="-4.34845">
        <ele>106.55</ele>
      </trkpt>
      <trkpt lat="55.96883" lon="-4.34858">
        <ele>105.87</ele>
      </trkpt>
      <trkpt lat="55.96893" lon="-4.34862">
        <ele>106.81</ele>
      </trkpt>
      <trkpt lat="55.96903" lon="-4.34863">
        <ele>111.16</ele>
      </trkpt>
      <trkpt lat="55.96929" lon="-4.34859">
        <ele>119.35</ele>
      </trkpt>
      <trkpt lat="55.96979" lon="-4.34846">
        <ele>123.36</ele>
      </trkpt>
      <trkpt lat="55.96986" lon="-4.34847">
        <ele>122.8</ele>
      </trkpt>
      <trkpt lat="55.96994" lon="-4.34852">
        <ele>121.33</ele>
      </trkpt>
      <trkpt lat="55.96999" lon="-4.34859">
        <ele>119.53</ele>
      </trkpt>
      <trkpt lat="55.97022" lon="-4.34928">
        <ele>117.44</ele>
      </trkpt>
      <trkpt lat="55.97033" lon="-4.34944">
        <ele>116.03</ele>
      </trkpt>
      <trkpt lat="55.9704" lon="-4.34948">
        <ele>116.46</ele>
      </trkpt>
      <trkpt lat="55.97064" lon="-4.34955">
        <ele>117.38</ele>
      </trkpt>
      <trkpt lat="55.97075" lon="-4.34955">
        <ele>117.93</ele>
      </trkpt>
      <trkpt lat="55.97077" lon="-4.34954">
        <ele>118.29</ele>
      </trkpt>
      <trkpt lat="55.971" lon="-4.34932">
        <ele>122.76</ele>
      </trkpt>
      <trkpt lat="55.97107" lon="-4.34932">
        <ele>122.37</ele>
      </trkpt>
      <trkpt lat="55.97109" lon="-4.34931">
        <ele>122.5</ele>
      </trkpt>
      <trkpt lat="55.97116" lon="-4.34933">
        <ele>120.99</ele>
      </trkpt>
      <trkpt lat="55.97127" lon="-4.3494">
        <ele>117.95</ele>
      </trkpt>
      <trkpt lat="55.9714" lon="-4.34947">
        <ele>115.64</ele>
      </trkpt>
      <trkpt lat="55.97167" lon="-4.34962">
        <ele>114.06</ele>
      </trkpt>
      <trkpt lat="55.97197" lon="-4.34978">
        <ele>111.52</ele>
      </trkpt>
      <trkpt lat="55.97206" lon="-4.34983">
        <ele>114.8</ele>
      </trkpt>
      <trkpt lat="55.97217" lon="-4.34989">
        <ele>118.61</ele>
      </trkpt>
      <trkpt lat="55.97228" lon="-4.34992">
        <ele>120.11</ele>
      </trkpt>
      <trkpt lat="55.9724" lon="-4.34995">
        <ele>120.33</ele>
      </trkpt>
      <trkpt lat="55.97249" lon="-4.34995">
        <ele>119.8</ele>
      </trkpt>
      <trkpt lat="55.97316" lon="-4.34991">
        <ele>111.32</ele>
      </trkpt>
      <trkpt lat="55.97372" lon="-4.34988">
        <ele>110.37</ele>
      </trkpt>
      <trkpt lat="55.97428" lon="-4.34984">
        <ele>107.78</ele>
      </trkpt>
      <trkpt lat="55.97475" lon="-4.3498">
        <ele>109.9</ele>
      </trkpt>
      <trkpt lat="55.97521" lon="-4.34976">
        <ele>120.28</ele>
      </trkpt>
      <trkpt lat="55.97568" lon="-4.34973">
        <ele>119.22</ele>
      </trkpt>
      <trkpt lat="55.97615" lon="-4.34969">
        <ele>115.26</ele>
      </trkpt>
      <trkpt lat="55.97661" lon="-4.34965">
        <ele>119.91</ele>
      </trkpt>
      <trkpt lat="55.97708" lon="-4.34961">
        <ele>114.71</ele>
      </trkpt>
      <trkpt lat="55.97757" lon="-4.34958">
        <ele>127.4</ele>
      </trkpt>
      <trkpt lat="55.97807" lon="-4.34955">
        <ele>136.05</ele>
      </trkpt>
      <trkpt lat="55.97856" lon="-4.34952">
        <ele>132.87</ele>
      </trkpt>
      <trkpt lat="55.97911" lon="-4.34947">
        <ele>131.15</ele>
      </trkpt>
      <trkpt lat="55.97965" lon="-4.34942">
        <ele>137.24</ele>
      </trkpt>
      <trkpt lat="55.9802" lon="-4.34937">
        <ele>142.81</ele>
      </trkpt>
      <trkpt lat="55.98058" lon="-4.34937">
        <ele>133.44</ele>
      </trkpt>
      <trkpt lat="55.9807" lon="-4.34941">
        <ele>132.25</ele>
      </trkpt>
      <trkpt lat="55.98094" lon="-4.34955">
        <ele>132.38</ele>
      </trkpt>
      <trkpt lat="55.98095" lon="-4.34956">
        <ele>132.49</ele>
      </trkpt>
      <trkpt lat="55.981" lon="-4.34958">
        <ele>132.77</ele>
      </trkpt>
      <trkpt lat="55.98104" lon="-4.34956">
        <ele>132.68</ele>
      </trkpt>
      <trkpt lat="55.98109" lon="-4.34953">
        <ele>132.56</ele>
      </trkpt>
      <trkpt lat="55.98113" lon="-4.34948">
        <ele>132.72</ele>
      </trkpt>
      <trkpt lat="55.98116" lon="-4.34942">
        <ele>133.06</ele>
      </trkpt>
      <trkpt lat="55.98117" lon="-4.3494">
        <ele>133.16</ele>
      </trkpt>
      <trkpt lat="55.98119" lon="-4.34936">
        <ele>133.38</ele>
      </trkpt>
      <trkpt lat="55.9812" lon="-4.34934">
        <ele>133.49</ele>
      </trkpt>
      <trkpt lat="55.98136" lon="-4.34907">
        <ele>135.23</ele>
      </trkpt>
      <trkpt lat="55.98147" lon="-4.34893">
        <ele>135.77</ele>
      </trkpt>
      <trkpt lat="55.98185" lon="-4.34867">
        <ele>136.78</ele>
      </trkpt>
      <trkpt lat="55.9819" lon="-4.34864">
        <ele>135.9</ele>
      </trkpt>
      <trkpt lat="55.9822" lon="-4.34848">
        <ele>128.54</ele>
      </trkpt>
      <trkpt lat="55.98226" lon="-4.34845">
        <ele>127.54</ele>
      </trkpt>
      <trkpt lat="55.98264" lon="-4.34837">
        <ele>128.84</ele>
      </trkpt>
      <trkpt lat="55.98271" lon="-4.34833">
        <ele>129.23</ele>
      </trkpt>
      <trkpt lat="55.98277" lon="-4.34827">
        <ele>129.43</ele>
      </trkpt>
      <trkpt lat="55.9828" lon="-4.34823">
        <ele>128.92</ele>
      </trkpt>
      <trkpt lat="55.98298" lon="-4.34796">
        <ele>125.54</ele>
      </trkpt>
      <trkpt lat="55.98299" lon="-4.34796">
        <ele>125.46</ele>
      </trkpt>
      <trkpt lat="55.98302" lon="-4.34791">
        <ele>125.18</ele>
      </trkpt>
      <trkpt lat="55.98307" lon="-4.34786">
        <ele>125.44</ele>
      </trkpt>
      <trkpt lat="55.98311" lon="-4.34781">
        <ele>126.85</ele>
      </trkpt>
      <trkpt lat="55.98315" lon="-4.34777">
        <ele>128.41</ele>
      </trkpt>
      <trkpt lat="55.9832" lon="-4.34773">
        <ele>130.19</ele>
      </trkpt>
      <trkpt lat="55.98324" lon="-4.3477">
        <ele>131.55</ele>
      </trkpt>
      <trkpt lat="55.98329" lon="-4.34768">
        <ele>133.2</ele>
      </trkpt>
      <trkpt lat="55.98334" lon="-4.34767">
        <ele>134.7</ele>
      </trkpt>
      <trkpt lat="55.98339" lon="-4.34766">
        <ele>135.36</ele>
      </trkpt>
      <trkpt lat="55.98343" lon="-4.34765">
        <ele>135.9</ele>
      </trkpt>
      <trkpt lat="55.98344" lon="-4.34764">
        <ele>136.04</ele>
      </trkpt>
      <trkpt lat="55.98345" lon="-4.34765">
        <ele>136.19</ele>
      </trkpt>
      <trkpt lat="55.98351" lon="-4.34765">
        <ele>137.03</ele>
      </trkpt>
      <trkpt lat="55.98355" lon="-4.34763">
        <ele>137.64</ele>
      </trkpt>
      <trkpt lat="55.98358" lon="-4.34763">
        <ele>138.08</ele>
      </trkpt>
      <trkpt lat="55.98394" lon="-4.34752">
        <ele>136.72</ele>
      </trkpt>
      <trkpt lat="55.98415" lon="-4.34746">
        <ele>137.97</ele>
      </trkpt>
      <trkpt lat="55.98428" lon="-4.34741">
        <ele>138.41</ele>
      </trkpt>
      <trkpt lat="55.98435" lon="-4.34739">
        <ele>138.87</ele>
      </trkpt>
      <trkpt lat="55.98447" lon="-4.34731">
        <ele>137.87</ele>
      </trkpt>
      <trkpt lat="55.98462" lon="-4.3472">
        <ele>131.65</ele>
      </trkpt>
      <trkpt lat="55.98463" lon="-4.34719">
        <ele>131.23</ele>
      </trkpt>
      <trkpt lat="55.98463" lon="-4.34719">
        <ele>131.23</ele>
      </trkpt>
      <trkpt lat="55.9847" lon="-4.34709">
        <ele>128.14</ele>
      </trkpt>
      <trkpt lat="55.98476" lon="-4.34703">
        <ele>126.7</ele>
      </trkpt>
      <trkpt lat="55.98479" lon="-4.347">
        <ele>126.26</ele>
      </trkpt>
      <trkpt lat="55.98488" lon="-4.3469">
        <ele>125.0</ele>
      </trkpt>
      <trkpt lat="55.98491" lon="-4.34688">
        <ele>124.79</ele>
      </trkpt>
      <trkpt lat="55.98494" lon="-4.34685">
        <ele>124.58</ele>
      </trkpt>
      <trkpt lat="55.98503" lon="-4.34673">
        <ele>124.54</ele>
      </trkpt>
      <trkpt lat="55.98511" lon="-4.34655">
        <ele>126.75</ele>
      </trkpt>
      <trkpt lat="55.98533" lon="-4.34624">
        <ele>131.56</ele>
      </trkpt>
      <trkpt lat="55.98545" lon="-4.34604">
        <ele>130.76</ele>
      </trkpt>
      <trkpt lat="55.98552" lon="-4.34596">
        <ele>131.55</ele>
      </trkpt>
      <trkpt lat="55.98561" lon="-4.34591">
        <ele>132.96</ele>
      </trkpt>
      <trkpt lat="55.9859" lon="-4.34576">
        <ele>140.25</ele>
      </trkpt>
      <trkpt lat="55.98606" lon="-4.34568">
        <ele>144.3</ele>
      </trkpt>
      <trkpt lat="55.98619" lon="-4.3456">
        <ele>147.13</ele>
      </trkpt>
      <trkpt lat="55.98636" lon="-4.3455">
        <ele>147.91</ele>
      </trkpt>
      <trkpt lat="55.98637" lon="-4.3455">
        <ele>147.8</ele>
      </trkpt>
      <trkpt lat="55.98641" lon="-4.34546">
        <ele>147.25</ele>
      </trkpt>
      <trkpt lat="55.98645" lon="-4.34541">
        <ele>146.26</ele>
      </trkpt>
      <trkpt lat="55.98649" lon="-4.34538">
        <ele>145.03</ele>
      </trkpt>
      <trkpt lat="55.98654" lon="-4.34535">
        <ele>143.38</ele>
      </trkpt>
      <trkpt lat="55.98658" lon="-4.34534">
        <ele>141.91</ele>
      </trkpt>
      <trkpt lat="55.98663" lon="-4.34533">
        <ele>140.05</ele>
      </trkpt>
      <trkpt lat="55.98667" lon="-4.34533">
        <ele>138.58</ele>
      </trkpt>
      <trkpt lat="55.98672" lon="-4.34534">
        <ele>137.89</ele>
      </trkpt>
      <trkpt lat="55.98676" lon="-4.34537">
        <ele>137.1</ele>
      </trkpt>
      <trkpt lat="55.9868" lon="-4.3454">
        <ele>136.26</ele>
      </trkpt>
      <trkpt lat="55.98684" lon="-4.34545">
        <ele>135.11</ele>
      </trkpt>
      <trkpt lat="55.98685" lon="-4.34546">
        <ele>134.84</ele>
      </trkpt>
      <trkpt lat="55.98688" lon="-4.34552">
        <ele>133.61</ele>
      </trkpt>
      <trkpt lat="55.98693" lon="-4.34567">
        <ele>130.24</ele>
      </trkpt>
      <trkpt lat="55.98694" lon="-4.3459">
        <ele>126.87</ele>
      </trkpt>
      <trkpt lat="55.98693" lon="-4.34645">
        <ele>126.68</ele>
      </trkpt>
      <trkpt lat="55.98693" lon="-4.34712">
        <ele>133.26</ele>
      </trkpt>
      <trkpt lat="55.98693" lon="-4.34712">
        <ele>133.26</ele>
      </trkpt>
      <trkpt lat="55.98693" lon="-4.34721">
        <ele>133.91</ele>
      </trkpt>
      <trkpt lat="55.98692" lon="-4.34771">
        <ele>142.53</ele>
      </trkpt>
      <trkpt lat="55.98693" lon="-4.34796">
        <ele>141.53</ele>
      </trkpt>
      <trkpt lat="55.98694" lon="-4.34819">
        <ele>138.14</ele>
      </trkpt>
      <trkpt lat="55.98696" lon="-4.34838">
        <ele>135.63</ele>
      </trkpt>
      <trkpt lat="55.98698" lon="-4.34862">
        <ele>134.8</ele>
      </trkpt>
      <trkpt lat="55.98703" lon="-4.34891">
        <ele>137.46</ele>
      </trkpt>
      <trkpt lat="55.9871" lon="-4.34925">
        <ele>136.62</ele>
      </trkpt>
      <trkpt lat="55.98732" lon="-4.35023">
        <ele>135.58</ele>
      </trkpt>
      <trkpt lat="55.98736" lon="-4.35045">
        <ele>135.98</ele>
      </trkpt>
      <trkpt lat="55.98739" lon="-4.35066">
        <ele>137.61</ele>
      </trkpt>
      <trkpt lat="55.98742" lon="-4.35091">
        <ele>139.23</ele>
      </trkpt>
      <trkpt lat="55.98743" lon="-4.35112">
        <ele>139.23</ele>
      </trkpt>
      <trkpt lat="55.98744" lon="-4.35144">
        <ele>138.53</ele>
      </trkpt>
      <trkpt lat="55.98743" lon="-4.35176">
        <ele>140.6</ele>
      </trkpt>
      <trkpt lat="55.98743" lon="-4.35193">
        <ele>142.58</ele>
      </trkpt>
      <trkpt lat="55.9874" lon="-4.35264">
        <ele>137.1</ele>
      </trkpt>
      <trkpt lat="55.9874" lon="-4.35287">
        <ele>136.71</ele>
      </trkpt>
      <trkpt lat="55.98743" lon="-4.35296">
        <ele>136.75</ele>
      </trkpt>
      <trkpt lat="55.98749" lon="-4.35286">
        <ele>137.61</ele>
      </trkpt>
      <trkpt lat="55.98807" lon="-4.35253">
        <ele>136.72</ele>
      </trkpt>
      <trkpt lat="55.98894" lon="-4.35203">
        <ele>139.95</ele>
      </trkpt>
      <trkpt lat="55.98904" lon="-4.352">
        <ele>139.19</ele>
      </trkpt>
      <trkpt lat="55.98915" lon="-4.35198">
        <ele>138.16</ele>
      </trkpt>
      <trkpt lat="55.98937" lon="-4.35194">
        <ele>135.88</ele>
      </trkpt>
      <trkpt lat="55.9895" lon="-4.35199">
        <ele>134.77</ele>
      </trkpt>
      <trkpt lat="55.98961" lon="-4.35193">
        <ele>135.94</ele>
      </trkpt>
      <trkpt lat="55.99003" lon="-4.35157">
        <ele>146.82</ele>
      </trkpt>
      <trkpt lat="55.99028" lon="-4.35132">
        <ele>150.48</ele>
      </trkpt>
      <trkpt lat="55.99042" lon="-4.35116">
        <ele>146.18</ele>
      </trkpt>
      <trkpt lat="55.99043" lon="-4.35115">
        <ele>145.99</ele>
      </trkpt>
      <trkpt lat="55.99046" lon="-4.35113">
        <ele>145.57</ele>
      </trkpt>
      <trkpt lat="55.99055" lon="-4.35111">
        <ele>145.01</ele>
      </trkpt>
      <trkpt lat="55.99055" lon="-4.35111">
        <ele>145.01</ele>
      </trkpt>
      <trkpt lat="55.99077" lon="-4.35111">
        <ele>140.39</ele>
      </trkpt>
      <trkpt lat="55.99093" lon="-4.35108">
        <ele>137.85</ele>
      </trkpt>
      <trkpt lat="55.99128" lon="-4.3511">
        <ele>135.63</ele>
      </trkpt>
      <trkpt lat="55.99147" lon="-4.35107">
        <ele>135.06</ele>
      </trkpt>
      <trkpt lat="55.99158" lon="-4.35102">
        <ele>132.29</ele>
      </trkpt>
      <trkpt lat="55.99161" lon="-4.351">
        <ele>131.51</ele>
      </trkpt>
      <trkpt lat="55.99187" lon="-4.35079">
        <ele>125.28</ele>
      </trkpt>
      <trkpt lat="55.99188" lon="-4.35079">
        <ele>125.0</ele>
      </trkpt>
      <trkpt lat="55.99193" lon="-4.35076">
        <ele>123.71</ele>
      </trkpt>
      <trkpt lat="55.99197" lon="-4.35072">
        <ele>123.04</ele>
      </trkpt>
      <trkpt lat="55.99201" lon="-4.3507">
        <ele>122.54</ele>
      </trkpt>
      <trkpt lat="55.99206" lon="-4.3507">
        <ele>121.82</ele>
      </trkpt>
      <trkpt lat="55.99211" lon="-4.35069">
        <ele>121.13</ele>
      </trkpt>
      <trkpt lat="55.99215" lon="-4.35069">
        <ele>120.56</ele>
      </trkpt>
      <trkpt lat="55.99217" lon="-4.35068">
        <ele>120.3</ele>
      </trkpt>
      <trkpt lat="55.99221" lon="-4.35067">
        <ele>119.76</ele>
      </trkpt>
      <trkpt lat="55.99221" lon="-4.35067">
        <ele>119.76</ele>
      </trkpt>
      <trkpt lat="55.99235" lon="-4.35058">
        <ele>117.69</ele>
      </trkpt>
      <trkpt lat="55.99237" lon="-4.35056">
        <ele>117.34</ele>
      </trkpt>
      <trkpt lat="55.99241" lon="-4.35054">
        <ele>116.82</ele>
      </trkpt>
      <trkpt lat="55.99245" lon="-4.3505">
        <ele>116.48</ele>
      </trkpt>
      <trkpt lat="55.9925" lon="-4.35046">
        <ele>115.69</ele>
      </trkpt>
      <trkpt lat="55.99254" lon="-4.35043">
        <ele>115.41</ele>
      </trkpt>
      <trkpt lat="55.99258" lon="-4.35039">
        <ele>115.16</ele>
      </trkpt>
      <trkpt lat="55.99262" lon="-4.35035">
        <ele>114.86</ele>
      </trkpt>
      <trkpt lat="55.99267" lon="-4.35033">
        <ele>114.29</ele>
      </trkpt>
      <trkpt lat="55.99271" lon="-4.35031">
        <ele>113.83</ele>
      </trkpt>
      <trkpt lat="55.99276" lon="-4.3503">
        <ele>113.17</ele>
      </trkpt>
      <trkpt lat="55.99281" lon="-4.35032">
        <ele>111.9</ele>
      </trkpt>
      <trkpt lat="55.99285" lon="-4.35034">
        <ele>110.64</ele>
      </trkpt>
      <trkpt lat="55.9929" lon="-4.35038">
        <ele>108.95</ele>
      </trkpt>
      <trkpt lat="55.99294" lon="-4.35042">
        <ele>107.52</ele>
      </trkpt>
      <trkpt lat="55.99297" lon="-4.35047">
        <ele>106.29</ele>
      </trkpt>
      <trkpt lat="55.99299" lon="-4.35049">
        <ele>105.54</ele>
      </trkpt>
      <trkpt lat="55.99301" lon="-4.35055">
        <ele>104.51</ele>
      </trkpt>
      <trkpt lat="55.99332" lon="-4.35139">
        <ele>101.16</ele>
      </trkpt>
      <trkpt lat="55.99337" lon="-4.35147">
        <ele>102.46</ele>
      </trkpt>
      <trkpt lat="55.99345" lon="-4.35154">
        <ele>103.49</ele>
      </trkpt>
      <trkpt lat="55.99387" lon="-4.35173">
        <ele>103.33</ele>
      </trkpt>
      <trkpt lat="55.99419" lon="-4.35182">
        <ele>97.73</ele>
      </trkpt>
      <trkpt lat="55.99427" lon="-4.35188">
        <ele>95.21</ele>
      </trkpt>
      <trkpt lat="55.99439" lon="-4.352">
        <ele>92.42</ele>
      </trkpt>
      <trkpt lat="55.99446" lon="-4.35214">
        <ele>91.38</ele>
      </trkpt>
      <trkpt lat="55.99465" lon="-4.35261">
        <ele>87.31</ele>
      </trkpt>
      <trkpt lat="55.99479" lon="-4.35307">
        <ele>81.47</ele>
      </trkpt>
      <trkpt lat="55.99533" lon="-4.35556">
        <ele>71.64</ele>
      </trkpt>
      <trkpt lat="55.99538" lon="-4.3559">
        <ele>72.54</ele>
      </trkpt>
      <trkpt lat="55.99538" lon="-4.35615">
        <ele>72.02</ele>
      </trkpt>
      <trkpt lat="55.99535" lon="-4.35667">
        <ele>69.93</ele>
      </trkpt>
      <trkpt lat="55.99533" lon="-4.35677">
        <ele>70.87</ele>
      </trkpt>
      <trkpt lat="55.99531" lon="-4.35699">
        <ele>73.59</ele>
      </trkpt>
      <trkpt lat="55.9953" lon="-4.35714">
        <ele>78.81</ele>
      </trkpt>
      <trkpt lat="55.99534" lon="-4.35723">
        <ele>80.72</ele>
      </trkpt>
      <trkpt lat="55.99544" lon="-4.35735">
        <ele>79.68</ele>
      </trkpt>
      <trkpt lat="55.9955" lon="-4.35738">
        <ele>78.79</ele>
      </trkpt>
      <trkpt lat="55.99561" lon="-4.35739">
        <ele>74.84</ele>
      </trkpt>
      <trkpt lat="55.99576" lon="-4.35752">
        <ele>68.79</ele>
      </trkpt>
      <trkpt lat="55.99582" lon="-4.35755">
        <ele>66.45</ele>
      </trkpt>
      <trkpt lat="55.99615" lon="-4.35761">
        <ele>70.16</ele>
      </trkpt>
      <trkpt lat="55.9964" lon="-4.35765">
        <ele>70.98</ele>
      </trkpt>
      <trkpt lat="55.99663" lon="-4.35774">
        <ele>70.88</ele>
      </trkpt>
      <trkpt lat="55.99694" lon="-4.35786">
        <ele>66.48</ele>
      </trkpt>
      <trkpt lat="55.99713" lon="-4.358">
        <ele>61.93</ele>
      </trkpt>
      <trkpt lat="55.9975" lon="-4.3584">
        <ele>59.72</ele>
      </trkpt>
      <trkpt lat="55.99768" lon="-4.35866">
        <ele>52.39</ele>
      </trkpt>
      <trkpt lat="55.99787" lon="-4.35898">
        <ele>46.45</ele>
      </trkpt>
      <trkpt lat="55.99828" lon="-4.35995">
        <ele>41.32</ele>
      </trkpt>
      <trkpt lat="55.9984" lon="-4.36035">
        <ele>36.84</ele>
      </trkpt>
      <trkpt lat="55.99854" lon="-4.36063">
        <ele>37.79</ele>
      </trkpt>
      <trkpt lat="55.99863" lon="-4.36075">
        <ele>39.91</ele>
      </trkpt>
      <trkpt lat="55.99911" lon="-4.36116">
        <ele>27.44</ele>
      </trkpt>
      <trkpt lat="55.99947" lon="-4.3616">
        <ele>28.75</ele>
      </trkpt>
      <trkpt lat="55.99963" lon="-4.36183">
        <ele>31.79</ele>
      </trkpt>
      <trkpt lat="55.9997" lon="-4.36197">
        <ele>32.94</ele>
      </trkpt>
      <trkpt lat="55.99973" lon="-4.36222">
        <ele>34.02</ele>
      </trkpt>
      <trkpt lat="55.99981" lon="-4.36256">
        <ele>32.33</ele>
      </trkpt>
      <trkpt lat="55.9999" lon="-4.36287">
        <ele>30.13</ele>
      </trkpt>
      <trkpt lat="55.99991" lon="-4.36288">
        <ele>29.95</ele>
      </trkpt>
      <trkpt lat="55.99994" lon="-4.36294">
        <ele>29.24</ele>
      </trkpt>
      <trkpt lat="55.99997" lon="-4.36299">
        <ele>28.29</ele>
      </trkpt>
      <trkpt lat="56.00001" lon="-4.36304">
        <ele>27.0</ele>
      </trkpt>
      <trkpt lat="56.00004" lon="-4.36307">
        <ele>26.66</ele>
      </trkpt>
      <trkpt lat="56.00007" lon="-4.36309">
        <ele>26.46</ele>
      </trkpt>
      <trkpt lat="56.00044" lon="-4.36333">
        <ele>24.99</ele>
      </trkpt>
      <trkpt lat="56.00066" lon="-4.36339">
        <ele>25.78</ele>
      </trkpt>
      <trkpt lat="56.00102" lon="-4.36324">
        <ele>24.43</ele>
      </trkpt>
      <trkpt lat="56.00111" lon="-4.36319">
        <ele>23.49</ele>
      </trkpt>
      <trkpt lat="56.00127" lon="-4.36305">
        <ele>24.13</ele>
      </trkpt>
      <trkpt lat="56.00129" lon="-4.36303">
        <ele>24.22</ele>
      </trkpt>
      <trkpt lat="56.00133" lon="-4.36299">
        <ele>24.48</ele>
      </trkpt>
      <trkpt lat="56.00136" lon="-4.36293">
        <ele>24.7</ele>
      </trkpt>
      <trkpt lat="56.0014" lon="-4.36288">
        <ele>24.94</ele>
      </trkpt>
      <trkpt lat="56.00143" lon="-4.36282">
        <ele>24.91</ele>
      </trkpt>
      <trkpt lat="56.00146" lon="-4.36276">
        <ele>24.97</ele>
      </trkpt>
      <trkpt lat="56.00149" lon="-4.36269">
        <ele>24.91</ele>
      </trkpt>
      <trkpt lat="56.00152" lon="-4.36263">
        <ele>24.97</ele>
      </trkpt>
      <trkpt lat="56.00155" lon="-4.36258">
        <ele>25.11</ele>
      </trkpt>
      <trkpt lat="56.0016" lon="-4.36256">
        <ele>25.41</ele>
      </trkpt>
      <trkpt lat="56.00164" lon="-4.36251">
        <ele>25.78</ele>
      </trkpt>
      <trkpt lat="56.00167" lon="-4.36246">
        <ele>26.32</ele>
      </trkpt>
      <trkpt lat="56.0017" lon="-4.3624">
        <ele>27.08</ele>
      </trkpt>
      <trkpt lat="56.00173" lon="-4.36233">
        <ele>27.91</ele>
      </trkpt>
      <trkpt lat="56.00176" lon="-4.36227">
        <ele>28.66</ele>
      </trkpt>
      <trkpt lat="56.00177" lon="-4.36226">
        <ele>28.84</ele>
      </trkpt>
      <trkpt lat="56.00178" lon="-4.36224">
        <ele>29.1</ele>
      </trkpt>
      <trkpt lat="56.00181" lon="-4.36217">
        <ele>30.2</ele>
      </trkpt>
      <trkpt lat="56.00183" lon="-4.36209">
        <ele>31.3</ele>
      </trkpt>
      <trkpt lat="56.00185" lon="-4.36205">
        <ele>31.85</ele>
      </trkpt>
      <trkpt lat="56.00188" lon="-4.362">
        <ele>32.46</ele>
      </trkpt>
      <trkpt lat="56.00208" lon="-4.36159">
        <ele>39.45</ele>
      </trkpt>
      <trkpt lat="56.00225" lon="-4.36113">
        <ele>45.34</ele>
      </trkpt>
      <trkpt lat="56.00237" lon="-4.36074">
        <ele>39.58</ele>
      </trkpt>
      <trkpt lat="56.00274" lon="-4.35956">
        <ele>38.31</ele>
      </trkpt>
      <trkpt lat="56.00303" lon="-4.35869">
        <ele>29.21</ele>
      </trkpt>
      <trkpt lat="56.00303" lon="-4.35866">
        <ele>29.2</ele>
      </trkpt>
      <trkpt lat="56.00306" lon="-4.35858">
        <ele>29.06</ele>
      </trkpt>
      <trkpt lat="56.00309" lon="-4.35851">
        <ele>28.99</ele>
      </trkpt>
      <trkpt lat="56.00312" lon="-4.35845">
        <ele>28.88</ele>
      </trkpt>
      <trkpt lat="56.00316" lon="-4.3584">
        <ele>28.63</ele>
      </trkpt>
      <trkpt lat="56.0032" lon="-4.35834">
        <ele>28.42</ele>
      </trkpt>
      <trkpt lat="56.00323" lon="-4.35829">
        <ele>28.57</ele>
      </trkpt>
      <trkpt lat="56.00327" lon="-4.35823">
        <ele>28.92</ele>
      </trkpt>
      <trkpt lat="56.00331" lon="-4.35818">
        <ele>29.32</ele>
      </trkpt>
      <trkpt lat="56.00335" lon="-4.35813">
        <ele>29.64</ele>
      </trkpt>
      <trkpt lat="56.00339" lon="-4.35809">
        <ele>29.51</ele>
      </trkpt>
      <trkpt lat="56.00343" lon="-4.35808">
        <ele>28.94</ele>
      </trkpt>
      <trkpt lat="56.00345" lon="-4.3581">
        <ele>28.33</ele>
      </trkpt>
      <trkpt lat="56.00348" lon="-4.35813">
        <ele>27.43</ele>
      </trkpt>
      <trkpt lat="56.00387" lon="-4.35859">
        <ele>20.09</ele>
      </trkpt>
      <trkpt lat="56.00427" lon="-4.35905">
        <ele>13.58</ele>
      </trkpt>
      <trkpt lat="56.00466" lon="-4.35952">
        <ele>14.46</ele>
      </trkpt>
      <trkpt lat="56.00506" lon="-4.35998">
        <ele>12.94</ele>
      </trkpt>
      <trkpt lat="56.00545" lon="-4.36044">
        <ele>20.18</ele>
      </trkpt>
      <trkpt lat="56.00585" lon="-4.3609">
        <ele>14.54</ele>
      </trkpt>
      <trkpt lat="56.00624" lon="-4.36137">
        <ele>28.9</ele>
      </trkpt>
      <trkpt lat="56.00664" lon="-4.36183">
        <ele>48.39</ele>
      </trkpt>
      <trkpt lat="56.00703" lon="-4.36229">
        <ele>50.13</ele>
      </trkpt>
      <trkpt lat="56.00741" lon="-4.36274">
        <ele>48.97</ele>
      </trkpt>
      <trkpt lat="56.00779" lon="-4.36318">
        <ele>44.69</ele>
      </trkpt>
      <trkpt lat="56.00816" lon="-4.36363">
        <ele>24.56</ele>
      </trkpt>
      <trkpt lat="56.00854" lon="-4.36408">
        <ele>12.0</ele>
      </trkpt>
      <trkpt lat="56.00892" lon="-4.36452">
        <ele>12.6</ele>
      </trkpt>
      <trkpt lat="56.0093" lon="-4.36497">
        <ele>13.94</ele>
      </trkpt>
      <trkpt lat="56.00967" lon="-4.36542">
        <ele>18.88</ele>
      </trkpt>
      <trkpt lat="56.01005" lon="-4.36586">
        <ele>25.97</ele>
      </trkpt>
      <trkpt lat="56.01043" lon="-4.36631">
        <ele>29.21</ele>
      </trkpt>
      <trkpt lat="56.01103" lon="-4.36699">
        <ele>22.17</ele>
      </trkpt>
      <trkpt lat="56.01168" lon="-4.36771">
        <ele>17.01</ele>
      </trkpt>
      <trkpt lat="56.01174" lon="-4.36777">
        <ele>17.01</ele>
      </trkpt>
      <trkpt lat="56.01214" lon="-4.36812">
        <ele>20.14</ele>
      </trkpt>
      <trkpt lat="56.01235" lon="-4.3683">
        <ele>19.6</ele>
      </trkpt>
      <trkpt lat="56.01236" lon="-4.36831">
        <ele>19.55</ele>
      </trkpt>
      <trkpt lat="56.0124" lon="-4.36833">
        <ele>19.37</ele>
      </trkpt>
      <trkpt lat="56.01244" lon="-4.36837">
        <ele>19.24</ele>
      </trkpt>
      <trkpt lat="56.01249" lon="-4.36841">
        <ele>19.05</ele>
      </trkpt>
      <trkpt lat="56.01253" lon="-4.36844">
        <ele>18.77</ele>
      </trkpt>
      <trkpt lat="56.01257" lon="-4.36847">
        <ele>18.38</ele>
      </trkpt>
      <trkpt lat="56.01261" lon="-4.3685">
        <ele>17.89</ele>
      </trkpt>
      <trkpt lat="56.01266" lon="-4.36853">
        <ele>17.2</ele>
      </trkpt>
      <trkpt lat="56.0127" lon="-4.36857">
        <ele>16.44</ele>
      </trkpt>
      <trkpt lat="56.01271" lon="-4.36857">
        <ele>16.31</ele>
      </trkpt>
      <trkpt lat="56.01296" lon="-4.36877">
        <ele>13.12</ele>
      </trkpt>
      <trkpt lat="56.01328" lon="-4.36897">
        <ele>11.25</ele>
      </trkpt>
      <trkpt lat="56.01375" lon="-4.36926">
        <ele>11.5</ele>
      </trkpt>
      <trkpt lat="56.01417" lon="-4.36949">
        <ele>12.2</ele>
      </trkpt>
      <trkpt lat="56.01445" lon="-4.36962">
        <ele>16.34</ele>
      </trkpt>
      <trkpt lat="56.01446" lon="-4.36962">
        <ele>16.49</ele>
      </trkpt>
      <trkpt lat="56.01451" lon="-4.36962">
        <ele>17.21</ele>
      </trkpt>
      <trkpt lat="56.01455" lon="-4.36962">
        <ele>17.78</ele>
      </trkpt>
      <trkpt lat="56.01459" lon="-4.36966">
        <ele>18.65</ele>
      </trkpt>
      <trkpt lat="56.01464" lon="-4.3697">
        <ele>19.66</ele>
      </trkpt>
      <trkpt lat="56.01468" lon="-4.36972">
        <ele>20.38</ele>
      </trkpt>
      <trkpt lat="56.01473" lon="-4.36974">
        <ele>21.1</ele>
      </trkpt>
      <trkpt lat="56.01473" lon="-4.36974">
        <ele>21.1</ele>
      </trkpt>
      <trkpt lat="56.01532" lon="-4.36996">
        <ele>19.24</ele>
      </trkpt>
      <trkpt lat="56.01533" lon="-4.36996">
        <ele>19.29</ele>
      </trkpt>
      <trkpt lat="56.01538" lon="-4.36997">
        <ele>19.62</ele>
      </trkpt>
      <trkpt lat="56.01542" lon="-4.36998">
        <ele>19.91</ele>
      </trkpt>
      <trkpt lat="56.01547" lon="-4.36999">
        <ele>20.31</ele>
      </trkpt>
      <trkpt lat="56.01552" lon="-4.37001">
        <ele>20.81</ele>
      </trkpt>
      <trkpt lat="56.01556" lon="-4.37003">
        <ele>21.18</ele>
      </trkpt>
      <trkpt lat="56.01561" lon="-4.37004">
        <ele>20.9</ele>
      </trkpt>
      <trkpt lat="56.01565" lon="-4.37004">
        <ele>20.61</ele>
      </trkpt>
      <trkpt lat="56.0157" lon="-4.37005">
        <ele>20.32</ele>
      </trkpt>
      <trkpt lat="56.01575" lon="-4.37006">
        <ele>20.03</ele>
      </trkpt>
      <trkpt lat="56.0158" lon="-4.37008">
        <ele>19.82</ele>
      </trkpt>
      <trkpt lat="56.01584" lon="-4.3701">
        <ele>19.81</ele>
      </trkpt>
      <trkpt lat="56.01589" lon="-4.37012">
        <ele>20.59</ele>
      </trkpt>
      <trkpt lat="56.01594" lon="-4.37013">
        <ele>21.29</ele>
      </trkpt>
      <trkpt lat="56.01594" lon="-4.37013">
        <ele>21.29</ele>
      </trkpt>
      <trkpt lat="56.0162" lon="-4.37018">
        <ele>23.22</ele>
      </trkpt>
      <trkpt lat="56.01643" lon="-4.3702">
        <ele>22.29</ele>
      </trkpt>
      <trkpt lat="56.01668" lon="-4.37023">
        <ele>21.52</ele>
      </trkpt>
      <trkpt lat="56.0168" lon="-4.37027">
        <ele>20.52</ele>
      </trkpt>
      <trkpt lat="56.0171" lon="-4.37029">
        <ele>19.66</ele>
      </trkpt>
      <trkpt lat="56.01758" lon="-4.37036">
        <ele>25.01</ele>
      </trkpt>
      <trkpt lat="56.01821" lon="-4.37043">
        <ele>23.65</ele>
      </trkpt>
      <trkpt lat="56.01865" lon="-4.37054">
        <ele>20.63</ele>
      </trkpt>
      <trkpt lat="56.01885" lon="-4.37057">
        <ele>18.41</ele>
      </trkpt>
      <trkpt lat="56.01899" lon="-4.37057">
        <ele>17.27</ele>
      </trkpt>
      <trkpt lat="56.01931" lon="-4.37065">
        <ele>14.63</ele>
      </trkpt>
      <trkpt lat="56.01931" lon="-4.37065">
        <ele>14.63</ele>
      </trkpt>
      <trkpt lat="56.01933" lon="-4.37066">
        <ele>14.46</ele>
      </trkpt>
      <trkpt lat="56.01937" lon="-4.37067">
        <ele>14.11</ele>
      </trkpt>
      <trkpt lat="56.01951" lon="-4.3707">
        <ele>13.4</ele>
      </trkpt>
      <trkpt lat="56.01963" lon="-4.3708">
        <ele>13.29</ele>
      </trkpt>
      <trkpt lat="56.01997" lon="-4.37086">
        <ele>13.83</ele>
      </trkpt>
      <trkpt lat="56.02053" lon="-4.37107">
        <ele>18.73</ele>
      </trkpt>
      <trkpt lat="56.02108" lon="-4.37127">
        <ele>18.78</ele>
      </trkpt>
      <trkpt lat="56.02157" lon="-4.37146">
        <ele>19.06</ele>
      </trkpt>
      <trkpt lat="56.02218" lon="-4.37176">
        <ele>25.51</ele>
      </trkpt>
      <trkpt lat="56.0228" lon="-4.37205">
        <ele>25.17</ele>
      </trkpt>
      <trkpt lat="56.02292" lon="-4.37214">
        <ele>20.52</ele>
      </trkpt>
      <trkpt lat="56.02292" lon="-4.37214">
        <ele>20.52</ele>
      </trkpt>
      <trkpt lat="56.02298" lon="-4.37225">
        <ele>17.89</ele>
      </trkpt>
      <trkpt lat="56.02302" lon="-4.3724">
        <ele>15.77</ele>
      </trkpt>
      <trkpt lat="56.02342" lon="-4.3727">
        <ele>11.82</ele>
      </trkpt>
      <trkpt lat="56.02351" lon="-4.37279">
        <ele>12.29</ele>
      </trkpt>
      <trkpt lat="56.02357" lon="-4.37283">
        <ele>12.63</ele>
      </trkpt>
      <trkpt lat="56.02418" lon="-4.37334">
        <ele>20.0</ele>
      </trkpt>
      <trkpt lat="56.02459" lon="-4.37376">
        <ele>17.7</ele>
      </trkpt>
      <trkpt lat="56.02499" lon="-4.37419">
        <ele>15.07</ele>
      </trkpt>
      <trkpt lat="56.02508" lon="-4.37429">
        <ele>14.97</ele>
      </trkpt>
      <trkpt lat="56.02554" lon="-4.37498">
        <ele>12.3</ele>
      </trkpt>
      <trkpt lat="56.026" lon="-4.37566">
        <ele>19.1</ele>
      </trkpt>
      <trkpt lat="56.02609" lon="-4.37567">
        <ele>19.57</ele>
      </trkpt>
      <trkpt lat="56.02661" lon="-4.37661">
        <ele>22.1</ele>
      </trkpt>
      <trkpt lat="56.02704" lon="-4.3774">
        <ele>15.7</ele>
      </trkpt>
      <trkpt lat="56.02746" lon="-4.3782">
        <ele>18.03</ele>
      </trkpt>
      <trkpt lat="56.02756" lon="-4.37831">
        <ele>19.07</ele>
      </trkpt>
      <trkpt lat="56.0276" lon="-4.37846">
        <ele>19.27</ele>
      </trkpt>
      <trkpt lat="56.02796" lon="-4.37903">
        <ele>27.42</ele>
      </trkpt>
      <trkpt lat="56.02849" lon="-4.38006">
        <ele>35.99</ele>
      </trkpt>
      <trkpt lat="56.02878" lon="-4.38061">
        <ele>30.89</ele>
      </trkpt>
      <trkpt lat="56.02879" lon="-4.38062">
        <ele>30.75</ele>
      </trkpt>
      <trkpt lat="56.02883" lon="-4.38067">
        <ele>29.84</ele>
      </trkpt>
      <trkpt lat="56.02887" lon="-4.38071">
        <ele>28.82</ele>
      </trkpt>
      <trkpt lat="56.02892" lon="-4.38074">
        <ele>28.76</ele>
      </trkpt>
      <trkpt lat="56.02896" lon="-4.38076">
        <ele>29.41</ele>
      </trkpt>
      <trkpt lat="56.02898" lon="-4.38085">
        <ele>28.95</ele>
      </trkpt>
      <trkpt lat="56.02899" lon="-4.38093">
        <ele>29.24</ele>
      </trkpt>
      <trkpt lat="56.02902" lon="-4.38099">
        <ele>30.01</ele>
      </trkpt>
      <trkpt lat="56.02904" lon="-4.38106">
        <ele>30.38</ele>
      </trkpt>
      <trkpt lat="56.02907" lon="-4.38114">
        <ele>30.57</ele>
      </trkpt>
      <trkpt lat="56.02909" lon="-4.3812">
        <ele>30.24</ele>
      </trkpt>
      <trkpt lat="56.02912" lon="-4.38125">
        <ele>30.16</ele>
      </trkpt>
      <trkpt lat="56.03004" lon="-4.38292">
        <ele>25.74</ele>
      </trkpt>
      <trkpt lat="56.03007" lon="-4.38308">
        <ele>23.25</ele>
      </trkpt>
      <trkpt lat="56.03016" lon="-4.38317">
        <ele>20.77</ele>
      </trkpt>
      <trkpt lat="56.03072" lon="-4.3842">
        <ele>15.66</ele>
      </trkpt>
      <trkpt lat="56.03074" lon="-4.38432">
        <ele>16.03</ele>
      </trkpt>
      <trkpt lat="56.03113" lon="-4.38502">
        <ele>17.8</ele>
      </trkpt>
      <trkpt lat="56.03161" lon="-4.38595">
        <ele>13.75</ele>
      </trkpt>
      <trkpt lat="56.03226" lon="-4.38714">
        <ele>17.58</ele>
      </trkpt>
      <trkpt lat="56.03223" lon="-4.38736">
        <ele>13.64</ele>
      </trkpt>
      <trkpt lat="56.03226" lon="-4.38744">
        <ele>12.99</ele>
      </trkpt>
      <trkpt lat="56.03245" lon="-4.38779">
        <ele>11.83</ele>
      </trkpt>
      <trkpt lat="56.03254" lon="-4.38784">
        <ele>12.48</ele>
      </trkpt>
      <trkpt lat="56.03258" lon="-4.38793">
        <ele>12.68</ele>
      </trkpt>
      <trkpt lat="56.03272" lon="-4.38801">
        <ele>13.18</ele>
      </trkpt>
      <trkpt lat="56.03272" lon="-4.38801">
        <ele>13.18</ele>
      </trkpt>
      <trkpt lat="56.03347" lon="-4.38938">
        <ele>17.49</ele>
      </trkpt>
      <trkpt lat="56.03356" lon="-4.38956">
        <ele>20.31</ele>
      </trkpt>
      <trkpt lat="56.03369" lon="-4.38977">
        <ele>21.59</ele>
      </trkpt>
      <trkpt lat="56.03386" lon="-4.39011">
        <ele>20.6</ele>
      </trkpt>
      <trkpt lat="56.03399" lon="-4.39027">
        <ele>20.02</ele>
      </trkpt>
      <trkpt lat="56.03404" lon="-4.39039">
        <ele>20.44</ele>
      </trkpt>
      <trkpt lat="56.03451" lon="-4.39113">
        <ele>20.48</ele>
      </trkpt>
      <trkpt lat="56.03495" lon="-4.39173">
        <ele>19.24</ele>
      </trkpt>
      <trkpt lat="56.03532" lon="-4.39213">
        <ele>17.85</ele>
      </trkpt>
      <trkpt lat="56.03537" lon="-4.39202">
        <ele>17.67</ele>
      </trkpt>
      <trkpt lat="56.03539" lon="-4.39203">
        <ele>17.6</ele>
      </trkpt>
      <trkpt lat="56.03541" lon="-4.39205">
        <ele>17.52</ele>
      </trkpt>
      <trkpt lat="56.03543" lon="-4.39207">
        <ele>17.45</ele>
      </trkpt>
      <trkpt lat="56.03574" lon="-4.39245">
        <ele>14.73</ele>
      </trkpt>
      <trkpt lat="56.03623" lon="-4.39281">
        <ele>15.81</ele>
      </trkpt>
      <trkpt lat="56.03664" lon="-4.39309">
        <ele>29.94</ele>
      </trkpt>
      <trkpt lat="56.03681" lon="-4.3932">
        <ele>33.37</ele>
      </trkpt>
      <trkpt lat="56.03682" lon="-4.3932">
        <ele>33.57</ele>
      </trkpt>
      <trkpt lat="56.03748" lon="-4.39347">
        <ele>33.62</ele>
      </trkpt>
      <trkpt lat="56.03796" lon="-4.39367">
        <ele>29.17</ele>
      </trkpt>
      <trkpt lat="56.038" lon="-4.39374">
        <ele>28.15</ele>
      </trkpt>
      <trkpt lat="56.03801" lon="-4.39374">
        <ele>27.96</ele>
      </trkpt>
      <trkpt lat="56.03807" lon="-4.3939">
        <ele>25.88</ele>
      </trkpt>
      <trkpt lat="56.03825" lon="-4.39397">
        <ele>24.19</ele>
      </trkpt>
      <trkpt lat="56.03843" lon="-4.39414">
        <ele>22.96</ele>
      </trkpt>
      <trkpt lat="56.03887" lon="-4.39425">
        <ele>16.9</ele>
      </trkpt>
      <trkpt lat="56.03896" lon="-4.39426">
        <ele>16.5</ele>
      </trkpt>
      <trkpt lat="56.03905" lon="-4.39427">
        <ele>16.31</ele>
      </trkpt>
      <trkpt lat="56.03953" lon="-4.39444">
        <ele>18.99</ele>
      </trkpt>
      <trkpt lat="56.03965" lon="-4.39447">
        <ele>19.12</ele>
      </trkpt>
      <trkpt lat="56.03968" lon="-4.39449">
        <ele>19.19</ele>
      </trkpt>
      <trkpt lat="56.0397" lon="-4.3945">
        <ele>19.22</ele>
      </trkpt>
      <trkpt lat="56.04092" lon="-4.39499">
        <ele>23.32</ele>
      </trkpt>
      <trkpt lat="56.04094" lon="-4.395">
        <ele>23.38</ele>
      </trkpt>
      <trkpt lat="56.04099" lon="-4.39499">
        <ele>23.63</ele>
      </trkpt>
      <trkpt lat="56.04103" lon="-4.39499">
        <ele>23.81</ele>
      </trkpt>
      <trkpt lat="56.04108" lon="-4.39498">
        <ele>24.19</ele>
      </trkpt>
      <trkpt lat="56.04113" lon="-4.39497">
        <ele>24.38</ele>
      </trkpt>
      <trkpt lat="56.04117" lon="-4.39498">
        <ele>23.89</ele>
      </trkpt>
      <trkpt lat="56.04122" lon="-4.395">
        <ele>23.22</ele>
      </trkpt>
      <trkpt lat="56.04127" lon="-4.39503">
        <ele>22.59</ele>
      </trkpt>
      <trkpt lat="56.04132" lon="-4.39505">
        <ele>22.09</ele>
      </trkpt>
      <trkpt lat="56.04137" lon="-4.39507">
        <ele>21.61</ele>
      </trkpt>
      <trkpt lat="56.04142" lon="-4.3951">
        <ele>21.61</ele>
      </trkpt>
      <trkpt lat="56.04147" lon="-4.39512">
        <ele>21.93</ele>
      </trkpt>
      <trkpt lat="56.04151" lon="-4.39514">
        <ele>22.08</ele>
      </trkpt>
      <trkpt lat="56.04155" lon="-4.39517">
        <ele>22.03</ele>
      </trkpt>
      <trkpt lat="56.0416" lon="-4.3952">
        <ele>21.96</ele>
      </trkpt>
      <trkpt lat="56.04164" lon="-4.39524">
        <ele>21.54</ele>
      </trkpt>
      <trkpt lat="56.04168" lon="-4.39527">
        <ele>21.28</ele>
      </trkpt>
      <trkpt lat="56.04173" lon="-4.39531">
        <ele>21.4</ele>
      </trkpt>
      <trkpt lat="56.04177" lon="-4.39533">
        <ele>21.6</ele>
      </trkpt>
      <trkpt lat="56.04184" lon="-4.39537">
        <ele>21.79</ele>
      </trkpt>
      <trkpt lat="56.0419" lon="-4.3954">
        <ele>21.9</ele>
      </trkpt>
      <trkpt lat="56.04226" lon="-4.39567">
        <ele>18.62</ele>
      </trkpt>
      <trkpt lat="56.04276" lon="-4.39615">
        <ele>15.88</ele>
      </trkpt>
      <trkpt lat="56.04295" lon="-4.39635">
        <ele>18.77</ele>
      </trkpt>
      <trkpt lat="56.04297" lon="-4.39637">
        <ele>19.17</ele>
      </trkpt>
      <trkpt lat="56.04299" lon="-4.39639">
        <ele>19.58</ele>
      </trkpt>
      <trkpt lat="56.04384" lon="-4.39719">
        <ele>19.52</ele>
      </trkpt>
      <trkpt lat="56.04441" lon="-4.39785">
        <ele>16.25</ele>
      </trkpt>
      <trkpt lat="56.04454" lon="-4.39812">
        <ele>14.9</ele>
      </trkpt>
      <trkpt lat="56.04544" lon="-4.39903">
        <ele>14.64</ele>
      </trkpt>
      <trkpt lat="56.04558" lon="-4.39914">
        <ele>16.91</ele>
      </trkpt>
      <trkpt lat="56.04569" lon="-4.39927">
        <ele>17.76</ele>
      </trkpt>
      <trkpt lat="56.04586" lon="-4.39944">
        <ele>17.98</ele>
      </trkpt>
      <trkpt lat="56.04598" lon="-4.39948">
        <ele>18.38</ele>
      </trkpt>
      <trkpt lat="56.04599" lon="-4.39947">
        <ele>18.26</ele>
      </trkpt>
      <trkpt lat="56.04604" lon="-4.39946">
        <ele>18.14</ele>
      </trkpt>
      <trkpt lat="56.04609" lon="-4.39946">
        <ele>18.12</ele>
      </trkpt>
      <trkpt lat="56.04613" lon="-4.3995">
        <ele>18.45</ele>
      </trkpt>
      <trkpt lat="56.04615" lon="-4.39959">
        <ele>19.11</ele>
      </trkpt>
      <trkpt lat="56.04615" lon="-4.39967">
        <ele>19.65</ele>
      </trkpt>
      <trkpt lat="56.04615" lon="-4.39967">
        <ele>19.65</ele>
      </trkpt>
      <trkpt lat="56.04615" lon="-4.39971">
        <ele>19.92</ele>
      </trkpt>
      <trkpt lat="56.04623" lon="-4.39982">
        <ele>20.4</ele>
      </trkpt>
      <trkpt lat="56.04659" lon="-4.40022">
        <ele>17.92</ele>
      </trkpt>
      <trkpt lat="56.04675" lon="-4.40035">
        <ele>16.25</ele>
      </trkpt>
      <trkpt lat="56.04698" lon="-4.40046">
        <ele>15.11</ele>
      </trkpt>
      <trkpt lat="56.04714" lon="-4.40058">
        <ele>15.28</ele>
      </trkpt>
      <trkpt lat="56.04764" lon="-4.40107">
        <ele>13.02</ele>
      </trkpt>
      <trkpt lat="56.04814" lon="-4.4016">
        <ele>15.75</ele>
      </trkpt>
      <trkpt lat="56.04844" lon="-4.40186">
        <ele>20.47</ele>
      </trkpt>
      <trkpt lat="56.04919" lon="-4.40238">
        <ele>20.27</ele>
      </trkpt>
      <trkpt lat="56.04932" lon="-4.40258">
        <ele>19.79</ele>
      </trkpt>
      <trkpt lat="56.04942" lon="-4.40269">
        <ele>19.46</ele>
      </trkpt>
      <trkpt lat="56.04988" lon="-4.40293">
        <ele>16.63</ele>
      </trkpt>
      <trkpt lat="56.05035" lon="-4.40322">
        <ele>18.22</ele>
      </trkpt>
      <trkpt lat="56.05056" lon="-4.40333">
        <ele>20.02</ele>
      </trkpt>
      <trkpt lat="56.05091" lon="-4.40357">
        <ele>22.79</ele>
      </trkpt>
      <trkpt lat="56.05092" lon="-4.40357">
        <ele>22.8</ele>
      </trkpt>
      <trkpt lat="56.05096" lon="-4.4036">
        <ele>22.96</ele>
      </trkpt>
      <trkpt lat="56.05101" lon="-4.40361">
        <ele>23.0</ele>
      </trkpt>
      <trkpt lat="56.05105" lon="-4.40363">
        <ele>23.34</ele>
      </trkpt>
      <trkpt lat="56.0511" lon="-4.40366">
        <ele>23.88</ele>
      </trkpt>
      <trkpt lat="56.05114" lon="-4.4037">
        <ele>24.74</ele>
      </trkpt>
      <trkpt lat="56.05118" lon="-4.40373">
        <ele>25.42</ele>
      </trkpt>
      <trkpt lat="56.05123" lon="-4.40376">
        <ele>26.08</ele>
      </trkpt>
      <trkpt lat="56.05127" lon="-4.40377">
        <ele>26.35</ele>
      </trkpt>
      <trkpt lat="56.05132" lon="-4.4038">
        <ele>26.88</ele>
      </trkpt>
      <trkpt lat="56.05137" lon="-4.40382">
        <ele>27.22</ele>
      </trkpt>
      <trkpt lat="56.05141" lon="-4.40384">
        <ele>27.97</ele>
      </trkpt>
      <trkpt lat="56.05144" lon="-4.40385">
        <ele>28.76</ele>
      </trkpt>
      <trkpt lat="56.0516" lon="-4.40396">
        <ele>32.68</ele>
      </trkpt>
      <trkpt lat="56.05176" lon="-4.40412">
        <ele>35.29</ele>
      </trkpt>
      <trkpt lat="56.05177" lon="-4.40413">
        <ele>35.44</ele>
      </trkpt>
      <trkpt lat="56.05181" lon="-4.40418">
        <ele>36.13</ele>
      </trkpt>
      <trkpt lat="56.05183" lon="-4.40426">
        <ele>36.77</ele>
      </trkpt>
      <trkpt lat="56.05182" lon="-4.40431">
        <ele>36.9</ele>
      </trkpt>
      <trkpt lat="56.05181" lon="-4.40435">
        <ele>37.02</ele>
      </trkpt>
      <trkpt lat="56.05173" lon="-4.40527">
        <ele>38.46</ele>
      </trkpt>
      <trkpt lat="56.05171" lon="-4.40547">
        <ele>37.73</ele>
      </trkpt>
      <trkpt lat="56.05172" lon="-4.40569">
        <ele>36.81</ele>
      </trkpt>
      <trkpt lat="56.05174" lon="-4.40579">
        <ele>36.28</ele>
      </trkpt>
      <trkpt lat="56.05167" lon="-4.40649">
        <ele>34.36</ele>
      </trkpt>
      <trkpt lat="56.05166" lon="-4.40683">
        <ele>32.7</ele>
      </trkpt>
      <trkpt lat="56.0517" lon="-4.40709">
        <ele>31.27</ele>
      </trkpt>
      <trkpt lat="56.05178" lon="-4.40722">
        <ele>30.37</ele>
      </trkpt>
      <trkpt lat="56.05186" lon="-4.40754">
        <ele>28.32</ele>
      </trkpt>
      <trkpt lat="56.05186" lon="-4.40793">
        <ele>29.29</ele>
      </trkpt>
      <trkpt lat="56.05185" lon="-4.40803">
        <ele>29.62</ele>
      </trkpt>
      <trkpt lat="56.05182" lon="-4.40813">
        <ele>30.04</ele>
      </trkpt>
      <trkpt lat="56.05135" lon="-4.40844">
        <ele>30.21</ele>
      </trkpt>
      <trkpt lat="56.05124" lon="-4.40868">
        <ele>33.43</ele>
      </trkpt>
      <trkpt lat="56.05114" lon="-4.40899">
        <ele>38.6</ele>
      </trkpt>
      <trkpt lat="56.05107" lon="-4.40943">
        <ele>41.42</ele>
      </trkpt>
      <trkpt lat="56.05093" lon="-4.41038">
        <ele>43.72</ele>
      </trkpt>
      <trkpt lat="56.05056" lon="-4.41211">
        <ele>53.52</ele>
      </trkpt>
      <trkpt lat="56.05055" lon="-4.41226">
        <ele>52.2</ele>
      </trkpt>
      <trkpt lat="56.05055" lon="-4.41235">
        <ele>52.52</ele>
      </trkpt>
      <trkpt lat="56.05032" lon="-4.41305">
        <ele>56.79</ele>
      </trkpt>
      <trkpt lat="56.05002" lon="-4.4139">
        <ele>37.63</ele>
      </trkpt>
      <trkpt lat="56.04995" lon="-4.41408">
        <ele>36.05</ele>
      </trkpt>
      <trkpt lat="56.04984" lon="-4.41439">
        <ele>37.82</ele>
      </trkpt>
      <trkpt lat="56.0495" lon="-4.41481">
        <ele>45.32</ele>
      </trkpt>
      <trkpt lat="56.04901" lon="-4.41661">
        <ele>38.55</ele>
      </trkpt>
      <trkpt lat="56.04892" lon="-4.41722">
        <ele>38.88</ele>
      </trkpt>
      <trkpt lat="56.04891" lon="-4.41742">
        <ele>39.64</ele>
      </trkpt>
      <trkpt lat="56.04891" lon="-4.41798">
        <ele>41.65</ele>
      </trkpt>
      <trkpt lat="56.04891" lon="-4.41855">
        <ele>42.78</ele>
      </trkpt>
      <trkpt lat="56.04885" lon="-4.42025">
        <ele>40.74</ele>
      </trkpt>
      <trkpt lat="56.0489" lon="-4.42101">
        <ele>36.79</ele>
      </trkpt>
      <trkpt lat="56.04895" lon="-4.4219">
        <ele>28.94</ele>
      </trkpt>
      <trkpt lat="56.04907" lon="-4.42294">
        <ele>23.64</ele>
      </trkpt>
      <trkpt lat="56.04918" lon="-4.4235">
        <ele>21.13</ele>
      </trkpt>
      <trkpt lat="56.04934" lon="-4.42451">
        <ele>22.61</ele>
      </trkpt>
      <trkpt lat="56.04936" lon="-4.42457">
        <ele>22.76</ele>
      </trkpt>
      <trkpt lat="56.04939" lon="-4.42465">
        <ele>22.94</ele>
      </trkpt>
      <trkpt lat="56.04962" lon="-4.42533">
        <ele>21.99</ele>
      </trkpt>
      <trkpt lat="56.0497" lon="-4.4257">
        <ele>23.76</ele>
      </trkpt>
      <trkpt lat="56.0499" lon="-4.4262">
        <ele>27.52</ele>
      </trkpt>
      <trkpt lat="56.05024" lon="-4.42663">
        <ele>23.57</ele>
      </trkpt>
      <trkpt lat="56.05033" lon="-4.42683">
        <ele>23.78</ele>
      </trkpt>
      <trkpt lat="56.05047" lon="-4.42734">
        <ele>24.84</ele>
      </trkpt>
      <trkpt lat="56.0506" lon="-4.42752">
        <ele>24.26</ele>
      </trkpt>
      <trkpt lat="56.05078" lon="-4.4277">
        <ele>26.69</ele>
      </trkpt>
      <trkpt lat="56.05112" lon="-4.42793">
        <ele>33.71</ele>
      </trkpt>
      <trkpt lat="56.05135" lon="-4.42822">
        <ele>32.59</ele>
      </trkpt>
      <trkpt lat="56.05148" lon="-4.4285">
        <ele>32.27</ele>
      </trkpt>
      <trkpt lat="56.05158" lon="-4.42887">
        <ele>31.42</ele>
      </trkpt>
      <trkpt lat="56.05168" lon="-4.42921">
        <ele>29.91</ele>
      </trkpt>
      <trkpt lat="56.05204" lon="-4.42996">
        <ele>30.71</ele>
      </trkpt>
      <trkpt lat="56.05216" lon="-4.43016">
        <ele>29.65</ele>
      </trkpt>
      <trkpt lat="56.05313" lon="-4.43133">
        <ele>37.32</ele>
      </trkpt>
      <trkpt lat="56.05359" lon="-4.43189">
        <ele>35.2</ele>
      </trkpt>
      <trkpt lat="56.05389" lon="-4.43228">
        <ele>30.02</ele>
      </trkpt>
      <trkpt lat="56.05441" lon="-4.43291">
        <ele>37.94</ele>
      </trkpt>
      <trkpt lat="56.05529" lon="-4.43401">
        <ele>53.42</ele>
      </trkpt>
      <trkpt lat="56.05558" lon="-4.4342">
        <ele>56.77</ele>
      </trkpt>
      <trkpt lat="56.0558" lon="-4.43435">
        <ele>50.06</ele>
      </trkpt>
      <trkpt lat="56.05616" lon="-4.43468">
        <ele>48.82</ele>
      </trkpt>
      <trkpt lat="56.05635" lon="-4.43476">
        <ele>54.74</ele>
      </trkpt>
      <trkpt lat="56.05656" lon="-4.43481">
        <ele>58.55</ele>
      </trkpt>
      <trkpt lat="56.05696" lon="-4.43484">
        <ele>63.71</ele>
      </trkpt>
      <trkpt lat="56.0573" lon="-4.43486">
        <ele>62.39</ele>
      </trkpt>
      <trkpt lat="56.05776" lon="-4.43487">
        <ele>62.98</ele>
      </trkpt>
      <trkpt lat="56.05889" lon="-4.4349">
        <ele>46.34</ele>
      </trkpt>
      <trkpt lat="56.06024" lon="-4.43527">
        <ele>54.47</ele>
      </trkpt>
      <trkpt lat="56.0604" lon="-4.43536">
        <ele>50.63</ele>
      </trkpt>
      <trkpt lat="56.06094" lon="-4.43566">
        <ele>44.01</ele>
      </trkpt>
      <trkpt lat="56.06094" lon="-4.43566">
        <ele>44.01</ele>
      </trkpt>
      <trkpt lat="56.06214" lon="-4.43632">
        <ele>40.13</ele>
      </trkpt>
      <trkpt lat="56.06288" lon="-4.43681">
        <ele>48.26</ele>
      </trkpt>
      <trkpt lat="56.06296" lon="-4.43687">
        <ele>49.77</ele>
      </trkpt>
      <trkpt lat="56.0631" lon="-4.43697">
        <ele>52.16</ele>
      </trkpt>
      <trkpt lat="56.06449" lon="-4.43797">
        <ele>45.16</ele>
      </trkpt>
      <trkpt lat="56.06495" lon="-4.43828">
        <ele>41.76</ele>
      </trkpt>
      <trkpt lat="56.06522" lon="-4.43852">
        <ele>42.45</ele>
      </trkpt>
      <trkpt lat="56.06532" lon="-4.43874">
        <ele>42.4</ele>
      </trkpt>
      <trkpt lat="56.06534" lon="-4.43881">
        <ele>42.41</ele>
      </trkpt>
      <trkpt lat="56.06536" lon="-4.43911">
        <ele>42.3</ele>
      </trkpt>
      <trkpt lat="56.0654" lon="-4.43911">
        <ele>42.44</ele>
      </trkpt>
      <trkpt lat="56.06552" lon="-4.43906">
        <ele>42.87</ele>
      </trkpt>
      <trkpt lat="56.06572" lon="-4.43895">
        <ele>44.78</ele>
      </trkpt>
      <trkpt lat="56.06597" lon="-4.43874">
        <ele>47.25</ele>
      </trkpt>
      <trkpt lat="56.06608" lon="-4.43866">
        <ele>48.51</ele>
      </trkpt>
      <trkpt lat="56.06609" lon="-4.43866">
        <ele>48.61</ele>
      </trkpt>
      <trkpt lat="56.06615" lon="-4.43864">
        <ele>48.65</ele>
      </trkpt>
      <trkpt lat="56.0662" lon="-4.43863">
        <ele>48.34</ele>
      </trkpt>
      <trkpt lat="56.06624" lon="-4.43862">
        <ele>48.07</ele>
      </trkpt>
      <trkpt lat="56.06629" lon="-4.43861">
        <ele>47.72</ele>
      </trkpt>
      <trkpt lat="56.06633" lon="-4.43861">
        <ele>47.43</ele>
      </trkpt>
      <trkpt lat="56.06638" lon="-4.4386">
        <ele>47.1</ele>
      </trkpt>
      <trkpt lat="56.06643" lon="-4.43858">
        <ele>46.82</ele>
      </trkpt>
      <trkpt lat="56.06647" lon="-4.43856">
        <ele>46.6</ele>
      </trkpt>
      <trkpt lat="56.06649" lon="-4.43855">
        <ele>46.49</ele>
      </trkpt>
      <trkpt lat="56.0665" lon="-4.43855">
        <ele>46.42</ele>
      </trkpt>
      <trkpt lat="56.06654" lon="-4.43851">
        <ele>46.28</ele>
      </trkpt>
      <trkpt lat="56.06659" lon="-4.43848">
        <ele>46.02</ele>
      </trkpt>
      <trkpt lat="56.06663" lon="-4.43846">
        <ele>45.81</ele>
      </trkpt>
      <trkpt lat="56.06668" lon="-4.43846">
        <ele>45.47</ele>
      </trkpt>
      <trkpt lat="56.06673" lon="-4.43845">
        <ele>45.26</ele>
      </trkpt>
      <trkpt lat="56.06676" lon="-4.43838">
        <ele>45.44</ele>
      </trkpt>
      <trkpt lat="56.06678" lon="-4.43832">
        <ele>45.64</ele>
      </trkpt>
      <trkpt lat="56.06682" lon="-4.43826">
        <ele>45.71</ele>
      </trkpt>
      <trkpt lat="56.06686" lon="-4.43824">
        <ele>45.64</ele>
      </trkpt>
      <trkpt lat="56.06691" lon="-4.43823">
        <ele>45.5</ele>
      </trkpt>
      <trkpt lat="56.06695" lon="-4.43826">
        <ele>45.28</ele>
      </trkpt>
      <trkpt lat="56.06696" lon="-4.43827">
        <ele>45.27</ele>
      </trkpt>
      <trkpt lat="56.06719" lon="-4.43839">
        <ele>44.77</ele>
      </trkpt>
      <trkpt lat="56.0674" lon="-4.43852">
        <ele>48.38</ele>
      </trkpt>
      <trkpt lat="56.06769" lon="-4.43868">
        <ele>51.12</ele>
      </trkpt>
      <trkpt lat="56.0677" lon="-4.43868">
        <ele>51.19</ele>
      </trkpt>
      <trkpt lat="56.06774" lon="-4.4387">
        <ele>51.41</ele>
      </trkpt>
      <trkpt lat="56.06777" lon="-4.43871">
        <ele>51.59</ele>
      </trkpt>
      <trkpt lat="56.06779" lon="-4.4387">
        <ele>52.02</ele>
      </trkpt>
      <trkpt lat="56.0678" lon="-4.43871">
        <ele>52.26</ele>
      </trkpt>
      <trkpt lat="56.06784" lon="-4.43873">
        <ele>53.27</ele>
      </trkpt>
      <trkpt lat="56.06789" lon="-4.43877">
        <ele>54.43</ele>
      </trkpt>
      <trkpt lat="56.06791" lon="-4.43885">
        <ele>54.54</ele>
      </trkpt>
      <trkpt lat="56.06791" lon="-4.43893">
        <ele>54.12</ele>
      </trkpt>
      <trkpt lat="56.06792" lon="-4.43901">
        <ele>53.91</ele>
      </trkpt>
      <trkpt lat="56.06795" lon="-4.43908">
        <ele>54.06</ele>
      </trkpt>
      <trkpt lat="56.06798" lon="-4.43915">
        <ele>54.04</ele>
      </trkpt>
      <trkpt lat="56.06801" lon="-4.43921">
        <ele>54.21</ele>
      </trkpt>
      <trkpt lat="56.06805" lon="-4.43926">
        <ele>54.59</ele>
      </trkpt>
      <trkpt lat="56.06809" lon="-4.43931">
        <ele>54.98</ele>
      </trkpt>
      <trkpt lat="56.06813" lon="-4.43936">
        <ele>55.38</ele>
      </trkpt>
      <trkpt lat="56.06815" lon="-4.43943">
        <ele>55.41</ele>
      </trkpt>
      <trkpt lat="56.06813" lon="-4.43951">
        <ele>55.14</ele>
      </trkpt>
      <trkpt lat="56.06811" lon="-4.43959">
        <ele>54.89</ele>
      </trkpt>
      <trkpt lat="56.06811" lon="-4.43967">
        <ele>54.94</ele>
      </trkpt>
      <trkpt lat="56.0681" lon="-4.43975">
        <ele>55.08</ele>
      </trkpt>
      <trkpt lat="56.0681" lon="-4.43983">
        <ele>55.9</ele>
      </trkpt>
      <trkpt lat="56.0681" lon="-4.43986">
        <ele>56.21</ele>
      </trkpt>
      <trkpt lat="56.0681" lon="-4.43986">
        <ele>56.21</ele>
      </trkpt>
      <trkpt lat="56.06814" lon="-4.43991">
        <ele>57.34</ele>
      </trkpt>
      <trkpt lat="56.06818" lon="-4.43994">
        <ele>58.24</ele>
      </trkpt>
      <trkpt lat="56.06822" lon="-4.43992">
        <ele>58.67</ele>
      </trkpt>
      <trkpt lat="56.06826" lon="-4.43987">
        <ele>58.88</ele>
      </trkpt>
      <trkpt lat="56.06829" lon="-4.43981">
        <ele>58.9</ele>
      </trkpt>
      <trkpt lat="56.06833" lon="-4.43975">
        <ele>59.14</ele>
      </trkpt>
      <trkpt lat="56.06836" lon="-4.4397">
        <ele>58.85</ele>
      </trkpt>
      <trkpt lat="56.0684" lon="-4.43964">
        <ele>58.68</ele>
      </trkpt>
      <trkpt lat="56.06843" lon="-4.43957">
        <ele>58.68</ele>
      </trkpt>
      <trkpt lat="56.06844" lon="-4.43949">
        <ele>58.74</ele>
      </trkpt>
      <trkpt lat="56.06846" lon="-4.43941">
        <ele>59.04</ele>
      </trkpt>
      <trkpt lat="56.06848" lon="-4.43932">
        <ele>59.5</ele>
      </trkpt>
      <trkpt lat="56.0685" lon="-4.43924">
        <ele>59.94</ele>
      </trkpt>
      <trkpt lat="56.06851" lon="-4.43916">
        <ele>60.29</ele>
      </trkpt>
      <trkpt lat="56.06852" lon="-4.43908">
        <ele>60.55</ele>
      </trkpt>
      <trkpt lat="56.06853" lon="-4.43905">
        <ele>60.66</ele>
      </trkpt>
      <trkpt lat="56.06875" lon="-4.43752">
        <ele>62.96</ele>
      </trkpt>
      <trkpt lat="56.06884" lon="-4.43689">
        <ele>64.48</ele>
      </trkpt>
      <trkpt lat="56.06883" lon="-4.43672">
        <ele>64.89</ele>
      </trkpt>
      <trkpt lat="56.06901" lon="-4.43537">
        <ele>60.29</ele>
      </trkpt>
      <trkpt lat="56.06913" lon="-4.4345">
        <ele>65.11</ele>
      </trkpt>
      <trkpt lat="56.06924" lon="-4.43364">
        <ele>69.28</ele>
      </trkpt>
      <trkpt lat="56.06928" lon="-4.43334">
        <ele>68.78</ele>
      </trkpt>
      <trkpt lat="56.06933" lon="-4.43294">
        <ele>67.41</ele>
      </trkpt>
      <trkpt lat="56.06938" lon="-4.43288">
        <ele>67.23</ele>
      </trkpt>
      <trkpt lat="56.06957" lon="-4.43276">
        <ele>62.54</ele>
      </trkpt>
      <trkpt lat="56.06998" lon="-4.43256">
        <ele>56.53</ele>
      </trkpt>
      <trkpt lat="56.07015" lon="-4.43259">
        <ele>49.25</ele>
      </trkpt>
      <trkpt lat="56.07069" lon="-4.43256">
        <ele>38.67</ele>
      </trkpt>
      <trkpt lat="56.07102" lon="-4.43258">
        <ele>47.25</ele>
      </trkpt>
      <trkpt lat="56.07104" lon="-4.43258">
        <ele>47.86</ele>
      </trkpt>
      <trkpt lat="56.07108" lon="-4.43256">
        <ele>48.61</ele>
      </trkpt>
      <trkpt lat="56.07113" lon="-4.43252">
        <ele>49.41</ele>
      </trkpt>
      <trkpt lat="56.07117" lon="-4.43249">
        <ele>50.89</ele>
      </trkpt>
      <trkpt lat="56.07121" lon="-4.43248">
        <ele>52.81</ele>
      </trkpt>
      <trkpt lat="56.07126" lon="-4.43248">
        <ele>55.32</ele>
      </trkpt>
      <trkpt lat="56.07132" lon="-4.43248">
        <ele>58.33</ele>
      </trkpt>
      <trkpt lat="56.07137" lon="-4.43249">
        <ele>60.94</ele>
      </trkpt>
      <trkpt lat="56.07142" lon="-4.43249">
        <ele>61.78</ele>
      </trkpt>
      <trkpt lat="56.07147" lon="-4.4325">
        <ele>61.71</ele>
      </trkpt>
      <trkpt lat="56.07151" lon="-4.43251">
        <ele>61.66</ele>
      </trkpt>
      <trkpt lat="56.07156" lon="-4.43251">
        <ele>61.56</ele>
      </trkpt>
      <trkpt lat="56.07161" lon="-4.43252">
        <ele>61.69</ele>
      </trkpt>
      <trkpt lat="56.07165" lon="-4.43254">
        <ele>62.26</ele>
      </trkpt>
      <trkpt lat="56.0717" lon="-4.43256">
        <ele>63.56</ele>
      </trkpt>
      <trkpt lat="56.07174" lon="-4.43257">
        <ele>64.59</ele>
      </trkpt>
      <trkpt lat="56.07179" lon="-4.43258">
        <ele>65.74</ele>
      </trkpt>
      <trkpt lat="56.07182" lon="-4.43258">
        <ele>66.27</ele>
      </trkpt>
      <trkpt lat="56.07184" lon="-4.43258">
        <ele>66.62</ele>
      </trkpt>
      <trkpt lat="56.07189" lon="-4.43256">
        <ele>67.07</ele>
      </trkpt>
      <trkpt lat="56.07194" lon="-4.43254">
        <ele>67.63</ele>
      </trkpt>
      <trkpt lat="56.07198" lon="-4.43251">
        <ele>68.19</ele>
      </trkpt>
      <trkpt lat="56.07202" lon="-4.43247">
        <ele>68.88</ele>
      </trkpt>
      <trkpt lat="56.07206" lon="-4.43243">
        <ele>69.68</ele>
      </trkpt>
      <trkpt lat="56.07211" lon="-4.4324">
        <ele>70.9</ele>
      </trkpt>
      <trkpt lat="56.07216" lon="-4.43239">
        <ele>72.33</ele>
      </trkpt>
      <trkpt lat="56.0722" lon="-4.43238">
        <ele>73.46</ele>
      </trkpt>
      <trkpt lat="56.07225" lon="-4.43236">
        <ele>75.14</ele>
      </trkpt>
      <trkpt lat="56.0723" lon="-4.43236">
        <ele>77.21</ele>
      </trkpt>
      <trkpt lat="56.07235" lon="-4.43236">
        <ele>79.28</ele>
      </trkpt>
      <trkpt lat="56.0724" lon="-4.43236">
        <ele>81.35</ele>
      </trkpt>
      <trkpt lat="56.07245" lon="-4.43236">
        <ele>83.43</ele>
      </trkpt>
      <trkpt lat="56.0725" lon="-4.43236">
        <ele>85.5</ele>
      </trkpt>
      <trkpt lat="56.07254" lon="-4.43236">
        <ele>85.21</ele>
      </trkpt>
      <trkpt lat="56.07259" lon="-4.43236">
        <ele>84.84</ele>
      </trkpt>
      <trkpt lat="56.07263" lon="-4.43236">
        <ele>84.55</ele>
      </trkpt>
      <trkpt lat="56.07269" lon="-4.43237">
        <ele>84.25</ele>
      </trkpt>
      <trkpt lat="56.07343" lon="-4.43231">
        <ele>87.2</ele>
      </trkpt>
      <trkpt lat="56.07383" lon="-4.4323">
        <ele>92.28</ele>
      </trkpt>
      <trkpt lat="56.07403" lon="-4.43227">
        <ele>94.56</ele>
      </trkpt>
      <trkpt lat="56.07425" lon="-4.43225">
        <ele>94.53</ele>
      </trkpt>
      <trkpt lat="56.07445" lon="-4.43226">
        <ele>92.13</ele>
      </trkpt>
      <trkpt lat="56.07457" lon="-4.43224">
        <ele>92.39</ele>
      </trkpt>
      <trkpt lat="56.07478" lon="-4.43218">
        <ele>92.54</ele>
      </trkpt>
      <trkpt lat="56.07485" lon="-4.43216">
        <ele>92.68</ele>
      </trkpt>
      <trkpt lat="56.07493" lon="-4.43216">
        <ele>93.32</ele>
      </trkpt>
      <trkpt lat="56.0753" lon="-4.43216">
        <ele>99.0</ele>
      </trkpt>
      <trkpt lat="56.07547" lon="-4.43215">
        <ele>97.2</ele>
      </trkpt>
      <trkpt lat="56.07556" lon="-4.43217">
        <ele>96.9</ele>
      </trkpt>
      <trkpt lat="56.07578" lon="-4.43228">
        <ele>100.46</ele>
      </trkpt>
      <trkpt lat="56.07585" lon="-4.4323">
        <ele>100.47</ele>
      </trkpt>
      <trkpt lat="56.07689" lon="-4.43222">
        <ele>109.0</ele>
      </trkpt>
      <trkpt lat="56.07695" lon="-4.43222">
        <ele>111.18</ele>
      </trkpt>
      <trkpt lat="56.07706" lon="-4.43217">
        <ele>114.87</ele>
      </trkpt>
      <trkpt lat="56.0772" lon="-4.43217">
        <ele>120.7</ele>
      </trkpt>
      <trkpt lat="56.07733" lon="-4.4323">
        <ele>125.06</ele>
      </trkpt>
      <trkpt lat="56.07756" lon="-4.43262">
        <ele>130.97</ele>
      </trkpt>
      <trkpt lat="56.07766" lon="-4.43277">
        <ele>133.64</ele>
      </trkpt>
      <trkpt lat="56.07795" lon="-4.43332">
        <ele>139.13</ele>
      </trkpt>
      <trkpt lat="56.07807" lon="-4.43354">
        <ele>138.78</ele>
      </trkpt>
      <trkpt lat="56.07833" lon="-4.43388">
        <ele>134.16</ele>
      </trkpt>
      <trkpt lat="56.07854" lon="-4.43412">
        <ele>130.87</ele>
      </trkpt>
      <trkpt lat="56.0787" lon="-4.43433">
        <ele>130.33</ele>
      </trkpt>
      <trkpt lat="56.0788" lon="-4.43449">
        <ele>130.47</ele>
      </trkpt>
      <trkpt lat="56.07915" lon="-4.43512">
        <ele>132.45</ele>
      </trkpt>
      <trkpt lat="56.07922" lon="-4.43524">
        <ele>133.48</ele>
      </trkpt>
      <trkpt lat="56.07929" lon="-4.43532">
        <ele>135.04</ele>
      </trkpt>
      <trkpt lat="56.07942" lon="-4.43548">
        <ele>137.72</ele>
      </trkpt>
      <trkpt lat="56.07983" lon="-4.43587">
        <ele>139.66</ele>
      </trkpt>
      <trkpt lat="56.08014" lon="-4.43625">
        <ele>131.75</ele>
      </trkpt>
      <trkpt lat="56.08021" lon="-4.43632">
        <ele>131.19</ele>
      </trkpt>
      <trkpt lat="56.0803" lon="-4.43636">
        <ele>131.28</ele>
      </trkpt>
      <trkpt lat="56.08078" lon="-4.43649">
        <ele>133.7</ele>
      </trkpt>
      <trkpt lat="56.08085" lon="-4.43653">
        <ele>134.84</ele>
      </trkpt>
      <trkpt lat="56.08091" lon="-4.43658">
        <ele>135.95</ele>
      </trkpt>
      <trkpt lat="56.08098" lon="-4.43664">
        <ele>136.74</ele>
      </trkpt>
      <trkpt lat="56.08114" lon="-4.4369">
        <ele>135.69</ele>
      </trkpt>
      <trkpt lat="56.0812" lon="-4.43698">
        <ele>135.51</ele>
      </trkpt>
      <trkpt lat="56.08127" lon="-4.43704">
        <ele>136.05</ele>
      </trkpt>
      <trkpt lat="56.08135" lon="-4.43709">
        <ele>137.02</ele>
      </trkpt>
      <trkpt lat="56.08151" lon="-4.43715">
        <ele>139.82</ele>
      </trkpt>
      <trkpt lat="56.08191" lon="-4.43731">
        <ele>138.96</ele>
      </trkpt>
      <trkpt lat="56.08195" lon="-4.43733">
        <ele>139.14</ele>
      </trkpt>
      <trkpt lat="56.08226" lon="-4.43749">
        <ele>142.49</ele>
      </trkpt>
      <trkpt lat="56.08237" lon="-4.43756">
        <ele>146.07</ele>
      </trkpt>
      <trkpt lat="56.08258" lon="-4.43769">
        <ele>150.66</ele>
      </trkpt>
      <trkpt lat="56.08284" lon="-4.43798">
        <ele>142.74</ele>
      </trkpt>
      <trkpt lat="56.08334" lon="-4.43916">
        <ele>145.0</ele>
      </trkpt>
      <trkpt lat="56.0834" lon="-4.43928">
        <ele>145.38</ele>
      </trkpt>
      <trkpt lat="56.08343" lon="-4.43937">
        <ele>145.44</ele>
      </trkpt>
      <trkpt lat="56.08345" lon="-4.43949">
        <ele>145.13</ele>
      </trkpt>
      <trkpt lat="56.08353" lon="-4.44003">
        <ele>143.74</ele>
      </trkpt>
      <trkpt lat="56.08357" lon="-4.44025">
        <ele>144.01</ele>
      </trkpt>
      <trkpt lat="56.08362" lon="-4.44049">
        <ele>145.31</ele>
      </trkpt>
      <trkpt lat="56.08373" lon="-4.44089">
        <ele>147.3</ele>
      </trkpt>
      <trkpt lat="56.08377" lon="-4.44104">
        <ele>147.8</ele>
      </trkpt>
      <trkpt lat="56.08379" lon="-4.44119">
        <ele>147.72</ele>
      </trkpt>
      <trkpt lat="56.08382" lon="-4.44174">
        <ele>147.57</ele>
      </trkpt>
      <trkpt lat="56.08384" lon="-4.44189">
        <ele>147.75</ele>
      </trkpt>
      <trkpt lat="56.08387" lon="-4.44211">
        <ele>147.94</ele>
      </trkpt>
      <trkpt lat="56.08392" lon="-4.44235">
        <ele>148.1</ele>
      </trkpt>
      <trkpt lat="56.08398" lon="-4.44255">
        <ele>148.56</ele>
      </trkpt>
      <trkpt lat="56.08425" lon="-4.44332">
        <ele>156.46</ele>
      </trkpt>
      <trkpt lat="56.0843" lon="-4.44348">
        <ele>158.71</ele>
      </trkpt>
      <trkpt lat="56.0843" lon="-4.4435">
        <ele>158.82</ele>
      </trkpt>
      <trkpt lat="56.08433" lon="-4.44357">
        <ele>159.46</ele>
      </trkpt>
      <trkpt lat="56.08435" lon="-4.44364">
        <ele>159.48</ele>
      </trkpt>
      <trkpt lat="56.08437" lon="-4.44372">
        <ele>159.21</ele>
      </trkpt>
      <trkpt lat="56.08438" lon="-4.4438">
        <ele>158.98</ele>
      </trkpt>
      <trkpt lat="56.08437" lon="-4.44389">
        <ele>158.39</ele>
      </trkpt>
      <trkpt lat="56.08435" lon="-4.44396">
        <ele>157.7</ele>
      </trkpt>
      <trkpt lat="56.08433" lon="-4.44404">
        <ele>156.98</ele>
      </trkpt>
      <trkpt lat="56.08432" lon="-4.44412">
        <ele>156.48</ele>
      </trkpt>
      <trkpt lat="56.08431" lon="-4.44421">
        <ele>155.86</ele>
      </trkpt>
      <trkpt lat="56.08432" lon="-4.4443">
        <ele>155.57</ele>
      </trkpt>
      <trkpt lat="56.08436" lon="-4.44436">
        <ele>156.0</ele>
      </trkpt>
      <trkpt lat="56.0844" lon="-4.44441">
        <ele>156.43</ele>
      </trkpt>
      <trkpt lat="56.08444" lon="-4.44445">
        <ele>156.92</ele>
      </trkpt>
      <trkpt lat="56.08448" lon="-4.4445">
        <ele>158.02</ele>
      </trkpt>
      <trkpt lat="56.08452" lon="-4.44456">
        <ele>159.18</ele>
      </trkpt>
      <trkpt lat="56.08455" lon="-4.44463">
        <ele>160.04</ele>
      </trkpt>
      <trkpt lat="56.08457" lon="-4.4447">
        <ele>160.62</ele>
      </trkpt>
      <trkpt lat="56.08459" lon="-4.44478">
        <ele>161.39</ele>
      </trkpt>
      <trkpt lat="56.08459" lon="-4.44487">
        <ele>161.7</ele>
      </trkpt>
      <trkpt lat="56.08459" lon="-4.44495">
        <ele>161.97</ele>
      </trkpt>
      <trkpt lat="56.08458" lon="-4.44504">
        <ele>162.0</ele>
      </trkpt>
      <trkpt lat="56.08458" lon="-4.44507">
        <ele>162.05</ele>
      </trkpt>
      <trkpt lat="56.08458" lon="-4.44511">
        <ele>162.12</ele>
      </trkpt>
      <trkpt lat="56.08457" lon="-4.44521">
        <ele>162.05</ele>
      </trkpt>
      <trkpt lat="56.08455" lon="-4.44529">
        <ele>161.64</ele>
      </trkpt>
      <trkpt lat="56.08454" lon="-4.44537">
        <ele>161.29</ele>
      </trkpt>
      <trkpt lat="56.08453" lon="-4.44546">
        <ele>160.95</ele>
      </trkpt>
      <trkpt lat="56.08454" lon="-4.44554">
        <ele>161.08</ele>
      </trkpt>
      <trkpt lat="56.08454" lon="-4.44555">
        <ele>161.07</ele>
      </trkpt>
      <trkpt lat="56.08455" lon="-4.44563">
        <ele>160.91</ele>
      </trkpt>
      <trkpt lat="56.08459" lon="-4.44583">
        <ele>160.64</ele>
      </trkpt>
      <trkpt lat="56.08487" lon="-4.44686">
        <ele>154.38</ele>
      </trkpt>
      <trkpt lat="56.08488" lon="-4.44691">
        <ele>154.04</ele>
      </trkpt>
      <trkpt lat="56.08517" lon="-4.44792">
        <ele>161.08</ele>
      </trkpt>
      <trkpt lat="56.08528" lon="-4.4489">
        <ele>155.06</ele>
      </trkpt>
      <trkpt lat="56.08519" lon="-4.44961">
        <ele>158.79</ele>
      </trkpt>
      <trkpt lat="56.08519" lon="-4.4497">
        <ele>158.45</ele>
      </trkpt>
      <trkpt lat="56.08532" lon="-4.45056">
        <ele>158.27</ele>
      </trkpt>
      <trkpt lat="56.08535" lon="-4.45074">
        <ele>157.36</ele>
      </trkpt>
      <trkpt lat="56.08543" lon="-4.45169">
        <ele>148.56</ele>
      </trkpt>
      <trkpt lat="56.08551" lon="-4.45223">
        <ele>146.05</ele>
      </trkpt>
      <trkpt lat="56.08554" lon="-4.45248">
        <ele>147.8</ele>
      </trkpt>
      <trkpt lat="56.08553" lon="-4.45274">
        <ele>149.56</ele>
      </trkpt>
      <trkpt lat="56.08549" lon="-4.453">
        <ele>152.35</ele>
      </trkpt>
      <trkpt lat="56.08531" lon="-4.45347">
        <ele>158.59</ele>
      </trkpt>
      <trkpt lat="56.08524" lon="-4.45371">
        <ele>164.76</ele>
      </trkpt>
      <trkpt lat="56.08518" lon="-4.45403">
        <ele>167.65</ele>
      </trkpt>
      <trkpt lat="56.08516" lon="-4.45479">
        <ele>161.41</ele>
      </trkpt>
      <trkpt lat="56.08511" lon="-4.45509">
        <ele>160.11</ele>
      </trkpt>
      <trkpt lat="56.08502" lon="-4.45531">
        <ele>158.42</ele>
      </trkpt>
      <trkpt lat="56.0849" lon="-4.45549">
        <ele>155.92</ele>
      </trkpt>
      <trkpt lat="56.08455" lon="-4.45589">
        <ele>148.3</ele>
      </trkpt>
      <trkpt lat="56.08442" lon="-4.45613">
        <ele>145.05</ele>
      </trkpt>
      <trkpt lat="56.08435" lon="-4.45637">
        <ele>144.13</ele>
      </trkpt>
      <trkpt lat="56.08431" lon="-4.45658">
        <ele>143.12</ele>
      </trkpt>
      <trkpt lat="56.08431" lon="-4.45712">
        <ele>141.5</ele>
      </trkpt>
      <trkpt lat="56.08438" lon="-4.45786">
        <ele>146.09</ele>
      </trkpt>
      <trkpt lat="56.08437" lon="-4.45826">
        <ele>146.66</ele>
      </trkpt>
      <trkpt lat="56.08433" lon="-4.45876">
        <ele>144.62</ele>
      </trkpt>
      <trkpt lat="56.08433" lon="-4.45902">
        <ele>143.24</ele>
      </trkpt>
      <trkpt lat="56.08434" lon="-4.4592">
        <ele>141.54</ele>
      </trkpt>
      <trkpt lat="56.08442" lon="-4.45969">
        <ele>138.8</ele>
      </trkpt>
      <trkpt lat="56.08443" lon="-4.45989">
        <ele>140.11</ele>
      </trkpt>
      <trkpt lat="56.08438" lon="-4.46056">
        <ele>139.3</ele>
      </trkpt>
      <trkpt lat="56.08439" lon="-4.46091">
        <ele>139.11</ele>
      </trkpt>
      <trkpt lat="56.08443" lon="-4.46113">
        <ele>139.04</ele>
      </trkpt>
      <trkpt lat="56.08452" lon="-4.46144">
        <ele>137.79</ele>
      </trkpt>
      <trkpt lat="56.08462" lon="-4.4617">
        <ele>140.02</ele>
      </trkpt>
      <trkpt lat="56.085" lon="-4.46261">
        <ele>149.4</ele>
      </trkpt>
      <trkpt lat="56.08521" lon="-4.46317">
        <ele>153.65</ele>
      </trkpt>
      <trkpt lat="56.08552" lon="-4.46422">
        <ele>155.44</ele>
      </trkpt>
      <trkpt lat="56.08571" lon="-4.46501">
        <ele>148.36</ele>
      </trkpt>
      <trkpt lat="56.08605" lon="-4.46608">
        <ele>151.49</ele>
      </trkpt>
      <trkpt lat="56.08654" lon="-4.46749">
        <ele>149.89</ele>
      </trkpt>
      <trkpt lat="56.08681" lon="-4.46816">
        <ele>161.82</ele>
      </trkpt>
      <trkpt lat="56.08687" lon="-4.46842">
        <ele>157.67</ele>
      </trkpt>
      <trkpt lat="56.08691" lon="-4.46867">
        <ele>158.55</ele>
      </trkpt>
      <trkpt lat="56.08698" lon="-4.46978">
        <ele>158.52</ele>
      </trkpt>
      <trkpt lat="56.08702" lon="-4.46999">
        <ele>153.4</ele>
      </trkpt>
      <trkpt lat="56.08706" lon="-4.47011">
        <ele>154.19</ele>
      </trkpt>
      <trkpt lat="56.08713" lon="-4.47022">
        <ele>156.88</ele>
      </trkpt>
      <trkpt lat="56.08729" lon="-4.47036">
        <ele>165.13</ele>
      </trkpt>
      <trkpt lat="56.08783" lon="-4.47076">
        <ele>172.2</ele>
      </trkpt>
      <trkpt lat="56.08832" lon="-4.47119">
        <ele>170.96</ele>
      </trkpt>
      <trkpt lat="56.08855" lon="-4.4714">
        <ele>165.75</ele>
      </trkpt>
      <trkpt lat="56.08882" lon="-4.4717">
        <ele>162.93</ele>
      </trkpt>
      <trkpt lat="56.08899" lon="-4.4719">
        <ele>156.35</ele>
      </trkpt>
      <trkpt lat="56.08934" lon="-4.47242">
        <ele>145.72</ele>
      </trkpt>
      <trkpt lat="56.08948" lon="-4.47273">
        <ele>143.02</ele>
      </trkpt>
      <trkpt lat="56.08954" lon="-4.47296">
        <ele>145.92</ele>
      </trkpt>
      <trkpt lat="56.08957" lon="-4.47319">
        <ele>147.35</ele>
      </trkpt>
      <trkpt lat="56.08963" lon="-4.47428">
        <ele>137.07</ele>
      </trkpt>
      <trkpt lat="56.08963" lon="-4.47491">
        <ele>134.66</ele>
      </trkpt>
      <trkpt lat="56.08964" lon="-4.47508">
        <ele>135.29</ele>
      </trkpt>
      <trkpt lat="56.08966" lon="-4.47529">
        <ele>137.19</ele>
      </trkpt>
      <trkpt lat="56.08967" lon="-4.47541">
        <ele>139.11</ele>
      </trkpt>
      <trkpt lat="56.08973" lon="-4.47568">
        <ele>141.12</ele>
      </trkpt>
      <trkpt lat="56.08974" lon="-4.47574">
        <ele>140.69</ele>
      </trkpt>
      <trkpt lat="56.08989" lon="-4.47621">
        <ele>135.31</ele>
      </trkpt>
      <trkpt lat="56.09003" lon="-4.47696">
        <ele>144.26</ele>
      </trkpt>
      <trkpt lat="56.09004" lon="-4.47735">
        <ele>145.31</ele>
      </trkpt>
      <trkpt lat="56.08997" lon="-4.47809">
        <ele>146.69</ele>
      </trkpt>
      <trkpt lat="56.08996" lon="-4.47873">
        <ele>137.58</ele>
      </trkpt>
      <trkpt lat="56.09" lon="-4.47902">
        <ele>140.42</ele>
      </trkpt>
      <trkpt lat="56.09008" lon="-4.47936">
        <ele>146.57</ele>
      </trkpt>
      <trkpt lat="56.09013" lon="-4.47977">
        <ele>149.12</ele>
      </trkpt>
      <trkpt lat="56.0901" lon="-4.48013">
        <ele>147.73</ele>
      </trkpt>
      <trkpt lat="56.08985" lon="-4.48114">
        <ele>142.77</ele>
      </trkpt>
      <trkpt lat="56.0898" lon="-4.48132">
        <ele>141.6</ele>
      </trkpt>
      <trkpt lat="56.08962" lon="-4.48203">
        <ele>143.93</ele>
      </trkpt>
      <trkpt lat="56.08956" lon="-4.48257">
        <ele>144.0</ele>
      </trkpt>
      <trkpt lat="56.0895" lon="-4.48294">
        <ele>143.88</ele>
      </trkpt>
      <trkpt lat="56.08944" lon="-4.48322">
        <ele>142.82</ele>
      </trkpt>
      <trkpt lat="56.08957" lon="-4.48372">
        <ele>137.34</ele>
      </trkpt>
      <trkpt lat="56.08963" lon="-4.48386">
        <ele>137.54</ele>
      </trkpt>
      <trkpt lat="56.08977" lon="-4.48405">
        <ele>137.04</ele>
      </trkpt>
      <trkpt lat="56.08984" lon="-4.4841">
        <ele>137.12</ele>
      </trkpt>
      <trkpt lat="56.09052" lon="-4.48438">
        <ele>143.65</ele>
      </trkpt>
      <trkpt lat="56.09083" lon="-4.48446">
        <ele>145.05</ele>
      </trkpt>
      <trkpt lat="56.09123" lon="-4.48449">
        <ele>144.55</ele>
      </trkpt>
      <trkpt lat="56.09159" lon="-4.48444">
        <ele>149.88</ele>
      </trkpt>
      <trkpt lat="56.09166" lon="-4.48447">
        <ele>149.91</ele>
      </trkpt>
      <trkpt lat="56.09172" lon="-4.48457">
        <ele>149.91</ele>
      </trkpt>
      <trkpt lat="56.09175" lon="-4.48467">
        <ele>149.98</ele>
      </trkpt>
      <trkpt lat="56.09191" lon="-4.48586">
        <ele>155.82</ele>
      </trkpt>
      <trkpt lat="56.09196" lon="-4.48612">
        <ele>153.31</ele>
      </trkpt>
      <trkpt lat="56.09201" lon="-4.48624">
        <ele>154.9</ele>
      </trkpt>
      <trkpt lat="56.09213" lon="-4.48645">
        <ele>156.81</ele>
      </trkpt>
      <trkpt lat="56.09332" lon="-4.48793">
        <ele>150.41</ele>
      </trkpt>
      <trkpt lat="56.09354" lon="-4.48816">
        <ele>157.36</ele>
      </trkpt>
      <trkpt lat="56.09375" lon="-4.48826">
        <ele>157.29</ele>
      </trkpt>
      <trkpt lat="56.0941" lon="-4.48834">
        <ele>159.69</ele>
      </trkpt>
      <trkpt lat="56.09432" lon="-4.48843">
        <ele>163.05</ele>
      </trkpt>
      <trkpt lat="56.09439" lon="-4.48848">
        <ele>163.08</ele>
      </trkpt>
      <trkpt lat="56.09455" lon="-4.48867">
        <ele>162.22</ele>
      </trkpt>
      <trkpt lat="56.09467" lon="-4.48875">
        <ele>162.0</ele>
      </trkpt>
      <trkpt lat="56.09493" lon="-4.48878">
        <ele>160.61</ele>
      </trkpt>
      <trkpt lat="56.09502" lon="-4.48887">
        <ele>161.44</ele>
      </trkpt>
      <trkpt lat="56.09506" lon="-4.48897">
        <ele>162.85</ele>
      </trkpt>
      <trkpt lat="56.09516" lon="-4.48931">
        <ele>168.09</ele>
      </trkpt>
      <trkpt lat="56.09519" lon="-4.48954">
        <ele>170.89</ele>
      </trkpt>
      <trkpt lat="56.09518" lon="-4.48978">
        <ele>170.45</ele>
      </trkpt>
      <trkpt lat="56.09519" lon="-4.49006">
        <ele>167.71</ele>
      </trkpt>
      <trkpt lat="56.09527" lon="-4.49074">
        <ele>163.28</ele>
      </trkpt>
      <trkpt lat="56.0953" lon="-4.49086">
        <ele>163.55</ele>
      </trkpt>
      <trkpt lat="56.09534" lon="-4.49092">
        <ele>162.77</ele>
      </trkpt>
      <trkpt lat="56.09544" lon="-4.49103">
        <ele>162.82</ele>
      </trkpt>
      <trkpt lat="56.09557" lon="-4.49125">
        <ele>164.79</ele>
      </trkpt>
      <trkpt lat="56.09571" lon="-4.49137">
        <ele>167.37</ele>
      </trkpt>
      <trkpt lat="56.09579" lon="-4.49141">
        <ele>169.08</ele>
      </trkpt>
      <trkpt lat="56.09602" lon="-4.49145">
        <ele>172.4</ele>
      </trkpt>
      <trkpt lat="56.09635" lon="-4.49141">
        <ele>169.7</ele>
      </trkpt>
      <trkpt lat="56.09663" lon="-4.49147">
        <ele>166.72</ele>
      </trkpt>
      <trkpt lat="56.09686" lon="-4.49142">
        <ele>168.17</ele>
      </trkpt>
      <trkpt lat="56.09702" lon="-4.49135">
        <ele>169.74</ele>
      </trkpt>
      <trkpt lat="56.09713" lon="-4.49135">
        <ele>170.82</ele>
      </trkpt>
      <trkpt lat="56.09727" lon="-4.4914">
        <ele>172.94</ele>
      </trkpt>
      <trkpt lat="56.09785" lon="-4.4914">
        <ele>186.01</ele>
      </trkpt>
      <trkpt lat="56.098" lon="-4.49138">
        <ele>188.24</ele>
      </trkpt>
      <trkpt lat="56.0983" lon="-4.49124">
        <ele>189.19</ele>
      </trkpt>
      <trkpt lat="56.09876" lon="-4.49122">
        <ele>181.88</ele>
      </trkpt>
      <trkpt lat="56.09883" lon="-4.49126">
        <ele>181.16</ele>
      </trkpt>
      <trkpt lat="56.0989" lon="-4.49133">
        <ele>180.88</ele>
      </trkpt>
      <trkpt lat="56.09911" lon="-4.49172">
        <ele>183.62</ele>
      </trkpt>
      <trkpt lat="56.0992" lon="-4.49181">
        <ele>184.51</ele>
      </trkpt>
      <trkpt lat="56.09936" lon="-4.49191">
        <ele>183.83</ele>
      </trkpt>
      <trkpt lat="56.09954" lon="-4.49207">
        <ele>183.74</ele>
      </trkpt>
      <trkpt lat="56.09964" lon="-4.49222">
        <ele>184.82</ele>
      </trkpt>
      <trkpt lat="56.0997" lon="-4.49238">
        <ele>184.63</ele>
      </trkpt>
      <trkpt lat="56.09974" lon="-4.49257">
        <ele>183.07</ele>
      </trkpt>
      <trkpt lat="56.0998" lon="-4.49314">
        <ele>177.81</ele>
      </trkpt>
      <trkpt lat="56.09987" lon="-4.4941">
        <ele>175.94</ele>
      </trkpt>
      <trkpt lat="56.09989" lon="-4.49466">
        <ele>173.71</ele>
      </trkpt>
      <trkpt lat="56.09992" lon="-4.49494">
        <ele>172.84</ele>
      </trkpt>
      <trkpt lat="56.09992" lon="-4.49494">
        <ele>172.84</ele>
      </trkpt>
      <trkpt lat="56.09992" lon="-4.49494">
        <ele>172.84</ele>
      </trkpt>
      <trkpt lat="56.09996" lon="-4.49535">
        <ele>173.79</ele>
      </trkpt>
      <trkpt lat="56.10001" lon="-4.49567">
        <ele>174.55</ele>
      </trkpt>
      <trkpt lat="56.10003" lon="-4.49588">
        <ele>173.87</ele>
      </trkpt>
      <trkpt lat="56.10014" lon="-4.49709">
        <ele>169.48</ele>
      </trkpt>
      <trkpt lat="56.10015" lon="-4.49781">
        <ele>161.72</ele>
      </trkpt>
      <trkpt lat="56.10018" lon="-4.49806">
        <ele>158.96</ele>
      </trkpt>
      <trkpt lat="56.10039" lon="-4.49867">
        <ele>156.38</ele>
      </trkpt>
      <trkpt lat="56.10042" lon="-4.49889">
        <ele>155.02</ele>
      </trkpt>
      <trkpt lat="56.10042" lon="-4.49903">
        <ele>154.26</ele>
      </trkpt>
      <trkpt lat="56.1004" lon="-4.49931">
        <ele>152.35</ele>
      </trkpt>
      <trkpt lat="56.10041" lon="-4.4995">
        <ele>151.11</ele>
      </trkpt>
      <trkpt lat="56.10048" lon="-4.49993">
        <ele>149.87</ele>
      </trkpt>
      <trkpt lat="56.10048" lon="-4.50008">
        <ele>149.0</ele>
      </trkpt>
      <trkpt lat="56.10045" lon="-4.50018">
        <ele>147.83</ele>
      </trkpt>
      <trkpt lat="56.10018" lon="-4.50084">
        <ele>140.71</ele>
      </trkpt>
      <trkpt lat="56.10002" lon="-4.50119">
        <ele>140.49</ele>
      </trkpt>
      <trkpt lat="56.09995" lon="-4.50131">
        <ele>140.13</ele>
      </trkpt>
      <trkpt lat="56.09966" lon="-4.50182">
        <ele>142.59</ele>
      </trkpt>
      <trkpt lat="56.09956" lon="-4.5022">
        <ele>143.34</ele>
      </trkpt>
      <trkpt lat="56.09944" lon="-4.50232">
        <ele>144.95</ele>
      </trkpt>
      <trkpt lat="56.0994" lon="-4.50278">
        <ele>146.87</ele>
      </trkpt>
      <trkpt lat="56.09931" lon="-4.50309">
        <ele>153.36</ele>
      </trkpt>
      <trkpt lat="56.09925" lon="-4.50321">
        <ele>157.05</ele>
      </trkpt>
      <trkpt lat="56.09927" lon="-4.5033">
        <ele>157.77</ele>
      </trkpt>
      <trkpt lat="56.09933" lon="-4.50377">
        <ele>156.53</ele>
      </trkpt>
      <trkpt lat="56.09932" lon="-4.50394">
        <ele>155.79</ele>
      </trkpt>
      <trkpt lat="56.09929" lon="-4.50439">
        <ele>157.38</ele>
      </trkpt>
      <trkpt lat="56.09916" lon="-4.50511">
        <ele>165.35</ele>
      </trkpt>
      <trkpt lat="56.09912" lon="-4.50538">
        <ele>165.79</ele>
      </trkpt>
      <trkpt lat="56.09911" lon="-4.50567">
        <ele>165.76</ele>
      </trkpt>
      <trkpt lat="56.09912" lon="-4.50579">
        <ele>165.44</ele>
      </trkpt>
      <trkpt lat="56.09923" lon="-4.5062">
        <ele>166.2</ele>
      </trkpt>
      <trkpt lat="56.09927" lon="-4.50686">
        <ele>172.72</ele>
      </trkpt>
      <trkpt lat="56.09933" lon="-4.50707">
        <ele>174.58</ele>
      </trkpt>
      <trkpt lat="56.09947" lon="-4.50742">
        <ele>177.58</ele>
      </trkpt>
      <trkpt lat="56.09954" lon="-4.50769">
        <ele>178.3</ele>
      </trkpt>
      <trkpt lat="56.09957" lon="-4.50792">
        <ele>178.98</ele>
      </trkpt>
      <trkpt lat="56.09957" lon="-4.50826">
        <ele>181.78</ele>
      </trkpt>
      <trkpt lat="56.09956" lon="-4.50875">
        <ele>184.79</ele>
      </trkpt>
      <trkpt lat="56.09953" lon="-4.50909">
        <ele>187.7</ele>
      </trkpt>
      <trkpt lat="56.09949" lon="-4.50972">
        <ele>195.83</ele>
      </trkpt>
      <trkpt lat="56.09951" lon="-4.51013">
        <ele>195.8</ele>
      </trkpt>
      <trkpt lat="56.09959" lon="-4.51067">
        <ele>197.94</ele>
      </trkpt>
      <trkpt lat="56.09985" lon="-4.51167">
        <ele>203.82</ele>
      </trkpt>
      <trkpt lat="56.09989" lon="-4.51192">
        <ele>205.51</ele>
      </trkpt>
      <trkpt lat="56.0999" lon="-4.51225">
        <ele>210.58</ele>
      </trkpt>
      <trkpt lat="56.09993" lon="-4.51242">
        <ele>214.0</ele>
      </trkpt>
      <trkpt lat="56.09999" lon="-4.5126">
        <ele>216.8</ele>
      </trkpt>
      <trkpt lat="56.10009" lon="-4.51282">
        <ele>218.15</ele>
      </trkpt>
      <trkpt lat="56.10017" lon="-4.51307">
        <ele>218.85</ele>
      </trkpt>
      <trkpt lat="56.10021" lon="-4.51366">
        <ele>227.19</ele>
      </trkpt>
      <trkpt lat="56.10029" lon="-4.51433">
        <ele>232.04</ele>
      </trkpt>
      <trkpt lat="56.10039" lon="-4.51494">
        <ele>238.05</ele>
      </trkpt>
      <trkpt lat="56.10059" lon="-4.5157">
        <ele>245.85</ele>
      </trkpt>
      <trkpt lat="56.10067" lon="-4.51624">
        <ele>250.51</ele>
      </trkpt>
      <trkpt lat="56.10082" lon="-4.5167">
        <ele>252.21</ele>
      </trkpt>
      <trkpt lat="56.1009" lon="-4.51722">
        <ele>261.76</ele>
      </trkpt>
      <trkpt lat="56.1009" lon="-4.51733">
        <ele>262.48</ele>
      </trkpt>
      <trkpt lat="56.10091" lon="-4.51736">
        <ele>262.48</ele>
      </trkpt>
      <trkpt lat="56.10091" lon="-4.51738">
        <ele>262.6</ele>
      </trkpt>
      <trkpt lat="56.10087" lon="-4.51743">
        <ele>263.74</ele>
      </trkpt>
      <trkpt lat="56.10082" lon="-4.51742">
        <ele>264.73</ele>
      </trkpt>
      <trkpt lat="56.10078" lon="-4.51745">
        <ele>265.91</ele>
      </trkpt>
      <trkpt lat="56.10077" lon="-4.51753">
        <ele>267.03</ele>
      </trkpt>
      <trkpt lat="56.10076" lon="-4.51758">
        <ele>268.0</ele>
      </trkpt>
      <trkpt lat="56.10076" lon="-4.51763">
        <ele>268.72</ele>
      </trkpt>
      <trkpt lat="56.10076" lon="-4.51764">
        <ele>268.86</ele>
      </trkpt>
      <trkpt lat="56.10084" lon="-4.5182">
        <ele>273.76</ele>
      </trkpt>
      <trkpt lat="56.10082" lon="-4.51854">
        <ele>277.53</ele>
      </trkpt>
      <trkpt lat="56.10079" lon="-4.51889">
        <ele>279.09</ele>
      </trkpt>
      <trkpt lat="56.10076" lon="-4.51899">
        <ele>279.94</ele>
      </trkpt>
      <trkpt lat="56.10049" lon="-4.51966">
        <ele>292.31</ele>
      </trkpt>
      <trkpt lat="56.10028" lon="-4.5202">
        <ele>298.21</ele>
      </trkpt>
      <trkpt lat="56.10027" lon="-4.52024">
        <ele>298.24</ele>
      </trkpt>
      <trkpt lat="56.10025" lon="-4.52032">
        <ele>297.99</ele>
      </trkpt>
      <trkpt lat="56.10023" lon="-4.5204">
        <ele>297.6</ele>
      </trkpt>
      <trkpt lat="56.10021" lon="-4.52049">
        <ele>297.24</ele>
      </trkpt>
      <trkpt lat="56.1002" lon="-4.52057">
        <ele>296.78</ele>
      </trkpt>
      <trkpt lat="56.10018" lon="-4.52065">
        <ele>296.34</ele>
      </trkpt>
      <trkpt lat="56.10015" lon="-4.52073">
        <ele>296.29</ele>
      </trkpt>
      <trkpt lat="56.10013" lon="-4.52081">
        <ele>296.03</ele>
      </trkpt>
      <trkpt lat="56.1001" lon="-4.52089">
        <ele>296.02</ele>
      </trkpt>
      <trkpt lat="56.10008" lon="-4.52095">
        <ele>295.85</ele>
      </trkpt>
      <trkpt lat="56.10005" lon="-4.52104">
        <ele>295.54</ele>
      </trkpt>
      <trkpt lat="56.10003" lon="-4.52111">
        <ele>295.15</ele>
      </trkpt>
      <trkpt lat="56.10001" lon="-4.52119">
        <ele>294.01</ele>
      </trkpt>
      <trkpt lat="56.09998" lon="-4.52127">
        <ele>292.84</ele>
      </trkpt>
      <trkpt lat="56.09996" lon="-4.52134">
        <ele>291.7</ele>
      </trkpt>
      <trkpt lat="56.09993" lon="-4.52141">
        <ele>291.11</ele>
      </trkpt>
      <trkpt lat="56.09991" lon="-4.52149">
        <ele>291.0</ele>
      </trkpt>
      <trkpt lat="56.09988" lon="-4.52156">
        <ele>291.38</ele>
      </trkpt>
      <trkpt lat="56.09988" lon="-4.52156">
        <ele>291.38</ele>
      </trkpt>
      <trkpt lat="56.09986" lon="-4.52165">
        <ele>291.6</ele>
      </trkpt>
      <trkpt lat="56.09982" lon="-4.52175">
        <ele>292.62</ele>
      </trkpt>
      <trkpt lat="56.09967" lon="-4.52205">
        <ele>297.19</ele>
      </trkpt>
      <trkpt lat="56.09954" lon="-4.52222">
        <ele>301.23</ele>
      </trkpt>
      <trkpt lat="56.0991" lon="-4.5227">
        <ele>302.69</ele>
      </trkpt>
      <trkpt lat="56.09901" lon="-4.52282">
        <ele>303.36</ele>
      </trkpt>
      <trkpt lat="56.09887" lon="-4.52326">
        <ele>304.3</ele>
      </trkpt>
      <trkpt lat="56.09854" lon="-4.52393">
        <ele>303.98</ele>
      </trkpt>
      <trkpt lat="56.09814" lon="-4.52464">
        <ele>303.55</ele>
      </trkpt>
      <trkpt lat="56.09795" lon="-4.52486">
        <ele>310.33</ele>
      </trkpt>
      <trkpt lat="56.09785" lon="-4.52502">
        <ele>313.37</ele>
      </trkpt>
      <trkpt lat="56.09777" lon="-4.5252">
        <ele>314.35</ele>
      </trkpt>
      <trkpt lat="56.09766" lon="-4.52557">
        <ele>311.69</ele>
      </trkpt>
      <trkpt lat="56.09766" lon="-4.52557">
        <ele>311.69</ele>
      </trkpt>
      <trkpt lat="56.09763" lon="-4.52567">
        <ele>310.44</ele>
      </trkpt>
      <trkpt lat="56.09753" lon="-4.52586">
        <ele>308.87</ele>
      </trkpt>
      <trkpt lat="56.09732" lon="-4.52612">
        <ele>313.23</ele>
      </trkpt>
      <trkpt lat="56.09724" lon="-4.52629">
        <ele>313.3</ele>
      </trkpt>
      <trkpt lat="56.09714" lon="-4.52658">
        <ele>311.13</ele>
      </trkpt>
      <trkpt lat="56.09695" lon="-4.52699">
        <ele>310.32</ele>
      </trkpt>
      <trkpt lat="56.09678" lon="-4.52745">
        <ele>305.6</ele>
      </trkpt>
      <trkpt lat="56.09665" lon="-4.52782">
        <ele>302.23</ele>
      </trkpt>
      <trkpt lat="56.09659" lon="-4.52797">
        <ele>299.78</ele>
      </trkpt>
      <trkpt lat="56.09642" lon="-4.52836">
        <ele>295.63</ele>
      </trkpt>
      <trkpt lat="56.09638" lon="-4.52851">
        <ele>293.15</ele>
      </trkpt>
      <trkpt lat="56.09637" lon="-4.52873">
        <ele>287.24</ele>
      </trkpt>
      <trkpt lat="56.09633" lon="-4.52887">
        <ele>283.2</ele>
      </trkpt>
      <trkpt lat="56.09623" lon="-4.52904">
        <ele>278.9</ele>
      </trkpt>
      <trkpt lat="56.0961" lon="-4.52941">
        <ele>268.59</ele>
      </trkpt>
      <trkpt lat="56.09591" lon="-4.52967">
        <ele>263.27</ele>
      </trkpt>
      <trkpt lat="56.09591" lon="-4.52967">
        <ele>263.27</ele>
      </trkpt>
      <trkpt lat="56.09554" lon="-4.5301">
        <ele>256.36</ele>
      </trkpt>
      <trkpt lat="56.09547" lon="-4.53022">
        <ele>253.74</ele>
      </trkpt>
      <trkpt lat="56.09535" lon="-4.53054">
        <ele>243.14</ele>
      </trkpt>
      <trkpt lat="56.09515" lon="-4.5309">
        <ele>234.69</ele>
      </trkpt>
      <trkpt lat="56.09502" lon="-4.53118">
        <ele>230.49</ele>
      </trkpt>
      <trkpt lat="56.09495" lon="-4.53139">
        <ele>228.07</ele>
      </trkpt>
      <trkpt lat="56.09483" lon="-4.53195">
        <ele>220.54</ele>
      </trkpt>
      <trkpt lat="56.09456" lon="-4.53258">
        <ele>215.89</ele>
      </trkpt>
      <trkpt lat="56.09454" lon="-4.53279">
        <ele>214.03</ele>
      </trkpt>
      <trkpt lat="56.09444" lon="-4.53314">
        <ele>206.58</ele>
      </trkpt>
      <trkpt lat="56.09444" lon="-4.53314">
        <ele>206.58</ele>
      </trkpt>
      <trkpt lat="56.09437" lon="-4.53338">
        <ele>200.81</ele>
      </trkpt>
      <trkpt lat="56.09428" lon="-4.53363">
        <ele>197.82</ele>
      </trkpt>
      <trkpt lat="56.09414" lon="-4.5338">
        <ele>198.6</ele>
      </trkpt>
      <trkpt lat="56.09406" lon="-4.53383">
        <ele>199.22</ele>
      </trkpt>
      <trkpt lat="56.09391" lon="-4.53384">
        <ele>201.07</ele>
      </trkpt>
      <trkpt lat="56.09381" lon="-4.53388">
        <ele>199.35</ele>
      </trkpt>
      <trkpt lat="56.09367" lon="-4.53399">
        <ele>195.68</ele>
      </trkpt>
      <trkpt lat="56.09363" lon="-4.53401">
        <ele>194.88</ele>
      </trkpt>
      <trkpt lat="56.09337" lon="-4.53414">
        <ele>185.95</ele>
      </trkpt>
      <trkpt lat="56.09323" lon="-4.53429">
        <ele>182.36</ele>
      </trkpt>
      <trkpt lat="56.09308" lon="-4.53439">
        <ele>176.22</ele>
      </trkpt>
      <trkpt lat="56.09296" lon="-4.53442">
        <ele>171.81</ele>
      </trkpt>
      <trkpt lat="56.0929" lon="-4.5344">
        <ele>170.04</ele>
      </trkpt>
      <trkpt lat="56.09268" lon="-4.53429">
        <ele>161.47</ele>
      </trkpt>
      <trkpt lat="56.09266" lon="-4.53427">
        <ele>160.75</ele>
      </trkpt>
      <trkpt lat="56.09266" lon="-4.53427">
        <ele>160.75</ele>
      </trkpt>
      <trkpt lat="56.09244" lon="-4.53408">
        <ele>159.51</ele>
      </trkpt>
      <trkpt lat="56.09238" lon="-4.53391">
        <ele>164.17</ele>
      </trkpt>
      <trkpt lat="56.09231" lon="-4.53362">
        <ele>165.71</ele>
      </trkpt>
      <trkpt lat="56.09219" lon="-4.53327">
        <ele>158.06</ele>
      </trkpt>
      <trkpt lat="56.09212" lon="-4.5331">
        <ele>156.82</ele>
      </trkpt>
      <trkpt lat="56.09205" lon="-4.53305">
        <ele>158.01</ele>
      </trkpt>
      <trkpt lat="56.09201" lon="-4.53305">
        <ele>159.42</ele>
      </trkpt>
      <trkpt lat="56.0919" lon="-4.53304">
        <ele>161.87</ele>
      </trkpt>
      <trkpt lat="56.09168" lon="-4.53288">
        <ele>158.16</ele>
      </trkpt>
      <trkpt lat="56.09162" lon="-4.53292">
        <ele>158.8</ele>
      </trkpt>
      <trkpt lat="56.09158" lon="-4.53286">
        <ele>155.18</ele>
      </trkpt>
      <trkpt lat="56.09156" lon="-4.53272">
        <ele>149.02</ele>
      </trkpt>
      <trkpt lat="56.09149" lon="-4.53262">
        <ele>143.3</ele>
      </trkpt>
      <trkpt lat="56.09126" lon="-4.53238">
        <ele>130.56</ele>
      </trkpt>
      <trkpt lat="56.09118" lon="-4.53233">
        <ele>127.98</ele>
      </trkpt>
      <trkpt lat="56.09096" lon="-4.53229">
        <ele>119.17</ele>
      </trkpt>
      <trkpt lat="56.09087" lon="-4.53232">
        <ele>115.74</ele>
      </trkpt>
      <trkpt lat="56.09078" lon="-4.53244">
        <ele>114.3</ele>
      </trkpt>
      <trkpt lat="56.09064" lon="-4.53269">
        <ele>111.12</ele>
      </trkpt>
      <trkpt lat="56.09051" lon="-4.53283">
        <ele>105.51</ele>
      </trkpt>
      <trkpt lat="56.09029" lon="-4.53296">
        <ele>100.08</ele>
      </trkpt>
      <trkpt lat="56.09018" lon="-4.53309">
        <ele>96.15</ele>
      </trkpt>
      <trkpt lat="56.09015" lon="-4.53312">
        <ele>94.59</ele>
      </trkpt>
      <trkpt lat="56.09011" lon="-4.53316">
        <ele>92.72</ele>
      </trkpt>
      <trkpt lat="56.09007" lon="-4.5332">
        <ele>91.1</ele>
      </trkpt>
      <trkpt lat="56.09003" lon="-4.53326">
        <ele>90.04</ele>
      </trkpt>
      <trkpt lat="56.09001" lon="-4.53333">
        <ele>90.34</ele>
      </trkpt>
      <trkpt lat="56.08999" lon="-4.53341">
        <ele>91.88</ele>
      </trkpt>
      <trkpt lat="56.08997" lon="-4.53349">
        <ele>93.4</ele>
      </trkpt>
      <trkpt lat="56.08994" lon="-4.53356">
        <ele>94.09</ele>
      </trkpt>
      <trkpt lat="56.08993" lon="-4.53363">
        <ele>95.45</ele>
      </trkpt>
      <trkpt lat="56.0899" lon="-4.5337">
        <ele>95.92</ele>
      </trkpt>
      <trkpt lat="56.08985" lon="-4.53374">
        <ele>94.77</ele>
      </trkpt>
      <trkpt lat="56.0898" lon="-4.53376">
        <ele>93.11</ele>
      </trkpt>
      <trkpt lat="56.08975" lon="-4.53379">
        <ele>91.71</ele>
      </trkpt>
      <trkpt lat="56.08971" lon="-4.53382">
        <ele>90.48</ele>
      </trkpt>
      <trkpt lat="56.08971" lon="-4.53383">
        <ele>90.73</ele>
      </trkpt>
      <trkpt lat="56.0897" lon="-4.53387">
        <ele>91.03</ele>
      </trkpt>
      <trkpt lat="56.08967" lon="-4.53395">
        <ele>90.01</ele>
      </trkpt>
      <trkpt lat="56.08966" lon="-4.53402">
        <ele>89.95</ele>
      </trkpt>
      <trkpt lat="56.08964" lon="-4.53411">
        <ele>89.29</ele>
      </trkpt>
      <trkpt lat="56.08962" lon="-4.5342">
        <ele>88.44</ele>
      </trkpt>
      <trkpt lat="56.0896" lon="-4.53428">
        <ele>87.35</ele>
      </trkpt>
      <trkpt lat="56.08958" lon="-4.53435">
        <ele>86.25</ele>
      </trkpt>
      <trkpt lat="56.08955" lon="-4.53443">
        <ele>84.52</ele>
      </trkpt>
      <trkpt lat="56.08952" lon="-4.5345">
        <ele>82.88</ele>
      </trkpt>
      <trkpt lat="56.08948" lon="-4.53455">
        <ele>80.55</ele>
      </trkpt>
      <trkpt lat="56.08945" lon="-4.53461">
        <ele>79.15</ele>
      </trkpt>
      <trkpt lat="56.08941" lon="-4.53467">
        <ele>77.75</ele>
      </trkpt>
      <trkpt lat="56.08938" lon="-4.53474">
        <ele>77.17</ele>
      </trkpt>
      <trkpt lat="56.08935" lon="-4.53479">
        <ele>76.4</ele>
      </trkpt>
      <trkpt lat="56.08931" lon="-4.53483">
        <ele>75.24</ele>
      </trkpt>
      <trkpt lat="56.08926" lon="-4.53487">
        <ele>73.84</ele>
      </trkpt>
      <trkpt lat="56.08922" lon="-4.53488">
        <ele>72.47</ele>
      </trkpt>
      <trkpt lat="56.08917" lon="-4.53489">
        <ele>70.75</ele>
      </trkpt>
      <trkpt lat="56.08912" lon="-4.53488">
        <ele>69.35</ele>
      </trkpt>
      <trkpt lat="56.08907" lon="-4.53486">
        <ele>67.71</ele>
      </trkpt>
      <trkpt lat="56.08903" lon="-4.53484">
        <ele>66.23</ele>
      </trkpt>
      <trkpt lat="56.089" lon="-4.53484">
        <ele>65.51</ele>
      </trkpt>
      <trkpt lat="56.08898" lon="-4.53484">
        <ele>65.02</ele>
      </trkpt>
      <trkpt lat="56.08893" lon="-4.53485">
        <ele>64.12</ele>
      </trkpt>
      <trkpt lat="56.08887" lon="-4.53487">
        <ele>63.92</ele>
      </trkpt>
      <trkpt lat="56.08882" lon="-4.53488">
        <ele>64.57</ele>
      </trkpt>
      <trkpt lat="56.08877" lon="-4.5349">
        <ele>65.5</ele>
      </trkpt>
      <trkpt lat="56.08872" lon="-4.53493">
        <ele>66.65</ele>
      </trkpt>
      <trkpt lat="56.08867" lon="-4.53495">
        <ele>67.45</ele>
      </trkpt>
      <trkpt lat="56.08863" lon="-4.53496">
        <ele>67.9</ele>
      </trkpt>
      <trkpt lat="56.08858" lon="-4.53498">
        <ele>68.52</ele>
      </trkpt>
      <trkpt lat="56.08853" lon="-4.53499">
        <ele>68.78</ele>
      </trkpt>
      <trkpt lat="56.08848" lon="-4.53499">
        <ele>68.8</ele>
      </trkpt>
      <trkpt lat="56.08844" lon="-4.53499">
        <ele>68.81</ele>
      </trkpt>
      <trkpt lat="56.08838" lon="-4.53499">
        <ele>68.84</ele>
      </trkpt>
      <trkpt lat="56.08834" lon="-4.535">
        <ele>69.0</ele>
      </trkpt>
      <trkpt lat="56.0883" lon="-4.53503">
        <ele>68.49</ele>
      </trkpt>
      <trkpt lat="56.08825" lon="-4.53506">
        <ele>67.21</ele>
      </trkpt>
      <trkpt lat="56.08821" lon="-4.53511">
        <ele>66.33</ele>
      </trkpt>
      <trkpt lat="56.08817" lon="-4.53517">
        <ele>65.22</ele>
      </trkpt>
      <trkpt lat="56.08813" lon="-4.5352">
        <ele>63.57</ele>
      </trkpt>
      <trkpt lat="56.08813" lon="-4.5352">
        <ele>63.57</ele>
      </trkpt>
      <trkpt lat="56.08812" lon="-4.53522">
        <ele>63.19</ele>
      </trkpt>
      <trkpt lat="56.08807" lon="-4.53526">
        <ele>60.76</ele>
      </trkpt>
      <trkpt lat="56.08801" lon="-4.53531">
        <ele>59.21</ele>
      </trkpt>
      <trkpt lat="56.08797" lon="-4.53534">
        <ele>58.45</ele>
      </trkpt>
      <trkpt lat="56.08792" lon="-4.53538">
        <ele>57.4</ele>
      </trkpt>
      <trkpt lat="56.08786" lon="-4.5354">
        <ele>55.64</ele>
      </trkpt>
      <trkpt lat="56.08782" lon="-4.53543">
        <ele>54.56</ele>
      </trkpt>
      <trkpt lat="56.08777" lon="-4.53543">
        <ele>52.93</ele>
      </trkpt>
      <trkpt lat="56.08772" lon="-4.53542">
        <ele>51.77</ele>
      </trkpt>
      <trkpt lat="56.08768" lon="-4.5354">
        <ele>50.81</ele>
      </trkpt>
      <trkpt lat="56.08764" lon="-4.53536">
        <ele>49.82</ele>
      </trkpt>
      <trkpt lat="56.08759" lon="-4.53531">
        <ele>48.7</ele>
      </trkpt>
      <trkpt lat="56.08755" lon="-4.53526">
        <ele>47.78</ele>
      </trkpt>
      <trkpt lat="56.08751" lon="-4.53522">
        <ele>46.77</ele>
      </trkpt>
      <trkpt lat="56.08747" lon="-4.53517">
        <ele>45.59</ele>
      </trkpt>
      <trkpt lat="56.08743" lon="-4.53512">
        <ele>44.53</ele>
      </trkpt>
      <trkpt lat="56.08739" lon="-4.53508">
        <ele>43.65</ele>
      </trkpt>
      <trkpt lat="56.08735" lon="-4.53504">
        <ele>42.89</ele>
      </trkpt>
      <trkpt lat="56.0873" lon="-4.535">
        <ele>42.12</ele>
      </trkpt>
      <trkpt lat="56.08726" lon="-4.53497">
        <ele>41.53</ele>
      </trkpt>
      <trkpt lat="56.08722" lon="-4.53493">
        <ele>40.96</ele>
      </trkpt>
      <trkpt lat="56.08718" lon="-4.53491">
        <ele>40.24</ele>
      </trkpt>
      <trkpt lat="56.08711" lon="-4.53489">
        <ele>38.98</ele>
      </trkpt>
      <trkpt lat="56.08697" lon="-4.53492">
        <ele>36.46</ele>
      </trkpt>
      <trkpt lat="56.08693" lon="-4.53494">
        <ele>35.65</ele>
      </trkpt>
      <trkpt lat="56.08686" lon="-4.53504">
        <ele>33.73</ele>
      </trkpt>
      <trkpt lat="56.08684" lon="-4.53514">
        <ele>32.86</ele>
      </trkpt>
      <trkpt lat="56.08685" lon="-4.53516">
        <ele>33.04</ele>
      </trkpt>
      <trkpt lat="56.08687" lon="-4.53524">
        <ele>33.26</ele>
      </trkpt>
      <trkpt lat="56.08688" lon="-4.53533">
        <ele>33.09</ele>
      </trkpt>
      <trkpt lat="56.0869" lon="-4.53542">
        <ele>33.02</ele>
      </trkpt>
      <trkpt lat="56.08692" lon="-4.53549">
        <ele>32.99</ele>
      </trkpt>
      <trkpt lat="56.08693" lon="-4.53557">
        <ele>32.75</ele>
      </trkpt>
      <trkpt lat="56.08695" lon="-4.53565">
        <ele>33.09</ele>
      </trkpt>
      <trkpt lat="56.08697" lon="-4.53574">
        <ele>33.4</ele>
      </trkpt>
      <trkpt lat="56.08698" lon="-4.53582">
        <ele>33.52</ele>
      </trkpt>
      <trkpt lat="56.08699" lon="-4.53592">
        <ele>33.6</ele>
      </trkpt>
      <trkpt lat="56.087" lon="-4.53601">
        <ele>33.67</ele>
      </trkpt>
      <trkpt lat="56.08701" lon="-4.53609">
        <ele>33.73</ele>
      </trkpt>
      <trkpt lat="56.08701" lon="-4.53619">
        <ele>34.06</ele>
      </trkpt>
      <trkpt lat="56.08701" lon="-4.53627">
        <ele>34.41</ele>
      </trkpt>
      <trkpt lat="56.08701" lon="-4.53635">
        <ele>34.77</ele>
      </trkpt>
      <trkpt lat="56.08701" lon="-4.53644">
        <ele>35.26</ele>
      </trkpt>
      <trkpt lat="56.087" lon="-4.53653">
        <ele>35.61</ele>
      </trkpt>
      <trkpt lat="56.08698" lon="-4.53661">
        <ele>35.61</ele>
      </trkpt>
      <trkpt lat="56.08695" lon="-4.53668">
        <ele>35.19</ele>
      </trkpt>
      <trkpt lat="56.08692" lon="-4.53677">
        <ele>35.52</ele>
      </trkpt>
      <trkpt lat="56.08689" lon="-4.53684">
        <ele>35.89</ele>
      </trkpt>
      <trkpt lat="56.08686" lon="-4.53691">
        <ele>36.22</ele>
      </trkpt>
      <trkpt lat="56.08683" lon="-4.53697">
        <ele>36.56</ele>
      </trkpt>
      <trkpt lat="56.08679" lon="-4.53703">
        <ele>37.0</ele>
      </trkpt>
      <trkpt lat="56.08676" lon="-4.53709">
        <ele>37.36</ele>
      </trkpt>
      <trkpt lat="56.08673" lon="-4.53715">
        <ele>37.68</ele>
      </trkpt>
      <trkpt lat="56.0867" lon="-4.53722">
        <ele>37.99</ele>
      </trkpt>
      <trkpt lat="56.08667" lon="-4.53728">
        <ele>38.01</ele>
      </trkpt>
      <trkpt lat="56.08663" lon="-4.53736">
        <ele>37.6</ele>
      </trkpt>
      <trkpt lat="56.0866" lon="-4.53744">
        <ele>37.42</ele>
      </trkpt>
      <trkpt lat="56.08657" lon="-4.5375">
        <ele>37.3</ele>
      </trkpt>
      <trkpt lat="56.08653" lon="-4.53756">
        <ele>37.45</ele>
      </trkpt>
      <trkpt lat="56.0865" lon="-4.53761">
        <ele>37.43</ele>
      </trkpt>
      <trkpt lat="56.08646" lon="-4.53766">
        <ele>37.1</ele>
      </trkpt>
      <trkpt lat="56.08641" lon="-4.5377">
        <ele>36.37</ele>
      </trkpt>
      <trkpt lat="56.08636" lon="-4.53772">
        <ele>35.58</ele>
      </trkpt>
      <trkpt lat="56.08632" lon="-4.53773">
        <ele>35.01</ele>
      </trkpt>
      <trkpt lat="56.08627" lon="-4.53773">
        <ele>34.29</ele>
      </trkpt>
      <trkpt lat="56.08622" lon="-4.53774">
        <ele>33.57</ele>
      </trkpt>
      <trkpt lat="56.08618" lon="-4.53775">
        <ele>32.99</ele>
      </trkpt>
      <trkpt lat="56.08613" lon="-4.53777">
        <ele>32.27</ele>
      </trkpt>
      <trkpt lat="56.08609" lon="-4.53779">
        <ele>31.65</ele>
      </trkpt>
      <trkpt lat="56.08606" lon="-4.53781">
        <ele>31.15</ele>
      </trkpt>
      <trkpt lat="56.08602" lon="-4.53787">
        <ele>30.36</ele>
      </trkpt>
      <trkpt lat="56.08601" lon="-4.53788">
        <ele>30.18</ele>
      </trkpt>
      <trkpt lat="56.08598" lon="-4.538">
        <ele>29.31</ele>
      </trkpt>
      <trkpt lat="56.08597" lon="-4.53833">
        <ele>25.53</ele>
      </trkpt>
      <trkpt lat="56.08599" lon="-4.53851">
        <ele>24.57</ele>
      </trkpt>
      <trkpt lat="56.08598" lon="-4.53862">
        <ele>23.98</ele>
      </trkpt>
      <trkpt lat="56.08589" lon="-4.53869">
        <ele>23.94</ele>
      </trkpt>
      <trkpt lat="56.08584" lon="-4.53872">
        <ele>23.99</ele>
      </trkpt>
      <trkpt lat="56.08581" lon="-4.53886">
        <ele>23.91</ele>
      </trkpt>
      <trkpt lat="56.08579" lon="-4.53886">
        <ele>23.83</ele>
      </trkpt>
      <trkpt lat="56.08576" lon="-4.53885">
        <ele>23.7</ele>
      </trkpt>
      <trkpt lat="56.08565" lon="-4.53916">
        <ele>20.1</ele>
      </trkpt>
      <trkpt lat="56.08561" lon="-4.53921">
        <ele>19.49</ele>
      </trkpt>
      <trkpt lat="56.08548" lon="-4.53937">
        <ele>16.71</ele>
      </trkpt>
      <trkpt lat="56.08528" lon="-4.53931">
        <ele>13.01</ele>
      </trkpt>
      <trkpt lat="56.08498" lon="-4.53929">
        <ele>13.74</ele>
      </trkpt>
      <trkpt lat="56.08485" lon="-4.5392">
        <ele>11.9</ele>
      </trkpt>
      <trkpt lat="56.08481" lon="-4.53918">
        <ele>11.3</ele>
      </trkpt>
      <trkpt lat="56.08476" lon="-4.53913">
        <ele>10.68</ele>
      </trkpt>
      <trkpt lat="56.08466" lon="-4.53921">
        <ele>10.95</ele>
      </trkpt>
      <trkpt lat="56.0845" lon="-4.53934">
        <ele>12.33</ele>
      </trkpt>
      <trkpt lat="56.08446" lon="-4.53934">
        <ele>12.63</ele>
      </trkpt>
      <trkpt lat="56.08423" lon="-4.53934">
        <ele>12.27</ele>
      </trkpt>
      <trkpt lat="56.08429" lon="-4.54002">
        <ele>14.31</ele>
      </trkpt>
      <trkpt lat="56.08429" lon="-4.54006">
        <ele>14.71</ele>
      </trkpt>
      <trkpt lat="56.08434" lon="-4.54042">
        <ele>17.25</ele>
      </trkpt>
      <trkpt lat="56.08434" lon="-4.54042">
        <ele>17.25</ele>
      </trkpt>
      <trkpt lat="56.08437" lon="-4.5406">
        <ele>17.3</ele>
      </trkpt>
      <trkpt lat="56.08441" lon="-4.54075">
        <ele>17.05</ele>
      </trkpt>
      <trkpt lat="56.08453" lon="-4.54113">
        <ele>13.53</ele>
      </trkpt>
      <trkpt lat="56.08456" lon="-4.54122">
        <ele>13.28</ele>
      </trkpt>
      <trkpt lat="56.08459" lon="-4.54131">
        <ele>12.96</ele>
      </trkpt>
      <trkpt lat="56.08474" lon="-4.54176">
        <ele>11.98</ele>
      </trkpt>
      <trkpt lat="56.08481" lon="-4.54195">
        <ele>11.12</ele>
      </trkpt>
      <trkpt lat="56.08487" lon="-4.54212">
        <ele>12.64</ele>
      </trkpt>
      <trkpt lat="56.0849" lon="-4.54244">
        <ele>14.44</ele>
      </trkpt>
      <trkpt lat="56.08489" lon="-4.54291">
        <ele>15.72</ele>
      </trkpt>
      <trkpt lat="56.08482" lon="-4.54328">
        <ele>17.73</ele>
      </trkpt>
      <trkpt lat="56.08455" lon="-4.54399">
        <ele>17.78</ele>
      </trkpt>
      <trkpt lat="56.08455" lon="-4.54413">
        <ele>17.81</ele>
      </trkpt>
      <trkpt lat="56.08448" lon="-4.54423">
        <ele>18.41</ele>
      </trkpt>
      <trkpt lat="56.08406" lon="-4.54536">
        <ele>11.0</ele>
      </trkpt>
      <trkpt lat="56.08406" lon="-4.54538">
        <ele>11.0</ele>
      </trkpt>
      <trkpt lat="56.08403" lon="-4.54547">
        <ele>11.0</ele>
      </trkpt>
      <trkpt lat="56.08401" lon="-4.54555">
        <ele>11.0</ele>
      </trkpt>
      <trkpt lat="56.08402" lon="-4.54564">
        <ele>11.0</ele>
      </trkpt>
      <trkpt lat="56.08404" lon="-4.54572">
        <ele>11.0</ele>
      </trkpt>
      <trkpt lat="56.08408" lon="-4.54579">
        <ele>11.0</ele>
      </trkpt>
      <trkpt lat="56.08411" lon="-4.54586">
        <ele>11.0</ele>
      </trkpt>
      <trkpt lat="56.08414" lon="-4.54593">
        <ele>11.0</ele>
      </trkpt>
      <trkpt lat="56.08415" lon="-4.54602">
        <ele>11.0</ele>
      </trkpt>
      <trkpt lat="56.08416" lon="-4.5461">
        <ele>11.0</ele>
      </trkpt>
      <trkpt lat="56.08415" lon="-4.5462">
        <ele>11.0</ele>
      </trkpt>
      <trkpt lat="56.08414" lon="-4.54628">
        <ele>11.0</ele>
      </trkpt>
      <trkpt lat="56.08412" lon="-4.54636">
        <ele>11.0</ele>
      </trkpt>
      <trkpt lat="56.08414" lon="-4.54643">
        <ele>11.0</ele>
      </trkpt>
      <trkpt lat="56.08416" lon="-4.54651">
        <ele>11.0</ele>
      </trkpt>
      <trkpt lat="56.08418" lon="-4.54658">
        <ele>12.47</ele>
      </trkpt>
      <trkpt lat="56.08421" lon="-4.54665">
        <ele>15.83</ele>
      </trkpt>
      <trkpt lat="56.08425" lon="-4.5467">
        <ele>20.3</ele>
      </trkpt>
      <trkpt lat="56.08429" lon="-4.54674">
        <ele>24.76</ele>
      </trkpt>
      <trkpt lat="56.08433" lon="-4.54677">
        <ele>29.23</ele>
      </trkpt>
      <trkpt lat="56.08438" lon="-4.5468">
        <ele>34.81</ele>
      </trkpt>
      <trkpt lat="56.08442" lon="-4.54682">
        <ele>39.27</ele>
      </trkpt>
      <trkpt lat="56.08447" lon="-4.54687">
        <ele>41.99</ele>
      </trkpt>
      <trkpt lat="56.08451" lon="-4.54692">
        <ele>41.67</ele>
      </trkpt>
      <trkpt lat="56.08452" lon="-4.54693">
        <ele>41.56</ele>
      </trkpt>
      <trkpt lat="56.08455" lon="-4.54694">
        <ele>41.28</ele>
      </trkpt>
      <trkpt lat="56.08459" lon="-4.54701">
        <ele>41.77</ele>
      </trkpt>
      <trkpt lat="56.08463" lon="-4.54706">
        <ele>42.05</ele>
      </trkpt>
      <trkpt lat="56.08467" lon="-4.54712">
        <ele>42.39</ele>
      </trkpt>
      <trkpt lat="56.08471" lon="-4.54717">
        <ele>42.56</ele>
      </trkpt>
      <trkpt lat="56.08476" lon="-4.5472">
        <ele>42.11</ele>
      </trkpt>
      <trkpt lat="56.08481" lon="-4.54723">
        <ele>41.27</ele>
      </trkpt>
      <trkpt lat="56.08485" lon="-4.54725">
        <ele>40.35</ele>
      </trkpt>
      <trkpt lat="56.0849" lon="-4.54722">
        <ele>39.79</ele>
      </trkpt>
      <trkpt lat="56.08493" lon="-4.54716">
        <ele>39.09</ele>
      </trkpt>
      <trkpt lat="56.08492" lon="-4.54707">
        <ele>38.97</ele>
      </trkpt>
      <trkpt lat="56.0849" lon="-4.547">
        <ele>38.94</ele>
      </trkpt>
      <trkpt lat="56.08487" lon="-4.54693">
        <ele>39.13</ele>
      </trkpt>
      <trkpt lat="56.08486" lon="-4.54684">
        <ele>40.52</ele>
      </trkpt>
      <trkpt lat="56.08485" lon="-4.54676">
        <ele>41.9</ele>
      </trkpt>
      <trkpt lat="56.08484" lon="-4.54667">
        <ele>43.55</ele>
      </trkpt>
      <trkpt lat="56.08485" lon="-4.54659">
        <ele>44.04</ele>
      </trkpt>
      <trkpt lat="56.08487" lon="-4.54651">
        <ele>44.62</ele>
      </trkpt>
      <trkpt lat="56.0849" lon="-4.54645">
        <ele>45.31</ele>
      </trkpt>
      <trkpt lat="56.08494" lon="-4.54639">
        <ele>46.54</ele>
      </trkpt>
      <trkpt lat="56.08498" lon="-4.54633">
        <ele>47.66</ele>
      </trkpt>
      <trkpt lat="56.08501" lon="-4.54628">
        <ele>48.34</ele>
      </trkpt>
      <trkpt lat="56.08506" lon="-4.54624">
        <ele>47.88</ele>
      </trkpt>
      <trkpt lat="56.0851" lon="-4.54622">
        <ele>47.43</ele>
      </trkpt>
      <trkpt lat="56.08515" lon="-4.54621">
        <ele>46.65</ele>
      </trkpt>
      <trkpt lat="56.08515" lon="-4.5463">
        <ele>44.65</ele>
      </trkpt>
      <trkpt lat="56.08515" lon="-4.54639">
        <ele>42.65</ele>
      </trkpt>
      <trkpt lat="56.08515" lon="-4.54648">
        <ele>40.59</ele>
      </trkpt>
      <trkpt lat="56.08515" lon="-4.54657">
        <ele>38.52</ele>
      </trkpt>
      <trkpt lat="56.08516" lon="-4.54664">
        <ele>36.72</ele>
      </trkpt>
      <trkpt lat="56.08521" lon="-4.54666">
        <ele>35.36</ele>
      </trkpt>
      <trkpt lat="56.08526" lon="-4.54665">
        <ele>34.63</ele>
      </trkpt>
      <trkpt lat="56.0853" lon="-4.54662">
        <ele>34.52</ele>
      </trkpt>
      <trkpt lat="56.08535" lon="-4.5466">
        <ele>34.16</ele>
      </trkpt>
      <trkpt lat="56.08537" lon="-4.54659">
        <ele>34.05</ele>
      </trkpt>
      <trkpt lat="56.08539" lon="-4.54659">
        <ele>33.76</ele>
      </trkpt>
      <trkpt lat="56.08544" lon="-4.54662">
        <ele>32.5</ele>
      </trkpt>
      <trkpt lat="56.08547" lon="-4.54667">
        <ele>31.17</ele>
      </trkpt>
      <trkpt lat="56.08547" lon="-4.54675">
        <ele>29.71</ele>
      </trkpt>
      <trkpt lat="56.08546" lon="-4.54684">
        <ele>28.28</ele>
      </trkpt>
      <trkpt lat="56.08545" lon="-4.54693">
        <ele>26.91</ele>
      </trkpt>
      <trkpt lat="56.08544" lon="-4.54703">
        <ele>26.73</ele>
      </trkpt>
      <trkpt lat="56.08543" lon="-4.54712">
        <ele>27.09</ele>
      </trkpt>
      <trkpt lat="56.08543" lon="-4.54722">
        <ele>27.04</ele>
      </trkpt>
      <trkpt lat="56.08542" lon="-4.54731">
        <ele>26.04</ele>
      </trkpt>
      <trkpt lat="56.08542" lon="-4.54742">
        <ele>23.89</ele>
      </trkpt>
      <trkpt lat="56.08542" lon="-4.54751">
        <ele>22.19</ele>
      </trkpt>
      <trkpt lat="56.08543" lon="-4.5476">
        <ele>20.54</ele>
      </trkpt>
      <trkpt lat="56.08545" lon="-4.54767">
        <ele>18.63</ele>
      </trkpt>
      <trkpt lat="56.0855" lon="-4.54771">
        <ele>15.58</ele>
      </trkpt>
      <trkpt lat="56.0855" lon="-4.54771">
        <ele>15.58</ele>
      </trkpt>
      <trkpt lat="56.08555" lon="-4.54761">
        <ele>14.1</ele>
      </trkpt>
      <trkpt lat="56.08556" lon="-4.54762">
        <ele>13.64</ele>
      </trkpt>
      <trkpt lat="56.08559" lon="-4.54756">
        <ele>13.67</ele>
      </trkpt>
      <trkpt lat="56.08564" lon="-4.54756">
        <ele>12.68</ele>
      </trkpt>
      <trkpt lat="56.08568" lon="-4.54758">
        <ele>11.9</ele>
      </trkpt>
      <trkpt lat="56.08573" lon="-4.54761">
        <ele>11.16</ele>
      </trkpt>
      <trkpt lat="56.08577" lon="-4.54766">
        <ele>10.98</ele>
      </trkpt>
      <trkpt lat="56.0858" lon="-4.54773">
        <ele>11.46</ele>
      </trkpt>
      <trkpt lat="56.08583" lon="-4.54779">
        <ele>11.96</ele>
      </trkpt>
      <trkpt lat="56.08587" lon="-4.54783">
        <ele>11.91</ele>
      </trkpt>
      <trkpt lat="56.08591" lon="-4.54788">
        <ele>12.04</ele>
      </trkpt>
      <trkpt lat="56.08595" lon="-4.54787">
        <ele>12.23</ele>
      </trkpt>
      <trkpt lat="56.08599" lon="-4.54785">
        <ele>12.33</ele>
      </trkpt>
      <trkpt lat="56.086" lon="-4.54785">
        <ele>12.36</ele>
      </trkpt>
      <trkpt lat="56.08605" lon="-4.54781">
        <ele>12.25</ele>
      </trkpt>
      <trkpt lat="56.08611" lon="-4.54779">
        <ele>12.13</ele>
      </trkpt>
      <trkpt lat="56.08615" lon="-4.54777">
        <ele>11.41</ele>
      </trkpt>
      <trkpt lat="56.0862" lon="-4.54776">
        <ele>10.71</ele>
      </trkpt>
      <trkpt lat="56.08625" lon="-4.54776">
        <ele>10.24</ele>
      </trkpt>
      <trkpt lat="56.0863" lon="-4.54778">
        <ele>9.99</ele>
      </trkpt>
      <trkpt lat="56.08635" lon="-4.5478">
        <ele>9.73</ele>
      </trkpt>
      <trkpt lat="56.08638" lon="-4.54782">
        <ele>9.7</ele>
      </trkpt>
      <trkpt lat="56.0865" lon="-4.54794">
        <ele>11.6</ele>
      </trkpt>
      <trkpt lat="56.08674" lon="-4.54806">
        <ele>11.99</ele>
      </trkpt>
      <trkpt lat="56.08677" lon="-4.54807">
        <ele>11.97</ele>
      </trkpt>
      <trkpt lat="56.08683" lon="-4.54807">
        <ele>11.98</ele>
      </trkpt>
      <trkpt lat="56.08689" lon="-4.54807">
        <ele>11.99</ele>
      </trkpt>
      <trkpt lat="56.08694" lon="-4.54805">
        <ele>12.08</ele>
      </trkpt>
      <trkpt lat="56.08699" lon="-4.54803">
        <ele>12.34</ele>
      </trkpt>
      <trkpt lat="56.08703" lon="-4.548">
        <ele>12.68</ele>
      </trkpt>
      <trkpt lat="56.08707" lon="-4.54795">
        <ele>13.18</ele>
      </trkpt>
      <trkpt lat="56.08711" lon="-4.5479">
        <ele>13.57</ele>
      </trkpt>
      <trkpt lat="56.08714" lon="-4.54783">
        <ele>14.1</ele>
      </trkpt>
      <trkpt lat="56.08717" lon="-4.54777">
        <ele>14.51</ele>
      </trkpt>
      <trkpt lat="56.08722" lon="-4.54772">
        <ele>15.05</ele>
      </trkpt>
      <trkpt lat="56.08726" lon="-4.54769">
        <ele>15.31</ele>
      </trkpt>
      <trkpt lat="56.0873" lon="-4.54766">
        <ele>15.56</ele>
      </trkpt>
      <trkpt lat="56.08735" lon="-4.54763">
        <ele>15.74</ele>
      </trkpt>
      <trkpt lat="56.08739" lon="-4.54761">
        <ele>15.81</ele>
      </trkpt>
      <trkpt lat="56.08744" lon="-4.54759">
        <ele>15.81</ele>
      </trkpt>
      <trkpt lat="56.08749" lon="-4.54759">
        <ele>15.45</ele>
      </trkpt>
      <trkpt lat="56.08754" lon="-4.54759">
        <ele>14.94</ele>
      </trkpt>
      <trkpt lat="56.08759" lon="-4.54759">
        <ele>14.4</ele>
      </trkpt>
      <trkpt lat="56.08761" lon="-4.54759">
        <ele>14.18</ele>
      </trkpt>
      <trkpt lat="56.08766" lon="-4.54759">
        <ele>13.64</ele>
      </trkpt>
      <trkpt lat="56.08772" lon="-4.54759">
        <ele>12.98</ele>
      </trkpt>
      <trkpt lat="56.08777" lon="-4.54759">
        <ele>12.44</ele>
      </trkpt>
      <trkpt lat="56.08783" lon="-4.54759">
        <ele>12.67</ele>
      </trkpt>
      <trkpt lat="56.08788" lon="-4.54758">
        <ele>13.05</ele>
      </trkpt>
      <trkpt lat="56.08793" lon="-4.54758">
        <ele>13.36</ele>
      </trkpt>
      <trkpt lat="56.08797" lon="-4.54758">
        <ele>13.61</ele>
      </trkpt>
      <trkpt lat="56.08802" lon="-4.54759">
        <ele>13.81</ele>
      </trkpt>
      <trkpt lat="56.08807" lon="-4.54762">
        <ele>13.58</ele>
      </trkpt>
      <trkpt lat="56.08812" lon="-4.54764">
        <ele>12.91</ele>
      </trkpt>
      <trkpt lat="56.08816" lon="-4.54767">
        <ele>12.1</ele>
      </trkpt>
      <trkpt lat="56.08821" lon="-4.54769">
        <ele>11.25</ele>
      </trkpt>
      <trkpt lat="56.08826" lon="-4.54772">
        <ele>10.14</ele>
      </trkpt>
      <trkpt lat="56.0883" lon="-4.54774">
        <ele>9.25</ele>
      </trkpt>
      <trkpt lat="56.08835" lon="-4.54776">
        <ele>8.33</ele>
      </trkpt>
      <trkpt lat="56.08837" lon="-4.54777">
        <ele>8.04</ele>
      </trkpt>
      <trkpt lat="56.08866" lon="-4.54789">
        <ele>7.59</ele>
      </trkpt>
      <trkpt lat="56.08868" lon="-4.54789">
        <ele>7.51</ele>
      </trkpt>
      <trkpt lat="56.08872" lon="-4.54792">
        <ele>7.42</ele>
      </trkpt>
      <trkpt lat="56.08876" lon="-4.54799">
        <ele>7.3</ele>
      </trkpt>
      <trkpt lat="56.08878" lon="-4.54806">
        <ele>7.25</ele>
      </trkpt>
      <trkpt lat="56.0888" lon="-4.54808">
        <ele>7.4</ele>
      </trkpt>
      <trkpt lat="56.08883" lon="-4.54813">
        <ele>8.07</ele>
      </trkpt>
      <trkpt lat="56.08886" lon="-4.54818">
        <ele>8.86</ele>
      </trkpt>
      <trkpt lat="56.08915" lon="-4.54867">
        <ele>11.95</ele>
      </trkpt>
      <trkpt lat="56.08926" lon="-4.54893">
        <ele>10.94</ele>
      </trkpt>
      <trkpt lat="56.08931" lon="-4.54916">
        <ele>9.95</ele>
      </trkpt>
      <trkpt lat="56.08932" lon="-4.54924">
        <ele>9.79</ele>
      </trkpt>
      <trkpt lat="56.08935" lon="-4.54961">
        <ele>9.75</ele>
      </trkpt>
      <trkpt lat="56.08941" lon="-4.55006">
        <ele>11.77</ele>
      </trkpt>
      <trkpt lat="56.08949" lon="-4.55051">
        <ele>11.3</ele>
      </trkpt>
      <trkpt lat="56.08954" lon="-4.55066">
        <ele>11.21</ele>
      </trkpt>
      <trkpt lat="56.08967" lon="-4.55096">
        <ele>11.0</ele>
      </trkpt>
      <trkpt lat="56.09011" lon="-4.55168">
        <ele>11.0</ele>
      </trkpt>
      <trkpt lat="56.09042" lon="-4.55215">
        <ele>11.65</ele>
      </trkpt>
      <trkpt lat="56.09067" lon="-4.55233">
        <ele>13.26</ele>
      </trkpt>
      <trkpt lat="56.09093" lon="-4.55259">
        <ele>15.02</ele>
      </trkpt>
      <trkpt lat="56.09101" lon="-4.55272">
        <ele>14.84</ele>
      </trkpt>
      <trkpt lat="56.09123" lon="-4.55323">
        <ele>15.66</ele>
      </trkpt>
      <trkpt lat="56.09138" lon="-4.55382">
        <ele>20.35</ele>
      </trkpt>
      <trkpt lat="56.09146" lon="-4.55433">
        <ele>22.77</ele>
      </trkpt>
      <trkpt lat="56.09146" lon="-4.55467">
        <ele>21.96</ele>
      </trkpt>
      <trkpt lat="56.09145" lon="-4.55471">
        <ele>21.7</ele>
      </trkpt>
      <trkpt lat="56.09145" lon="-4.55513">
        <ele>17.39</ele>
      </trkpt>
      <trkpt lat="56.09139" lon="-4.55543">
        <ele>11.84</ele>
      </trkpt>
      <trkpt lat="56.09139" lon="-4.55565">
        <ele>11.05</ele>
      </trkpt>
      <trkpt lat="56.09142" lon="-4.55587">
        <ele>13.14</ele>
      </trkpt>
      <trkpt lat="56.09145" lon="-4.55602">
        <ele>12.4</ele>
      </trkpt>
      <trkpt lat="56.09153" lon="-4.55625">
        <ele>11.24</ele>
      </trkpt>
      <trkpt lat="56.09168" lon="-4.55658">
        <ele>10.04</ele>
      </trkpt>
      <trkpt lat="56.09193" lon="-4.55731">
        <ele>9.95</ele>
      </trkpt>
      <trkpt lat="56.092" lon="-4.55768">
        <ele>12.61</ele>
      </trkpt>
      <trkpt lat="56.09204" lon="-4.55779">
        <ele>12.64</ele>
      </trkpt>
      <trkpt lat="56.0921" lon="-4.55787">
        <ele>12.79</ele>
      </trkpt>
      <trkpt lat="56.09223" lon="-4.55791">
        <ele>13.5</ele>
      </trkpt>
      <trkpt lat="56.09232" lon="-4.55785">
        <ele>13.39</ele>
      </trkpt>
      <trkpt lat="56.09255" lon="-4.55752">
        <ele>14.29</ele>
      </trkpt>
      <trkpt lat="56.09273" lon="-4.55708">
        <ele>13.31</ele>
      </trkpt>
      <trkpt lat="56.09281" lon="-4.55693">
        <ele>13.75</ele>
      </trkpt>
      <trkpt lat="56.09285" lon="-4.55689">
        <ele>13.56</ele>
      </trkpt>
      <trkpt lat="56.09297" lon="-4.55676">
        <ele>12.79</ele>
      </trkpt>
      <trkpt lat="56.09308" lon="-4.55675">
        <ele>11.82</ele>
      </trkpt>
      <trkpt lat="56.09333" lon="-4.55705">
        <ele>10.23</ele>
      </trkpt>
      <trkpt lat="56.09337" lon="-4.55707">
        <ele>10.96</ele>
      </trkpt>
      <trkpt lat="56.09346" lon="-4.55704">
        <ele>13.35</ele>
      </trkpt>
      <trkpt lat="56.09355" lon="-4.55697">
        <ele>16.2</ele>
      </trkpt>
      <trkpt lat="56.09364" lon="-4.55685">
        <ele>18.92</ele>
      </trkpt>
      <trkpt lat="56.09371" lon="-4.55685">
        <ele>18.66</ele>
      </trkpt>
      <trkpt lat="56.09376" lon="-4.55681">
        <ele>18.92</ele>
      </trkpt>
      <trkpt lat="56.09396" lon="-4.55654">
        <ele>18.58</ele>
      </trkpt>
      <trkpt lat="56.09416" lon="-4.55642">
        <ele>22.19</ele>
      </trkpt>
      <trkpt lat="56.09457" lon="-4.55626">
        <ele>15.15</ele>
      </trkpt>
      <trkpt lat="56.09473" lon="-4.55608">
        <ele>16.34</ele>
      </trkpt>
      <trkpt lat="56.09505" lon="-4.55603">
        <ele>12.7</ele>
      </trkpt>
      <trkpt lat="56.09523" lon="-4.55599">
        <ele>11.37</ele>
      </trkpt>
      <trkpt lat="56.09542" lon="-4.55587">
        <ele>10.64</ele>
      </trkpt>
      <trkpt lat="56.09552" lon="-4.55584">
        <ele>10.19</ele>
      </trkpt>
      <trkpt lat="56.0956" lon="-4.55582">
        <ele>10.01</ele>
      </trkpt>
      <trkpt lat="56.09568" lon="-4.55581">
        <ele>9.78</ele>
      </trkpt>
      <trkpt lat="56.09592" lon="-4.55579">
        <ele>9.42</ele>
      </trkpt>
      <trkpt lat="56.09597" lon="-4.55579">
        <ele>9.57</ele>
      </trkpt>
      <trkpt lat="56.09604" lon="-4.55574">
        <ele>9.83</ele>
      </trkpt>
      <trkpt lat="56.09609" lon="-4.55575">
        <ele>9.95</ele>
      </trkpt>
      <trkpt lat="56.09609" lon="-4.55575">
        <ele>9.95</ele>
      </trkpt>
      <trkpt lat="56.09609" lon="-4.55575">
        <ele>9.95</ele>
      </trkpt>
      <trkpt lat="56.09634" lon="-4.55602">
        <ele>7.56</ele>
      </trkpt>
      <trkpt lat="56.09673" lon="-4.55623">
        <ele>7.57</ele>
      </trkpt>
      <trkpt lat="56.09685" lon="-4.5562">
        <ele>7.68</ele>
      </trkpt>
      <trkpt lat="56.09693" lon="-4.55613">
        <ele>7.93</ele>
      </trkpt>
      <trkpt lat="56.09693" lon="-4.55613">
        <ele>7.93</ele>
      </trkpt>
      <trkpt lat="56.09708" lon="-4.55602">
        <ele>8.82</ele>
      </trkpt>
      <trkpt lat="56.09713" lon="-4.55605">
        <ele>8.81</ele>
      </trkpt>
      <trkpt lat="56.09713" lon="-4.55605">
        <ele>8.81</ele>
      </trkpt>
      <trkpt lat="56.09744" lon="-4.55609">
        <ele>6.65</ele>
      </trkpt>
      <trkpt lat="56.0979" lon="-4.5563">
        <ele>8.68</ele>
      </trkpt>
      <trkpt lat="56.09802" lon="-4.55634">
        <ele>8.82</ele>
      </trkpt>
      <trkpt lat="56.09812" lon="-4.55646">
        <ele>8.96</ele>
      </trkpt>
      <trkpt lat="56.09837" lon="-4.55666">
        <ele>7.87</ele>
      </trkpt>
      <trkpt lat="56.09909" lon="-4.55747">
        <ele>11.08</ele>
      </trkpt>
      <trkpt lat="56.09909" lon="-4.55747">
        <ele>11.08</ele>
      </trkpt>
      <trkpt lat="56.09912" lon="-4.55752">
        <ele>11.06</ele>
      </trkpt>
      <trkpt lat="56.09932" lon="-4.55806">
        <ele>11.46</ele>
      </trkpt>
      <trkpt lat="56.09975" lon="-4.55928">
        <ele>11.74</ele>
      </trkpt>
      <trkpt lat="56.0998" lon="-4.55945">
        <ele>11.43</ele>
      </trkpt>
      <trkpt lat="56.09995" lon="-4.55999">
        <ele>11.91</ele>
      </trkpt>
      <trkpt lat="56.10008" lon="-4.5602">
        <ele>13.42</ele>
      </trkpt>
      <trkpt lat="56.10039" lon="-4.56129">
        <ele>13.55</ele>
      </trkpt>
      <trkpt lat="56.1004" lon="-4.56131">
        <ele>13.56</ele>
      </trkpt>
      <trkpt lat="56.10073" lon="-4.56197">
        <ele>15.26</ele>
      </trkpt>
      <trkpt lat="56.10105" lon="-4.56262">
        <ele>18.24</ele>
      </trkpt>
      <trkpt lat="56.10142" lon="-4.56316">
        <ele>18.37</ele>
      </trkpt>
      <trkpt lat="56.10207" lon="-4.56382">
        <ele>18.04</ele>
      </trkpt>
      <trkpt lat="56.10209" lon="-4.56385">
        <ele>18.32</ele>
      </trkpt>
      <trkpt lat="56.10213" lon="-4.5639">
        <ele>18.65</ele>
      </trkpt>
      <trkpt lat="56.10217" lon="-4.56395">
        <ele>18.77</ele>
      </trkpt>
      <trkpt lat="56.1022" lon="-4.56401">
        <ele>18.89</ele>
      </trkpt>
      <trkpt lat="56.10223" lon="-4.56408">
        <ele>18.97</ele>
      </trkpt>
      <trkpt lat="56.10227" lon="-4.56413">
        <ele>18.83</ele>
      </trkpt>
      <trkpt lat="56.10228" lon="-4.56414">
        <ele>18.79</ele>
      </trkpt>
      <trkpt lat="56.10231" lon="-4.5642">
        <ele>18.61</ele>
      </trkpt>
      <trkpt lat="56.10239" lon="-4.5643">
        <ele>17.82</ele>
      </trkpt>
      <trkpt lat="56.10239" lon="-4.5645">
        <ele>16.75</ele>
      </trkpt>
      <trkpt lat="56.10242" lon="-4.56458">
        <ele>15.68</ele>
      </trkpt>
      <trkpt lat="56.10281" lon="-4.56517">
        <ele>10.93</ele>
      </trkpt>
      <trkpt lat="56.10319" lon="-4.5658">
        <ele>10.45</ele>
      </trkpt>
      <trkpt lat="56.10336" lon="-4.56605">
        <ele>11.12</ele>
      </trkpt>
      <trkpt lat="56.1038" lon="-4.56671">
        <ele>20.22</ele>
      </trkpt>
      <trkpt lat="56.10396" lon="-4.56696">
        <ele>19.96</ele>
      </trkpt>
      <trkpt lat="56.10396" lon="-4.56696">
        <ele>19.96</ele>
      </trkpt>
      <trkpt lat="56.10411" lon="-4.56718">
        <ele>17.14</ele>
      </trkpt>
      <trkpt lat="56.10435" lon="-4.56743">
        <ele>13.18</ele>
      </trkpt>
      <trkpt lat="56.10475" lon="-4.56806">
        <ele>10.9</ele>
      </trkpt>
      <trkpt lat="56.10509" lon="-4.56835">
        <ele>10.35</ele>
      </trkpt>
      <trkpt lat="56.10514" lon="-4.56837">
        <ele>10.5</ele>
      </trkpt>
      <trkpt lat="56.10519" lon="-4.56847">
        <ele>10.5</ele>
      </trkpt>
      <trkpt lat="56.10533" lon="-4.56853">
        <ele>11.65</ele>
      </trkpt>
      <trkpt lat="56.10554" lon="-4.56871">
        <ele>20.59</ele>
      </trkpt>
      <trkpt lat="56.10566" lon="-4.56883">
        <ele>26.44</ele>
      </trkpt>
      <trkpt lat="56.10584" lon="-4.56906">
        <ele>35.11</ele>
      </trkpt>
      <trkpt lat="56.10597" lon="-4.56914">
        <ele>36.66</ele>
      </trkpt>
      <trkpt lat="56.10603" lon="-4.56952">
        <ele>39.77</ele>
      </trkpt>
      <trkpt lat="56.10612" lon="-4.56983">
        <ele>37.1</ele>
      </trkpt>
      <trkpt lat="56.10618" lon="-4.56995">
        <ele>35.37</ele>
      </trkpt>
      <trkpt lat="56.10635" lon="-4.57015">
        <ele>32.56</ele>
      </trkpt>
      <trkpt lat="56.10656" lon="-4.57036">
        <ele>30.7</ele>
      </trkpt>
      <trkpt lat="56.10663" lon="-4.5705">
        <ele>29.68</ele>
      </trkpt>
      <trkpt lat="56.10671" lon="-4.57072">
        <ele>30.16</ele>
      </trkpt>
      <trkpt lat="56.10675" lon="-4.5712">
        <ele>32.91</ele>
      </trkpt>
      <trkpt lat="56.1068" lon="-4.57166">
        <ele>30.55</ele>
      </trkpt>
      <trkpt lat="56.1068" lon="-4.57178">
        <ele>30.77</ele>
      </trkpt>
      <trkpt lat="56.10675" lon="-4.572">
        <ele>31.94</ele>
      </trkpt>
      <trkpt lat="56.10655" lon="-4.57254">
        <ele>34.24</ele>
      </trkpt>
      <trkpt lat="56.10647" lon="-4.57273">
        <ele>35.47</ele>
      </trkpt>
      <trkpt lat="56.1063" lon="-4.57299">
        <ele>37.4</ele>
      </trkpt>
      <trkpt lat="56.10621" lon="-4.57321">
        <ele>35.11</ele>
      </trkpt>
      <trkpt lat="56.10616" lon="-4.57348">
        <ele>32.91</ele>
      </trkpt>
      <trkpt lat="56.10615" lon="-4.57361">
        <ele>32.28</ele>
      </trkpt>
      <trkpt lat="56.10618" lon="-4.57372">
        <ele>32.01</ele>
      </trkpt>
      <trkpt lat="56.10623" lon="-4.57377">
        <ele>32.04</ele>
      </trkpt>
      <trkpt lat="56.10636" lon="-4.57381">
        <ele>32.43</ele>
      </trkpt>
      <trkpt lat="56.10646" lon="-4.5739">
        <ele>31.96</ele>
      </trkpt>
      <trkpt lat="56.10681" lon="-4.57442">
        <ele>30.98</ele>
      </trkpt>
      <trkpt lat="56.10699" lon="-4.57475">
        <ele>33.19</ele>
      </trkpt>
      <trkpt lat="56.10704" lon="-4.57493">
        <ele>31.9</ele>
      </trkpt>
      <trkpt lat="56.10711" lon="-4.57526">
        <ele>28.6</ele>
      </trkpt>
      <trkpt lat="56.10717" lon="-4.57573">
        <ele>26.4</ele>
      </trkpt>
      <trkpt lat="56.10723" lon="-4.57585">
        <ele>27.38</ele>
      </trkpt>
      <trkpt lat="56.10732" lon="-4.57587">
        <ele>29.91</ele>
      </trkpt>
      <trkpt lat="56.10752" lon="-4.57578">
        <ele>33.73</ele>
      </trkpt>
      <trkpt lat="56.1076" lon="-4.57579">
        <ele>35.03</ele>
      </trkpt>
      <trkpt lat="56.10798" lon="-4.57592">
        <ele>37.9</ele>
      </trkpt>
      <trkpt lat="56.10816" lon="-4.57605">
        <ele>37.51</ele>
      </trkpt>
      <trkpt lat="56.10837" lon="-4.57628">
        <ele>35.26</ele>
      </trkpt>
      <trkpt lat="56.10846" lon="-4.57646">
        <ele>33.24</ele>
      </trkpt>
      <trkpt lat="56.1085" lon="-4.57664">
        <ele>32.58</ele>
      </trkpt>
      <trkpt lat="56.10851" lon="-4.57684">
        <ele>32.29</ele>
      </trkpt>
      <trkpt lat="56.10839" lon="-4.57752">
        <ele>31.27</ele>
      </trkpt>
      <trkpt lat="56.1084" lon="-4.57774">
        <ele>29.97</ele>
      </trkpt>
      <trkpt lat="56.1084" lon="-4.57774">
        <ele>29.97</ele>
      </trkpt>
      <trkpt lat="56.10845" lon="-4.57793">
        <ele>30.36</ele>
      </trkpt>
      <trkpt lat="56.10852" lon="-4.57799">
        <ele>30.61</ele>
      </trkpt>
      <trkpt lat="56.10885" lon="-4.57799">
        <ele>31.14</ele>
      </trkpt>
      <trkpt lat="56.10895" lon="-4.57796">
        <ele>31.04</ele>
      </trkpt>
      <trkpt lat="56.10923" lon="-4.57777">
        <ele>26.79</ele>
      </trkpt>
      <trkpt lat="56.10937" lon="-4.57775">
        <ele>24.38</ele>
      </trkpt>
      <trkpt lat="56.10941" lon="-4.57778">
        <ele>23.66</ele>
      </trkpt>
      <trkpt lat="56.10959" lon="-4.5779">
        <ele>27.48</ele>
      </trkpt>
      <trkpt lat="56.10972" lon="-4.57796">
        <ele>29.32</ele>
      </trkpt>
      <trkpt lat="56.11023" lon="-4.57795">
        <ele>29.3</ele>
      </trkpt>
      <trkpt lat="56.11053" lon="-4.57789">
        <ele>21.11</ele>
      </trkpt>
      <trkpt lat="56.1106" lon="-4.57797">
        <ele>16.14</ele>
      </trkpt>
      <trkpt lat="56.11071" lon="-4.57805">
        <ele>12.6</ele>
      </trkpt>
      <trkpt lat="56.11078" lon="-4.57813">
        <ele>11.66</ele>
      </trkpt>
      <trkpt lat="56.11094" lon="-4.57839">
        <ele>10.56</ele>
      </trkpt>
      <trkpt lat="56.11103" lon="-4.57852">
        <ele>10.74</ele>
      </trkpt>
      <trkpt lat="56.11127" lon="-4.57892">
        <ele>10.65</ele>
      </trkpt>
      <trkpt lat="56.11186" lon="-4.57992">
        <ele>10.7</ele>
      </trkpt>
      <trkpt lat="56.11233" lon="-4.58071">
        <ele>10.35</ele>
      </trkpt>
      <trkpt lat="56.11234" lon="-4.58072">
        <ele>10.25</ele>
      </trkpt>
      <trkpt lat="56.11247" lon="-4.58094">
        <ele>8.37</ele>
      </trkpt>
      <trkpt lat="56.11252" lon="-4.581">
        <ele>8.24</ele>
      </trkpt>
      <trkpt lat="56.11254" lon="-4.581">
        <ele>8.49</ele>
      </trkpt>
      <trkpt lat="56.11264" lon="-4.58102">
        <ele>9.86</ele>
      </trkpt>
      <trkpt lat="56.11272" lon="-4.58097">
        <ele>10.35</ele>
      </trkpt>
      <trkpt lat="56.11285" lon="-4.58089">
        <ele>11.32</ele>
      </trkpt>
      <trkpt lat="56.11289" lon="-4.58103">
        <ele>13.97</ele>
      </trkpt>
      <trkpt lat="56.11294" lon="-4.58127">
        <ele>17.21</ele>
      </trkpt>
      <trkpt lat="56.11318" lon="-4.58213">
        <ele>18.1</ele>
      </trkpt>
      <trkpt lat="56.1133" lon="-4.5825">
        <ele>19.12</ele>
      </trkpt>
      <trkpt lat="56.1133" lon="-4.5825">
        <ele>19.12</ele>
      </trkpt>
      <trkpt lat="56.11335" lon="-4.58266">
        <ele>16.87</ele>
      </trkpt>
      <trkpt lat="56.11337" lon="-4.58295">
        <ele>14.58</ele>
      </trkpt>
      <trkpt lat="56.11337" lon="-4.583">
        <ele>14.27</ele>
      </trkpt>
      <trkpt lat="56.11354" lon="-4.58319">
        <ele>17.97</ele>
      </trkpt>
      <trkpt lat="56.11356" lon="-4.58327">
        <ele>18.22</ele>
      </trkpt>
      <trkpt lat="56.11356" lon="-4.58335">
        <ele>17.8</ele>
      </trkpt>
      <trkpt lat="56.11358" lon="-4.58343">
        <ele>16.62</ele>
      </trkpt>
      <trkpt lat="56.1136" lon="-4.58352">
        <ele>14.96</ele>
      </trkpt>
      <trkpt lat="56.11362" lon="-4.5836">
        <ele>13.36</ele>
      </trkpt>
      <trkpt lat="56.11364" lon="-4.58368">
        <ele>13.12</ele>
      </trkpt>
      <trkpt lat="56.11366" lon="-4.58377">
        <ele>12.93</ele>
      </trkpt>
      <trkpt lat="56.11368" lon="-4.58385">
        <ele>12.71</ele>
      </trkpt>
      <trkpt lat="56.11371" lon="-4.58392">
        <ele>12.49</ele>
      </trkpt>
      <trkpt lat="56.11373" lon="-4.58399">
        <ele>12.13</ele>
      </trkpt>
      <trkpt lat="56.11374" lon="-4.58405">
        <ele>11.77</ele>
      </trkpt>
      <trkpt lat="56.11375" lon="-4.58407">
        <ele>11.7</ele>
      </trkpt>
      <trkpt lat="56.11377" lon="-4.58415">
        <ele>11.26</ele>
      </trkpt>
      <trkpt lat="56.1138" lon="-4.5842">
        <ele>11.2</ele>
      </trkpt>
      <trkpt lat="56.11384" lon="-4.58425">
        <ele>11.15</ele>
      </trkpt>
      <trkpt lat="56.11386" lon="-4.58433">
        <ele>10.74</ele>
      </trkpt>
      <trkpt lat="56.11388" lon="-4.58441">
        <ele>10.24</ele>
      </trkpt>
      <trkpt lat="56.1139" lon="-4.58448">
        <ele>10.11</ele>
      </trkpt>
      <trkpt lat="56.11394" lon="-4.58455">
        <ele>10.41</ele>
      </trkpt>
      <trkpt lat="56.11399" lon="-4.58458">
        <ele>10.74</ele>
      </trkpt>
      <trkpt lat="56.11403" lon="-4.58461">
        <ele>10.92</ele>
      </trkpt>
      <trkpt lat="56.11408" lon="-4.58465">
        <ele>11.05</ele>
      </trkpt>
      <trkpt lat="56.11412" lon="-4.58467">
        <ele>11.14</ele>
      </trkpt>
      <trkpt lat="56.11416" lon="-4.58473">
        <ele>11.01</ele>
      </trkpt>
      <trkpt lat="56.11419" lon="-4.58479">
        <ele>11.6</ele>
      </trkpt>
      <trkpt lat="56.11423" lon="-4.58485">
        <ele>12.29</ele>
      </trkpt>
      <trkpt lat="56.11427" lon="-4.58491">
        <ele>12.78</ele>
      </trkpt>
      <trkpt lat="56.11431" lon="-4.58497">
        <ele>13.09</ele>
      </trkpt>
      <trkpt lat="56.11434" lon="-4.58503">
        <ele>13.14</ele>
      </trkpt>
      <trkpt lat="56.11438" lon="-4.5851">
        <ele>13.18</ele>
      </trkpt>
      <trkpt lat="56.11441" lon="-4.58516">
        <ele>13.18</ele>
      </trkpt>
      <trkpt lat="56.11445" lon="-4.5852">
        <ele>13.37</ele>
      </trkpt>
      <trkpt lat="56.11448" lon="-4.58522">
        <ele>13.75</ele>
      </trkpt>
      <trkpt lat="56.11454" lon="-4.58529">
        <ele>14.33</ele>
      </trkpt>
      <trkpt lat="56.11459" lon="-4.58539">
        <ele>14.46</ele>
      </trkpt>
      <trkpt lat="56.11463" lon="-4.58545">
        <ele>14.43</ele>
      </trkpt>
      <trkpt lat="56.11465" lon="-4.58553">
        <ele>13.94</ele>
      </trkpt>
      <trkpt lat="56.11469" lon="-4.58562">
        <ele>13.21</ele>
      </trkpt>
      <trkpt lat="56.11469" lon="-4.58563">
        <ele>13.11</ele>
      </trkpt>
      <trkpt lat="56.1147" lon="-4.58562">
        <ele>13.24</ele>
      </trkpt>
      <trkpt lat="56.11471" lon="-4.58563">
        <ele>13.16</ele>
      </trkpt>
      <trkpt lat="56.11479" lon="-4.58563">
        <ele>12.66</ele>
      </trkpt>
      <trkpt lat="56.11531" lon="-4.58583">
        <ele>15.9</ele>
      </trkpt>
      <trkpt lat="56.11583" lon="-4.58604">
        <ele>14.74</ele>
      </trkpt>
      <trkpt lat="56.11623" lon="-4.58637">
        <ele>11.16</ele>
      </trkpt>
      <trkpt lat="56.11664" lon="-4.58678">
        <ele>11.0</ele>
      </trkpt>
      <trkpt lat="56.11706" lon="-4.5872">
        <ele>14.62</ele>
      </trkpt>
      <trkpt lat="56.11747" lon="-4.58761">
        <ele>16.14</ele>
      </trkpt>
      <trkpt lat="56.11775" lon="-4.58792">
        <ele>13.93</ele>
      </trkpt>
      <trkpt lat="56.11815" lon="-4.5885">
        <ele>12.84</ele>
      </trkpt>
      <trkpt lat="56.11854" lon="-4.58907">
        <ele>11.0</ele>
      </trkpt>
      <trkpt lat="56.1189" lon="-4.58962">
        <ele>11.0</ele>
      </trkpt>
      <trkpt lat="56.11926" lon="-4.59017">
        <ele>11.0</ele>
      </trkpt>
      <trkpt lat="56.11965" lon="-4.59065">
        <ele>11.99</ele>
      </trkpt>
      <trkpt lat="56.1198" lon="-4.59086">
        <ele>12.9</ele>
      </trkpt>
      <trkpt lat="56.12013" lon="-4.5912">
        <ele>12.19</ele>
      </trkpt>
      <trkpt lat="56.12047" lon="-4.59154">
        <ele>10.09</ele>
      </trkpt>
      <trkpt lat="56.12047" lon="-4.59155">
        <ele>9.98</ele>
      </trkpt>
      <trkpt lat="56.12081" lon="-4.5919">
        <ele>16.32</ele>
      </trkpt>
      <trkpt lat="56.12098" lon="-4.59207">
        <ele>23.4</ele>
      </trkpt>
      <trkpt lat="56.12101" lon="-4.59218">
        <ele>25.36</ele>
      </trkpt>
      <trkpt lat="56.12101" lon="-4.5923">
        <ele>26.77</ele>
      </trkpt>
      <trkpt lat="56.12102" lon="-4.59234">
        <ele>27.6</ele>
      </trkpt>
      <trkpt lat="56.12101" lon="-4.59242">
        <ele>28.38</ele>
      </trkpt>
      <trkpt lat="56.121" lon="-4.5925">
        <ele>29.2</ele>
      </trkpt>
      <trkpt lat="56.12098" lon="-4.59259">
        <ele>29.94</ele>
      </trkpt>
      <trkpt lat="56.12096" lon="-4.59267">
        <ele>30.8</ele>
      </trkpt>
      <trkpt lat="56.12092" lon="-4.59273">
        <ele>31.43</ele>
      </trkpt>
      <trkpt lat="56.12088" lon="-4.59278">
        <ele>32.12</ele>
      </trkpt>
      <trkpt lat="56.12084" lon="-4.59283">
        <ele>30.91</ele>
      </trkpt>
      <trkpt lat="56.12081" lon="-4.59286">
        <ele>29.27</ele>
      </trkpt>
      <trkpt lat="56.12075" lon="-4.5929">
        <ele>26.02</ele>
      </trkpt>
      <trkpt lat="56.1207" lon="-4.59303">
        <ele>21.66</ele>
      </trkpt>
      <trkpt lat="56.12048" lon="-4.59396">
        <ele>15.91</ele>
      </trkpt>
      <trkpt lat="56.12039" lon="-4.59435">
        <ele>16.47</ele>
      </trkpt>
      <trkpt lat="56.12034" lon="-4.59468">
        <ele>17.49</ele>
      </trkpt>
      <trkpt lat="56.12028" lon="-4.59487">
        <ele>13.86</ele>
      </trkpt>
      <trkpt lat="56.12016" lon="-4.59512">
        <ele>11.0</ele>
      </trkpt>
      <trkpt lat="56.12011" lon="-4.59526">
        <ele>11.0</ele>
      </trkpt>
      <trkpt lat="56.12011" lon="-4.59548">
        <ele>11.0</ele>
      </trkpt>
      <trkpt lat="56.12016" lon="-4.59584">
        <ele>11.0</ele>
      </trkpt>
      <trkpt lat="56.12022" lon="-4.59597">
        <ele>11.0</ele>
      </trkpt>
      <trkpt lat="56.12027" lon="-4.59604">
        <ele>11.0</ele>
      </trkpt>
      <trkpt lat="56.12055" lon="-4.59631">
        <ele>13.5</ele>
      </trkpt>
      <trkpt lat="56.12065" lon="-4.59649">
        <ele>11.0</ele>
      </trkpt>
      <trkpt lat="56.12077" lon="-4.59673">
        <ele>11.0</ele>
      </trkpt>
      <trkpt lat="56.12091" lon="-4.59693">
        <ele>14.3</ele>
      </trkpt>
      <trkpt lat="56.12108" lon="-4.59705">
        <ele>17.61</ele>
      </trkpt>
      <trkpt lat="56.1211" lon="-4.59705">
        <ele>18.14</ele>
      </trkpt>
      <trkpt lat="56.12116" lon="-4.59706">
        <ele>21.1</ele>
      </trkpt>
      <trkpt lat="56.1212" lon="-4.59704">
        <ele>24.24</ele>
      </trkpt>
      <trkpt lat="56.12124" lon="-4.59698">
        <ele>28.15</ele>
      </trkpt>
      <trkpt lat="56.12128" lon="-4.59694">
        <ele>30.9</ele>
      </trkpt>
      <trkpt lat="56.12132" lon="-4.59692">
        <ele>32.75</ele>
      </trkpt>
      <trkpt lat="56.12137" lon="-4.5969">
        <ele>35.11</ele>
      </trkpt>
      <trkpt lat="56.12142" lon="-4.59693">
        <ele>37.56</ele>
      </trkpt>
      <trkpt lat="56.12145" lon="-4.59699">
        <ele>38.84</ele>
      </trkpt>
      <trkpt lat="56.12147" lon="-4.59707">
        <ele>39.37</ele>
      </trkpt>
      <trkpt lat="56.12146" lon="-4.59716">
        <ele>38.41</ele>
      </trkpt>
      <trkpt lat="56.12145" lon="-4.59724">
        <ele>37.29</ele>
      </trkpt>
      <trkpt lat="56.12144" lon="-4.59733">
        <ele>35.13</ele>
      </trkpt>
      <trkpt lat="56.12145" lon="-4.59742">
        <ele>33.77</ele>
      </trkpt>
      <trkpt lat="56.12146" lon="-4.59745">
        <ele>33.55</ele>
      </trkpt>
      <trkpt lat="56.12146" lon="-4.59755">
        <ele>31.76</ele>
      </trkpt>
      <trkpt lat="56.12148" lon="-4.59764">
        <ele>31.25</ele>
      </trkpt>
      <trkpt lat="56.12152" lon="-4.59774">
        <ele>31.98</ele>
      </trkpt>
      <trkpt lat="56.12157" lon="-4.59781">
        <ele>33.49</ele>
      </trkpt>
      <trkpt lat="56.12167" lon="-4.59786">
        <ele>35.99</ele>
      </trkpt>
      <trkpt lat="56.12173" lon="-4.59783">
        <ele>39.52</ele>
      </trkpt>
      <trkpt lat="56.12189" lon="-4.59768">
        <ele>46.48</ele>
      </trkpt>
      <trkpt lat="56.12191" lon="-4.59766">
        <ele>47.25</ele>
      </trkpt>
      <trkpt lat="56.12196" lon="-4.59764">
        <ele>48.82</ele>
      </trkpt>
      <trkpt lat="56.12201" lon="-4.59762">
        <ele>50.12</ele>
      </trkpt>
      <trkpt lat="56.12206" lon="-4.59761">
        <ele>51.31</ele>
      </trkpt>
      <trkpt lat="56.1221" lon="-4.59761">
        <ele>52.17</ele>
      </trkpt>
      <trkpt lat="56.12215" lon="-4.59761">
        <ele>53.25</ele>
      </trkpt>
      <trkpt lat="56.1222" lon="-4.59763">
        <ele>54.12</ele>
      </trkpt>
      <trkpt lat="56.12223" lon="-4.5977">
        <ele>53.74</ele>
      </trkpt>
      <trkpt lat="56.12225" lon="-4.59778">
        <ele>52.75</ele>
      </trkpt>
      <trkpt lat="56.12227" lon="-4.59786">
        <ele>50.79</ele>
      </trkpt>
      <trkpt lat="56.12229" lon="-4.59795">
        <ele>48.78</ele>
      </trkpt>
      <trkpt lat="56.1223" lon="-4.59803">
        <ele>47.1</ele>
      </trkpt>
      <trkpt lat="56.12233" lon="-4.59811">
        <ele>45.24</ele>
      </trkpt>
      <trkpt lat="56.12235" lon="-4.5982">
        <ele>42.96</ele>
      </trkpt>
      <trkpt lat="56.12237" lon="-4.59826">
        <ele>41.61</ele>
      </trkpt>
      <trkpt lat="56.1224" lon="-4.59833">
        <ele>40.28</ele>
      </trkpt>
      <trkpt lat="56.12243" lon="-4.5984">
        <ele>38.52</ele>
      </trkpt>
      <trkpt lat="56.12246" lon="-4.59847">
        <ele>36.78</ele>
      </trkpt>
      <trkpt lat="56.12248" lon="-4.59855">
        <ele>34.56</ele>
      </trkpt>
      <trkpt lat="56.12249" lon="-4.59863">
        <ele>32.23</ele>
      </trkpt>
      <trkpt lat="56.12249" lon="-4.59872">
        <ele>29.59</ele>
      </trkpt>
      <trkpt lat="56.1225" lon="-4.5988">
        <ele>27.56</ele>
      </trkpt>
      <trkpt lat="56.12251" lon="-4.59889">
        <ele>25.15</ele>
      </trkpt>
      <trkpt lat="56.12253" lon="-4.59897">
        <ele>23.5</ele>
      </trkpt>
      <trkpt lat="56.12255" lon="-4.59903">
        <ele>22.34</ele>
      </trkpt>
      <trkpt lat="56.12258" lon="-4.59918">
        <ele>19.24</ele>
      </trkpt>
      <trkpt lat="56.12286" lon="-4.59969">
        <ele>14.92</ele>
      </trkpt>
      <trkpt lat="56.12289" lon="-4.59972">
        <ele>14.61</ele>
      </trkpt>
      <trkpt lat="56.12293" lon="-4.59978">
        <ele>14.36</ele>
      </trkpt>
      <trkpt lat="56.12297" lon="-4.59984">
        <ele>14.18</ele>
      </trkpt>
      <trkpt lat="56.12301" lon="-4.59988">
        <ele>14.07</ele>
      </trkpt>
      <trkpt lat="56.12305" lon="-4.59993">
        <ele>14.01</ele>
      </trkpt>
      <trkpt lat="56.12308" lon="-4.6">
        <ele>14.09</ele>
      </trkpt>
      <trkpt lat="56.12311" lon="-4.60006">
        <ele>14.2</ele>
      </trkpt>
      <trkpt lat="56.12314" lon="-4.60015">
        <ele>14.3</ele>
      </trkpt>
      <trkpt lat="56.12317" lon="-4.60022">
        <ele>14.41</ele>
      </trkpt>
      <trkpt lat="56.1232" lon="-4.6003">
        <ele>14.48</ele>
      </trkpt>
      <trkpt lat="56.12322" lon="-4.60037">
        <ele>14.46</ele>
      </trkpt>
      <trkpt lat="56.12325" lon="-4.60044">
        <ele>14.52</ele>
      </trkpt>
      <trkpt lat="56.12327" lon="-4.60051">
        <ele>14.58</ele>
      </trkpt>
      <trkpt lat="56.12328" lon="-4.60054">
        <ele>14.63</ele>
      </trkpt>
      <trkpt lat="56.12329" lon="-4.60054">
        <ele>14.7</ele>
      </trkpt>
      <trkpt lat="56.12329" lon="-4.60055">
        <ele>14.69</ele>
      </trkpt>
      <trkpt lat="56.12333" lon="-4.60068">
        <ele>14.97</ele>
      </trkpt>
      <trkpt lat="56.12336" lon="-4.60072">
        <ele>15.06</ele>
      </trkpt>
      <trkpt lat="56.1234" lon="-4.60077">
        <ele>14.98</ele>
      </trkpt>
      <trkpt lat="56.12343" lon="-4.60082">
        <ele>14.72</ele>
      </trkpt>
      <trkpt lat="56.12348" lon="-4.60086">
        <ele>14.27</ele>
      </trkpt>
      <trkpt lat="56.12352" lon="-4.60091">
        <ele>13.68</ele>
      </trkpt>
      <trkpt lat="56.12355" lon="-4.60098">
        <ele>12.87</ele>
      </trkpt>
      <trkpt lat="56.12358" lon="-4.60105">
        <ele>11.95</ele>
      </trkpt>
      <trkpt lat="56.12361" lon="-4.60112">
        <ele>11.01</ele>
      </trkpt>
      <trkpt lat="56.12363" lon="-4.6012">
        <ele>11.0</ele>
      </trkpt>
      <trkpt lat="56.12365" lon="-4.60129">
        <ele>11.0</ele>
      </trkpt>
      <trkpt lat="56.12365" lon="-4.60137">
        <ele>11.0</ele>
      </trkpt>
      <trkpt lat="56.12365" lon="-4.60145">
        <ele>11.0</ele>
      </trkpt>
      <trkpt lat="56.12363" lon="-4.60153">
        <ele>11.0</ele>
      </trkpt>
      <trkpt lat="56.12361" lon="-4.60162">
        <ele>11.0</ele>
      </trkpt>
      <trkpt lat="56.1236" lon="-4.6017">
        <ele>11.0</ele>
      </trkpt>
      <trkpt lat="56.12358" lon="-4.60178">
        <ele>11.0</ele>
      </trkpt>
      <trkpt lat="56.12356" lon="-4.60186">
        <ele>11.0</ele>
      </trkpt>
      <trkpt lat="56.12354" lon="-4.60193">
        <ele>11.0</ele>
      </trkpt>
      <trkpt lat="56.12353" lon="-4.60194">
        <ele>11.0</ele>
      </trkpt>
      <trkpt lat="56.12353" lon="-4.60194">
        <ele>11.0</ele>
      </trkpt>
      <trkpt lat="56.12351" lon="-4.60201">
        <ele>11.0</ele>
      </trkpt>
      <trkpt lat="56.12351" lon="-4.60202">
        <ele>11.0</ele>
      </trkpt>
      <trkpt lat="56.12347" lon="-4.60207">
        <ele>11.0</ele>
      </trkpt>
      <trkpt lat="56.12345" lon="-4.60221">
        <ele>11.0</ele>
      </trkpt>
      <trkpt lat="56.12347" lon="-4.60234">
        <ele>11.0</ele>
      </trkpt>
      <trkpt lat="56.12363" lon="-4.6033">
        <ele>11.0</ele>
      </trkpt>
      <trkpt lat="56.12368" lon="-4.60347">
        <ele>11.0</ele>
      </trkpt>
      <trkpt lat="56.12408" lon="-4.60422">
        <ele>14.29</ele>
      </trkpt>
      <trkpt lat="56.12417" lon="-4.60434">
        <ele>13.13</ele>
      </trkpt>
      <trkpt lat="56.12481" lon="-4.60475">
        <ele>13.32</ele>
      </trkpt>
      <trkpt lat="56.12506" lon="-4.60486">
        <ele>14.0</ele>
      </trkpt>
      <trkpt lat="56.12535" lon="-4.60494">
        <ele>14.2</ele>
      </trkpt>
      <trkpt lat="56.12538" lon="-4.60493">
        <ele>14.28</ele>
      </trkpt>
      <trkpt lat="56.12544" lon="-4.60495">
        <ele>14.48</ele>
      </trkpt>
      <trkpt lat="56.1255" lon="-4.60497">
        <ele>14.71</ele>
      </trkpt>
      <trkpt lat="56.12554" lon="-4.60499">
        <ele>14.91</ele>
      </trkpt>
      <trkpt lat="56.12559" lon="-4.60501">
        <ele>14.36</ele>
      </trkpt>
      <trkpt lat="56.12564" lon="-4.60504">
        <ele>13.51</ele>
      </trkpt>
      <trkpt lat="56.12569" lon="-4.60507">
        <ele>12.82</ele>
      </trkpt>
      <trkpt lat="56.12573" lon="-4.6051">
        <ele>12.4</ele>
      </trkpt>
      <trkpt lat="56.12577" lon="-4.60515">
        <ele>12.27</ele>
      </trkpt>
      <trkpt lat="56.12581" lon="-4.6052">
        <ele>12.34</ele>
      </trkpt>
      <trkpt lat="56.12585" lon="-4.60526">
        <ele>12.82</ele>
      </trkpt>
      <trkpt lat="56.12588" lon="-4.60531">
        <ele>13.02</ele>
      </trkpt>
      <trkpt lat="56.12592" lon="-4.60537">
        <ele>13.1</ele>
      </trkpt>
      <trkpt lat="56.12595" lon="-4.60542">
        <ele>13.22</ele>
      </trkpt>
      <trkpt lat="56.12599" lon="-4.60547">
        <ele>13.39</ele>
      </trkpt>
      <trkpt lat="56.12602" lon="-4.60553">
        <ele>13.61</ele>
      </trkpt>
      <trkpt lat="56.12605" lon="-4.60559">
        <ele>13.68</ele>
      </trkpt>
      <trkpt lat="56.12606" lon="-4.60562">
        <ele>13.63</ele>
      </trkpt>
      <trkpt lat="56.12606" lon="-4.60563">
        <ele>13.6</ele>
      </trkpt>
      <trkpt lat="56.12609" lon="-4.60569">
        <ele>13.48</ele>
      </trkpt>
      <trkpt lat="56.1261" lon="-4.60569">
        <ele>13.5</ele>
      </trkpt>
      <trkpt lat="56.12613" lon="-4.60574">
        <ele>13.36</ele>
      </trkpt>
      <trkpt lat="56.12631" lon="-4.60588">
        <ele>13.6</ele>
      </trkpt>
      <trkpt lat="56.12633" lon="-4.60589">
        <ele>13.63</ele>
      </trkpt>
      <trkpt lat="56.12637" lon="-4.60594">
        <ele>13.57</ele>
      </trkpt>
      <trkpt lat="56.12642" lon="-4.60601">
        <ele>13.4</ele>
      </trkpt>
      <trkpt lat="56.12645" lon="-4.60607">
        <ele>13.18</ele>
      </trkpt>
      <trkpt lat="56.12649" lon="-4.60611">
        <ele>13.01</ele>
      </trkpt>
      <trkpt lat="56.12654" lon="-4.60615">
        <ele>12.72</ele>
      </trkpt>
      <trkpt lat="56.12659" lon="-4.60619">
        <ele>12.43</ele>
      </trkpt>
      <trkpt lat="56.12664" lon="-4.60623">
        <ele>12.14</ele>
      </trkpt>
      <trkpt lat="56.12668" lon="-4.60629">
        <ele>11.83</ele>
      </trkpt>
      <trkpt lat="56.12671" lon="-4.60636">
        <ele>11.54</ele>
      </trkpt>
      <trkpt lat="56.12674" lon="-4.60642">
        <ele>11.56</ele>
      </trkpt>
      <trkpt lat="56.12678" lon="-4.6065">
        <ele>11.98</ele>
      </trkpt>
      <trkpt lat="56.1268" lon="-4.60657">
        <ele>12.27</ele>
      </trkpt>
      <trkpt lat="56.12683" lon="-4.60666">
        <ele>12.75</ele>
      </trkpt>
      <trkpt lat="56.12685" lon="-4.60673">
        <ele>12.83</ele>
      </trkpt>
      <trkpt lat="56.12687" lon="-4.60681">
        <ele>12.82</ele>
      </trkpt>
      <trkpt lat="56.12689" lon="-4.60689">
        <ele>12.77</ele>
      </trkpt>
      <trkpt lat="56.1269" lon="-4.60697">
        <ele>12.68</ele>
      </trkpt>
      <trkpt lat="56.12692" lon="-4.60706">
        <ele>12.82</ele>
      </trkpt>
      <trkpt lat="56.12693" lon="-4.60714">
        <ele>12.9</ele>
      </trkpt>
      <trkpt lat="56.12695" lon="-4.60723">
        <ele>12.98</ele>
      </trkpt>
      <trkpt lat="56.12696" lon="-4.60732">
        <ele>12.43</ele>
      </trkpt>
      <trkpt lat="56.12698" lon="-4.60741">
        <ele>11.99</ele>
      </trkpt>
      <trkpt lat="56.127" lon="-4.60749">
        <ele>11.66</ele>
      </trkpt>
      <trkpt lat="56.12701" lon="-4.60757">
        <ele>11.65</ele>
      </trkpt>
      <trkpt lat="56.12703" lon="-4.60766">
        <ele>11.75</ele>
      </trkpt>
      <trkpt lat="56.12704" lon="-4.60775">
        <ele>11.72</ele>
      </trkpt>
      <trkpt lat="56.12706" lon="-4.60782">
        <ele>11.71</ele>
      </trkpt>
      <trkpt lat="56.12706" lon="-4.60782">
        <ele>11.71</ele>
      </trkpt>
      <trkpt lat="56.12718" lon="-4.60821">
        <ele>11.0</ele>
      </trkpt>
      <trkpt lat="56.12718" lon="-4.60821">
        <ele>11.0</ele>
      </trkpt>
      <trkpt lat="56.12722" lon="-4.60826">
        <ele>11.0</ele>
      </trkpt>
      <trkpt lat="56.12726" lon="-4.6083">
        <ele>11.32</ele>
      </trkpt>
      <trkpt lat="56.1273" lon="-4.60835">
        <ele>11.58</ele>
      </trkpt>
      <trkpt lat="56.12734" lon="-4.6084">
        <ele>11.95</ele>
      </trkpt>
      <trkpt lat="56.12737" lon="-4.60845">
        <ele>12.29</ele>
      </trkpt>
      <trkpt lat="56.12741" lon="-4.60852">
        <ele>12.81</ele>
      </trkpt>
      <trkpt lat="56.12744" lon="-4.6086">
        <ele>13.32</ele>
      </trkpt>
      <trkpt lat="56.12745" lon="-4.60868">
        <ele>13.66</ele>
      </trkpt>
      <trkpt lat="56.12745" lon="-4.60876">
        <ele>13.9</ele>
      </trkpt>
      <trkpt lat="56.12745" lon="-4.60886">
        <ele>14.19</ele>
      </trkpt>
      <trkpt lat="56.12743" lon="-4.60895">
        <ele>14.16</ele>
      </trkpt>
      <trkpt lat="56.12741" lon="-4.60903">
        <ele>14.05</ele>
      </trkpt>
      <trkpt lat="56.12739" lon="-4.6091">
        <ele>13.88</ele>
      </trkpt>
      <trkpt lat="56.12736" lon="-4.60917">
        <ele>13.5</ele>
      </trkpt>
      <trkpt lat="56.12733" lon="-4.60924">
        <ele>13.35</ele>
      </trkpt>
      <trkpt lat="56.1273" lon="-4.60931">
        <ele>12.98</ele>
      </trkpt>
      <trkpt lat="56.12729" lon="-4.60939">
        <ele>13.0</ele>
      </trkpt>
      <trkpt lat="56.12728" lon="-4.60949">
        <ele>12.77</ele>
      </trkpt>
      <trkpt lat="56.12727" lon="-4.60957">
        <ele>12.31</ele>
      </trkpt>
      <trkpt lat="56.12726" lon="-4.60966">
        <ele>11.91</ele>
      </trkpt>
      <trkpt lat="56.12725" lon="-4.60974">
        <ele>11.56</ele>
      </trkpt>
      <trkpt lat="56.12724" lon="-4.60982">
        <ele>11.25</ele>
      </trkpt>
      <trkpt lat="56.12722" lon="-4.6099">
        <ele>11.0</ele>
      </trkpt>
      <trkpt lat="56.12719" lon="-4.60998">
        <ele>11.0</ele>
      </trkpt>
      <trkpt lat="56.12717" lon="-4.61006">
        <ele>11.0</ele>
      </trkpt>
      <trkpt lat="56.12715" lon="-4.61014">
        <ele>11.0</ele>
      </trkpt>
      <trkpt lat="56.12714" lon="-4.61022">
        <ele>11.0</ele>
      </trkpt>
      <trkpt lat="56.12712" lon="-4.6103">
        <ele>11.0</ele>
      </trkpt>
      <trkpt lat="56.12711" lon="-4.61033">
        <ele>11.0</ele>
      </trkpt>
      <trkpt lat="56.12706" lon="-4.61044">
        <ele>11.0</ele>
      </trkpt>
      <trkpt lat="56.12706" lon="-4.61046">
        <ele>11.0</ele>
      </trkpt>
      <trkpt lat="56.12705" lon="-4.61054">
        <ele>11.0</ele>
      </trkpt>
      <trkpt lat="56.12704" lon="-4.61063">
        <ele>11.0</ele>
      </trkpt>
      <trkpt lat="56.12703" lon="-4.61071">
        <ele>11.0</ele>
      </trkpt>
      <trkpt lat="56.12702" lon="-4.61079">
        <ele>11.0</ele>
      </trkpt>
      <trkpt lat="56.12702" lon="-4.61089">
        <ele>11.0</ele>
      </trkpt>
      <trkpt lat="56.12702" lon="-4.61097">
        <ele>11.0</ele>
      </trkpt>
      <trkpt lat="56.12701" lon="-4.61105">
        <ele>11.0</ele>
      </trkpt>
      <trkpt lat="56.127" lon="-4.61114">
        <ele>11.0</ele>
      </trkpt>
      <trkpt lat="56.127" lon="-4.61123">
        <ele>11.0</ele>
      </trkpt>
      <trkpt lat="56.12699" lon="-4.61132">
        <ele>11.0</ele>
      </trkpt>
      <trkpt lat="56.12699" lon="-4.61141">
        <ele>11.0</ele>
      </trkpt>
      <trkpt lat="56.12699" lon="-4.61149">
        <ele>11.0</ele>
      </trkpt>
      <trkpt lat="56.12699" lon="-4.61158">
        <ele>11.0</ele>
      </trkpt>
      <trkpt lat="56.12701" lon="-4.61165">
        <ele>11.0</ele>
      </trkpt>
      <trkpt lat="56.12706" lon="-4.6117">
        <ele>11.0</ele>
      </trkpt>
      <trkpt lat="56.1271" lon="-4.61173">
        <ele>11.0</ele>
      </trkpt>
      <trkpt lat="56.12715" lon="-4.61177">
        <ele>11.0</ele>
      </trkpt>
      <trkpt lat="56.12719" lon="-4.61179">
        <ele>11.0</ele>
      </trkpt>
      <trkpt lat="56.12724" lon="-4.61177">
        <ele>11.0</ele>
      </trkpt>
      <trkpt lat="56.12728" lon="-4.61174">
        <ele>11.0</ele>
      </trkpt>
      <trkpt lat="56.12732" lon="-4.61171">
        <ele>11.0</ele>
      </trkpt>
      <trkpt lat="56.12737" lon="-4.61169">
        <ele>11.0</ele>
      </trkpt>
      <trkpt lat="56.12741" lon="-4.6117">
        <ele>11.0</ele>
      </trkpt>
      <trkpt lat="56.12742" lon="-4.61169">
        <ele>11.0</ele>
      </trkpt>
      <trkpt lat="56.12747" lon="-4.6117">
        <ele>11.0</ele>
      </trkpt>
      <trkpt lat="56.12751" lon="-4.61171">
        <ele>11.1</ele>
      </trkpt>
      <trkpt lat="56.12756" lon="-4.61172">
        <ele>11.57</ele>
      </trkpt>
      <trkpt lat="56.1276" lon="-4.61175">
        <ele>11.86</ele>
      </trkpt>
      <trkpt lat="56.12765" lon="-4.61179">
        <ele>12.14</ele>
      </trkpt>
      <trkpt lat="56.12769" lon="-4.61184">
        <ele>12.2</ele>
      </trkpt>
      <trkpt lat="56.12773" lon="-4.61188">
        <ele>12.21</ele>
      </trkpt>
      <trkpt lat="56.12778" lon="-4.61192">
        <ele>12.19</ele>
      </trkpt>
      <trkpt lat="56.12782" lon="-4.61197">
        <ele>12.28</ele>
      </trkpt>
      <trkpt lat="56.12786" lon="-4.61201">
        <ele>12.45</ele>
      </trkpt>
      <trkpt lat="56.1279" lon="-4.61206">
        <ele>12.51</ele>
      </trkpt>
      <trkpt lat="56.12793" lon="-4.61212">
        <ele>12.4</ele>
      </trkpt>
      <trkpt lat="56.12795" lon="-4.61219">
        <ele>12.14</ele>
      </trkpt>
      <trkpt lat="56.12798" lon="-4.61226">
        <ele>12.15</ele>
      </trkpt>
      <trkpt lat="56.12801" lon="-4.61232">
        <ele>12.23</ele>
      </trkpt>
      <trkpt lat="56.12805" lon="-4.61237">
        <ele>12.04</ele>
      </trkpt>
      <trkpt lat="56.12809" lon="-4.61241">
        <ele>12.29</ele>
      </trkpt>
      <trkpt lat="56.12813" lon="-4.61245">
        <ele>12.58</ele>
      </trkpt>
      <trkpt lat="56.12817" lon="-4.61249">
        <ele>12.84</ele>
      </trkpt>
      <trkpt lat="56.12821" lon="-4.61255">
        <ele>12.81</ele>
      </trkpt>
      <trkpt lat="56.12823" lon="-4.61263">
        <ele>12.37</ele>
      </trkpt>
      <trkpt lat="56.12824" lon="-4.61271">
        <ele>11.82</ele>
      </trkpt>
      <trkpt lat="56.12826" lon="-4.61279">
        <ele>11.22</ele>
      </trkpt>
      <trkpt lat="56.12829" lon="-4.61286">
        <ele>10.75</ele>
      </trkpt>
      <trkpt lat="56.12831" lon="-4.61293">
        <ele>10.17</ele>
      </trkpt>
      <trkpt lat="56.12832" lon="-4.61302">
        <ele>9.47</ele>
      </trkpt>
      <trkpt lat="56.12832" lon="-4.61311">
        <ele>11.3</ele>
      </trkpt>
      <trkpt lat="56.12832" lon="-4.61319">
        <ele>14.33</ele>
      </trkpt>
      <trkpt lat="56.12832" lon="-4.61327">
        <ele>17.36</ele>
      </trkpt>
      <trkpt lat="56.12831" lon="-4.61335">
        <ele>19.5</ele>
      </trkpt>
      <trkpt lat="56.12829" lon="-4.61343">
        <ele>18.71</ele>
      </trkpt>
      <trkpt lat="56.12828" lon="-4.61351">
        <ele>18.04</ele>
      </trkpt>
      <trkpt lat="56.12826" lon="-4.61359">
        <ele>17.02</ele>
      </trkpt>
      <trkpt lat="56.12824" lon="-4.61367">
        <ele>15.19</ele>
      </trkpt>
      <trkpt lat="56.12822" lon="-4.61374">
        <ele>13.54</ele>
      </trkpt>
      <trkpt lat="56.12819" lon="-4.61381">
        <ele>12.1</ele>
      </trkpt>
      <trkpt lat="56.12815" lon="-4.61387">
        <ele>11.18</ele>
      </trkpt>
      <trkpt lat="56.12812" lon="-4.61393">
        <ele>11.0</ele>
      </trkpt>
      <trkpt lat="56.12808" lon="-4.61398">
        <ele>11.0</ele>
      </trkpt>
      <trkpt lat="56.12804" lon="-4.61404">
        <ele>11.0</ele>
      </trkpt>
      <trkpt lat="56.12804" lon="-4.61405">
        <ele>11.0</ele>
      </trkpt>
      <trkpt lat="56.12802" lon="-4.61408">
        <ele>11.0</ele>
      </trkpt>
      <trkpt lat="56.12797" lon="-4.61414">
        <ele>11.0</ele>
      </trkpt>
      <trkpt lat="56.12793" lon="-4.61421">
        <ele>11.0</ele>
      </trkpt>
      <trkpt lat="56.1279" lon="-4.61428">
        <ele>11.0</ele>
      </trkpt>
      <trkpt lat="56.12788" lon="-4.61437">
        <ele>11.0</ele>
      </trkpt>
      <trkpt lat="56.12787" lon="-4.61445">
        <ele>11.0</ele>
      </trkpt>
      <trkpt lat="56.12785" lon="-4.61453">
        <ele>11.0</ele>
      </trkpt>
      <trkpt lat="56.12784" lon="-4.61463">
        <ele>11.0</ele>
      </trkpt>
      <trkpt lat="56.12784" lon="-4.61472">
        <ele>11.0</ele>
      </trkpt>
      <trkpt lat="56.12785" lon="-4.6148">
        <ele>11.0</ele>
      </trkpt>
      <trkpt lat="56.12785" lon="-4.6149">
        <ele>11.0</ele>
      </trkpt>
      <trkpt lat="56.12786" lon="-4.61499">
        <ele>11.0</ele>
      </trkpt>
      <trkpt lat="56.12787" lon="-4.61507">
        <ele>14.44</ele>
      </trkpt>
      <trkpt lat="56.1279" lon="-4.61514">
        <ele>18.16</ele>
      </trkpt>
      <trkpt lat="56.12795" lon="-4.61516">
        <ele>19.7</ele>
      </trkpt>
      <trkpt lat="56.12799" lon="-4.61515">
        <ele>19.54</ele>
      </trkpt>
      <trkpt lat="56.12805" lon="-4.61514">
        <ele>19.52</ele>
      </trkpt>
      <trkpt lat="56.1281" lon="-4.61514">
        <ele>21.08</ele>
      </trkpt>
      <trkpt lat="56.12815" lon="-4.61514">
        <ele>22.77</ele>
      </trkpt>
      <trkpt lat="56.12819" lon="-4.61516">
        <ele>24.76</ele>
      </trkpt>
      <trkpt lat="56.12823" lon="-4.6152">
        <ele>26.86</ele>
      </trkpt>
      <trkpt lat="56.12827" lon="-4.61526">
        <ele>28.52</ele>
      </trkpt>
      <trkpt lat="56.12831" lon="-4.61532">
        <ele>29.06</ele>
      </trkpt>
      <trkpt lat="56.12834" lon="-4.61537">
        <ele>29.45</ele>
      </trkpt>
      <trkpt lat="56.12839" lon="-4.6154">
        <ele>30.53</ele>
      </trkpt>
      <trkpt lat="56.12844" lon="-4.61541">
        <ele>31.56</ele>
      </trkpt>
      <trkpt lat="56.12849" lon="-4.61543">
        <ele>32.73</ele>
      </trkpt>
      <trkpt lat="56.12854" lon="-4.61546">
        <ele>34.1</ele>
      </trkpt>
      <trkpt lat="56.12858" lon="-4.61549">
        <ele>35.35</ele>
      </trkpt>
      <trkpt lat="56.12861" lon="-4.61556">
        <ele>37.02</ele>
      </trkpt>
      <trkpt lat="56.12863" lon="-4.61564">
        <ele>38.16</ele>
      </trkpt>
      <trkpt lat="56.12865" lon="-4.61572">
        <ele>39.25</ele>
      </trkpt>
      <trkpt lat="56.12868" lon="-4.6158">
        <ele>40.41</ele>
      </trkpt>
      <trkpt lat="56.1287" lon="-4.61587">
        <ele>41.88</ele>
      </trkpt>
      <trkpt lat="56.12872" lon="-4.6159">
        <ele>42.86</ele>
      </trkpt>
      <trkpt lat="56.12872" lon="-4.61593">
        <ele>43.61</ele>
      </trkpt>
      <trkpt lat="56.12875" lon="-4.61599">
        <ele>45.45</ele>
      </trkpt>
      <trkpt lat="56.1288" lon="-4.61606">
        <ele>47.75</ele>
      </trkpt>
      <trkpt lat="56.12884" lon="-4.6161">
        <ele>49.19</ele>
      </trkpt>
      <trkpt lat="56.12888" lon="-4.61616">
        <ele>50.78</ele>
      </trkpt>
      <trkpt lat="56.12891" lon="-4.61621">
        <ele>51.58</ele>
      </trkpt>
      <trkpt lat="56.12896" lon="-4.61627">
        <ele>52.24</ele>
      </trkpt>
      <trkpt lat="56.129" lon="-4.61633">
        <ele>53.06</ele>
      </trkpt>
      <trkpt lat="56.12903" lon="-4.61638">
        <ele>53.81</ele>
      </trkpt>
      <trkpt lat="56.12907" lon="-4.61644">
        <ele>54.79</ele>
      </trkpt>
      <trkpt lat="56.12909" lon="-4.61651">
        <ele>56.24</ele>
      </trkpt>
      <trkpt lat="56.12912" lon="-4.61658">
        <ele>57.81</ele>
      </trkpt>
      <trkpt lat="56.12913" lon="-4.61667">
        <ele>59.94</ele>
      </trkpt>
      <trkpt lat="56.12913" lon="-4.61675">
        <ele>61.77</ele>
      </trkpt>
      <trkpt lat="56.1291" lon="-4.61683">
        <ele>63.17</ele>
      </trkpt>
      <trkpt lat="56.12907" lon="-4.61691">
        <ele>64.26</ele>
      </trkpt>
      <trkpt lat="56.12904" lon="-4.61698">
        <ele>64.8</ele>
      </trkpt>
      <trkpt lat="56.12901" lon="-4.61705">
        <ele>65.04</ele>
      </trkpt>
      <trkpt lat="56.12898" lon="-4.61712">
        <ele>65.06</ele>
      </trkpt>
      <trkpt lat="56.12895" lon="-4.6172">
        <ele>64.97</ele>
      </trkpt>
      <trkpt lat="56.12892" lon="-4.61728">
        <ele>65.14</ele>
      </trkpt>
      <trkpt lat="56.1289" lon="-4.61735">
        <ele>65.68</ele>
      </trkpt>
      <trkpt lat="56.12888" lon="-4.61743">
        <ele>66.62</ele>
      </trkpt>
      <trkpt lat="56.12888" lon="-4.61743">
        <ele>66.62</ele>
      </trkpt>
      <trkpt lat="56.12886" lon="-4.61752">
        <ele>67.98</ele>
      </trkpt>
      <trkpt lat="56.12885" lon="-4.61759">
        <ele>69.16</ele>
      </trkpt>
      <trkpt lat="56.12877" lon="-4.61806">
        <ele>73.97</ele>
      </trkpt>
      <trkpt lat="56.12878" lon="-4.61825">
        <ele>78.89</ele>
      </trkpt>
      <trkpt lat="56.12884" lon="-4.61847">
        <ele>84.41</ele>
      </trkpt>
      <trkpt lat="56.12884" lon="-4.61865">
        <ele>86.74</ele>
      </trkpt>
      <trkpt lat="56.12876" lon="-4.61898">
        <ele>89.24</ele>
      </trkpt>
      <trkpt lat="56.12869" lon="-4.61937">
        <ele>89.55</ele>
      </trkpt>
      <trkpt lat="56.12868" lon="-4.61953">
        <ele>89.32</ele>
      </trkpt>
      <trkpt lat="56.12872" lon="-4.61973">
        <ele>90.99</ele>
      </trkpt>
      <trkpt lat="56.12882" lon="-4.61991">
        <ele>94.0</ele>
      </trkpt>
      <trkpt lat="56.1289" lon="-4.62025">
        <ele>93.1</ele>
      </trkpt>
      <trkpt lat="56.12897" lon="-4.62046">
        <ele>92.65</ele>
      </trkpt>
      <trkpt lat="56.12914" lon="-4.62078">
        <ele>88.71</ele>
      </trkpt>
      <trkpt lat="56.12923" lon="-4.62091">
        <ele>87.36</ele>
      </trkpt>
      <trkpt lat="56.12932" lon="-4.621">
        <ele>88.01</ele>
      </trkpt>
      <trkpt lat="56.12952" lon="-4.62113">
        <ele>86.41</ele>
      </trkpt>
      <trkpt lat="56.12959" lon="-4.62121">
        <ele>83.27</ele>
      </trkpt>
      <trkpt lat="56.12976" lon="-4.62162">
        <ele>80.15</ele>
      </trkpt>
      <trkpt lat="56.12994" lon="-4.62184">
        <ele>77.7</ele>
      </trkpt>
      <trkpt lat="56.13008" lon="-4.62208">
        <ele>74.64</ele>
      </trkpt>
      <trkpt lat="56.13019" lon="-4.62223">
        <ele>71.22</ele>
      </trkpt>
      <trkpt lat="56.1303" lon="-4.6223">
        <ele>68.76</ele>
      </trkpt>
      <trkpt lat="56.13042" lon="-4.6223">
        <ele>65.94</ele>
      </trkpt>
      <trkpt lat="56.13076" lon="-4.62221">
        <ele>59.58</ele>
      </trkpt>
      <trkpt lat="56.13083" lon="-4.62221">
        <ele>57.66</ele>
      </trkpt>
      <trkpt lat="56.13115" lon="-4.62243">
        <ele>50.82</ele>
      </trkpt>
      <trkpt lat="56.13161" lon="-4.62261">
        <ele>41.88</ele>
      </trkpt>
      <trkpt lat="56.13164" lon="-4.62261">
        <ele>41.63</ele>
      </trkpt>
      <trkpt lat="56.13166" lon="-4.62261">
        <ele>41.45</ele>
      </trkpt>
      <trkpt lat="56.13172" lon="-4.62261">
        <ele>40.98</ele>
      </trkpt>
      <trkpt lat="56.13176" lon="-4.6226">
        <ele>40.66</ele>
      </trkpt>
      <trkpt lat="56.13182" lon="-4.62258">
        <ele>40.26</ele>
      </trkpt>
      <trkpt lat="56.13187" lon="-4.62257">
        <ele>39.97</ele>
      </trkpt>
      <trkpt lat="56.13191" lon="-4.62254">
        <ele>39.89</ele>
      </trkpt>
      <trkpt lat="56.13196" lon="-4.62252">
        <ele>39.64</ele>
      </trkpt>
      <trkpt lat="56.13201" lon="-4.6225">
        <ele>39.06</ele>
      </trkpt>
      <trkpt lat="56.13205" lon="-4.62249">
        <ele>38.56</ele>
      </trkpt>
      <trkpt lat="56.1321" lon="-4.62249">
        <ele>37.83</ele>
      </trkpt>
      <trkpt lat="56.13215" lon="-4.62251">
        <ele>36.99</ele>
      </trkpt>
      <trkpt lat="56.13219" lon="-4.62254">
        <ele>36.3</ele>
      </trkpt>
      <trkpt lat="56.13223" lon="-4.62257">
        <ele>35.64</ele>
      </trkpt>
      <trkpt lat="56.13225" lon="-4.62259">
        <ele>35.31</ele>
      </trkpt>
      <trkpt lat="56.1323" lon="-4.62267">
        <ele>34.44</ele>
      </trkpt>
      <trkpt lat="56.13248" lon="-4.62295">
        <ele>31.69</ele>
      </trkpt>
      <trkpt lat="56.1325" lon="-4.62308">
        <ele>31.18</ele>
      </trkpt>
      <trkpt lat="56.13248" lon="-4.62319">
        <ele>32.29</ele>
      </trkpt>
      <trkpt lat="56.13239" lon="-4.62346">
        <ele>36.5</ele>
      </trkpt>
      <trkpt lat="56.13235" lon="-4.62366">
        <ele>39.77</ele>
      </trkpt>
      <trkpt lat="56.13234" lon="-4.62396">
        <ele>43.33</ele>
      </trkpt>
      <trkpt lat="56.13237" lon="-4.6241">
        <ele>44.21</ele>
      </trkpt>
      <trkpt lat="56.13245" lon="-4.62426">
        <ele>45.46</ele>
      </trkpt>
      <trkpt lat="56.13253" lon="-4.62439">
        <ele>45.33</ele>
      </trkpt>
      <trkpt lat="56.13286" lon="-4.62481">
        <ele>37.84</ele>
      </trkpt>
      <trkpt lat="56.13312" lon="-4.62511">
        <ele>32.65</ele>
      </trkpt>
      <trkpt lat="56.13327" lon="-4.62533">
        <ele>27.81</ele>
      </trkpt>
      <trkpt lat="56.13333" lon="-4.62539">
        <ele>26.26</ele>
      </trkpt>
      <trkpt lat="56.13355" lon="-4.62558">
        <ele>28.88</ele>
      </trkpt>
      <trkpt lat="56.13373" lon="-4.62565">
        <ele>29.0</ele>
      </trkpt>
      <trkpt lat="56.13374" lon="-4.62565">
        <ele>28.91</ele>
      </trkpt>
      <trkpt lat="56.13377" lon="-4.62563">
        <ele>28.7</ele>
      </trkpt>
      <trkpt lat="56.13382" lon="-4.6256">
        <ele>28.38</ele>
      </trkpt>
      <trkpt lat="56.13386" lon="-4.62555">
        <ele>28.22</ele>
      </trkpt>
      <trkpt lat="56.1339" lon="-4.62549">
        <ele>28.26</ele>
      </trkpt>
      <trkpt lat="56.13394" lon="-4.62544">
        <ele>28.45</ele>
      </trkpt>
      <trkpt lat="56.13399" lon="-4.62547">
        <ele>28.45</ele>
      </trkpt>
      <trkpt lat="56.13404" lon="-4.6255">
        <ele>28.53</ele>
      </trkpt>
      <trkpt lat="56.13408" lon="-4.62554">
        <ele>28.67</ele>
      </trkpt>
      <trkpt lat="56.13413" lon="-4.62554">
        <ele>28.83</ele>
      </trkpt>
      <trkpt lat="56.13418" lon="-4.62552">
        <ele>28.57</ele>
      </trkpt>
      <trkpt lat="56.13422" lon="-4.6255">
        <ele>27.69</ele>
      </trkpt>
      <trkpt lat="56.13427" lon="-4.62547">
        <ele>26.78</ele>
      </trkpt>
      <trkpt lat="56.13432" lon="-4.62547">
        <ele>25.85</ele>
      </trkpt>
      <trkpt lat="56.13436" lon="-4.62546">
        <ele>25.22</ele>
      </trkpt>
      <trkpt lat="56.13441" lon="-4.62546">
        <ele>24.33</ele>
      </trkpt>
      <trkpt lat="56.13446" lon="-4.62549">
        <ele>23.08</ele>
      </trkpt>
      <trkpt lat="56.1345" lon="-4.62552">
        <ele>22.36</ele>
      </trkpt>
      <trkpt lat="56.13454" lon="-4.62556">
        <ele>21.66</ele>
      </trkpt>
      <trkpt lat="56.13459" lon="-4.6256">
        <ele>21.74</ele>
      </trkpt>
      <trkpt lat="56.13463" lon="-4.62565">
        <ele>22.24</ele>
      </trkpt>
      <trkpt lat="56.13466" lon="-4.62569">
        <ele>22.89</ele>
      </trkpt>
      <trkpt lat="56.1349" lon="-4.62594">
        <ele>28.88</ele>
      </trkpt>
      <trkpt lat="56.13492" lon="-4.62596">
        <ele>29.43</ele>
      </trkpt>
      <trkpt lat="56.13496" lon="-4.62601">
        <ele>30.78</ele>
      </trkpt>
      <trkpt lat="56.13501" lon="-4.62604">
        <ele>31.99</ele>
      </trkpt>
      <trkpt lat="56.13505" lon="-4.62606">
        <ele>31.22</ele>
      </trkpt>
      <trkpt lat="56.13509" lon="-4.6261">
        <ele>30.62</ele>
      </trkpt>
      <trkpt lat="56.13513" lon="-4.62616">
        <ele>29.56</ele>
      </trkpt>
      <trkpt lat="56.13516" lon="-4.62622">
        <ele>28.52</ele>
      </trkpt>
      <trkpt lat="56.13519" lon="-4.62629">
        <ele>27.33</ele>
      </trkpt>
      <trkpt lat="56.13522" lon="-4.62635">
        <ele>26.09</ele>
      </trkpt>
      <trkpt lat="56.13525" lon="-4.62641">
        <ele>24.67</ele>
      </trkpt>
      <trkpt lat="56.13528" lon="-4.62647">
        <ele>23.06</ele>
      </trkpt>
      <trkpt lat="56.1353" lon="-4.62655">
        <ele>21.68</ele>
      </trkpt>
      <trkpt lat="56.13533" lon="-4.62662">
        <ele>20.28</ele>
      </trkpt>
      <trkpt lat="56.13534" lon="-4.62667">
        <ele>19.64</ele>
      </trkpt>
      <trkpt lat="56.13537" lon="-4.62677">
        <ele>18.51</ele>
      </trkpt>
      <trkpt lat="56.13547" lon="-4.62696">
        <ele>15.01</ele>
      </trkpt>
      <trkpt lat="56.1355" lon="-4.627">
        <ele>13.84</ele>
      </trkpt>
      <trkpt lat="56.13581" lon="-4.62734">
        <ele>7.92</ele>
      </trkpt>
      <trkpt lat="56.13588" lon="-4.62738">
        <ele>8.04</ele>
      </trkpt>
      <trkpt lat="56.13596" lon="-4.62737">
        <ele>7.82</ele>
      </trkpt>
      <trkpt lat="56.13622" lon="-4.62713">
        <ele>8.7</ele>
      </trkpt>
      <trkpt lat="56.13626" lon="-4.62712">
        <ele>9.34</ele>
      </trkpt>
      <trkpt lat="56.13628" lon="-4.62711">
        <ele>9.68</ele>
      </trkpt>
      <trkpt lat="56.13632" lon="-4.62707">
        <ele>10.42</ele>
      </trkpt>
      <trkpt lat="56.13637" lon="-4.62706">
        <ele>11.27</ele>
      </trkpt>
      <trkpt lat="56.13642" lon="-4.62706">
        <ele>11.94</ele>
      </trkpt>
      <trkpt lat="56.13647" lon="-4.62707">
        <ele>12.45</ele>
      </trkpt>
      <trkpt lat="56.13651" lon="-4.6271">
        <ele>12.7</ele>
      </trkpt>
      <trkpt lat="56.13656" lon="-4.62713">
        <ele>12.97</ele>
      </trkpt>
      <trkpt lat="56.13661" lon="-4.62716">
        <ele>13.17</ele>
      </trkpt>
      <trkpt lat="56.13666" lon="-4.62718">
        <ele>13.4</ele>
      </trkpt>
      <trkpt lat="56.1367" lon="-4.62721">
        <ele>13.72</ele>
      </trkpt>
      <trkpt lat="56.13675" lon="-4.62725">
        <ele>14.31</ele>
      </trkpt>
      <trkpt lat="56.13679" lon="-4.6273">
        <ele>14.57</ele>
      </trkpt>
      <trkpt lat="56.13683" lon="-4.62734">
        <ele>14.77</ele>
      </trkpt>
      <trkpt lat="56.13687" lon="-4.62739">
        <ele>14.73</ele>
      </trkpt>
      <trkpt lat="56.1369" lon="-4.62743">
        <ele>14.57</ele>
      </trkpt>
      <trkpt lat="56.13693" lon="-4.62748">
        <ele>14.17</ele>
      </trkpt>
      <trkpt lat="56.13696" lon="-4.62755">
        <ele>14.05</ele>
      </trkpt>
      <trkpt lat="56.13698" lon="-4.62757">
        <ele>14.1</ele>
      </trkpt>
      <trkpt lat="56.13702" lon="-4.62762">
        <ele>14.15</ele>
      </trkpt>
      <trkpt lat="56.13707" lon="-4.62764">
        <ele>14.22</ele>
      </trkpt>
      <trkpt lat="56.13712" lon="-4.62766">
        <ele>14.27</ele>
      </trkpt>
      <trkpt lat="56.13717" lon="-4.62768">
        <ele>14.29</ele>
      </trkpt>
      <trkpt lat="56.13722" lon="-4.6277">
        <ele>14.28</ele>
      </trkpt>
      <trkpt lat="56.13727" lon="-4.62772">
        <ele>15.07</ele>
      </trkpt>
      <trkpt lat="56.13731" lon="-4.62775">
        <ele>15.68</ele>
      </trkpt>
      <trkpt lat="56.13735" lon="-4.62779">
        <ele>16.19</ele>
      </trkpt>
      <trkpt lat="56.13739" lon="-4.62785">
        <ele>16.4</ele>
      </trkpt>
      <trkpt lat="56.13743" lon="-4.62791">
        <ele>16.67</ele>
      </trkpt>
      <trkpt lat="56.13746" lon="-4.62796">
        <ele>16.87</ele>
      </trkpt>
      <trkpt lat="56.1375" lon="-4.62802">
        <ele>17.26</ele>
      </trkpt>
      <trkpt lat="56.13754" lon="-4.62808">
        <ele>17.36</ele>
      </trkpt>
      <trkpt lat="56.13758" lon="-4.62814">
        <ele>17.59</ele>
      </trkpt>
      <trkpt lat="56.13762" lon="-4.6282">
        <ele>18.07</ele>
      </trkpt>
      <trkpt lat="56.13765" lon="-4.62825">
        <ele>18.57</ele>
      </trkpt>
      <trkpt lat="56.13769" lon="-4.6283">
        <ele>19.5</ele>
      </trkpt>
      <trkpt lat="56.13773" lon="-4.62835">
        <ele>20.56</ele>
      </trkpt>
      <trkpt lat="56.13777" lon="-4.62841">
        <ele>21.5</ele>
      </trkpt>
      <trkpt lat="56.13781" lon="-4.62847">
        <ele>21.28</ele>
      </trkpt>
      <trkpt lat="56.13784" lon="-4.62852">
        <ele>20.88</ele>
      </trkpt>
      <trkpt lat="56.13788" lon="-4.62857">
        <ele>20.41</ele>
      </trkpt>
      <trkpt lat="56.13792" lon="-4.62862">
        <ele>19.94</ele>
      </trkpt>
      <trkpt lat="56.13796" lon="-4.62867">
        <ele>19.41</ele>
      </trkpt>
      <trkpt lat="56.13799" lon="-4.62872">
        <ele>18.87</ele>
      </trkpt>
      <trkpt lat="56.138" lon="-4.62874">
        <ele>18.66</ele>
      </trkpt>
      <trkpt lat="56.13804" lon="-4.6288">
        <ele>17.83</ele>
      </trkpt>
      <trkpt lat="56.13808" lon="-4.62885">
        <ele>17.26</ele>
      </trkpt>
      <trkpt lat="56.13812" lon="-4.6289">
        <ele>17.02</ele>
      </trkpt>
      <trkpt lat="56.13815" lon="-4.62896">
        <ele>17.17</ele>
      </trkpt>
      <trkpt lat="56.13818" lon="-4.62902">
        <ele>17.42</ele>
      </trkpt>
      <trkpt lat="56.13822" lon="-4.62908">
        <ele>17.81</ele>
      </trkpt>
      <trkpt lat="56.13824" lon="-4.62915">
        <ele>18.25</ele>
      </trkpt>
      <trkpt lat="56.13826" lon="-4.6292">
        <ele>18.51</ele>
      </trkpt>
      <trkpt lat="56.13828" lon="-4.62931">
        <ele>18.6</ele>
      </trkpt>
      <trkpt lat="56.13834" lon="-4.62951">
        <ele>17.42</ele>
      </trkpt>
      <trkpt lat="56.13843" lon="-4.62965">
        <ele>16.23</ele>
      </trkpt>
      <trkpt lat="56.13866" lon="-4.62989">
        <ele>15.02</ele>
      </trkpt>
      <trkpt lat="56.1388" lon="-4.62996">
        <ele>15.49</ele>
      </trkpt>
      <trkpt lat="56.139" lon="-4.63">
        <ele>17.4</ele>
      </trkpt>
      <trkpt lat="56.13906" lon="-4.63003">
        <ele>17.62</ele>
      </trkpt>
      <trkpt lat="56.13915" lon="-4.63013">
        <ele>17.94</ele>
      </trkpt>
      <trkpt lat="56.13918" lon="-4.63024">
        <ele>18.09</ele>
      </trkpt>
      <trkpt lat="56.13919" lon="-4.63045">
        <ele>18.74</ele>
      </trkpt>
      <trkpt lat="56.13914" lon="-4.63104">
        <ele>21.58</ele>
      </trkpt>
      <trkpt lat="56.13917" lon="-4.63132">
        <ele>22.82</ele>
      </trkpt>
      <trkpt lat="56.13917" lon="-4.63149">
        <ele>22.35</ele>
      </trkpt>
      <trkpt lat="56.13914" lon="-4.63185">
        <ele>17.25</ele>
      </trkpt>
      <trkpt lat="56.13915" lon="-4.63198">
        <ele>15.09</ele>
      </trkpt>
      <trkpt lat="56.13919" lon="-4.63219">
        <ele>11.69</ele>
      </trkpt>
      <trkpt lat="56.13924" lon="-4.63234">
        <ele>12.7</ele>
      </trkpt>
      <trkpt lat="56.13932" lon="-4.6325">
        <ele>13.21</ele>
      </trkpt>
      <trkpt lat="56.1396" lon="-4.63275">
        <ele>14.99</ele>
      </trkpt>
      <trkpt lat="56.13975" lon="-4.63283">
        <ele>16.04</ele>
      </trkpt>
      <trkpt lat="56.13987" lon="-4.63281">
        <ele>19.07</ele>
      </trkpt>
      <trkpt lat="56.1402" lon="-4.63266">
        <ele>25.76</ele>
      </trkpt>
      <trkpt lat="56.14031" lon="-4.63265">
        <ele>25.99</ele>
      </trkpt>
      <trkpt lat="56.14057" lon="-4.63281">
        <ele>26.69</ele>
      </trkpt>
      <trkpt lat="56.14072" lon="-4.6328">
        <ele>23.5</ele>
      </trkpt>
      <trkpt lat="56.14081" lon="-4.63286">
        <ele>21.78</ele>
      </trkpt>
      <trkpt lat="56.1409" lon="-4.6331">
        <ele>21.48</ele>
      </trkpt>
      <trkpt lat="56.14106" lon="-4.6333">
        <ele>19.65</ele>
      </trkpt>
      <trkpt lat="56.1413" lon="-4.6335">
        <ele>15.51</ele>
      </trkpt>
      <trkpt lat="56.14133" lon="-4.63368">
        <ele>12.59</ele>
      </trkpt>
      <trkpt lat="56.14136" lon="-4.63379">
        <ele>10.83</ele>
      </trkpt>
      <trkpt lat="56.14147" lon="-4.63432">
        <ele>11.68</ele>
      </trkpt>
      <trkpt lat="56.14166" lon="-4.63473">
        <ele>14.0</ele>
      </trkpt>
      <trkpt lat="56.14173" lon="-4.63494">
        <ele>15.19</ele>
      </trkpt>
      <trkpt lat="56.14177" lon="-4.63524">
        <ele>17.79</ele>
      </trkpt>
      <trkpt lat="56.14156" lon="-4.6355">
        <ele>16.14</ele>
      </trkpt>
      <trkpt lat="56.14146" lon="-4.63567">
        <ele>13.26</ele>
      </trkpt>
      <trkpt lat="56.14139" lon="-4.63583">
        <ele>11.04</ele>
      </trkpt>
      <trkpt lat="56.14129" lon="-4.63616">
        <ele>11.0</ele>
      </trkpt>
      <trkpt lat="56.14128" lon="-4.63635">
        <ele>11.0</ele>
      </trkpt>
      <trkpt lat="56.1413" lon="-4.63645">
        <ele>11.0</ele>
      </trkpt>
      <trkpt lat="56.14136" lon="-4.63654">
        <ele>11.0</ele>
      </trkpt>
      <trkpt lat="56.1415" lon="-4.63664">
        <ele>13.95</ele>
      </trkpt>
      <trkpt lat="56.1416" lon="-4.63682">
        <ele>13.38</ele>
      </trkpt>
      <trkpt lat="56.14168" lon="-4.63687">
        <ele>13.33</ele>
      </trkpt>
      <trkpt lat="56.14194" lon="-4.63696">
        <ele>21.38</ele>
      </trkpt>
      <trkpt lat="56.14216" lon="-4.637">
        <ele>18.85</ele>
      </trkpt>
      <trkpt lat="56.14233" lon="-4.63709">
        <ele>19.35</ele>
      </trkpt>
      <trkpt lat="56.14275" lon="-4.63741">
        <ele>22.72</ele>
      </trkpt>
      <trkpt lat="56.14283" lon="-4.63749">
        <ele>23.38</ele>
      </trkpt>
      <trkpt lat="56.14288" lon="-4.63759">
        <ele>22.54</ele>
      </trkpt>
      <trkpt lat="56.14299" lon="-4.63801">
        <ele>21.7</ele>
      </trkpt>
      <trkpt lat="56.14308" lon="-4.63816">
        <ele>22.3</ele>
      </trkpt>
      <trkpt lat="56.1432" lon="-4.63825">
        <ele>21.54</ele>
      </trkpt>
      <trkpt lat="56.14345" lon="-4.63832">
        <ele>21.6</ele>
      </trkpt>
      <trkpt lat="56.1435" lon="-4.63837">
        <ele>20.94</ele>
      </trkpt>
      <trkpt lat="56.14358" lon="-4.63858">
        <ele>17.45</ele>
      </trkpt>
      <trkpt lat="56.14364" lon="-4.63865">
        <ele>16.09</ele>
      </trkpt>
      <trkpt lat="56.14368" lon="-4.63866">
        <ele>15.78</ele>
      </trkpt>
      <trkpt lat="56.14375" lon="-4.63861">
        <ele>16.51</ele>
      </trkpt>
      <trkpt lat="56.14377" lon="-4.63856">
        <ele>16.93</ele>
      </trkpt>
      <trkpt lat="56.14381" lon="-4.63851">
        <ele>17.06</ele>
      </trkpt>
      <trkpt lat="56.14386" lon="-4.63847">
        <ele>16.82</ele>
      </trkpt>
      <trkpt lat="56.14391" lon="-4.63844">
        <ele>16.95</ele>
      </trkpt>
      <trkpt lat="56.14395" lon="-4.63843">
        <ele>17.61</ele>
      </trkpt>
      <trkpt lat="56.14399" lon="-4.63845">
        <ele>18.19</ele>
      </trkpt>
      <trkpt lat="56.14404" lon="-4.63849">
        <ele>18.92</ele>
      </trkpt>
      <trkpt lat="56.14407" lon="-4.63855">
        <ele>19.34</ele>
      </trkpt>
      <trkpt lat="56.1441" lon="-4.63862">
        <ele>19.67</ele>
      </trkpt>
      <trkpt lat="56.14412" lon="-4.6387">
        <ele>18.88</ele>
      </trkpt>
      <trkpt lat="56.14414" lon="-4.63878">
        <ele>18.09</ele>
      </trkpt>
      <trkpt lat="56.14414" lon="-4.63879">
        <ele>17.94</ele>
      </trkpt>
      <trkpt lat="56.14415" lon="-4.63879">
        <ele>18.12</ele>
      </trkpt>
      <trkpt lat="56.14416" lon="-4.63886">
        <ele>17.3</ele>
      </trkpt>
      <trkpt lat="56.14417" lon="-4.63896">
        <ele>16.32</ele>
      </trkpt>
      <trkpt lat="56.14423" lon="-4.63915">
        <ele>15.78</ele>
      </trkpt>
      <trkpt lat="56.14432" lon="-4.63931">
        <ele>16.26</ele>
      </trkpt>
      <trkpt lat="56.14444" lon="-4.63948">
        <ele>16.54</ele>
      </trkpt>
      <trkpt lat="56.14458" lon="-4.63962">
        <ele>18.93</ele>
      </trkpt>
      <trkpt lat="56.14465" lon="-4.63966">
        <ele>19.94</ele>
      </trkpt>
      <trkpt lat="56.14495" lon="-4.63983">
        <ele>28.91</ele>
      </trkpt>
      <trkpt lat="56.14505" lon="-4.64012">
        <ele>24.53</ele>
      </trkpt>
      <trkpt lat="56.14506" lon="-4.64013">
        <ele>24.58</ele>
      </trkpt>
      <trkpt lat="56.1452" lon="-4.64023">
        <ele>24.71</ele>
      </trkpt>
      <trkpt lat="56.14538" lon="-4.64031">
        <ele>25.65</ele>
      </trkpt>
      <trkpt lat="56.14544" lon="-4.64031">
        <ele>27.16</ele>
      </trkpt>
      <trkpt lat="56.14551" lon="-4.64027">
        <ele>30.04</ele>
      </trkpt>
      <trkpt lat="56.14563" lon="-4.64014">
        <ele>34.51</ele>
      </trkpt>
      <trkpt lat="56.14576" lon="-4.63989">
        <ele>38.92</ele>
      </trkpt>
      <trkpt lat="56.14583" lon="-4.63981">
        <ele>40.04</ele>
      </trkpt>
      <trkpt lat="56.14591" lon="-4.63975">
        <ele>39.24</ele>
      </trkpt>
      <trkpt lat="56.14613" lon="-4.6397">
        <ele>35.75</ele>
      </trkpt>
      <trkpt lat="56.14629" lon="-4.63972">
        <ele>32.15</ele>
      </trkpt>
      <trkpt lat="56.14651" lon="-4.63981">
        <ele>28.08</ele>
      </trkpt>
      <trkpt lat="56.14659" lon="-4.63977">
        <ele>27.83</ele>
      </trkpt>
      <trkpt lat="56.14663" lon="-4.63972">
        <ele>28.26</ele>
      </trkpt>
      <trkpt lat="56.14681" lon="-4.63946">
        <ele>26.02</ele>
      </trkpt>
      <trkpt lat="56.14701" lon="-4.63951">
        <ele>25.06</ele>
      </trkpt>
      <trkpt lat="56.14709" lon="-4.63949">
        <ele>24.73</ele>
      </trkpt>
      <trkpt lat="56.14741" lon="-4.63933">
        <ele>19.94</ele>
      </trkpt>
      <trkpt lat="56.14751" lon="-4.63924">
        <ele>18.39</ele>
      </trkpt>
      <trkpt lat="56.14757" lon="-4.6392">
        <ele>17.26</ele>
      </trkpt>
      <trkpt lat="56.14763" lon="-4.63907">
        <ele>16.13</ele>
      </trkpt>
      <trkpt lat="56.14784" lon="-4.63909">
        <ele>13.9</ele>
      </trkpt>
      <trkpt lat="56.14788" lon="-4.63907">
        <ele>13.89</ele>
      </trkpt>
      <trkpt lat="56.14796" lon="-4.6391">
        <ele>13.66</ele>
      </trkpt>
      <trkpt lat="56.14811" lon="-4.63925">
        <ele>13.33</ele>
      </trkpt>
      <trkpt lat="56.14821" lon="-4.63939">
        <ele>15.1</ele>
      </trkpt>
      <trkpt lat="56.14853" lon="-4.6399">
        <ele>15.32</ele>
      </trkpt>
      <trkpt lat="56.14889" lon="-4.64065">
        <ele>12.71</ele>
      </trkpt>
      <trkpt lat="56.14889" lon="-4.64065">
        <ele>12.71</ele>
      </trkpt>
      <trkpt lat="56.14904" lon="-4.64094">
        <ele>18.0</ele>
      </trkpt>
      <trkpt lat="56.14942" lon="-4.64108">
        <ele>19.98</ele>
      </trkpt>
      <trkpt lat="56.14943" lon="-4.64108">
        <ele>19.95</ele>
      </trkpt>
      <trkpt lat="56.14971" lon="-4.64131">
        <ele>17.87</ele>
      </trkpt>
      <trkpt lat="56.15019" lon="-4.64178">
        <ele>13.45</ele>
      </trkpt>
      <trkpt lat="56.15038" lon="-4.64188">
        <ele>12.43</ele>
      </trkpt>
      <trkpt lat="56.15051" lon="-4.64188">
        <ele>11.03</ele>
      </trkpt>
      <trkpt lat="56.15081" lon="-4.64174">
        <ele>8.37</ele>
      </trkpt>
      <trkpt lat="56.15111" lon="-4.64175">
        <ele>8.7</ele>
      </trkpt>
      <trkpt lat="56.15132" lon="-4.64184">
        <ele>13.74</ele>
      </trkpt>
      <trkpt lat="56.15141" lon="-4.64194">
        <ele>14.07</ele>
      </trkpt>
      <trkpt lat="56.15159" lon="-4.64203">
        <ele>12.85</ele>
      </trkpt>
      <trkpt lat="56.15172" lon="-4.64209">
        <ele>12.4</ele>
      </trkpt>
      <trkpt lat="56.15181" lon="-4.64205">
        <ele>13.58</ele>
      </trkpt>
      <trkpt lat="56.15187" lon="-4.64193">
        <ele>14.84</ele>
      </trkpt>
      <trkpt lat="56.15187" lon="-4.64192">
        <ele>14.91</ele>
      </trkpt>
      <trkpt lat="56.1521" lon="-4.6417">
        <ele>16.44</ele>
      </trkpt>
      <trkpt lat="56.1522" lon="-4.6416">
        <ele>17.2</ele>
      </trkpt>
      <trkpt lat="56.15256" lon="-4.64146">
        <ele>19.85</ele>
      </trkpt>
      <trkpt lat="56.15287" lon="-4.64156">
        <ele>23.41</ele>
      </trkpt>
      <trkpt lat="56.15308" lon="-4.64179">
        <ele>26.96</ele>
      </trkpt>
      <trkpt lat="56.15356" lon="-4.64226">
        <ele>16.13</ele>
      </trkpt>
      <trkpt lat="56.15375" lon="-4.64236">
        <ele>12.25</ele>
      </trkpt>
      <trkpt lat="56.15396" lon="-4.64228">
        <ele>9.74</ele>
      </trkpt>
      <trkpt lat="56.15443" lon="-4.64234">
        <ele>8.6</ele>
      </trkpt>
      <trkpt lat="56.1549" lon="-4.64251">
        <ele>12.5</ele>
      </trkpt>
      <trkpt lat="56.15523" lon="-4.64255">
        <ele>14.09</ele>
      </trkpt>
      <trkpt lat="56.15558" lon="-4.64251">
        <ele>12.78</ele>
      </trkpt>
      <trkpt lat="56.15585" lon="-4.64234">
        <ele>11.0</ele>
      </trkpt>
      <trkpt lat="56.15607" lon="-4.64225">
        <ele>9.33</ele>
      </trkpt>
      <trkpt lat="56.15614" lon="-4.6422">
        <ele>9.52</ele>
      </trkpt>
      <trkpt lat="56.15674" lon="-4.64181">
        <ele>18.07</ele>
      </trkpt>
      <trkpt lat="56.15698" lon="-4.6418">
        <ele>17.59</ele>
      </trkpt>
      <trkpt lat="56.1573" lon="-4.64171">
        <ele>22.81</ele>
      </trkpt>
      <trkpt lat="56.1575" lon="-4.64172">
        <ele>21.46</ele>
      </trkpt>
      <trkpt lat="56.1576" lon="-4.64163">
        <ele>20.52</ele>
      </trkpt>
      <trkpt lat="56.15765" lon="-4.64158">
        <ele>19.57</ele>
      </trkpt>
      <trkpt lat="56.1578" lon="-4.64143">
        <ele>20.35</ele>
      </trkpt>
      <trkpt lat="56.15797" lon="-4.64132">
        <ele>18.9</ele>
      </trkpt>
      <trkpt lat="56.1581" lon="-4.64136">
        <ele>19.89</ele>
      </trkpt>
      <trkpt lat="56.15832" lon="-4.64151">
        <ele>18.66</ele>
      </trkpt>
      <trkpt lat="56.15861" lon="-4.64162">
        <ele>18.82</ele>
      </trkpt>
      <trkpt lat="56.15874" lon="-4.64168">
        <ele>19.56</ele>
      </trkpt>
      <trkpt lat="56.15943" lon="-4.64193">
        <ele>21.0</ele>
      </trkpt>
      <trkpt lat="56.15949" lon="-4.64203">
        <ele>21.34</ele>
      </trkpt>
      <trkpt lat="56.15955" lon="-4.6421">
        <ele>21.57</ele>
      </trkpt>
      <trkpt lat="56.15959" lon="-4.64215">
        <ele>21.82</ele>
      </trkpt>
      <trkpt lat="56.15991" lon="-4.64254">
        <ele>20.99</ele>
      </trkpt>
      <trkpt lat="56.16026" lon="-4.64289">
        <ele>20.78</ele>
      </trkpt>
      <trkpt lat="56.16054" lon="-4.64316">
        <ele>15.72</ele>
      </trkpt>
      <trkpt lat="56.16112" lon="-4.64369">
        <ele>9.42</ele>
      </trkpt>
      <trkpt lat="56.16142" lon="-4.6439">
        <ele>9.37</ele>
      </trkpt>
      <trkpt lat="56.16178" lon="-4.64415">
        <ele>11.08</ele>
      </trkpt>
      <trkpt lat="56.16229" lon="-4.64441">
        <ele>10.52</ele>
      </trkpt>
      <trkpt lat="56.1625" lon="-4.64456">
        <ele>11.42</ele>
      </trkpt>
      <trkpt lat="56.1629" lon="-4.64493">
        <ele>11.67</ele>
      </trkpt>
      <trkpt lat="56.16315" lon="-4.64506">
        <ele>11.22</ele>
      </trkpt>
      <trkpt lat="56.16326" lon="-4.64512">
        <ele>11.43</ele>
      </trkpt>
      <trkpt lat="56.16342" lon="-4.64514">
        <ele>11.34</ele>
      </trkpt>
      <trkpt lat="56.16382" lon="-4.64563">
        <ele>11.3</ele>
      </trkpt>
      <trkpt lat="56.16396" lon="-4.64581">
        <ele>11.36</ele>
      </trkpt>
      <trkpt lat="56.16404" lon="-4.64612">
        <ele>11.99</ele>
      </trkpt>
      <trkpt lat="56.1644" lon="-4.64645">
        <ele>11.96</ele>
      </trkpt>
      <trkpt lat="56.16481" lon="-4.64677">
        <ele>10.45</ele>
      </trkpt>
      <trkpt lat="56.16529" lon="-4.64684">
        <ele>10.08</ele>
      </trkpt>
      <trkpt lat="56.16536" lon="-4.64687">
        <ele>10.4</ele>
      </trkpt>
      <trkpt lat="56.16547" lon="-4.64697">
        <ele>10.02</ele>
      </trkpt>
      <trkpt lat="56.16554" lon="-4.64705">
        <ele>9.71</ele>
      </trkpt>
      <trkpt lat="56.16556" lon="-4.64707">
        <ele>9.58</ele>
      </trkpt>
      <trkpt lat="56.16579" lon="-4.64739">
        <ele>10.46</ele>
      </trkpt>
      <trkpt lat="56.16621" lon="-4.64781">
        <ele>12.2</ele>
      </trkpt>
      <trkpt lat="56.16663" lon="-4.64823">
        <ele>14.72</ele>
      </trkpt>
      <trkpt lat="56.16729" lon="-4.6487">
        <ele>13.48</ele>
      </trkpt>
      <trkpt lat="56.16793" lon="-4.64898">
        <ele>12.92</ele>
      </trkpt>
      <trkpt lat="56.16831" lon="-4.64953">
        <ele>11.8</ele>
      </trkpt>
      <trkpt lat="56.16879" lon="-4.64992">
        <ele>12.91</ele>
      </trkpt>
      <trkpt lat="56.16927" lon="-4.65031">
        <ele>11.93</ele>
      </trkpt>
      <trkpt lat="56.16975" lon="-4.6507">
        <ele>16.15</ele>
      </trkpt>
      <trkpt lat="56.17016" lon="-4.65112">
        <ele>20.03</ele>
      </trkpt>
      <trkpt lat="56.17066" lon="-4.65194">
        <ele>26.54</ele>
      </trkpt>
      <trkpt lat="56.17091" lon="-4.65256">
        <ele>29.06</ele>
      </trkpt>
      <trkpt lat="56.1712" lon="-4.65339">
        <ele>29.05</ele>
      </trkpt>
      <trkpt lat="56.17132" lon="-4.65355">
        <ele>30.01</ele>
      </trkpt>
      <trkpt lat="56.17145" lon="-4.65401">
        <ele>30.44</ele>
      </trkpt>
      <trkpt lat="56.17171" lon="-4.65456">
        <ele>28.64</ele>
      </trkpt>
      <trkpt lat="56.17178" lon="-4.6551">
        <ele>25.98</ele>
      </trkpt>
      <trkpt lat="56.17214" lon="-4.65588">
        <ele>20.97</ele>
      </trkpt>
      <trkpt lat="56.17228" lon="-4.65643">
        <ele>17.31</ele>
      </trkpt>
      <trkpt lat="56.17252" lon="-4.65696">
        <ele>16.68</ele>
      </trkpt>
      <trkpt lat="56.17259" lon="-4.65706">
        <ele>21.02</ele>
      </trkpt>
      <trkpt lat="56.17271" lon="-4.6573">
        <ele>22.46</ele>
      </trkpt>
      <trkpt lat="56.17287" lon="-4.65762">
        <ele>26.24</ele>
      </trkpt>
      <trkpt lat="56.17293" lon="-4.6578">
        <ele>29.26</ele>
      </trkpt>
      <trkpt lat="56.17316" lon="-4.6579">
        <ele>41.47</ele>
      </trkpt>
      <trkpt lat="56.1733" lon="-4.65776">
        <ele>47.0</ele>
      </trkpt>
      <trkpt lat="56.1734" lon="-4.658">
        <ele>48.21</ele>
      </trkpt>
      <trkpt lat="56.17348" lon="-4.65836">
        <ele>45.23</ele>
      </trkpt>
      <trkpt lat="56.17345" lon="-4.6586">
        <ele>39.42</ele>
      </trkpt>
      <trkpt lat="56.17341" lon="-4.65886">
        <ele>28.31</ele>
      </trkpt>
      <trkpt lat="56.17346" lon="-4.65902">
        <ele>23.62</ele>
      </trkpt>
      <trkpt lat="56.17348" lon="-4.65909">
        <ele>21.1</ele>
      </trkpt>
      <trkpt lat="56.17353" lon="-4.65938">
        <ele>16.69</ele>
      </trkpt>
      <trkpt lat="56.17366" lon="-4.65968">
        <ele>12.66</ele>
      </trkpt>
      <trkpt lat="56.1738" lon="-4.65999">
        <ele>11.04</ele>
      </trkpt>
      <trkpt lat="56.17402" lon="-4.66016">
        <ele>11.0</ele>
      </trkpt>
      <trkpt lat="56.1742" lon="-4.66058">
        <ele>11.62</ele>
      </trkpt>
      <trkpt lat="56.17429" lon="-4.6611">
        <ele>13.68</ele>
      </trkpt>
      <trkpt lat="56.17436" lon="-4.66131">
        <ele>14.68</ele>
      </trkpt>
      <trkpt lat="56.17439" lon="-4.66141">
        <ele>14.71</ele>
      </trkpt>
      <trkpt lat="56.17441" lon="-4.6615">
        <ele>13.63</ele>
      </trkpt>
      <trkpt lat="56.17445" lon="-4.66155">
        <ele>13.19</ele>
      </trkpt>
      <trkpt lat="56.17449" lon="-4.66161">
        <ele>12.9</ele>
      </trkpt>
      <trkpt lat="56.17453" lon="-4.66165">
        <ele>13.09</ele>
      </trkpt>
      <trkpt lat="56.17458" lon="-4.66169">
        <ele>13.93</ele>
      </trkpt>
      <trkpt lat="56.17463" lon="-4.66171">
        <ele>15.01</ele>
      </trkpt>
      <trkpt lat="56.17467" lon="-4.66174">
        <ele>15.87</ele>
      </trkpt>
      <trkpt lat="56.17471" lon="-4.66179">
        <ele>16.74</ele>
      </trkpt>
      <trkpt lat="56.17474" lon="-4.66185">
        <ele>17.09</ele>
      </trkpt>
      <trkpt lat="56.17477" lon="-4.66193">
        <ele>17.18</ele>
      </trkpt>
      <trkpt lat="56.17479" lon="-4.66201">
        <ele>17.24</ele>
      </trkpt>
      <trkpt lat="56.17482" lon="-4.66207">
        <ele>17.35</ele>
      </trkpt>
      <trkpt lat="56.17485" lon="-4.66214">
        <ele>17.46</ele>
      </trkpt>
      <trkpt lat="56.17489" lon="-4.66219">
        <ele>17.6</ele>
      </trkpt>
      <trkpt lat="56.17493" lon="-4.66225">
        <ele>17.25</ele>
      </trkpt>
      <trkpt lat="56.17497" lon="-4.66229">
        <ele>16.39</ele>
      </trkpt>
      <trkpt lat="56.17502" lon="-4.66232">
        <ele>15.88</ele>
      </trkpt>
      <trkpt lat="56.17506" lon="-4.66234">
        <ele>16.2</ele>
      </trkpt>
      <trkpt lat="56.17511" lon="-4.66238">
        <ele>16.62</ele>
      </trkpt>
      <trkpt lat="56.17514" lon="-4.66244">
        <ele>16.68</ele>
      </trkpt>
      <trkpt lat="56.17517" lon="-4.66251">
        <ele>16.9</ele>
      </trkpt>
      <trkpt lat="56.17519" lon="-4.66258">
        <ele>15.87</ele>
      </trkpt>
      <trkpt lat="56.17523" lon="-4.66265">
        <ele>14.81</ele>
      </trkpt>
      <trkpt lat="56.17526" lon="-4.66271">
        <ele>13.28</ele>
      </trkpt>
      <trkpt lat="56.17529" lon="-4.66277">
        <ele>11.88</ele>
      </trkpt>
      <trkpt lat="56.17533" lon="-4.66283">
        <ele>13.14</ele>
      </trkpt>
      <trkpt lat="56.17537" lon="-4.66288">
        <ele>13.94</ele>
      </trkpt>
      <trkpt lat="56.1754" lon="-4.66293">
        <ele>13.78</ele>
      </trkpt>
      <trkpt lat="56.17543" lon="-4.66299">
        <ele>12.81</ele>
      </trkpt>
      <trkpt lat="56.17547" lon="-4.66305">
        <ele>11.19</ele>
      </trkpt>
      <trkpt lat="56.17549" lon="-4.66308">
        <ele>11.0</ele>
      </trkpt>
      <trkpt lat="56.17557" lon="-4.66311">
        <ele>12.09</ele>
      </trkpt>
      <trkpt lat="56.1756" lon="-4.66316">
        <ele>14.08</ele>
      </trkpt>
      <trkpt lat="56.17563" lon="-4.66322">
        <ele>15.58</ele>
      </trkpt>
      <trkpt lat="56.17568" lon="-4.66325">
        <ele>18.17</ele>
      </trkpt>
      <trkpt lat="56.17572" lon="-4.66328">
        <ele>19.83</ele>
      </trkpt>
      <trkpt lat="56.17577" lon="-4.6633">
        <ele>21.96</ele>
      </trkpt>
      <trkpt lat="56.17582" lon="-4.66334">
        <ele>23.35</ele>
      </trkpt>
      <trkpt lat="56.17586" lon="-4.66338">
        <ele>25.19</ele>
      </trkpt>
      <trkpt lat="56.17589" lon="-4.66344">
        <ele>26.02</ele>
      </trkpt>
      <trkpt lat="56.17593" lon="-4.6635">
        <ele>26.67</ele>
      </trkpt>
      <trkpt lat="56.17596" lon="-4.66357">
        <ele>26.17</ele>
      </trkpt>
      <trkpt lat="56.17599" lon="-4.66363">
        <ele>25.2</ele>
      </trkpt>
      <trkpt lat="56.17604" lon="-4.66368">
        <ele>24.67</ele>
      </trkpt>
      <trkpt lat="56.17608" lon="-4.66372">
        <ele>24.48</ele>
      </trkpt>
      <trkpt lat="56.17612" lon="-4.66377">
        <ele>24.2</ele>
      </trkpt>
      <trkpt lat="56.17616" lon="-4.66383">
        <ele>23.31</ele>
      </trkpt>
      <trkpt lat="56.17619" lon="-4.6639">
        <ele>21.66</ele>
      </trkpt>
      <trkpt lat="56.17621" lon="-4.66398">
        <ele>20.41</ele>
      </trkpt>
      <trkpt lat="56.17622" lon="-4.66406">
        <ele>18.99</ele>
      </trkpt>
      <trkpt lat="56.17623" lon="-4.66415">
        <ele>17.32</ele>
      </trkpt>
      <trkpt lat="56.17624" lon="-4.66419">
        <ele>16.95</ele>
      </trkpt>
      <trkpt lat="56.17625" lon="-4.6642">
        <ele>16.94</ele>
      </trkpt>
      <trkpt lat="56.17627" lon="-4.66427">
        <ele>16.89</ele>
      </trkpt>
      <trkpt lat="56.17629" lon="-4.66436">
        <ele>16.95</ele>
      </trkpt>
      <trkpt lat="56.17632" lon="-4.66444">
        <ele>17.25</ele>
      </trkpt>
      <trkpt lat="56.17635" lon="-4.66452">
        <ele>17.46</ele>
      </trkpt>
      <trkpt lat="56.17637" lon="-4.66459">
        <ele>17.41</ele>
      </trkpt>
      <trkpt lat="56.17641" lon="-4.66465">
        <ele>17.09</ele>
      </trkpt>
      <trkpt lat="56.17644" lon="-4.66471">
        <ele>16.36</ele>
      </trkpt>
      <trkpt lat="56.17648" lon="-4.66476">
        <ele>15.69</ele>
      </trkpt>
      <trkpt lat="56.17652" lon="-4.6648">
        <ele>15.23</ele>
      </trkpt>
      <trkpt lat="56.17656" lon="-4.66486">
        <ele>14.96</ele>
      </trkpt>
      <trkpt lat="56.1766" lon="-4.6649">
        <ele>14.78</ele>
      </trkpt>
      <trkpt lat="56.17664" lon="-4.66495">
        <ele>14.79</ele>
      </trkpt>
      <trkpt lat="56.17668" lon="-4.665">
        <ele>15.29</ele>
      </trkpt>
      <trkpt lat="56.17672" lon="-4.66504">
        <ele>15.87</ele>
      </trkpt>
      <trkpt lat="56.17676" lon="-4.66509">
        <ele>16.15</ele>
      </trkpt>
      <trkpt lat="56.1768" lon="-4.66514">
        <ele>16.17</ele>
      </trkpt>
      <trkpt lat="56.17684" lon="-4.66521">
        <ele>15.63</ele>
      </trkpt>
      <trkpt lat="56.17687" lon="-4.66526">
        <ele>15.03</ele>
      </trkpt>
      <trkpt lat="56.17691" lon="-4.66532">
        <ele>15.22</ele>
      </trkpt>
      <trkpt lat="56.17692" lon="-4.66534">
        <ele>15.47</ele>
      </trkpt>
      <trkpt lat="56.17694" lon="-4.66537">
        <ele>15.95</ele>
      </trkpt>
      <trkpt lat="56.17698" lon="-4.66545">
        <ele>17.1</ele>
      </trkpt>
      <trkpt lat="56.17702" lon="-4.66552">
        <ele>17.79</ele>
      </trkpt>
      <trkpt lat="56.17706" lon="-4.66556">
        <ele>18.02</ele>
      </trkpt>
      <trkpt lat="56.1771" lon="-4.66561">
        <ele>18.17</ele>
      </trkpt>
      <trkpt lat="56.17714" lon="-4.66567">
        <ele>18.24</ele>
      </trkpt>
      <trkpt lat="56.17718" lon="-4.66572">
        <ele>18.18</ele>
      </trkpt>
      <trkpt lat="56.17722" lon="-4.66576">
        <ele>18.01</ele>
      </trkpt>
      <trkpt lat="56.17726" lon="-4.6658">
        <ele>17.85</ele>
      </trkpt>
      <trkpt lat="56.17731" lon="-4.66582">
        <ele>17.67</ele>
      </trkpt>
      <trkpt lat="56.17736" lon="-4.66583">
        <ele>17.5</ele>
      </trkpt>
      <trkpt lat="56.1774" lon="-4.66582">
        <ele>17.33</ele>
      </trkpt>
      <trkpt lat="56.17745" lon="-4.66581">
        <ele>17.11</ele>
      </trkpt>
      <trkpt lat="56.1775" lon="-4.66582">
        <ele>16.95</ele>
      </trkpt>
      <trkpt lat="56.17754" lon="-4.66586">
        <ele>16.55</ele>
      </trkpt>
      <trkpt lat="56.17759" lon="-4.66591">
        <ele>16.34</ele>
      </trkpt>
      <trkpt lat="56.17763" lon="-4.66596">
        <ele>16.44</ele>
      </trkpt>
      <trkpt lat="56.17768" lon="-4.66599">
        <ele>16.1</ele>
      </trkpt>
      <trkpt lat="56.17772" lon="-4.66604">
        <ele>16.4</ele>
      </trkpt>
      <trkpt lat="56.17777" lon="-4.66608">
        <ele>16.45</ele>
      </trkpt>
      <trkpt lat="56.17781" lon="-4.66613">
        <ele>16.27</ele>
      </trkpt>
      <trkpt lat="56.17785" lon="-4.66618">
        <ele>14.93</ele>
      </trkpt>
      <trkpt lat="56.1779" lon="-4.66622">
        <ele>13.85</ele>
      </trkpt>
      <trkpt lat="56.17794" lon="-4.66626">
        <ele>12.97</ele>
      </trkpt>
      <trkpt lat="56.17798" lon="-4.6663">
        <ele>12.22</ele>
      </trkpt>
      <trkpt lat="56.178" lon="-4.66631">
        <ele>12.02</ele>
      </trkpt>
      <trkpt lat="56.17803" lon="-4.66633">
        <ele>11.69</ele>
      </trkpt>
      <trkpt lat="56.17807" lon="-4.66638">
        <ele>11.41</ele>
      </trkpt>
      <trkpt lat="56.17812" lon="-4.66643">
        <ele>12.19</ele>
      </trkpt>
      <trkpt lat="56.17816" lon="-4.66648">
        <ele>12.52</ele>
      </trkpt>
      <trkpt lat="56.17821" lon="-4.66654">
        <ele>12.52</ele>
      </trkpt>
      <trkpt lat="56.17826" lon="-4.66658">
        <ele>12.38</ele>
      </trkpt>
      <trkpt lat="56.17831" lon="-4.66662">
        <ele>11.92</ele>
      </trkpt>
      <trkpt lat="56.17837" lon="-4.66665">
        <ele>11.99</ele>
      </trkpt>
      <trkpt lat="56.17841" lon="-4.66668">
        <ele>12.38</ele>
      </trkpt>
      <trkpt lat="56.17846" lon="-4.66673">
        <ele>13.28</ele>
      </trkpt>
      <trkpt lat="56.1785" lon="-4.66678">
        <ele>14.0</ele>
      </trkpt>
      <trkpt lat="56.17854" lon="-4.66682">
        <ele>14.72</ele>
      </trkpt>
      <trkpt lat="56.17859" lon="-4.66688">
        <ele>15.62</ele>
      </trkpt>
      <trkpt lat="56.17863" lon="-4.66693">
        <ele>16.08</ele>
      </trkpt>
      <trkpt lat="56.17867" lon="-4.66699">
        <ele>16.67</ele>
      </trkpt>
      <trkpt lat="56.17871" lon="-4.66704">
        <ele>17.27</ele>
      </trkpt>
      <trkpt lat="56.17875" lon="-4.66709">
        <ele>17.81</ele>
      </trkpt>
      <trkpt lat="56.17879" lon="-4.66714">
        <ele>18.3</ele>
      </trkpt>
      <trkpt lat="56.17883" lon="-4.6672">
        <ele>18.82</ele>
      </trkpt>
      <trkpt lat="56.17887" lon="-4.66725">
        <ele>18.57</ele>
      </trkpt>
      <trkpt lat="56.17891" lon="-4.66731">
        <ele>17.93</ele>
      </trkpt>
      <trkpt lat="56.17895" lon="-4.66737">
        <ele>17.81</ele>
      </trkpt>
      <trkpt lat="56.17899" lon="-4.66744">
        <ele>18.15</ele>
      </trkpt>
      <trkpt lat="56.17903" lon="-4.6675">
        <ele>19.06</ele>
      </trkpt>
      <trkpt lat="56.17907" lon="-4.66756">
        <ele>19.52</ele>
      </trkpt>
      <trkpt lat="56.17911" lon="-4.66761">
        <ele>19.64</ele>
      </trkpt>
      <trkpt lat="56.17914" lon="-4.66767">
        <ele>19.03</ele>
      </trkpt>
      <trkpt lat="56.17919" lon="-4.66773">
        <ele>18.27</ele>
      </trkpt>
      <trkpt lat="56.17923" lon="-4.66779">
        <ele>17.91</ele>
      </trkpt>
      <trkpt lat="56.17927" lon="-4.66784">
        <ele>18.3</ele>
      </trkpt>
      <trkpt lat="56.17932" lon="-4.66789">
        <ele>18.5</ele>
      </trkpt>
      <trkpt lat="56.17936" lon="-4.66794">
        <ele>18.34</ele>
      </trkpt>
      <trkpt lat="56.1794" lon="-4.668">
        <ele>17.8</ele>
      </trkpt>
      <trkpt lat="56.17943" lon="-4.66806">
        <ele>16.96</ele>
      </trkpt>
      <trkpt lat="56.17947" lon="-4.66812">
        <ele>15.74</ele>
      </trkpt>
      <trkpt lat="56.17949" lon="-4.66815">
        <ele>15.29</ele>
      </trkpt>
      <trkpt lat="56.17989" lon="-4.6686">
        <ele>16.62</ele>
      </trkpt>
      <trkpt lat="56.18028" lon="-4.66904">
        <ele>15.92</ele>
      </trkpt>
      <trkpt lat="56.18064" lon="-4.66957">
        <ele>12.53</ele>
      </trkpt>
      <trkpt lat="56.18099" lon="-4.67001">
        <ele>13.72</ele>
      </trkpt>
      <trkpt lat="56.18102" lon="-4.67004">
        <ele>13.88</ele>
      </trkpt>
      <trkpt lat="56.18107" lon="-4.6701">
        <ele>13.73</ele>
      </trkpt>
      <trkpt lat="56.18111" lon="-4.67017">
        <ele>12.93</ele>
      </trkpt>
      <trkpt lat="56.18114" lon="-4.67024">
        <ele>12.47</ele>
      </trkpt>
      <trkpt lat="56.18118" lon="-4.67029">
        <ele>12.96</ele>
      </trkpt>
      <trkpt lat="56.18121" lon="-4.67036">
        <ele>13.64</ele>
      </trkpt>
      <trkpt lat="56.18126" lon="-4.67042">
        <ele>14.74</ele>
      </trkpt>
      <trkpt lat="56.1813" lon="-4.67048">
        <ele>15.45</ele>
      </trkpt>
      <trkpt lat="56.18133" lon="-4.67055">
        <ele>15.76</ele>
      </trkpt>
      <trkpt lat="56.18136" lon="-4.67062">
        <ele>16.38</ele>
      </trkpt>
      <trkpt lat="56.18139" lon="-4.67069">
        <ele>17.02</ele>
      </trkpt>
      <trkpt lat="56.18142" lon="-4.67075">
        <ele>17.63</ele>
      </trkpt>
      <trkpt lat="56.18145" lon="-4.67083">
        <ele>18.11</ele>
      </trkpt>
      <trkpt lat="56.18147" lon="-4.67091">
        <ele>17.21</ele>
      </trkpt>
      <trkpt lat="56.1815" lon="-4.67098">
        <ele>16.89</ele>
      </trkpt>
      <trkpt lat="56.18153" lon="-4.67106">
        <ele>16.72</ele>
      </trkpt>
      <trkpt lat="56.18155" lon="-4.67113">
        <ele>16.72</ele>
      </trkpt>
      <trkpt lat="56.18157" lon="-4.67121">
        <ele>17.06</ele>
      </trkpt>
      <trkpt lat="56.18159" lon="-4.67129">
        <ele>17.31</ele>
      </trkpt>
      <trkpt lat="56.18161" lon="-4.67137">
        <ele>17.48</ele>
      </trkpt>
      <trkpt lat="56.18164" lon="-4.67145">
        <ele>18.23</ele>
      </trkpt>
      <trkpt lat="56.18166" lon="-4.67152">
        <ele>18.81</ele>
      </trkpt>
      <trkpt lat="56.18169" lon="-4.67159">
        <ele>19.57</ele>
      </trkpt>
      <trkpt lat="56.18171" lon="-4.67167">
        <ele>19.92</ele>
      </trkpt>
      <trkpt lat="56.18174" lon="-4.67175">
        <ele>20.2</ele>
      </trkpt>
      <trkpt lat="56.18176" lon="-4.67183">
        <ele>20.23</ele>
      </trkpt>
      <trkpt lat="56.18178" lon="-4.67191">
        <ele>20.21</ele>
      </trkpt>
      <trkpt lat="56.1818" lon="-4.67199">
        <ele>20.41</ele>
      </trkpt>
      <trkpt lat="56.1818" lon="-4.67209">
        <ele>20.44</ele>
      </trkpt>
      <trkpt lat="56.18181" lon="-4.67217">
        <ele>20.53</ele>
      </trkpt>
      <trkpt lat="56.18181" lon="-4.67226">
        <ele>20.18</ele>
      </trkpt>
      <trkpt lat="56.18181" lon="-4.67235">
        <ele>19.39</ele>
      </trkpt>
      <trkpt lat="56.18181" lon="-4.67244">
        <ele>18.59</ele>
      </trkpt>
      <trkpt lat="56.18182" lon="-4.67253">
        <ele>17.85</ele>
      </trkpt>
      <trkpt lat="56.18182" lon="-4.67262">
        <ele>16.76</ele>
      </trkpt>
      <trkpt lat="56.18182" lon="-4.6727">
        <ele>15.8</ele>
      </trkpt>
      <trkpt lat="56.18182" lon="-4.67274">
        <ele>15.32</ele>
      </trkpt>
      <trkpt lat="56.18184" lon="-4.67283">
        <ele>14.55</ele>
      </trkpt>
      <trkpt lat="56.18184" lon="-4.67297">
        <ele>12.35</ele>
      </trkpt>
      <trkpt lat="56.18201" lon="-4.6734">
        <ele>11.0</ele>
      </trkpt>
      <trkpt lat="56.18225" lon="-4.67366">
        <ele>11.0</ele>
      </trkpt>
      <trkpt lat="56.1823" lon="-4.67372">
        <ele>11.0</ele>
      </trkpt>
      <trkpt lat="56.18255" lon="-4.67391">
        <ele>11.17</ele>
      </trkpt>
      <trkpt lat="56.18278" lon="-4.67393">
        <ele>11.85</ele>
      </trkpt>
      <trkpt lat="56.18303" lon="-4.67371">
        <ele>8.49</ele>
      </trkpt>
      <trkpt lat="56.18329" lon="-4.67368">
        <ele>10.88</ele>
      </trkpt>
      <trkpt lat="56.18353" lon="-4.67376">
        <ele>12.24</ele>
      </trkpt>
      <trkpt lat="56.18359" lon="-4.67418">
        <ele>10.01</ele>
      </trkpt>
      <trkpt lat="56.18375" lon="-4.67443">
        <ele>10.47</ele>
      </trkpt>
      <trkpt lat="56.18375" lon="-4.67443">
        <ele>10.47</ele>
      </trkpt>
      <trkpt lat="56.18391" lon="-4.6745">
        <ele>11.02</ele>
      </trkpt>
      <trkpt lat="56.18418" lon="-4.67494">
        <ele>12.0</ele>
      </trkpt>
      <trkpt lat="56.18433" lon="-4.67501">
        <ele>11.98</ele>
      </trkpt>
      <trkpt lat="56.18447" lon="-4.6752">
        <ele>11.4</ele>
      </trkpt>
      <trkpt lat="56.18458" lon="-4.67529">
        <ele>11.49</ele>
      </trkpt>
      <trkpt lat="56.18507" lon="-4.67562">
        <ele>12.19</ele>
      </trkpt>
      <trkpt lat="56.1852" lon="-4.67567">
        <ele>12.42</ele>
      </trkpt>
      <trkpt lat="56.18561" lon="-4.67593">
        <ele>13.14</ele>
      </trkpt>
      <trkpt lat="56.18601" lon="-4.67662">
        <ele>12.8</ele>
      </trkpt>
      <trkpt lat="56.18619" lon="-4.67664">
        <ele>12.66</ele>
      </trkpt>
      <trkpt lat="56.18633" lon="-4.67671">
        <ele>11.36</ele>
      </trkpt>
      <trkpt lat="56.18658" lon="-4.67717">
        <ele>12.38</ele>
      </trkpt>
      <trkpt lat="56.18692" lon="-4.67733">
        <ele>12.02</ele>
      </trkpt>
      <trkpt lat="56.18736" lon="-4.6776">
        <ele>12.23</ele>
      </trkpt>
      <trkpt lat="56.18779" lon="-4.67786">
        <ele>11.7</ele>
      </trkpt>
      <trkpt lat="56.1881" lon="-4.67799">
        <ele>11.08</ele>
      </trkpt>
      <trkpt lat="56.1881" lon="-4.67799">
        <ele>11.08</ele>
      </trkpt>
      <trkpt lat="56.18853" lon="-4.67803">
        <ele>9.38</ele>
      </trkpt>
      <trkpt lat="56.18867" lon="-4.67807">
        <ele>9.49</ele>
      </trkpt>
      <trkpt lat="56.18881" lon="-4.67804">
        <ele>10.73</ele>
      </trkpt>
      <trkpt lat="56.18912" lon="-4.67828">
        <ele>13.01</ele>
      </trkpt>
      <trkpt lat="56.18933" lon="-4.67835">
        <ele>12.96</ele>
      </trkpt>
      <trkpt lat="56.18937" lon="-4.67834">
        <ele>12.98</ele>
      </trkpt>
      <trkpt lat="56.18957" lon="-4.67836">
        <ele>14.63</ele>
      </trkpt>
      <trkpt lat="56.18985" lon="-4.67846">
        <ele>15.42</ele>
      </trkpt>
      <trkpt lat="56.19014" lon="-4.67883">
        <ele>11.82</ele>
      </trkpt>
      <trkpt lat="56.1902" lon="-4.67883">
        <ele>11.99</ele>
      </trkpt>
      <trkpt lat="56.19038" lon="-4.67897">
        <ele>12.26</ele>
      </trkpt>
      <trkpt lat="56.19066" lon="-4.67913">
        <ele>11.81</ele>
      </trkpt>
      <trkpt lat="56.19112" lon="-4.67922">
        <ele>11.22</ele>
      </trkpt>
      <trkpt lat="56.19133" lon="-4.67926">
        <ele>11.86</ele>
      </trkpt>
      <trkpt lat="56.19153" lon="-4.67922">
        <ele>12.72</ele>
      </trkpt>
      <trkpt lat="56.19212" lon="-4.67944">
        <ele>12.03</ele>
      </trkpt>
      <trkpt lat="56.19242" lon="-4.67955">
        <ele>11.35</ele>
      </trkpt>
      <trkpt lat="56.19299" lon="-4.6795">
        <ele>17.13</ele>
      </trkpt>
      <trkpt lat="56.19404" lon="-4.67992">
        <ele>9.36</ele>
      </trkpt>
      <trkpt lat="56.19412" lon="-4.67995">
        <ele>9.56</ele>
      </trkpt>
      <trkpt lat="56.1945" lon="-4.67999">
        <ele>8.0</ele>
      </trkpt>
      <trkpt lat="56.19491" lon="-4.67986">
        <ele>9.02</ele>
      </trkpt>
      <trkpt lat="56.19521" lon="-4.68016">
        <ele>8.1</ele>
      </trkpt>
      <trkpt lat="56.19531" lon="-4.68028">
        <ele>8.38</ele>
      </trkpt>
      <trkpt lat="56.19543" lon="-4.68042">
        <ele>10.85</ele>
      </trkpt>
      <trkpt lat="56.19575" lon="-4.6804">
        <ele>12.62</ele>
      </trkpt>
      <trkpt lat="56.1957" lon="-4.68063">
        <ele>11.73</ele>
      </trkpt>
      <trkpt lat="56.19575" lon="-4.68083">
        <ele>11.01</ele>
      </trkpt>
      <trkpt lat="56.19622" lon="-4.68109">
        <ele>11.39</ele>
      </trkpt>
      <trkpt lat="56.19627" lon="-4.68107">
        <ele>11.57</ele>
      </trkpt>
      <trkpt lat="56.19645" lon="-4.68114">
        <ele>11.92</ele>
      </trkpt>
      <trkpt lat="56.19676" lon="-4.68112">
        <ele>10.99</ele>
      </trkpt>
      <trkpt lat="56.19701" lon="-4.68128">
        <ele>9.85</ele>
      </trkpt>
      <trkpt lat="56.19746" lon="-4.68214">
        <ele>11.0</ele>
      </trkpt>
      <trkpt lat="56.1975" lon="-4.6824">
        <ele>11.0</ele>
      </trkpt>
      <trkpt lat="56.19766" lon="-4.68268">
        <ele>11.58</ele>
      </trkpt>
      <trkpt lat="56.19772" lon="-4.68277">
        <ele>11.79</ele>
      </trkpt>
      <trkpt lat="56.19789" lon="-4.6829">
        <ele>12.61</ele>
      </trkpt>
      <trkpt lat="56.19819" lon="-4.68299">
        <ele>18.08</ele>
      </trkpt>
      <trkpt lat="56.19838" lon="-4.6832">
        <ele>18.53</ele>
      </trkpt>
      <trkpt lat="56.19863" lon="-4.68327">
        <ele>26.4</ele>
      </trkpt>
      <trkpt lat="56.1989" lon="-4.68346">
        <ele>27.22</ele>
      </trkpt>
      <trkpt lat="56.19905" lon="-4.68347">
        <ele>29.01</ele>
      </trkpt>
      <trkpt lat="56.19962" lon="-4.68342">
        <ele>36.4</ele>
      </trkpt>
      <trkpt lat="56.19992" lon="-4.68325">
        <ele>37.44</ele>
      </trkpt>
      <trkpt lat="56.20014" lon="-4.68338">
        <ele>38.43</ele>
      </trkpt>
      <trkpt lat="56.20027" lon="-4.68338">
        <ele>39.13</ele>
      </trkpt>
      <trkpt lat="56.20067" lon="-4.68302">
        <ele>51.69</ele>
      </trkpt>
      <trkpt lat="56.20082" lon="-4.68306">
        <ele>54.61</ele>
      </trkpt>
      <trkpt lat="56.20115" lon="-4.68287">
        <ele>50.82</ele>
      </trkpt>
      <trkpt lat="56.20169" lon="-4.68282">
        <ele>47.18</ele>
      </trkpt>
      <trkpt lat="56.20185" lon="-4.6828">
        <ele>39.35</ele>
      </trkpt>
      <trkpt lat="56.20194" lon="-4.68275">
        <ele>35.34</ele>
      </trkpt>
      <trkpt lat="56.20205" lon="-4.68269">
        <ele>37.4</ele>
      </trkpt>
      <trkpt lat="56.20249" lon="-4.68225">
        <ele>48.32</ele>
      </trkpt>
      <trkpt lat="56.20305" lon="-4.68184">
        <ele>53.54</ele>
      </trkpt>
      <trkpt lat="56.20356" lon="-4.68099">
        <ele>55.49</ele>
      </trkpt>
      <trkpt lat="56.204" lon="-4.68042">
        <ele>60.85</ele>
      </trkpt>
      <trkpt lat="56.20412" lon="-4.67995">
        <ele>61.82</ele>
      </trkpt>
      <trkpt lat="56.20452" lon="-4.67969">
        <ele>56.87</ele>
      </trkpt>
      <trkpt lat="56.20473" lon="-4.67932">
        <ele>56.19</ele>
      </trkpt>
      <trkpt lat="56.20538" lon="-4.67918">
        <ele>57.04</ele>
      </trkpt>
      <trkpt lat="56.20577" lon="-4.67913">
        <ele>43.89</ele>
      </trkpt>
      <trkpt lat="56.20598" lon="-4.67913">
        <ele>38.67</ele>
      </trkpt>
      <trkpt lat="56.20608" lon="-4.6791">
        <ele>37.7</ele>
      </trkpt>
      <trkpt lat="56.20624" lon="-4.679">
        <ele>37.14</ele>
      </trkpt>
      <trkpt lat="56.20647" lon="-4.67879">
        <ele>38.86</ele>
      </trkpt>
      <trkpt lat="56.20682" lon="-4.67832">
        <ele>51.59</ele>
      </trkpt>
      <trkpt lat="56.2071" lon="-4.67803">
        <ele>61.47</ele>
      </trkpt>
      <trkpt lat="56.20769" lon="-4.67761">
        <ele>34.76</ele>
      </trkpt>
      <trkpt lat="56.20798" lon="-4.6775">
        <ele>31.36</ele>
      </trkpt>
      <trkpt lat="56.2082" lon="-4.67738">
        <ele>33.57</ele>
      </trkpt>
      <trkpt lat="56.20823" lon="-4.67736">
        <ele>34.08</ele>
      </trkpt>
      <trkpt lat="56.20832" lon="-4.67729">
        <ele>35.43</ele>
      </trkpt>
      <trkpt lat="56.20857" lon="-4.67681">
        <ele>37.0</ele>
      </trkpt>
      <trkpt lat="56.20881" lon="-4.67654">
        <ele>43.71</ele>
      </trkpt>
      <trkpt lat="56.20917" lon="-4.6762">
        <ele>59.96</ele>
      </trkpt>
      <trkpt lat="56.20946" lon="-4.6758">
        <ele>50.71</ele>
      </trkpt>
      <trkpt lat="56.20965" lon="-4.67547">
        <ele>51.39</ele>
      </trkpt>
      <trkpt lat="56.20967" lon="-4.67546">
        <ele>51.2</ele>
      </trkpt>
      <trkpt lat="56.20975" lon="-4.67538">
        <ele>52.08</ele>
      </trkpt>
      <trkpt lat="56.20995" lon="-4.67526">
        <ele>57.97</ele>
      </trkpt>
      <trkpt lat="56.21007" lon="-4.67522">
        <ele>57.14</ele>
      </trkpt>
      <trkpt lat="56.21033" lon="-4.67522">
        <ele>48.14</ele>
      </trkpt>
      <trkpt lat="56.21063" lon="-4.67517">
        <ele>49.76</ele>
      </trkpt>
      <trkpt lat="56.21074" lon="-4.6751">
        <ele>49.8</ele>
      </trkpt>
      <trkpt lat="56.21119" lon="-4.67468">
        <ele>70.39</ele>
      </trkpt>
      <trkpt lat="56.21129" lon="-4.67462">
        <ele>74.42</ele>
      </trkpt>
      <trkpt lat="56.2114" lon="-4.67455">
        <ele>76.48</ele>
      </trkpt>
      <trkpt lat="56.21157" lon="-4.67451">
        <ele>78.95</ele>
      </trkpt>
      <trkpt lat="56.21185" lon="-4.67456">
        <ele>66.93</ele>
      </trkpt>
      <trkpt lat="56.21215" lon="-4.67466">
        <ele>51.58</ele>
      </trkpt>
      <trkpt lat="56.21238" lon="-4.67465">
        <ele>45.29</ele>
      </trkpt>
      <trkpt lat="56.21246" lon="-4.67461">
        <ele>44.75</ele>
      </trkpt>
      <trkpt lat="56.21265" lon="-4.67441">
        <ele>49.38</ele>
      </trkpt>
      <trkpt lat="56.21291" lon="-4.67427">
        <ele>47.59</ele>
      </trkpt>
      <trkpt lat="56.21306" lon="-4.67413">
        <ele>47.46</ele>
      </trkpt>
      <trkpt lat="56.21316" lon="-4.67411">
        <ele>46.31</ele>
      </trkpt>
      <trkpt lat="56.21341" lon="-4.67425">
        <ele>43.5</ele>
      </trkpt>
      <trkpt lat="56.21362" lon="-4.67431">
        <ele>44.16</ele>
      </trkpt>
      <trkpt lat="56.21378" lon="-4.67443">
        <ele>45.92</ele>
      </trkpt>
      <trkpt lat="56.21387" lon="-4.67445">
        <ele>47.43</ele>
      </trkpt>
      <trkpt lat="56.21408" lon="-4.67442">
        <ele>45.78</ele>
      </trkpt>
      <trkpt lat="56.21423" lon="-4.67436">
        <ele>45.11</ele>
      </trkpt>
      <trkpt lat="56.2146" lon="-4.67419">
        <ele>41.99</ele>
      </trkpt>
      <trkpt lat="56.2149" lon="-4.67411">
        <ele>39.67</ele>
      </trkpt>
      <trkpt lat="56.21508" lon="-4.67402">
        <ele>40.34</ele>
      </trkpt>
      <trkpt lat="56.21538" lon="-4.67399">
        <ele>41.07</ele>
      </trkpt>
      <trkpt lat="56.2155" lon="-4.674">
        <ele>42.64</ele>
      </trkpt>
      <trkpt lat="56.2158" lon="-4.67416">
        <ele>34.32</ele>
      </trkpt>
      <trkpt lat="56.21593" lon="-4.6742">
        <ele>34.08</ele>
      </trkpt>
      <trkpt lat="56.21613" lon="-4.67423">
        <ele>33.25</ele>
      </trkpt>
      <trkpt lat="56.21653" lon="-4.67423">
        <ele>24.48</ele>
      </trkpt>
      <trkpt lat="56.21673" lon="-4.67419">
        <ele>17.83</ele>
      </trkpt>
      <trkpt lat="56.21683" lon="-4.6742">
        <ele>16.93</ele>
      </trkpt>
      <trkpt lat="56.21689" lon="-4.67421">
        <ele>16.29</ele>
      </trkpt>
      <trkpt lat="56.2174" lon="-4.67434">
        <ele>9.78</ele>
      </trkpt>
      <trkpt lat="56.21778" lon="-4.67462">
        <ele>15.61</ele>
      </trkpt>
      <trkpt lat="56.21807" lon="-4.67477">
        <ele>10.17</ele>
      </trkpt>
      <trkpt lat="56.21829" lon="-4.67492">
        <ele>11.84</ele>
      </trkpt>
      <trkpt lat="56.21841" lon="-4.67506">
        <ele>11.94</ele>
      </trkpt>
      <trkpt lat="56.21862" lon="-4.67538">
        <ele>13.54</ele>
      </trkpt>
      <trkpt lat="56.21885" lon="-4.67566">
        <ele>14.89</ele>
      </trkpt>
      <trkpt lat="56.21896" lon="-4.67574">
        <ele>15.91</ele>
      </trkpt>
      <trkpt lat="56.21903" lon="-4.67577">
        <ele>16.6</ele>
      </trkpt>
      <trkpt lat="56.21936" lon="-4.67582">
        <ele>17.77</ele>
      </trkpt>
      <trkpt lat="56.21946" lon="-4.67581">
        <ele>17.42</ele>
      </trkpt>
      <trkpt lat="56.21964" lon="-4.67571">
        <ele>14.29</ele>
      </trkpt>
      <trkpt lat="56.21978" lon="-4.67564">
        <ele>12.59</ele>
      </trkpt>
      <trkpt lat="56.21987" lon="-4.67542">
        <ele>9.9</ele>
      </trkpt>
      <trkpt lat="56.22006" lon="-4.67499">
        <ele>10.05</ele>
      </trkpt>
      <trkpt lat="56.22023" lon="-4.67508">
        <ele>9.95</ele>
      </trkpt>
      <trkpt lat="56.22041" lon="-4.67514">
        <ele>10.0</ele>
      </trkpt>
      <trkpt lat="56.22086" lon="-4.67528">
        <ele>9.67</ele>
      </trkpt>
      <trkpt lat="56.22111" lon="-4.67534">
        <ele>14.41</ele>
      </trkpt>
      <trkpt lat="56.22152" lon="-4.67555">
        <ele>12.12</ele>
      </trkpt>
      <trkpt lat="56.22247" lon="-4.6758">
        <ele>8.52</ele>
      </trkpt>
      <trkpt lat="56.22304" lon="-4.67589">
        <ele>6.96</ele>
      </trkpt>
      <trkpt lat="56.22317" lon="-4.67595">
        <ele>9.02</ele>
      </trkpt>
      <trkpt lat="56.22339" lon="-4.67611">
        <ele>9.22</ele>
      </trkpt>
      <trkpt lat="56.22348" lon="-4.67626">
        <ele>10.35</ele>
      </trkpt>
      <trkpt lat="56.22366" lon="-4.67678">
        <ele>11.22</ele>
      </trkpt>
      <trkpt lat="56.22375" lon="-4.67697">
        <ele>13.41</ele>
      </trkpt>
      <trkpt lat="56.22394" lon="-4.67722">
        <ele>13.81</ele>
      </trkpt>
      <trkpt lat="56.22402" lon="-4.67728">
        <ele>13.85</ele>
      </trkpt>
      <trkpt lat="56.22425" lon="-4.67739">
        <ele>13.31</ele>
      </trkpt>
      <trkpt lat="56.22446" lon="-4.67746">
        <ele>14.14</ele>
      </trkpt>
      <trkpt lat="56.22491" lon="-4.67791">
        <ele>15.89</ele>
      </trkpt>
      <trkpt lat="56.22514" lon="-4.67797">
        <ele>16.93</ele>
      </trkpt>
      <trkpt lat="56.22529" lon="-4.67797">
        <ele>17.4</ele>
      </trkpt>
      <trkpt lat="56.22567" lon="-4.67806">
        <ele>17.23</ele>
      </trkpt>
      <trkpt lat="56.2258" lon="-4.67806">
        <ele>16.31</ele>
      </trkpt>
      <trkpt lat="56.22623" lon="-4.67824">
        <ele>16.0</ele>
      </trkpt>
      <trkpt lat="56.22661" lon="-4.6785">
        <ele>16.52</ele>
      </trkpt>
      <trkpt lat="56.22694" lon="-4.67864">
        <ele>16.23</ele>
      </trkpt>
      <trkpt lat="56.22723" lon="-4.67899">
        <ele>15.53</ele>
      </trkpt>
      <trkpt lat="56.22744" lon="-4.67911">
        <ele>17.88</ele>
      </trkpt>
      <trkpt lat="56.22847" lon="-4.67945">
        <ele>20.6</ele>
      </trkpt>
      <trkpt lat="56.22869" lon="-4.67948">
        <ele>18.69</ele>
      </trkpt>
      <trkpt lat="56.22932" lon="-4.67964">
        <ele>16.7</ele>
      </trkpt>
      <trkpt lat="56.2295" lon="-4.67972">
        <ele>16.59</ele>
      </trkpt>
      <trkpt lat="56.23005" lon="-4.67989">
        <ele>14.16</ele>
      </trkpt>
      <trkpt lat="56.2303" lon="-4.67993">
        <ele>11.84</ele>
      </trkpt>
      <trkpt lat="56.23036" lon="-4.67997">
        <ele>12.66</ele>
      </trkpt>
      <trkpt lat="56.23043" lon="-4.68006">
        <ele>14.49</ele>
      </trkpt>
      <trkpt lat="56.23061" lon="-4.68061">
        <ele>11.0</ele>
      </trkpt>
      <trkpt lat="56.23067" lon="-4.68073">
        <ele>11.0</ele>
      </trkpt>
      <trkpt lat="56.23111" lon="-4.68126">
        <ele>14.7</ele>
      </trkpt>
      <trkpt lat="56.23124" lon="-4.68135">
        <ele>12.58</ele>
      </trkpt>
      <trkpt lat="56.23148" lon="-4.68144">
        <ele>12.45</ele>
      </trkpt>
      <trkpt lat="56.2316" lon="-4.68145">
        <ele>13.09</ele>
      </trkpt>
      <trkpt lat="56.23212" lon="-4.68133">
        <ele>20.95</ele>
      </trkpt>
      <trkpt lat="56.23234" lon="-4.68126">
        <ele>22.83</ele>
      </trkpt>
      <trkpt lat="56.23244" lon="-4.68126">
        <ele>22.69</ele>
      </trkpt>
      <trkpt lat="56.23246" lon="-4.68127">
        <ele>22.76</ele>
      </trkpt>
      <trkpt lat="56.23262" lon="-4.68132">
        <ele>25.52</ele>
      </trkpt>
      <trkpt lat="56.23292" lon="-4.68126">
        <ele>26.9</ele>
      </trkpt>
      <trkpt lat="56.2331" lon="-4.68119">
        <ele>27.55</ele>
      </trkpt>
      <trkpt lat="56.23312" lon="-4.68119">
        <ele>27.66</ele>
      </trkpt>
      <trkpt lat="56.23332" lon="-4.68124">
        <ele>28.05</ele>
      </trkpt>
      <trkpt lat="56.23354" lon="-4.68119">
        <ele>28.87</ele>
      </trkpt>
      <trkpt lat="56.23412" lon="-4.68128">
        <ele>13.75</ele>
      </trkpt>
      <trkpt lat="56.2345" lon="-4.68129">
        <ele>15.53</ele>
      </trkpt>
      <trkpt lat="56.23456" lon="-4.68135">
        <ele>15.4</ele>
      </trkpt>
      <trkpt lat="56.23469" lon="-4.68156">
        <ele>15.47</ele>
      </trkpt>
      <trkpt lat="56.23486" lon="-4.68171">
        <ele>15.2</ele>
      </trkpt>
      <trkpt lat="56.23516" lon="-4.68178">
        <ele>11.25</ele>
      </trkpt>
      <trkpt lat="56.23572" lon="-4.68202">
        <ele>15.07</ele>
      </trkpt>
      <trkpt lat="56.23585" lon="-4.68213">
        <ele>16.09</ele>
      </trkpt>
      <trkpt lat="56.23601" lon="-4.68233">
        <ele>14.58</ele>
      </trkpt>
      <trkpt lat="56.23604" lon="-4.68237">
        <ele>14.3</ele>
      </trkpt>
      <trkpt lat="56.23634" lon="-4.68265">
        <ele>11.56</ele>
      </trkpt>
      <trkpt lat="56.23646" lon="-4.68272">
        <ele>11.58</ele>
      </trkpt>
      <trkpt lat="56.23673" lon="-4.68278">
        <ele>11.45</ele>
      </trkpt>
      <trkpt lat="56.23707" lon="-4.6828">
        <ele>13.64</ele>
      </trkpt>
      <trkpt lat="56.23723" lon="-4.68287">
        <ele>13.33</ele>
      </trkpt>
      <trkpt lat="56.23747" lon="-4.6831">
        <ele>13.3</ele>
      </trkpt>
      <trkpt lat="56.23761" lon="-4.68339">
        <ele>9.9</ele>
      </trkpt>
      <trkpt lat="56.23768" lon="-4.68348">
        <ele>10.9</ele>
      </trkpt>
      <trkpt lat="56.23791" lon="-4.68369">
        <ele>13.91</ele>
      </trkpt>
      <trkpt lat="56.23833" lon="-4.68391">
        <ele>11.99</ele>
      </trkpt>
      <trkpt lat="56.23854" lon="-4.68406">
        <ele>10.51</ele>
      </trkpt>
      <trkpt lat="56.2388" lon="-4.6841">
        <ele>8.12</ele>
      </trkpt>
      <trkpt lat="56.23895" lon="-4.68417">
        <ele>7.22</ele>
      </trkpt>
      <trkpt lat="56.23925" lon="-4.6843">
        <ele>8.13</ele>
      </trkpt>
      <trkpt lat="56.23942" lon="-4.6843">
        <ele>8.4</ele>
      </trkpt>
      <trkpt lat="56.23954" lon="-4.68434">
        <ele>9.17</ele>
      </trkpt>
      <trkpt lat="56.23973" lon="-4.68446">
        <ele>9.25</ele>
      </trkpt>
      <trkpt lat="56.24004" lon="-4.68454">
        <ele>12.14</ele>
      </trkpt>
      <trkpt lat="56.24025" lon="-4.6845">
        <ele>13.26</ele>
      </trkpt>
      <trkpt lat="56.24057" lon="-4.6845">
        <ele>11.9</ele>
      </trkpt>
      <trkpt lat="56.2409" lon="-4.68444">
        <ele>9.59</ele>
      </trkpt>
      <trkpt lat="56.24115" lon="-4.68435">
        <ele>12.53</ele>
      </trkpt>
      <trkpt lat="56.24122" lon="-4.68434">
        <ele>14.29</ele>
      </trkpt>
      <trkpt lat="56.24146" lon="-4.68442">
        <ele>15.8</ele>
      </trkpt>
      <trkpt lat="56.2421" lon="-4.68441">
        <ele>14.01</ele>
      </trkpt>
      <trkpt lat="56.24217" lon="-4.68437">
        <ele>12.93</ele>
      </trkpt>
      <trkpt lat="56.24222" lon="-4.68427">
        <ele>12.93</ele>
      </trkpt>
      <trkpt lat="56.24228" lon="-4.68382">
        <ele>23.87</ele>
      </trkpt>
      <trkpt lat="56.24232" lon="-4.68372">
        <ele>27.49</ele>
      </trkpt>
      <trkpt lat="56.24236" lon="-4.68366">
        <ele>29.98</ele>
      </trkpt>
      <trkpt lat="56.24238" lon="-4.68362">
        <ele>31.57</ele>
      </trkpt>
      <trkpt lat="56.24242" lon="-4.68354">
        <ele>33.95</ele>
      </trkpt>
      <trkpt lat="56.24247" lon="-4.68355">
        <ele>34.46</ele>
      </trkpt>
      <trkpt lat="56.2425" lon="-4.68356">
        <ele>34.74</ele>
      </trkpt>
      <trkpt lat="56.24252" lon="-4.68359">
        <ele>34.16</ele>
      </trkpt>
      <trkpt lat="56.24256" lon="-4.68367">
        <ele>31.8</ele>
      </trkpt>
      <trkpt lat="56.24257" lon="-4.68368">
        <ele>31.45</ele>
      </trkpt>
      <trkpt lat="56.24262" lon="-4.68377">
        <ele>28.73</ele>
      </trkpt>
      <trkpt lat="56.24269" lon="-4.68385">
        <ele>26.66</ele>
      </trkpt>
      <trkpt lat="56.2428" lon="-4.68392">
        <ele>25.23</ele>
      </trkpt>
      <trkpt lat="56.24281" lon="-4.68403">
        <ele>22.72</ele>
      </trkpt>
      <trkpt lat="56.24278" lon="-4.68418">
        <ele>19.64</ele>
      </trkpt>
      <trkpt lat="56.24274" lon="-4.6844">
        <ele>13.69</ele>
      </trkpt>
      <trkpt lat="56.24279" lon="-4.68463">
        <ele>10.98</ele>
      </trkpt>
      <trkpt lat="56.2432" lon="-4.68492">
        <ele>9.58</ele>
      </trkpt>
      <trkpt lat="56.24347" lon="-4.68514">
        <ele>8.76</ele>
      </trkpt>
      <trkpt lat="56.24348" lon="-4.68514">
        <ele>8.71</ele>
      </trkpt>
      <trkpt lat="56.24379" lon="-4.68529">
        <ele>7.1</ele>
      </trkpt>
      <trkpt lat="56.24394" lon="-4.68532">
        <ele>7.49</ele>
      </trkpt>
      <trkpt lat="56.24414" lon="-4.68532">
        <ele>8.21</ele>
      </trkpt>
      <trkpt lat="56.24458" lon="-4.6856">
        <ele>8.83</ele>
      </trkpt>
      <trkpt lat="56.24515" lon="-4.68584">
        <ele>9.97</ele>
      </trkpt>
      <trkpt lat="56.24536" lon="-4.68596">
        <ele>10.07</ele>
      </trkpt>
      <trkpt lat="56.24559" lon="-4.68593">
        <ele>9.08</ele>
      </trkpt>
      <trkpt lat="56.24584" lon="-4.68604">
        <ele>8.55</ele>
      </trkpt>
      <trkpt lat="56.24613" lon="-4.68611">
        <ele>9.93</ele>
      </trkpt>
      <trkpt lat="56.24637" lon="-4.68605">
        <ele>9.27</ele>
      </trkpt>
      <trkpt lat="56.24649" lon="-4.68609">
        <ele>9.72</ele>
      </trkpt>
      <trkpt lat="56.24671" lon="-4.68632">
        <ele>9.89</ele>
      </trkpt>
      <trkpt lat="56.24687" lon="-4.68644">
        <ele>11.51</ele>
      </trkpt>
      <trkpt lat="56.2471" lon="-4.68667">
        <ele>15.72</ele>
      </trkpt>
      <trkpt lat="56.24737" lon="-4.68689">
        <ele>21.43</ele>
      </trkpt>
      <trkpt lat="56.24768" lon="-4.68718">
        <ele>12.79</ele>
      </trkpt>
      <trkpt lat="56.24791" lon="-4.68727">
        <ele>13.03</ele>
      </trkpt>
      <trkpt lat="56.24794" lon="-4.68732">
        <ele>13.37</ele>
      </trkpt>
      <trkpt lat="56.24797" lon="-4.6874">
        <ele>13.83</ele>
      </trkpt>
      <trkpt lat="56.24801" lon="-4.68766">
        <ele>12.58</ele>
      </trkpt>
      <trkpt lat="56.24808" lon="-4.68781">
        <ele>12.78</ele>
      </trkpt>
      <trkpt lat="56.24818" lon="-4.68796">
        <ele>19.67</ele>
      </trkpt>
      <trkpt lat="56.24813" lon="-4.68828">
        <ele>13.83</ele>
      </trkpt>
      <trkpt lat="56.24815" lon="-4.6885">
        <ele>12.44</ele>
      </trkpt>
      <trkpt lat="56.24828" lon="-4.68897">
        <ele>10.98</ele>
      </trkpt>
      <trkpt lat="56.24836" lon="-4.68916">
        <ele>10.06</ele>
      </trkpt>
      <trkpt lat="56.2486" lon="-4.68951">
        <ele>7.98</ele>
      </trkpt>
      <trkpt lat="56.24874" lon="-4.68967">
        <ele>6.32</ele>
      </trkpt>
      <trkpt lat="56.24882" lon="-4.68972">
        <ele>5.0</ele>
      </trkpt>
      <trkpt lat="56.24906" lon="-4.68976">
        <ele>5.09</ele>
      </trkpt>
      <trkpt lat="56.24914" lon="-4.68981">
        <ele>6.53</ele>
      </trkpt>
      <trkpt lat="56.24935" lon="-4.68999">
        <ele>7.89</ele>
      </trkpt>
      <trkpt lat="56.24959" lon="-4.69011">
        <ele>9.85</ele>
      </trkpt>
      <trkpt lat="56.24995" lon="-4.69045">
        <ele>13.39</ele>
      </trkpt>
      <trkpt lat="56.25001" lon="-4.69056">
        <ele>14.13</ele>
      </trkpt>
      <trkpt lat="56.25006" lon="-4.6908">
        <ele>13.79</ele>
      </trkpt>
      <trkpt lat="56.25027" lon="-4.69139">
        <ele>12.99</ele>
      </trkpt>
      <trkpt lat="56.25066" lon="-4.692">
        <ele>11.1</ele>
      </trkpt>
      <trkpt lat="56.25093" lon="-4.69219">
        <ele>11.55</ele>
      </trkpt>
      <trkpt lat="56.25126" lon="-4.69238">
        <ele>13.33</ele>
      </trkpt>
      <trkpt lat="56.25158" lon="-4.69273">
        <ele>13.98</ele>
      </trkpt>
      <trkpt lat="56.25227" lon="-4.69332">
        <ele>15.08</ele>
      </trkpt>
      <trkpt lat="56.25259" lon="-4.69355">
        <ele>10.53</ele>
      </trkpt>
      <trkpt lat="56.25288" lon="-4.69372">
        <ele>14.3</ele>
      </trkpt>
      <trkpt lat="56.25319" lon="-4.69377">
        <ele>20.26</ele>
      </trkpt>
      <trkpt lat="56.25329" lon="-4.69384">
        <ele>19.77</ele>
      </trkpt>
      <trkpt lat="56.25338" lon="-4.69401">
        <ele>19.47</ele>
      </trkpt>
      <trkpt lat="56.25354" lon="-4.69408">
        <ele>17.78</ele>
      </trkpt>
      <trkpt lat="56.25359" lon="-4.69414">
        <ele>15.34</ele>
      </trkpt>
      <trkpt lat="56.25369" lon="-4.69419">
        <ele>15.66</ele>
      </trkpt>
      <trkpt lat="56.25396" lon="-4.69412">
        <ele>16.86</ele>
      </trkpt>
      <trkpt lat="56.25432" lon="-4.69419">
        <ele>9.36</ele>
      </trkpt>
      <trkpt lat="56.25468" lon="-4.69412">
        <ele>13.55</ele>
      </trkpt>
      <trkpt lat="56.25514" lon="-4.69407">
        <ele>11.5</ele>
      </trkpt>
      <trkpt lat="56.25539" lon="-4.69384">
        <ele>13.48</ele>
      </trkpt>
      <trkpt lat="56.25573" lon="-4.69367">
        <ele>18.59</ele>
      </trkpt>
      <trkpt lat="56.256" lon="-4.6935">
        <ele>19.0</ele>
      </trkpt>
      <trkpt lat="56.25657" lon="-4.69326">
        <ele>18.6</ele>
      </trkpt>
      <trkpt lat="56.2569" lon="-4.69297">
        <ele>30.47</ele>
      </trkpt>
      <trkpt lat="56.25708" lon="-4.69274">
        <ele>30.35</ele>
      </trkpt>
      <trkpt lat="56.25731" lon="-4.69267">
        <ele>26.26</ele>
      </trkpt>
      <trkpt lat="56.25748" lon="-4.69246">
        <ele>25.77</ele>
      </trkpt>
      <trkpt lat="56.25765" lon="-4.6922">
        <ele>28.77</ele>
      </trkpt>
      <trkpt lat="56.25775" lon="-4.69211">
        <ele>29.0</ele>
      </trkpt>
      <trkpt lat="56.25819" lon="-4.69185">
        <ele>28.18</ele>
      </trkpt>
      <trkpt lat="56.2585" lon="-4.69152">
        <ele>20.55</ele>
      </trkpt>
      <trkpt lat="56.25872" lon="-4.69135">
        <ele>19.87</ele>
      </trkpt>
      <trkpt lat="56.25882" lon="-4.69136">
        <ele>19.96</ele>
      </trkpt>
      <trkpt lat="56.25913" lon="-4.69158">
        <ele>22.06</ele>
      </trkpt>
      <trkpt lat="56.25924" lon="-4.69162">
        <ele>23.84</ele>
      </trkpt>
      <trkpt lat="56.2594" lon="-4.69161">
        <ele>25.98</ele>
      </trkpt>
      <trkpt lat="56.25956" lon="-4.69161">
        <ele>23.52</ele>
      </trkpt>
      <trkpt lat="56.25965" lon="-4.69157">
        <ele>21.16</ele>
      </trkpt>
      <trkpt lat="56.2599" lon="-4.69133">
        <ele>17.86</ele>
      </trkpt>
      <trkpt lat="56.26048" lon="-4.69127">
        <ele>10.12</ele>
      </trkpt>
      <trkpt lat="56.26074" lon="-4.69139">
        <ele>11.33</ele>
      </trkpt>
      <trkpt lat="56.26096" lon="-4.69144">
        <ele>11.92</ele>
      </trkpt>
      <trkpt lat="56.26109" lon="-4.69143">
        <ele>11.86</ele>
      </trkpt>
      <trkpt lat="56.26126" lon="-4.69132">
        <ele>11.41</ele>
      </trkpt>
      <trkpt lat="56.26166" lon="-4.69131">
        <ele>13.52</ele>
      </trkpt>
      <trkpt lat="56.26213" lon="-4.69144">
        <ele>13.31</ele>
      </trkpt>
      <trkpt lat="56.26251" lon="-4.69145">
        <ele>8.77</ele>
      </trkpt>
      <trkpt lat="56.26282" lon="-4.69152">
        <ele>8.58</ele>
      </trkpt>
      <trkpt lat="56.26309" lon="-4.69153">
        <ele>11.55</ele>
      </trkpt>
      <trkpt lat="56.26343" lon="-4.69161">
        <ele>11.54</ele>
      </trkpt>
      <trkpt lat="56.26357" lon="-4.69161">
        <ele>11.74</ele>
      </trkpt>
      <trkpt lat="56.26381" lon="-4.69153">
        <ele>9.72</ele>
      </trkpt>
      <trkpt lat="56.2643" lon="-4.69157">
        <ele>10.09</ele>
      </trkpt>
      <trkpt lat="56.26453" lon="-4.69153">
        <ele>9.65</ele>
      </trkpt>
      <trkpt lat="56.2648" lon="-4.69159">
        <ele>11.29</ele>
      </trkpt>
      <trkpt lat="56.26512" lon="-4.69177">
        <ele>10.91</ele>
      </trkpt>
      <trkpt lat="56.26526" lon="-4.69175">
        <ele>9.38</ele>
      </trkpt>
      <trkpt lat="56.26553" lon="-4.69163">
        <ele>6.32</ele>
      </trkpt>
      <trkpt lat="56.26605" lon="-4.69145">
        <ele>9.31</ele>
      </trkpt>
      <trkpt lat="56.26612" lon="-4.69146">
        <ele>9.7</ele>
      </trkpt>
      <trkpt lat="56.26631" lon="-4.69155">
        <ele>9.23</ele>
      </trkpt>
      <trkpt lat="56.26673" lon="-4.69166">
        <ele>6.8</ele>
      </trkpt>
      <trkpt lat="56.267" lon="-4.69161">
        <ele>5.93</ele>
      </trkpt>
      <trkpt lat="56.26745" lon="-4.69162">
        <ele>7.4</ele>
      </trkpt>
      <trkpt lat="56.26771" lon="-4.69183">
        <ele>11.6</ele>
      </trkpt>
      <trkpt lat="56.26818" lon="-4.69207">
        <ele>11.45</ele>
      </trkpt>
      <trkpt lat="56.26862" lon="-4.69217">
        <ele>11.42</ele>
      </trkpt>
      <trkpt lat="56.26896" lon="-4.69204">
        <ele>11.09</ele>
      </trkpt>
      <trkpt lat="56.27025" lon="-4.69233">
        <ele>8.39</ele>
      </trkpt>
      <trkpt lat="56.27054" lon="-4.69245">
        <ele>11.94</ele>
      </trkpt>
      <trkpt lat="56.27064" lon="-4.69247">
        <ele>11.93</ele>
      </trkpt>
      <trkpt lat="56.27135" lon="-4.6923">
        <ele>12.66</ele>
      </trkpt>
      <trkpt lat="56.27178" lon="-4.6923">
        <ele>13.1</ele>
      </trkpt>
      <trkpt lat="56.27197" lon="-4.69228">
        <ele>14.54</ele>
      </trkpt>
      <trkpt lat="56.27212" lon="-4.6923">
        <ele>16.45</ele>
      </trkpt>
      <trkpt lat="56.27264" lon="-4.69249">
        <ele>30.37</ele>
      </trkpt>
      <trkpt lat="56.27297" lon="-4.69238">
        <ele>32.76</ele>
      </trkpt>
      <trkpt lat="56.27307" lon="-4.69238">
        <ele>34.53</ele>
      </trkpt>
      <trkpt lat="56.27326" lon="-4.69234">
        <ele>37.34</ele>
      </trkpt>
      <trkpt lat="56.27365" lon="-4.69236">
        <ele>44.07</ele>
      </trkpt>
      <trkpt lat="56.27375" lon="-4.69232">
        <ele>44.77</ele>
      </trkpt>
      <trkpt lat="56.27406" lon="-4.69227">
        <ele>45.05</ele>
      </trkpt>
      <trkpt lat="56.27428" lon="-4.69207">
        <ele>46.29</ele>
      </trkpt>
      <trkpt lat="56.27491" lon="-4.69188">
        <ele>41.07</ele>
      </trkpt>
      <trkpt lat="56.2751" lon="-4.69169">
        <ele>40.34</ele>
      </trkpt>
      <trkpt lat="56.27541" lon="-4.69159">
        <ele>38.92</ele>
      </trkpt>
      <trkpt lat="56.27558" lon="-4.69147">
        <ele>40.37</ele>
      </trkpt>
      <trkpt lat="56.27607" lon="-4.69136">
        <ele>40.83</ele>
      </trkpt>
      <trkpt lat="56.27626" lon="-4.69136">
        <ele>39.34</ele>
      </trkpt>
      <trkpt lat="56.2764" lon="-4.69131">
        <ele>39.43</ele>
      </trkpt>
      <trkpt lat="56.27672" lon="-4.69112">
        <ele>39.89</ele>
      </trkpt>
      <trkpt lat="56.27704" lon="-4.69102">
        <ele>42.79</ele>
      </trkpt>
      <trkpt lat="56.27715" lon="-4.69104">
        <ele>40.99</ele>
      </trkpt>
      <trkpt lat="56.27736" lon="-4.69115">
        <ele>33.41</ele>
      </trkpt>
      <trkpt lat="56.27778" lon="-4.69144">
        <ele>21.41</ele>
      </trkpt>
      <trkpt lat="56.27798" lon="-4.69144">
        <ele>18.13</ele>
      </trkpt>
      <trkpt lat="56.27862" lon="-4.69161">
        <ele>10.99</ele>
      </trkpt>
      <trkpt lat="56.2788" lon="-4.69161">
        <ele>11.26</ele>
      </trkpt>
      <trkpt lat="56.27891" lon="-4.69161">
        <ele>11.47</ele>
      </trkpt>
      <trkpt lat="56.27919" lon="-4.69161">
        <ele>12.7</ele>
      </trkpt>
      <trkpt lat="56.27942" lon="-4.69166">
        <ele>13.93</ele>
      </trkpt>
      <trkpt lat="56.27967" lon="-4.69162">
        <ele>12.1</ele>
      </trkpt>
      <trkpt lat="56.27976" lon="-4.69163">
        <ele>11.3</ele>
      </trkpt>
      <trkpt lat="56.27993" lon="-4.69172">
        <ele>11.09</ele>
      </trkpt>
      <trkpt lat="56.28015" lon="-4.69177">
        <ele>14.08</ele>
      </trkpt>
      <trkpt lat="56.28037" lon="-4.69189">
        <ele>13.24</ele>
      </trkpt>
      <trkpt lat="56.28105" lon="-4.6922">
        <ele>13.14</ele>
      </trkpt>
      <trkpt lat="56.28141" lon="-4.69222">
        <ele>12.93</ele>
      </trkpt>
      <trkpt lat="56.28152" lon="-4.69225">
        <ele>12.53</ele>
      </trkpt>
      <trkpt lat="56.2817" lon="-4.69236">
        <ele>11.88</ele>
      </trkpt>
      <trkpt lat="56.28187" lon="-4.69241">
        <ele>11.27</ele>
      </trkpt>
      <trkpt lat="56.2821" lon="-4.69254">
        <ele>12.28</ele>
      </trkpt>
      <trkpt lat="56.28233" lon="-4.69256">
        <ele>10.28</ele>
      </trkpt>
      <trkpt lat="56.28261" lon="-4.69247">
        <ele>6.64</ele>
      </trkpt>
      <trkpt lat="56.28291" lon="-4.6925">
        <ele>13.24</ele>
      </trkpt>
      <trkpt lat="56.28302" lon="-4.69257">
        <ele>15.08</ele>
      </trkpt>
      <trkpt lat="56.28333" lon="-4.69282">
        <ele>17.06</ele>
      </trkpt>
      <trkpt lat="56.28348" lon="-4.69289">
        <ele>19.03</ele>
      </trkpt>
      <trkpt lat="56.28368" lon="-4.69293">
        <ele>23.12</ele>
      </trkpt>
      <trkpt lat="56.28386" lon="-4.69301">
        <ele>21.49</ele>
      </trkpt>
      <trkpt lat="56.28406" lon="-4.69306">
        <ele>22.35</ele>
      </trkpt>
      <trkpt lat="56.2845" lon="-4.69332">
        <ele>9.12</ele>
      </trkpt>
      <trkpt lat="56.28462" lon="-4.69343">
        <ele>7.3</ele>
      </trkpt>
      <trkpt lat="56.28485" lon="-4.69378">
        <ele>7.59</ele>
      </trkpt>
      <trkpt lat="56.28503" lon="-4.69394">
        <ele>7.27</ele>
      </trkpt>
      <trkpt lat="56.28524" lon="-4.69419">
        <ele>10.37</ele>
      </trkpt>
      <trkpt lat="56.28545" lon="-4.69439">
        <ele>15.33</ele>
      </trkpt>
      <trkpt lat="56.28557" lon="-4.69446">
        <ele>17.24</ele>
      </trkpt>
      <trkpt lat="56.28594" lon="-4.69437">
        <ele>21.87</ele>
      </trkpt>
      <trkpt lat="56.28607" lon="-4.69429">
        <ele>23.57</ele>
      </trkpt>
      <trkpt lat="56.28626" lon="-4.69404">
        <ele>23.54</ele>
      </trkpt>
      <trkpt lat="56.28634" lon="-4.69397">
        <ele>23.29</ele>
      </trkpt>
      <trkpt lat="56.28646" lon="-4.69393">
        <ele>23.55</ele>
      </trkpt>
      <trkpt lat="56.28687" lon="-4.69394">
        <ele>22.71</ele>
      </trkpt>
      <trkpt lat="56.28696" lon="-4.69396">
        <ele>22.42</ele>
      </trkpt>
      <trkpt lat="56.28731" lon="-4.69413">
        <ele>24.63</ele>
      </trkpt>
      <trkpt lat="56.28749" lon="-4.69419">
        <ele>25.53</ele>
      </trkpt>
      <trkpt lat="56.28767" lon="-4.69415">
        <ele>29.5</ele>
      </trkpt>
      <trkpt lat="56.28783" lon="-4.69416">
        <ele>31.67</ele>
      </trkpt>
      <trkpt lat="56.28822" lon="-4.69427">
        <ele>36.34</ele>
      </trkpt>
      <trkpt lat="56.28844" lon="-4.69424">
        <ele>38.26</ele>
      </trkpt>
      <trkpt lat="56.28857" lon="-4.69428">
        <ele>39.36</ele>
      </trkpt>
      <trkpt lat="56.28905" lon="-4.69452">
        <ele>39.69</ele>
      </trkpt>
      <trkpt lat="56.28915" lon="-4.69454">
        <ele>39.4</ele>
      </trkpt>
      <trkpt lat="56.28949" lon="-4.69449">
        <ele>34.38</ele>
      </trkpt>
      <trkpt lat="56.2901" lon="-4.69449">
        <ele>42.97</ele>
      </trkpt>
      <trkpt lat="56.29026" lon="-4.69444">
        <ele>46.75</ele>
      </trkpt>
      <trkpt lat="56.29043" lon="-4.69445">
        <ele>46.85</ele>
      </trkpt>
      <trkpt lat="56.29056" lon="-4.6945">
        <ele>45.4</ele>
      </trkpt>
      <trkpt lat="56.29062" lon="-4.69455">
        <ele>44.08</ele>
      </trkpt>
      <trkpt lat="56.29082" lon="-4.6947">
        <ele>42.19</ele>
      </trkpt>
      <trkpt lat="56.29099" lon="-4.69486">
        <ele>40.56</ele>
      </trkpt>
      <trkpt lat="56.29117" lon="-4.69493">
        <ele>41.26</ele>
      </trkpt>
      <trkpt lat="56.29137" lon="-4.69515">
        <ele>37.26</ele>
      </trkpt>
      <trkpt lat="56.29171" lon="-4.69537">
        <ele>38.27</ele>
      </trkpt>
      <trkpt lat="56.29237" lon="-4.6957">
        <ele>16.1</ele>
      </trkpt>
      <trkpt lat="56.29283" lon="-4.69578">
        <ele>12.5</ele>
      </trkpt>
      <trkpt lat="56.29296" lon="-4.69576">
        <ele>13.12</ele>
      </trkpt>
      <trkpt lat="56.29314" lon="-4.69565">
        <ele>13.76</ele>
      </trkpt>
      <trkpt lat="56.29325" lon="-4.69566">
        <ele>13.89</ele>
      </trkpt>
      <trkpt lat="56.2935" lon="-4.69582">
        <ele>14.0</ele>
      </trkpt>
      <trkpt lat="56.29357" lon="-4.69589">
        <ele>13.83</ele>
      </trkpt>
      <trkpt lat="56.29369" lon="-4.69613">
        <ele>12.38</ele>
      </trkpt>
      <trkpt lat="56.29381" lon="-4.69623">
        <ele>11.45</ele>
      </trkpt>
      <trkpt lat="56.29412" lon="-4.69641">
        <ele>10.23</ele>
      </trkpt>
      <trkpt lat="56.2942" lon="-4.69644">
        <ele>10.46</ele>
      </trkpt>
      <trkpt lat="56.29438" lon="-4.69644">
        <ele>11.92</ele>
      </trkpt>
      <trkpt lat="56.29468" lon="-4.69667">
        <ele>13.36</ele>
      </trkpt>
      <trkpt lat="56.29482" lon="-4.69695">
        <ele>12.03</ele>
      </trkpt>
      <trkpt lat="56.29516" lon="-4.69732">
        <ele>10.68</ele>
      </trkpt>
      <trkpt lat="56.29522" lon="-4.69747">
        <ele>11.44</ele>
      </trkpt>
      <trkpt lat="56.29529" lon="-4.69788">
        <ele>10.03</ele>
      </trkpt>
      <trkpt lat="56.29541" lon="-4.69793">
        <ele>10.52</ele>
      </trkpt>
      <trkpt lat="56.29554" lon="-4.69804">
        <ele>11.78</ele>
      </trkpt>
      <trkpt lat="56.29566" lon="-4.6982">
        <ele>11.68</ele>
      </trkpt>
      <trkpt lat="56.29579" lon="-4.69832">
        <ele>11.85</ele>
      </trkpt>
      <trkpt lat="56.29597" lon="-4.69843">
        <ele>11.82</ele>
      </trkpt>
      <trkpt lat="56.29629" lon="-4.69872">
        <ele>12.53</ele>
      </trkpt>
      <trkpt lat="56.29639" lon="-4.69884">
        <ele>11.54</ele>
      </trkpt>
      <trkpt lat="56.2966" lon="-4.69948">
        <ele>12.81</ele>
      </trkpt>
      <trkpt lat="56.29667" lon="-4.6996">
        <ele>11.85</ele>
      </trkpt>
      <trkpt lat="56.29677" lon="-4.6997">
        <ele>11.01</ele>
      </trkpt>
      <trkpt lat="56.29695" lon="-4.69977">
        <ele>10.98</ele>
      </trkpt>
      <trkpt lat="56.2972" lon="-4.69979">
        <ele>10.3</ele>
      </trkpt>
      <trkpt lat="56.29745" lon="-4.6999">
        <ele>11.23</ele>
      </trkpt>
      <trkpt lat="56.29787" lon="-4.70031">
        <ele>11.33</ele>
      </trkpt>
      <trkpt lat="56.29821" lon="-4.70049">
        <ele>12.0</ele>
      </trkpt>
      <trkpt lat="56.2985" lon="-4.7007">
        <ele>11.48</ele>
      </trkpt>
      <trkpt lat="56.29863" lon="-4.70072">
        <ele>11.35</ele>
      </trkpt>
      <trkpt lat="56.29886" lon="-4.7008">
        <ele>10.9</ele>
      </trkpt>
      <trkpt lat="56.29926" lon="-4.7008">
        <ele>8.66</ele>
      </trkpt>
      <trkpt lat="56.29959" lon="-4.70095">
        <ele>7.39</ele>
      </trkpt>
      <trkpt lat="56.29967" lon="-4.70106">
        <ele>7.7</ele>
      </trkpt>
      <trkpt lat="56.29982" lon="-4.70131">
        <ele>9.18</ele>
      </trkpt>
      <trkpt lat="56.30003" lon="-4.70187">
        <ele>10.86</ele>
      </trkpt>
      <trkpt lat="56.30011" lon="-4.70199">
        <ele>12.06</ele>
      </trkpt>
      <trkpt lat="56.30023" lon="-4.7021">
        <ele>13.31</ele>
      </trkpt>
      <trkpt lat="56.30067" lon="-4.70232">
        <ele>18.46</ele>
      </trkpt>
      <trkpt lat="56.30084" lon="-4.70264">
        <ele>14.98</ele>
      </trkpt>
      <trkpt lat="56.30091" lon="-4.70272">
        <ele>14.99</ele>
      </trkpt>
      <trkpt lat="56.30099" lon="-4.70277">
        <ele>14.32</ele>
      </trkpt>
      <trkpt lat="56.30135" lon="-4.70277">
        <ele>10.6</ele>
      </trkpt>
      <trkpt lat="56.30141" lon="-4.70277">
        <ele>10.64</ele>
      </trkpt>
      <trkpt lat="56.30154" lon="-4.70282">
        <ele>13.38</ele>
      </trkpt>
      <trkpt lat="56.30181" lon="-4.70312">
        <ele>14.64</ele>
      </trkpt>
      <trkpt lat="56.30227" lon="-4.70375">
        <ele>15.09</ele>
      </trkpt>
      <trkpt lat="56.30252" lon="-4.70388">
        <ele>14.31</ele>
      </trkpt>
      <trkpt lat="56.30294" lon="-4.70389">
        <ele>17.59</ele>
      </trkpt>
      <trkpt lat="56.3032" lon="-4.70402">
        <ele>22.67</ele>
      </trkpt>
      <trkpt lat="56.30339" lon="-4.70418">
        <ele>28.62</ele>
      </trkpt>
      <trkpt lat="56.30358" lon="-4.70427">
        <ele>34.7</ele>
      </trkpt>
      <trkpt lat="56.30369" lon="-4.70437">
        <ele>39.41</ele>
      </trkpt>
      <trkpt lat="56.30383" lon="-4.70459">
        <ele>38.75</ele>
      </trkpt>
      <trkpt lat="56.30391" lon="-4.70467">
        <ele>37.17</ele>
      </trkpt>
      <trkpt lat="56.30416" lon="-4.70481">
        <ele>40.39</ele>
      </trkpt>
      <trkpt lat="56.30437" lon="-4.70502">
        <ele>39.01</ele>
      </trkpt>
      <trkpt lat="56.30443" lon="-4.70517">
        <ele>35.15</ele>
      </trkpt>
      <trkpt lat="56.30445" lon="-4.70528">
        <ele>31.21</ele>
      </trkpt>
      <trkpt lat="56.3045" lon="-4.70552">
        <ele>31.98</ele>
      </trkpt>
      <trkpt lat="56.30457" lon="-4.70566">
        <ele>33.73</ele>
      </trkpt>
      <trkpt lat="56.30463" lon="-4.70569">
        <ele>35.37</ele>
      </trkpt>
      <trkpt lat="56.30505" lon="-4.7057">
        <ele>52.64</ele>
      </trkpt>
      <trkpt lat="56.30526" lon="-4.70578">
        <ele>49.23</ele>
      </trkpt>
      <trkpt lat="56.30547" lon="-4.70579">
        <ele>43.94</ele>
      </trkpt>
      <trkpt lat="56.3058" lon="-4.7057">
        <ele>36.5</ele>
      </trkpt>
      <trkpt lat="56.30607" lon="-4.70556">
        <ele>39.74</ele>
      </trkpt>
      <trkpt lat="56.30615" lon="-4.70555">
        <ele>40.38</ele>
      </trkpt>
      <trkpt lat="56.30636" lon="-4.70568">
        <ele>39.06</ele>
      </trkpt>
      <trkpt lat="56.30644" lon="-4.7057">
        <ele>39.32</ele>
      </trkpt>
      <trkpt lat="56.30661" lon="-4.7057">
        <ele>40.79</ele>
      </trkpt>
      <trkpt lat="56.30705" lon="-4.70591">
        <ele>34.27</ele>
      </trkpt>
      <trkpt lat="56.30728" lon="-4.70611">
        <ele>37.26</ele>
      </trkpt>
      <trkpt lat="56.30775" lon="-4.70679">
        <ele>42.46</ele>
      </trkpt>
      <trkpt lat="56.30801" lon="-4.70708">
        <ele>53.34</ele>
      </trkpt>
      <trkpt lat="56.30812" lon="-4.70716">
        <ele>63.01</ele>
      </trkpt>
      <trkpt lat="56.30828" lon="-4.70715">
        <ele>64.6</ele>
      </trkpt>
      <trkpt lat="56.30842" lon="-4.70708">
        <ele>61.03</ele>
      </trkpt>
      <trkpt lat="56.30865" lon="-4.70707">
        <ele>55.99</ele>
      </trkpt>
      <trkpt lat="56.30904" lon="-4.7069">
        <ele>50.46</ele>
      </trkpt>
      <trkpt lat="56.30918" lon="-4.70696">
        <ele>52.35</ele>
      </trkpt>
      <trkpt lat="56.30947" lon="-4.70726">
        <ele>73.94</ele>
      </trkpt>
      <trkpt lat="56.30969" lon="-4.70744">
        <ele>73.41</ele>
      </trkpt>
      <trkpt lat="56.31065" lon="-4.70793">
        <ele>71.34</ele>
      </trkpt>
      <trkpt lat="56.31094" lon="-4.70793">
        <ele>67.25</ele>
      </trkpt>
      <trkpt lat="56.31107" lon="-4.70799">
        <ele>66.13</ele>
      </trkpt>
      <trkpt lat="56.31136" lon="-4.70818">
        <ele>63.91</ele>
      </trkpt>
      <trkpt lat="56.31154" lon="-4.7082">
        <ele>63.2</ele>
      </trkpt>
      <trkpt lat="56.31192" lon="-4.70801">
        <ele>74.76</ele>
      </trkpt>
      <trkpt lat="56.31206" lon="-4.70798">
        <ele>76.78</ele>
      </trkpt>
      <trkpt lat="56.31221" lon="-4.70804">
        <ele>76.24</ele>
      </trkpt>
      <trkpt lat="56.31228" lon="-4.7081">
        <ele>76.96</ele>
      </trkpt>
      <trkpt lat="56.31245" lon="-4.70831">
        <ele>77.39</ele>
      </trkpt>
      <trkpt lat="56.31255" lon="-4.70837">
        <ele>77.92</ele>
      </trkpt>
      <trkpt lat="56.31262" lon="-4.70835">
        <ele>78.63</ele>
      </trkpt>
      <trkpt lat="56.31264" lon="-4.70834">
        <ele>78.91</ele>
      </trkpt>
      <trkpt lat="56.31272" lon="-4.7083">
        <ele>80.21</ele>
      </trkpt>
      <trkpt lat="56.31303" lon="-4.70814">
        <ele>92.01</ele>
      </trkpt>
      <trkpt lat="56.3131" lon="-4.70813">
        <ele>93.34</ele>
      </trkpt>
      <trkpt lat="56.3132" lon="-4.70816">
        <ele>93.35</ele>
      </trkpt>
      <trkpt lat="56.31332" lon="-4.70824">
        <ele>93.51</ele>
      </trkpt>
      <trkpt lat="56.31347" lon="-4.7084">
        <ele>95.95</ele>
      </trkpt>
      <trkpt lat="56.31367" lon="-4.70849">
        <ele>100.53</ele>
      </trkpt>
      <trkpt lat="56.31398" lon="-4.70885">
        <ele>97.98</ele>
      </trkpt>
      <trkpt lat="56.31413" lon="-4.70898">
        <ele>90.05</ele>
      </trkpt>
      <trkpt lat="56.31453" lon="-4.70918">
        <ele>90.38</ele>
      </trkpt>
      <trkpt lat="56.31526" lon="-4.70968">
        <ele>91.06</ele>
      </trkpt>
      <trkpt lat="56.31587" lon="-4.70994">
        <ele>85.15</ele>
      </trkpt>
      <trkpt lat="56.31615" lon="-4.71018">
        <ele>82.22</ele>
      </trkpt>
      <trkpt lat="56.31648" lon="-4.71031">
        <ele>88.28</ele>
      </trkpt>
      <trkpt lat="56.31658" lon="-4.71042">
        <ele>91.34</ele>
      </trkpt>
      <trkpt lat="56.31666" lon="-4.71057">
        <ele>92.84</ele>
      </trkpt>
      <trkpt lat="56.31677" lon="-4.71072">
        <ele>93.15</ele>
      </trkpt>
      <trkpt lat="56.31683" lon="-4.71075">
        <ele>93.18</ele>
      </trkpt>
      <trkpt lat="56.31714" lon="-4.71078">
        <ele>96.44</ele>
      </trkpt>
      <trkpt lat="56.31727" lon="-4.71085">
        <ele>98.53</ele>
      </trkpt>
      <trkpt lat="56.31765" lon="-4.71088">
        <ele>100.5</ele>
      </trkpt>
      <trkpt lat="56.31807" lon="-4.71085">
        <ele>101.65</ele>
      </trkpt>
      <trkpt lat="56.31836" lon="-4.71099">
        <ele>97.43</ele>
      </trkpt>
      <trkpt lat="56.31854" lon="-4.71122">
        <ele>94.59</ele>
      </trkpt>
      <trkpt lat="56.31866" lon="-4.71148">
        <ele>88.94</ele>
      </trkpt>
      <trkpt lat="56.31874" lon="-4.71171">
        <ele>83.77</ele>
      </trkpt>
      <trkpt lat="56.31884" lon="-4.7119">
        <ele>78.53</ele>
      </trkpt>
      <trkpt lat="56.31896" lon="-4.71199">
        <ele>77.37</ele>
      </trkpt>
      <trkpt lat="56.31918" lon="-4.7121">
        <ele>78.9</ele>
      </trkpt>
      <trkpt lat="56.31961" lon="-4.71247">
        <ele>75.85</ele>
      </trkpt>
      <trkpt lat="56.32" lon="-4.71262">
        <ele>73.7</ele>
      </trkpt>
      <trkpt lat="56.32029" lon="-4.71292">
        <ele>72.89</ele>
      </trkpt>
      <trkpt lat="56.32042" lon="-4.71302">
        <ele>70.77</ele>
      </trkpt>
      <trkpt lat="56.32088" lon="-4.7132">
        <ele>74.88</ele>
      </trkpt>
      <trkpt lat="56.32124" lon="-4.71339">
        <ele>69.73</ele>
      </trkpt>
      <trkpt lat="56.32173" lon="-4.71376">
        <ele>67.25</ele>
      </trkpt>
      <trkpt lat="56.32233" lon="-4.71432">
        <ele>60.59</ele>
      </trkpt>
      <trkpt lat="56.3225" lon="-4.71443">
        <ele>59.57</ele>
      </trkpt>
      <trkpt lat="56.32268" lon="-4.71457">
        <ele>63.83</ele>
      </trkpt>
      <trkpt lat="56.32323" lon="-4.71496">
        <ele>54.7</ele>
      </trkpt>
      <trkpt lat="56.32384" lon="-4.71512">
        <ele>51.88</ele>
      </trkpt>
      <trkpt lat="56.32408" lon="-4.71507">
        <ele>52.19</ele>
      </trkpt>
      <trkpt lat="56.32439" lon="-4.7149">
        <ele>54.52</ele>
      </trkpt>
      <trkpt lat="56.32455" lon="-4.71488">
        <ele>54.07</ele>
      </trkpt>
      <trkpt lat="56.32467" lon="-4.71495">
        <ele>50.38</ele>
      </trkpt>
      <trkpt lat="56.32499" lon="-4.7152">
        <ele>36.8</ele>
      </trkpt>
      <trkpt lat="56.32518" lon="-4.7153">
        <ele>33.69</ele>
      </trkpt>
      <trkpt lat="56.32529" lon="-4.71532">
        <ele>34.49</ele>
      </trkpt>
      <trkpt lat="56.32571" lon="-4.71534">
        <ele>43.66</ele>
      </trkpt>
      <trkpt lat="56.32589" lon="-4.7154">
        <ele>39.15</ele>
      </trkpt>
      <trkpt lat="56.32636" lon="-4.7155">
        <ele>34.54</ele>
      </trkpt>
      <trkpt lat="56.32673" lon="-4.71567">
        <ele>32.11</ele>
      </trkpt>
      <trkpt lat="56.3269" lon="-4.71568">
        <ele>30.77</ele>
      </trkpt>
      <trkpt lat="56.32727" lon="-4.71588">
        <ele>15.07</ele>
      </trkpt>
      <trkpt lat="56.32756" lon="-4.716">
        <ele>12.77</ele>
      </trkpt>
      <trkpt lat="56.32777" lon="-4.71606">
        <ele>14.69</ele>
      </trkpt>
      <trkpt lat="56.32812" lon="-4.71624">
        <ele>10.75</ele>
      </trkpt>
      <trkpt lat="56.32846" lon="-4.71639">
        <ele>9.18</ele>
      </trkpt>
      <trkpt lat="56.32883" lon="-4.71671">
        <ele>8.39</ele>
      </trkpt>
      <trkpt lat="56.32908" lon="-4.71687">
        <ele>9.2</ele>
      </trkpt>
      <trkpt lat="56.32954" lon="-4.7169">
        <ele>13.4</ele>
      </trkpt>
      <trkpt lat="56.32958" lon="-4.71684">
        <ele>13.67</ele>
      </trkpt>
      <trkpt lat="56.32964" lon="-4.71676">
        <ele>14.17</ele>
      </trkpt>
      <trkpt lat="56.32976" lon="-4.71671">
        <ele>15.52</ele>
      </trkpt>
      <trkpt lat="56.32981" lon="-4.71668">
        <ele>16.53</ele>
      </trkpt>
      <trkpt lat="56.32987" lon="-4.7167">
        <ele>17.54</ele>
      </trkpt>
      <trkpt lat="56.33003" lon="-4.7167">
        <ele>20.25</ele>
      </trkpt>
      <trkpt lat="56.33015" lon="-4.7168">
        <ele>20.38</ele>
      </trkpt>
      <trkpt lat="56.33021" lon="-4.71696">
        <ele>18.02</ele>
      </trkpt>
      <trkpt lat="56.33029" lon="-4.71711">
        <ele>15.5</ele>
      </trkpt>
      <trkpt lat="56.33031" lon="-4.71713">
        <ele>15.02</ele>
      </trkpt>
      <trkpt lat="56.33031" lon="-4.71713">
        <ele>15.02</ele>
      </trkpt>
      <trkpt lat="56.33043" lon="-4.71721">
        <ele>12.56</ele>
      </trkpt>
      <trkpt lat="56.33048" lon="-4.71717">
        <ele>12.7</ele>
      </trkpt>
      <trkpt lat="56.33053" lon="-4.71713">
        <ele>12.91</ele>
      </trkpt>
      <trkpt lat="56.33049" lon="-4.71691">
        <ele>17.78</ele>
      </trkpt>
      <trkpt lat="56.33036" lon="-4.71614">
        <ele>39.72</ele>
      </trkpt>
      <trkpt lat="56.33048" lon="-4.71614">
        <ele>40.67</ele>
      </trkpt>
      <trkpt lat="56.33084" lon="-4.71605">
        <ele>35.35</ele>
      </trkpt>
      <trkpt lat="56.33117" lon="-4.71605">
        <ele>32.39</ele>
      </trkpt>
      <trkpt lat="56.33147" lon="-4.71618">
        <ele>32.04</ele>
      </trkpt>
      <trkpt lat="56.33169" lon="-4.71624">
        <ele>30.32</ele>
      </trkpt>
      <trkpt lat="56.33192" lon="-4.71636">
        <ele>25.65</ele>
      </trkpt>
      <trkpt lat="56.33229" lon="-4.71649">
        <ele>26.51</ele>
      </trkpt>
      <trkpt lat="56.33229" lon="-4.71649">
        <ele>26.51</ele>
      </trkpt>
      <trkpt lat="56.33229" lon="-4.71649">
        <ele>26.51</ele>
      </trkpt>
      <trkpt lat="56.33303" lon="-4.71674">
        <ele>26.31</ele>
      </trkpt>
      <trkpt lat="56.33343" lon="-4.71695">
        <ele>8.89</ele>
      </trkpt>
      <trkpt lat="56.3339" lon="-4.71698">
        <ele>6.25</ele>
      </trkpt>
      <trkpt lat="56.33416" lon="-4.71697">
        <ele>6.09</ele>
      </trkpt>
      <trkpt lat="56.33421" lon="-4.71695">
        <ele>6.34</ele>
      </trkpt>
      <trkpt lat="56.33447" lon="-4.71667">
        <ele>10.25</ele>
      </trkpt>
      <trkpt lat="56.33519" lon="-4.71665">
        <ele>11.03</ele>
      </trkpt>
      <trkpt lat="56.33595" lon="-4.71662">
        <ele>7.66</ele>
      </trkpt>
      <trkpt lat="56.33623" lon="-4.71657">
        <ele>8.48</ele>
      </trkpt>
      <trkpt lat="56.33638" lon="-4.71647">
        <ele>10.98</ele>
      </trkpt>
      <trkpt lat="56.33673" lon="-4.71636">
        <ele>11.89</ele>
      </trkpt>
      <trkpt lat="56.33736" lon="-4.71626">
        <ele>7.23</ele>
      </trkpt>
      <trkpt lat="56.33794" lon="-4.71625">
        <ele>10.04</ele>
      </trkpt>
      <trkpt lat="56.33847" lon="-4.71615">
        <ele>13.91</ele>
      </trkpt>
      <trkpt lat="56.3393" lon="-4.71582">
        <ele>25.84</ele>
      </trkpt>
      <trkpt lat="56.33943" lon="-4.71574">
        <ele>27.15</ele>
      </trkpt>
      <trkpt lat="56.34009" lon="-4.71528">
        <ele>45.96</ele>
      </trkpt>
      <trkpt lat="56.34028" lon="-4.71519">
        <ele>47.56</ele>
      </trkpt>
      <trkpt lat="56.3405" lon="-4.71501">
        <ele>46.91</ele>
      </trkpt>
      <trkpt lat="56.34095" lon="-4.71479">
        <ele>45.41</ele>
      </trkpt>
      <trkpt lat="56.34125" lon="-4.71458">
        <ele>44.77</ele>
      </trkpt>
      <trkpt lat="56.34152" lon="-4.71432">
        <ele>42.28</ele>
      </trkpt>
      <trkpt lat="56.34186" lon="-4.71384">
        <ele>45.7</ele>
      </trkpt>
      <trkpt lat="56.34242" lon="-4.71287">
        <ele>44.02</ele>
      </trkpt>
      <trkpt lat="56.34268" lon="-4.7125">
        <ele>34.52</ele>
      </trkpt>
      <trkpt lat="56.34287" lon="-4.71214">
        <ele>27.03</ele>
      </trkpt>
      <trkpt lat="56.34334" lon="-4.71158">
        <ele>27.75</ele>
      </trkpt>
      <trkpt lat="56.34334" lon="-4.7114">
        <ele>29.06</ele>
      </trkpt>
      <trkpt lat="56.34336" lon="-4.71114">
        <ele>26.97</ele>
      </trkpt>
      <trkpt lat="56.34337" lon="-4.71096">
        <ele>29.03</ele>
      </trkpt>
      <trkpt lat="56.34351" lon="-4.71032">
        <ele>39.17</ele>
      </trkpt>
      <trkpt lat="56.34357" lon="-4.71009">
        <ele>40.15</ele>
      </trkpt>
      <trkpt lat="56.34398" lon="-4.70893">
        <ele>50.51</ele>
      </trkpt>
      <trkpt lat="56.34401" lon="-4.70873">
        <ele>52.12</ele>
      </trkpt>
      <trkpt lat="56.34402" lon="-4.70851">
        <ele>55.34</ele>
      </trkpt>
      <trkpt lat="56.34407" lon="-4.70836">
        <ele>59.12</ele>
      </trkpt>
      <trkpt lat="56.34413" lon="-4.70828">
        <ele>60.98</ele>
      </trkpt>
      <trkpt lat="56.34418" lon="-4.70812">
        <ele>62.6</ele>
      </trkpt>
      <trkpt lat="56.34424" lon="-4.70764">
        <ele>72.29</ele>
      </trkpt>
      <trkpt lat="56.34432" lon="-4.70737">
        <ele>74.97</ele>
      </trkpt>
      <trkpt lat="56.34439" lon="-4.70696">
        <ele>71.95</ele>
      </trkpt>
      <trkpt lat="56.34441" lon="-4.7065">
        <ele>65.25</ele>
      </trkpt>
      <trkpt lat="56.34451" lon="-4.70573">
        <ele>66.22</ele>
      </trkpt>
      <trkpt lat="56.34456" lon="-4.70543">
        <ele>69.56</ele>
      </trkpt>
      <trkpt lat="56.34473" lon="-4.70477">
        <ele>72.3</ele>
      </trkpt>
      <trkpt lat="56.34479" lon="-4.70425">
        <ele>79.05</ele>
      </trkpt>
      <trkpt lat="56.34485" lon="-4.70392">
        <ele>77.58</ele>
      </trkpt>
      <trkpt lat="56.34489" lon="-4.70367">
        <ele>74.5</ele>
      </trkpt>
      <trkpt lat="56.3449" lon="-4.70326">
        <ele>77.09</ele>
      </trkpt>
      <trkpt lat="56.34493" lon="-4.70308">
        <ele>79.85</ele>
      </trkpt>
      <trkpt lat="56.34498" lon="-4.70297">
        <ele>83.09</ele>
      </trkpt>
      <trkpt lat="56.34525" lon="-4.70261">
        <ele>90.77</ele>
      </trkpt>
      <trkpt lat="56.34539" lon="-4.70238">
        <ele>90.59</ele>
      </trkpt>
      <trkpt lat="56.34581" lon="-4.70191">
        <ele>65.04</ele>
      </trkpt>
      <trkpt lat="56.34606" lon="-4.70151">
        <ele>52.86</ele>
      </trkpt>
      <trkpt lat="56.34623" lon="-4.7013">
        <ele>52.3</ele>
      </trkpt>
      <trkpt lat="56.34649" lon="-4.70091">
        <ele>60.44</ele>
      </trkpt>
      <trkpt lat="56.34663" lon="-4.70074">
        <ele>61.84</ele>
      </trkpt>
      <trkpt lat="56.34696" lon="-4.70051">
        <ele>51.3</ele>
      </trkpt>
      <trkpt lat="56.34706" lon="-4.70034">
        <ele>52.2</ele>
      </trkpt>
      <trkpt lat="56.3471" lon="-4.70026">
        <ele>52.26</ele>
      </trkpt>
      <trkpt lat="56.3471" lon="-4.70026">
        <ele>52.26</ele>
      </trkpt>
      <trkpt lat="56.34722" lon="-4.69998">
        <ele>53.46</ele>
      </trkpt>
      <trkpt lat="56.34736" lon="-4.69953">
        <ele>60.47</ele>
      </trkpt>
      <trkpt lat="56.34765" lon="-4.6988">
        <ele>83.19</ele>
      </trkpt>
      <trkpt lat="56.34779" lon="-4.69868">
        <ele>91.42</ele>
      </trkpt>
      <trkpt lat="56.34798" lon="-4.69865">
        <ele>94.07</ele>
      </trkpt>
      <trkpt lat="56.34809" lon="-4.69859">
        <ele>95.11</ele>
      </trkpt>
      <trkpt lat="56.34819" lon="-4.69846">
        <ele>95.22</ele>
      </trkpt>
      <trkpt lat="56.34823" lon="-4.69836">
        <ele>95.06</ele>
      </trkpt>
      <trkpt lat="56.34829" lon="-4.69801">
        <ele>90.99</ele>
      </trkpt>
      <trkpt lat="56.34833" lon="-4.69791">
        <ele>88.96</ele>
      </trkpt>
      <trkpt lat="56.34864" lon="-4.69742">
        <ele>83.8</ele>
      </trkpt>
      <trkpt lat="56.34867" lon="-4.6973">
        <ele>83.81</ele>
      </trkpt>
      <trkpt lat="56.3487" lon="-4.69702">
        <ele>85.61</ele>
      </trkpt>
      <trkpt lat="56.34876" lon="-4.6968">
        <ele>89.93</ele>
      </trkpt>
      <trkpt lat="56.34885" lon="-4.69664">
        <ele>93.49</ele>
      </trkpt>
      <trkpt lat="56.34899" lon="-4.69649">
        <ele>87.39</ele>
      </trkpt>
      <trkpt lat="56.34913" lon="-4.69629">
        <ele>78.0</ele>
      </trkpt>
      <trkpt lat="56.34926" lon="-4.69591">
        <ele>75.09</ele>
      </trkpt>
      <trkpt lat="56.3494" lon="-4.69563">
        <ele>74.74</ele>
      </trkpt>
      <trkpt lat="56.34943" lon="-4.69543">
        <ele>74.66</ele>
      </trkpt>
      <trkpt lat="56.34942" lon="-4.69522">
        <ele>75.01</ele>
      </trkpt>
      <trkpt lat="56.3494" lon="-4.6951">
        <ele>74.77</ele>
      </trkpt>
      <trkpt lat="56.34927" lon="-4.69481">
        <ele>78.44</ele>
      </trkpt>
      <trkpt lat="56.34926" lon="-4.69472">
        <ele>78.64</ele>
      </trkpt>
      <trkpt lat="56.34929" lon="-4.69404">
        <ele>79.22</ele>
      </trkpt>
      <trkpt lat="56.34937" lon="-4.69351">
        <ele>88.28</ele>
      </trkpt>
      <trkpt lat="56.34946" lon="-4.69303">
        <ele>96.34</ele>
      </trkpt>
      <trkpt lat="56.34956" lon="-4.69257">
        <ele>98.63</ele>
      </trkpt>
      <trkpt lat="56.34962" lon="-4.69213">
        <ele>95.77</ele>
      </trkpt>
      <trkpt lat="56.34966" lon="-4.69167">
        <ele>95.98</ele>
      </trkpt>
      <trkpt lat="56.3497" lon="-4.69151">
        <ele>97.54</ele>
      </trkpt>
      <trkpt lat="56.34978" lon="-4.69133">
        <ele>98.26</ele>
      </trkpt>
      <trkpt lat="56.34984" lon="-4.69125">
        <ele>97.73</ele>
      </trkpt>
      <trkpt lat="56.35004" lon="-4.69106">
        <ele>97.51</ele>
      </trkpt>
      <trkpt lat="56.3501" lon="-4.69095">
        <ele>98.52</ele>
      </trkpt>
      <trkpt lat="56.35021" lon="-4.69051">
        <ele>102.53</ele>
      </trkpt>
      <trkpt lat="56.35024" lon="-4.69027">
        <ele>103.99</ele>
      </trkpt>
      <trkpt lat="56.35031" lon="-4.69011">
        <ele>104.23</ele>
      </trkpt>
      <trkpt lat="56.35042" lon="-4.68992">
        <ele>104.6</ele>
      </trkpt>
      <trkpt lat="56.35082" lon="-4.68953">
        <ele>109.59</ele>
      </trkpt>
      <trkpt lat="56.35087" lon="-4.68942">
        <ele>109.08</ele>
      </trkpt>
      <trkpt lat="56.35096" lon="-4.68899">
        <ele>107.17</ele>
      </trkpt>
      <trkpt lat="56.35104" lon="-4.68821">
        <ele>100.98</ele>
      </trkpt>
      <trkpt lat="56.35115" lon="-4.68754">
        <ele>110.7</ele>
      </trkpt>
      <trkpt lat="56.35124" lon="-4.68726">
        <ele>105.35</ele>
      </trkpt>
      <trkpt lat="56.35124" lon="-4.687">
        <ele>105.66</ele>
      </trkpt>
      <trkpt lat="56.35129" lon="-4.68675">
        <ele>106.5</ele>
      </trkpt>
      <trkpt lat="56.35134" lon="-4.6866">
        <ele>106.04</ele>
      </trkpt>
      <trkpt lat="56.3515" lon="-4.68635">
        <ele>105.32</ele>
      </trkpt>
      <trkpt lat="56.35157" lon="-4.6862">
        <ele>109.83</ele>
      </trkpt>
      <trkpt lat="56.35167" lon="-4.68578">
        <ele>115.36</ele>
      </trkpt>
      <trkpt lat="56.35173" lon="-4.68562">
        <ele>113.15</ele>
      </trkpt>
      <trkpt lat="56.35192" lon="-4.68535">
        <ele>127.58</ele>
      </trkpt>
      <trkpt lat="56.35213" lon="-4.68501">
        <ele>145.86</ele>
      </trkpt>
      <trkpt lat="56.35232" lon="-4.68481">
        <ele>149.89</ele>
      </trkpt>
      <trkpt lat="56.35253" lon="-4.68447">
        <ele>142.34</ele>
      </trkpt>
      <trkpt lat="56.35264" lon="-4.68435">
        <ele>130.87</ele>
      </trkpt>
      <trkpt lat="56.35292" lon="-4.68418">
        <ele>111.33</ele>
      </trkpt>
      <trkpt lat="56.35298" lon="-4.6841">
        <ele>109.54</ele>
      </trkpt>
      <trkpt lat="56.35305" lon="-4.68397">
        <ele>106.54</ele>
      </trkpt>
      <trkpt lat="56.3532" lon="-4.6835">
        <ele>102.57</ele>
      </trkpt>
      <trkpt lat="56.35328" lon="-4.68335">
        <ele>101.1</ele>
      </trkpt>
      <trkpt lat="56.35338" lon="-4.68327">
        <ele>100.24</ele>
      </trkpt>
      <trkpt lat="56.35358" lon="-4.68321">
        <ele>101.68</ele>
      </trkpt>
      <trkpt lat="56.35365" lon="-4.68316">
        <ele>102.76</ele>
      </trkpt>
      <trkpt lat="56.35383" lon="-4.68297">
        <ele>107.25</ele>
      </trkpt>
      <trkpt lat="56.35411" lon="-4.68255">
        <ele>110.59</ele>
      </trkpt>
      <trkpt lat="56.35428" lon="-4.6824">
        <ele>112.31</ele>
      </trkpt>
      <trkpt lat="56.35438" lon="-4.68236">
        <ele>112.09</ele>
      </trkpt>
      <trkpt lat="56.35456" lon="-4.68213">
        <ele>112.19</ele>
      </trkpt>
      <trkpt lat="56.35468" lon="-4.68201">
        <ele>111.25</ele>
      </trkpt>
      <trkpt lat="56.35478" lon="-4.68191">
        <ele>109.14</ele>
      </trkpt>
      <trkpt lat="56.35487" lon="-4.68186">
        <ele>106.13</ele>
      </trkpt>
      <trkpt lat="56.35496" lon="-4.68186">
        <ele>102.79</ele>
      </trkpt>
      <trkpt lat="56.355" lon="-4.68182">
        <ele>101.45</ele>
      </trkpt>
      <trkpt lat="56.35502" lon="-4.68177">
        <ele>101.29</ele>
      </trkpt>
      <trkpt lat="56.35505" lon="-4.68162">
        <ele>101.79</ele>
      </trkpt>
      <trkpt lat="56.35508" lon="-4.68151">
        <ele>102.57</ele>
      </trkpt>
      <trkpt lat="56.35518" lon="-4.68138">
        <ele>100.55</ele>
      </trkpt>
      <trkpt lat="56.35523" lon="-4.68126">
        <ele>99.18</ele>
      </trkpt>
      <trkpt lat="56.3553" lon="-4.681">
        <ele>98.91</ele>
      </trkpt>
      <trkpt lat="56.35534" lon="-4.6809">
        <ele>98.79</ele>
      </trkpt>
      <trkpt lat="56.35542" lon="-4.68077">
        <ele>96.59</ele>
      </trkpt>
      <trkpt lat="56.35549" lon="-4.68067">
        <ele>93.87</ele>
      </trkpt>
      <trkpt lat="56.35557" lon="-4.68063">
        <ele>91.04</ele>
      </trkpt>
      <trkpt lat="56.35569" lon="-4.68056">
        <ele>91.48</ele>
      </trkpt>
      <trkpt lat="56.35584" lon="-4.6805">
        <ele>92.22</ele>
      </trkpt>
      <trkpt lat="56.35587" lon="-4.68046">
        <ele>92.43</ele>
      </trkpt>
      <trkpt lat="56.35588" lon="-4.68044">
        <ele>92.51</ele>
      </trkpt>
      <trkpt lat="56.35595" lon="-4.68029">
        <ele>92.97</ele>
      </trkpt>
      <trkpt lat="56.35599" lon="-4.68002">
        <ele>95.26</ele>
      </trkpt>
      <trkpt lat="56.35604" lon="-4.67984">
        <ele>97.41</ele>
      </trkpt>
      <trkpt lat="56.35613" lon="-4.67944">
        <ele>103.13</ele>
      </trkpt>
      <trkpt lat="56.35616" lon="-4.67913">
        <ele>107.69</ele>
      </trkpt>
      <trkpt lat="56.35615" lon="-4.67889">
        <ele>109.69</ele>
      </trkpt>
      <trkpt lat="56.35612" lon="-4.67866">
        <ele>112.38</ele>
      </trkpt>
      <trkpt lat="56.35613" lon="-4.67847">
        <ele>114.08</ele>
      </trkpt>
      <trkpt lat="56.3562" lon="-4.67808">
        <ele>117.15</ele>
      </trkpt>
      <trkpt lat="56.35647" lon="-4.67709">
        <ele>108.99</ele>
      </trkpt>
      <trkpt lat="56.3565" lon="-4.67681">
        <ele>108.69</ele>
      </trkpt>
      <trkpt lat="56.35655" lon="-4.67665">
        <ele>108.19</ele>
      </trkpt>
      <trkpt lat="56.35656" lon="-4.67634">
        <ele>110.16</ele>
      </trkpt>
      <trkpt lat="56.35661" lon="-4.67613">
        <ele>113.25</ele>
      </trkpt>
      <trkpt lat="56.35676" lon="-4.67548">
        <ele>124.36</ele>
      </trkpt>
      <trkpt lat="56.35691" lon="-4.67504">
        <ele>126.17</ele>
      </trkpt>
      <trkpt lat="56.35706" lon="-4.67454">
        <ele>130.14</ele>
      </trkpt>
      <trkpt lat="56.35718" lon="-4.67423">
        <ele>131.85</ele>
      </trkpt>
      <trkpt lat="56.35728" lon="-4.67391">
        <ele>135.2</ele>
      </trkpt>
      <trkpt lat="56.35743" lon="-4.67366">
        <ele>134.03</ele>
      </trkpt>
      <trkpt lat="56.3575" lon="-4.67357">
        <ele>133.59</ele>
      </trkpt>
      <trkpt lat="56.35761" lon="-4.67353">
        <ele>130.6</ele>
      </trkpt>
      <trkpt lat="56.35778" lon="-4.67352">
        <ele>125.35</ele>
      </trkpt>
      <trkpt lat="56.35808" lon="-4.67367">
        <ele>128.63</ele>
      </trkpt>
      <trkpt lat="56.35861" lon="-4.67365">
        <ele>133.13</ele>
      </trkpt>
      <trkpt lat="56.35871" lon="-4.67362">
        <ele>130.64</ele>
      </trkpt>
      <trkpt lat="56.3589" lon="-4.6735">
        <ele>126.38</ele>
      </trkpt>
      <trkpt lat="56.35899" lon="-4.67339">
        <ele>125.79</ele>
      </trkpt>
      <trkpt lat="56.35903" lon="-4.6733">
        <ele>125.32</ele>
      </trkpt>
      <trkpt lat="56.35921" lon="-4.67267">
        <ele>123.7</ele>
      </trkpt>
      <trkpt lat="56.35931" lon="-4.67199">
        <ele>129.99</ele>
      </trkpt>
      <trkpt lat="56.35936" lon="-4.67183">
        <ele>130.59</ele>
      </trkpt>
      <trkpt lat="56.35943" lon="-4.67171">
        <ele>130.85</ele>
      </trkpt>
      <trkpt lat="56.3596" lon="-4.67159">
        <ele>125.17</ele>
      </trkpt>
      <trkpt lat="56.35974" lon="-4.67136">
        <ele>119.47</ele>
      </trkpt>
      <trkpt lat="56.35995" lon="-4.67112">
        <ele>113.96</ele>
      </trkpt>
      <trkpt lat="56.36001" lon="-4.67095">
        <ele>113.67</ele>
      </trkpt>
      <trkpt lat="56.36017" lon="-4.67019">
        <ele>121.17</ele>
      </trkpt>
      <trkpt lat="56.36022" lon="-4.67002">
        <ele>123.37</ele>
      </trkpt>
      <trkpt lat="56.36035" lon="-4.66972">
        <ele>128.27</ele>
      </trkpt>
      <trkpt lat="56.36041" lon="-4.6696">
        <ele>129.31</ele>
      </trkpt>
      <trkpt lat="56.36052" lon="-4.66967">
        <ele>129.53</ele>
      </trkpt>
      <trkpt lat="56.36057" lon="-4.6697">
        <ele>129.42</ele>
      </trkpt>
      <trkpt lat="56.36059" lon="-4.6697">
        <ele>129.56</ele>
      </trkpt>
      <trkpt lat="56.3607" lon="-4.66971">
        <ele>130.19</ele>
      </trkpt>
      <trkpt lat="56.36072" lon="-4.66936">
        <ele>134.08</ele>
      </trkpt>
      <trkpt lat="56.36067" lon="-4.66874">
        <ele>145.69</ele>
      </trkpt>
      <trkpt lat="56.3607" lon="-4.66838">
        <ele>156.7</ele>
      </trkpt>
      <trkpt lat="56.36076" lon="-4.66819">
        <ele>158.18</ele>
      </trkpt>
      <trkpt lat="56.36087" lon="-4.668">
        <ele>157.21</ele>
      </trkpt>
      <trkpt lat="56.36126" lon="-4.66739">
        <ele>167.56</ele>
      </trkpt>
      <trkpt lat="56.36133" lon="-4.6673">
        <ele>169.47</ele>
      </trkpt>
      <trkpt lat="56.36144" lon="-4.66726">
        <ele>170.76</ele>
      </trkpt>
      <trkpt lat="56.36155" lon="-4.66723">
        <ele>172.59</ele>
      </trkpt>
      <trkpt lat="56.3618" lon="-4.66694">
        <ele>175.09</ele>
      </trkpt>
      <trkpt lat="56.36204" lon="-4.6668">
        <ele>176.23</ele>
      </trkpt>
      <trkpt lat="56.36217" lon="-4.66667">
        <ele>177.8</ele>
      </trkpt>
      <trkpt lat="56.36234" lon="-4.66655">
        <ele>174.62</ele>
      </trkpt>
      <trkpt lat="56.36256" lon="-4.66631">
        <ele>169.34</ele>
      </trkpt>
      <trkpt lat="56.36286" lon="-4.66591">
        <ele>176.03</ele>
      </trkpt>
      <trkpt lat="56.36294" lon="-4.66574">
        <ele>180.39</ele>
      </trkpt>
      <trkpt lat="56.36302" lon="-4.66549">
        <ele>181.92</ele>
      </trkpt>
      <trkpt lat="56.36308" lon="-4.66521">
        <ele>177.9</ele>
      </trkpt>
      <trkpt lat="56.36317" lon="-4.665">
        <ele>188.36</ele>
      </trkpt>
      <trkpt lat="56.36333" lon="-4.6648">
        <ele>213.3</ele>
      </trkpt>
      <trkpt lat="56.36343" lon="-4.66472">
        <ele>218.43</ele>
      </trkpt>
      <trkpt lat="56.36365" lon="-4.66463">
        <ele>225.94</ele>
      </trkpt>
      <trkpt lat="56.36381" lon="-4.66449">
        <ele>226.74</ele>
      </trkpt>
      <trkpt lat="56.3642" lon="-4.66411">
        <ele>168.43</ele>
      </trkpt>
      <trkpt lat="56.36491" lon="-4.66337">
        <ele>159.04</ele>
      </trkpt>
      <trkpt lat="56.36521" lon="-4.66317">
        <ele>165.35</ele>
      </trkpt>
      <trkpt lat="56.36555" lon="-4.66273">
        <ele>157.67</ele>
      </trkpt>
      <trkpt lat="56.36583" lon="-4.66248">
        <ele>159.17</ele>
      </trkpt>
      <trkpt lat="56.36601" lon="-4.66224">
        <ele>156.51</ele>
      </trkpt>
      <trkpt lat="56.36618" lon="-4.66198">
        <ele>166.21</ele>
      </trkpt>
      <trkpt lat="56.3663" lon="-4.66184">
        <ele>169.19</ele>
      </trkpt>
      <trkpt lat="56.36661" lon="-4.6616">
        <ele>171.97</ele>
      </trkpt>
      <trkpt lat="56.36684" lon="-4.66147">
        <ele>168.84</ele>
      </trkpt>
      <trkpt lat="56.36718" lon="-4.6612">
        <ele>166.31</ele>
      </trkpt>
      <trkpt lat="56.36751" lon="-4.66049">
        <ele>163.68</ele>
      </trkpt>
      <trkpt lat="56.36765" lon="-4.65986">
        <ele>161.27</ele>
      </trkpt>
      <trkpt lat="56.36765" lon="-4.65986">
        <ele>161.27</ele>
      </trkpt>
      <trkpt lat="56.36773" lon="-4.65949">
        <ele>161.1</ele>
      </trkpt>
      <trkpt lat="56.36779" lon="-4.65911">
        <ele>159.07</ele>
      </trkpt>
      <trkpt lat="56.36782" lon="-4.65876">
        <ele>158.6</ele>
      </trkpt>
      <trkpt lat="56.36786" lon="-4.65846">
        <ele>159.84</ele>
      </trkpt>
      <trkpt lat="56.36791" lon="-4.65826">
        <ele>161.39</ele>
      </trkpt>
      <trkpt lat="56.36806" lon="-4.65807">
        <ele>163.05</ele>
      </trkpt>
      <trkpt lat="56.3682" lon="-4.65784">
        <ele>160.67</ele>
      </trkpt>
      <trkpt lat="56.36825" lon="-4.65777">
        <ele>159.84</ele>
      </trkpt>
      <trkpt lat="56.36836" lon="-4.65772">
        <ele>158.24</ele>
      </trkpt>
      <trkpt lat="56.36842" lon="-4.65777">
        <ele>157.99</ele>
      </trkpt>
      <trkpt lat="56.36856" lon="-4.65794">
        <ele>156.38</ele>
      </trkpt>
      <trkpt lat="56.36876" lon="-4.65805">
        <ele>157.58</ele>
      </trkpt>
      <trkpt lat="56.36879" lon="-4.65811">
        <ele>158.72</ele>
      </trkpt>
      <trkpt lat="56.36884" lon="-4.65818">
        <ele>160.26</ele>
      </trkpt>
      <trkpt lat="56.36891" lon="-4.65832">
        <ele>164.1</ele>
      </trkpt>
      <trkpt lat="56.36896" lon="-4.65836">
        <ele>168.26</ele>
      </trkpt>
      <trkpt lat="56.36901" lon="-4.65845">
        <ele>173.93</ele>
      </trkpt>
      <trkpt lat="56.36922" lon="-4.65815">
        <ele>179.21</ele>
      </trkpt>
      <trkpt lat="56.36945" lon="-4.65802">
        <ele>185.78</ele>
      </trkpt>
      <trkpt lat="56.36977" lon="-4.65764">
        <ele>186.86</ele>
      </trkpt>
      <trkpt lat="56.37012" lon="-4.65732">
        <ele>192.27</ele>
      </trkpt>
      <trkpt lat="56.37025" lon="-4.65726">
        <ele>195.2</ele>
      </trkpt>
      <trkpt lat="56.3703" lon="-4.65722">
        <ele>196.15</ele>
      </trkpt>
      <trkpt lat="56.37045" lon="-4.65713">
        <ele>196.91</ele>
      </trkpt>
      <trkpt lat="56.37059" lon="-4.65705">
        <ele>197.5</ele>
      </trkpt>
      <trkpt lat="56.37066" lon="-4.65701">
        <ele>197.61</ele>
      </trkpt>
      <trkpt lat="56.37092" lon="-4.65723">
        <ele>198.06</ele>
      </trkpt>
      <trkpt lat="56.37098" lon="-4.65723">
        <ele>197.42</ele>
      </trkpt>
      <trkpt lat="56.37105" lon="-4.65721">
        <ele>196.82</ele>
      </trkpt>
      <trkpt lat="56.3711" lon="-4.65721">
        <ele>196.33</ele>
      </trkpt>
      <trkpt lat="56.37122" lon="-4.65723">
        <ele>194.49</ele>
      </trkpt>
      <trkpt lat="56.37133" lon="-4.65719">
        <ele>193.43</ele>
      </trkpt>
      <trkpt lat="56.37139" lon="-4.65713">
        <ele>193.7</ele>
      </trkpt>
      <trkpt lat="56.37153" lon="-4.65695">
        <ele>200.0</ele>
      </trkpt>
      <trkpt lat="56.37179" lon="-4.65679">
        <ele>204.24</ele>
      </trkpt>
      <trkpt lat="56.3719" lon="-4.65679">
        <ele>206.84</ele>
      </trkpt>
      <trkpt lat="56.3722" lon="-4.65689">
        <ele>214.31</ele>
      </trkpt>
      <trkpt lat="56.37254" lon="-4.65657">
        <ele>217.19</ele>
      </trkpt>
      <trkpt lat="56.37276" lon="-4.65616">
        <ele>218.02</ele>
      </trkpt>
      <trkpt lat="56.37286" lon="-4.65602">
        <ele>216.59</ele>
      </trkpt>
      <trkpt lat="56.37306" lon="-4.65583">
        <ele>212.98</ele>
      </trkpt>
      <trkpt lat="56.37336" lon="-4.65529">
        <ele>207.56</ele>
      </trkpt>
      <trkpt lat="56.37363" lon="-4.65493">
        <ele>212.85</ele>
      </trkpt>
      <trkpt lat="56.37379" lon="-4.6548">
        <ele>213.16</ele>
      </trkpt>
      <trkpt lat="56.37419" lon="-4.65466">
        <ele>214.74</ele>
      </trkpt>
      <trkpt lat="56.37429" lon="-4.65458">
        <ele>212.41</ele>
      </trkpt>
      <trkpt lat="56.37472" lon="-4.65401">
        <ele>207.9</ele>
      </trkpt>
      <trkpt lat="56.37539" lon="-4.6534">
        <ele>208.08</ele>
      </trkpt>
      <trkpt lat="56.37552" lon="-4.65325">
        <ele>207.65</ele>
      </trkpt>
      <trkpt lat="56.37573" lon="-4.65295">
        <ele>207.75</ele>
      </trkpt>
      <trkpt lat="56.37576" lon="-4.65291">
        <ele>208.33</ele>
      </trkpt>
      <trkpt lat="56.37614" lon="-4.65223">
        <ele>219.41</ele>
      </trkpt>
      <trkpt lat="56.37629" lon="-4.65189">
        <ele>214.73</ele>
      </trkpt>
      <trkpt lat="56.37635" lon="-4.65181">
        <ele>213.8</ele>
      </trkpt>
      <trkpt lat="56.37645" lon="-4.65174">
        <ele>213.88</ele>
      </trkpt>
      <trkpt lat="56.37655" lon="-4.65173">
        <ele>214.78</ele>
      </trkpt>
      <trkpt lat="56.3767" lon="-4.65175">
        <ele>216.98</ele>
      </trkpt>
      <trkpt lat="56.3768" lon="-4.6518">
        <ele>219.61</ele>
      </trkpt>
      <trkpt lat="56.37715" lon="-4.65208">
        <ele>219.78</ele>
      </trkpt>
      <trkpt lat="56.37726" lon="-4.65211">
        <ele>220.09</ele>
      </trkpt>
      <trkpt lat="56.37757" lon="-4.65195">
        <ele>228.01</ele>
      </trkpt>
      <trkpt lat="56.37791" lon="-4.65187">
        <ele>234.87</ele>
      </trkpt>
      <trkpt lat="56.37802" lon="-4.65181">
        <ele>236.77</ele>
      </trkpt>
      <trkpt lat="56.37808" lon="-4.65175">
        <ele>236.04</ele>
      </trkpt>
      <trkpt lat="56.37835" lon="-4.65134">
        <ele>227.15</ele>
      </trkpt>
      <trkpt lat="56.37867" lon="-4.65096">
        <ele>221.71</ele>
      </trkpt>
      <trkpt lat="56.37894" lon="-4.65055">
        <ele>220.39</ele>
      </trkpt>
      <trkpt lat="56.37903" lon="-4.65045">
        <ele>221.4</ele>
      </trkpt>
      <trkpt lat="56.3791" lon="-4.65042">
        <ele>222.01</ele>
      </trkpt>
      <trkpt lat="56.37927" lon="-4.65045">
        <ele>221.32</ele>
      </trkpt>
      <trkpt lat="56.37935" lon="-4.65043">
        <ele>220.71</ele>
      </trkpt>
      <trkpt lat="56.37942" lon="-4.65038">
        <ele>220.71</ele>
      </trkpt>
      <trkpt lat="56.37977" lon="-4.65002">
        <ele>222.26</ele>
      </trkpt>
      <trkpt lat="56.3798" lon="-4.64999">
        <ele>222.03</ele>
      </trkpt>
      <trkpt lat="56.37997" lon="-4.64977">
        <ele>222.0</ele>
      </trkpt>
      <trkpt lat="56.38009" lon="-4.64967">
        <ele>224.94</ele>
      </trkpt>
      <trkpt lat="56.38039" lon="-4.64921">
        <ele>226.42</ele>
      </trkpt>
      <trkpt lat="56.38058" lon="-4.64902">
        <ele>230.12</ele>
      </trkpt>
      <trkpt lat="56.38084" lon="-4.64881">
        <ele>230.79</ele>
      </trkpt>
      <trkpt lat="56.38163" lon="-4.64807">
        <ele>234.13</ele>
      </trkpt>
      <trkpt lat="56.38174" lon="-4.64792">
        <ele>238.4</ele>
      </trkpt>
      <trkpt lat="56.38179" lon="-4.6478">
        <ele>241.08</ele>
      </trkpt>
      <trkpt lat="56.38184" lon="-4.64746">
        <ele>244.21</ele>
      </trkpt>
      <trkpt lat="56.38187" lon="-4.64733">
        <ele>242.56</ele>
      </trkpt>
      <trkpt lat="56.38225" lon="-4.64658">
        <ele>236.64</ele>
      </trkpt>
      <trkpt lat="56.38262" lon="-4.64593">
        <ele>236.65</ele>
      </trkpt>
      <trkpt lat="56.38289" lon="-4.64562">
        <ele>232.97</ele>
      </trkpt>
      <trkpt lat="56.38299" lon="-4.64551">
        <ele>234.47</ele>
      </trkpt>
      <trkpt lat="56.3831" lon="-4.64537">
        <ele>235.74</ele>
      </trkpt>
      <trkpt lat="56.3832" lon="-4.64532">
        <ele>236.69</ele>
      </trkpt>
      <trkpt lat="56.3833" lon="-4.64531">
        <ele>238.07</ele>
      </trkpt>
      <trkpt lat="56.38349" lon="-4.64534">
        <ele>241.11</ele>
      </trkpt>
      <trkpt lat="56.38362" lon="-4.64531">
        <ele>243.59</ele>
      </trkpt>
      <trkpt lat="56.38373" lon="-4.64521">
        <ele>247.39</ele>
      </trkpt>
      <trkpt lat="56.38419" lon="-4.64422">
        <ele>245.36</ele>
      </trkpt>
      <trkpt lat="56.38421" lon="-4.64409">
        <ele>245.5</ele>
      </trkpt>
      <trkpt lat="56.38422" lon="-4.64405">
        <ele>245.71</ele>
      </trkpt>
      <trkpt lat="56.38425" lon="-4.64402">
        <ele>246.51</ele>
      </trkpt>
      <trkpt lat="56.38427" lon="-4.644">
        <ele>246.98</ele>
      </trkpt>
      <trkpt lat="56.38428" lon="-4.64396">
        <ele>246.97</ele>
      </trkpt>
      <trkpt lat="56.38434" lon="-4.64374">
        <ele>247.21</ele>
      </trkpt>
      <trkpt lat="56.38441" lon="-4.64311">
        <ele>245.27</ele>
      </trkpt>
      <trkpt lat="56.38448" lon="-4.64284">
        <ele>242.9</ele>
      </trkpt>
      <trkpt lat="56.38459" lon="-4.64226">
        <ele>240.97</ele>
      </trkpt>
      <trkpt lat="56.38489" lon="-4.64137">
        <ele>246.45</ele>
      </trkpt>
      <trkpt lat="56.38497" lon="-4.64118">
        <ele>246.18</ele>
      </trkpt>
      <trkpt lat="56.38508" lon="-4.64098">
        <ele>247.86</ele>
      </trkpt>
      <trkpt lat="56.38531" lon="-4.64035">
        <ele>245.26</ele>
      </trkpt>
      <trkpt lat="56.38539" lon="-4.63993">
        <ele>245.33</ele>
      </trkpt>
      <trkpt lat="56.38544" lon="-4.63973">
        <ele>247.62</ele>
      </trkpt>
      <trkpt lat="56.38567" lon="-4.63915">
        <ele>248.6</ele>
      </trkpt>
      <trkpt lat="56.38571" lon="-4.63889">
        <ele>245.58</ele>
      </trkpt>
      <trkpt lat="56.38572" lon="-4.63852">
        <ele>238.7</ele>
      </trkpt>
      <trkpt lat="56.38571" lon="-4.63822">
        <ele>233.23</ele>
      </trkpt>
      <trkpt lat="56.38563" lon="-4.6377">
        <ele>235.22</ele>
      </trkpt>
      <trkpt lat="56.38565" lon="-4.63745">
        <ele>239.1</ele>
      </trkpt>
      <trkpt lat="56.38573" lon="-4.63682">
        <ele>244.17</ele>
      </trkpt>
      <trkpt lat="56.38581" lon="-4.63659">
        <ele>245.11</ele>
      </trkpt>
      <trkpt lat="56.38594" lon="-4.6363">
        <ele>241.67</ele>
      </trkpt>
      <trkpt lat="56.38643" lon="-4.63534">
        <ele>250.27</ele>
      </trkpt>
      <trkpt lat="56.38662" lon="-4.6351">
        <ele>253.14</ele>
      </trkpt>
      <trkpt lat="56.38704" lon="-4.63483">
        <ele>259.71</ele>
      </trkpt>
      <trkpt lat="56.38721" lon="-4.63476">
        <ele>261.42</ele>
      </trkpt>
      <trkpt lat="56.38737" lon="-4.63459">
        <ele>258.98</ele>
      </trkpt>
      <trkpt lat="56.38751" lon="-4.63449">
        <ele>257.01</ele>
      </trkpt>
      <trkpt lat="56.38804" lon="-4.63421">
        <ele>253.06</ele>
      </trkpt>
      <trkpt lat="56.38817" lon="-4.63409">
        <ele>248.17</ele>
      </trkpt>
      <trkpt lat="56.38839" lon="-4.63381">
        <ele>244.16</ele>
      </trkpt>
      <trkpt lat="56.38848" lon="-4.63374">
        <ele>246.74</ele>
      </trkpt>
      <trkpt lat="56.38869" lon="-4.63368">
        <ele>251.53</ele>
      </trkpt>
      <trkpt lat="56.38891" lon="-4.63366">
        <ele>256.74</ele>
      </trkpt>
      <trkpt lat="56.38899" lon="-4.6336">
        <ele>259.14</ele>
      </trkpt>
      <trkpt lat="56.38907" lon="-4.63349">
        <ele>259.86</ele>
      </trkpt>
      <trkpt lat="56.38907" lon="-4.63349">
        <ele>259.86</ele>
      </trkpt>
      <trkpt lat="56.38911" lon="-4.63344">
        <ele>259.97</ele>
      </trkpt>
      <trkpt lat="56.38929" lon="-4.63294">
        <ele>260.61</ele>
      </trkpt>
      <trkpt lat="56.38939" lon="-4.63281">
        <ele>262.64</ele>
      </trkpt>
      <trkpt lat="56.3896" lon="-4.63264">
        <ele>262.83</ele>
      </trkpt>
      <trkpt lat="56.38962" lon="-4.63264">
        <ele>263.19</ele>
      </trkpt>
      <trkpt lat="56.38967" lon="-4.63278">
        <ele>268.14</ele>
      </trkpt>
      <trkpt lat="56.38998" lon="-4.63302">
        <ele>277.84</ele>
      </trkpt>
      <trkpt lat="56.39009" lon="-4.63306">
        <ele>279.43</ele>
      </trkpt>
      <trkpt lat="56.39027" lon="-4.63306">
        <ele>280.13</ele>
      </trkpt>
      <trkpt lat="56.39033" lon="-4.63309">
        <ele>281.29</ele>
      </trkpt>
      <trkpt lat="56.39048" lon="-4.63321">
        <ele>283.86</ele>
      </trkpt>
      <trkpt lat="56.39057" lon="-4.63321">
        <ele>283.29</ele>
      </trkpt>
      <trkpt lat="56.39072" lon="-4.63314">
        <ele>283.45</ele>
      </trkpt>
      <trkpt lat="56.39097" lon="-4.63309">
        <ele>289.29</ele>
      </trkpt>
      <trkpt lat="56.39108" lon="-4.63308">
        <ele>293.54</ele>
      </trkpt>
      <trkpt lat="56.3912" lon="-4.63314">
        <ele>293.2</ele>
      </trkpt>
      <trkpt lat="56.39127" lon="-4.63325">
        <ele>292.21</ele>
      </trkpt>
      <trkpt lat="56.39137" lon="-4.63353">
        <ele>292.56</ele>
      </trkpt>
      <trkpt lat="56.39146" lon="-4.6337">
        <ele>291.26</ele>
      </trkpt>
      <trkpt lat="56.39152" lon="-4.63385">
        <ele>290.83</ele>
      </trkpt>
      <trkpt lat="56.39153" lon="-4.63397">
        <ele>291.99</ele>
      </trkpt>
      <trkpt lat="56.39154" lon="-4.63428">
        <ele>294.71</ele>
      </trkpt>
      <trkpt lat="56.39149" lon="-4.63473">
        <ele>296.32</ele>
      </trkpt>
      <trkpt lat="56.39149" lon="-4.63502">
        <ele>301.37</ele>
      </trkpt>
      <trkpt lat="56.39151" lon="-4.63537">
        <ele>304.22</ele>
      </trkpt>
      <trkpt lat="56.39149" lon="-4.63576">
        <ele>306.43</ele>
      </trkpt>
      <trkpt lat="56.3915" lon="-4.63603">
        <ele>309.32</ele>
      </trkpt>
      <trkpt lat="56.39156" lon="-4.6364">
        <ele>311.16</ele>
      </trkpt>
      <trkpt lat="56.39173" lon="-4.63711">
        <ele>312.82</ele>
      </trkpt>
      <trkpt lat="56.3919" lon="-4.63765">
        <ele>319.07</ele>
      </trkpt>
      <trkpt lat="56.39203" lon="-4.63813">
        <ele>320.58</ele>
      </trkpt>
      <trkpt lat="56.39208" lon="-4.63856">
        <ele>322.46</ele>
      </trkpt>
      <trkpt lat="56.39212" lon="-4.63863">
        <ele>322.92</ele>
      </trkpt>
      <trkpt lat="56.39218" lon="-4.63868">
        <ele>323.58</ele>
      </trkpt>
      <trkpt lat="56.3925" lon="-4.63879">
        <ele>318.71</ele>
      </trkpt>
      <trkpt lat="56.3926" lon="-4.63887">
        <ele>315.21</ele>
      </trkpt>
      <trkpt lat="56.39265" lon="-4.63898">
        <ele>313.38</ele>
      </trkpt>
      <trkpt lat="56.39268" lon="-4.63916">
        <ele>312.13</ele>
      </trkpt>
      <trkpt lat="56.39263" lon="-4.63958">
        <ele>312.36</ele>
      </trkpt>
      <trkpt lat="56.39261" lon="-4.64014">
        <ele>316.22</ele>
      </trkpt>
      <trkpt lat="56.3926" lon="-4.64059">
        <ele>322.57</ele>
      </trkpt>
      <trkpt lat="56.39264" lon="-4.64086">
        <ele>326.82</ele>
      </trkpt>
      <trkpt lat="56.39275" lon="-4.6412">
        <ele>329.1</ele>
      </trkpt>
      <trkpt lat="56.39285" lon="-4.64146">
        <ele>331.38</ele>
      </trkpt>
      <trkpt lat="56.39293" lon="-4.6416">
        <ele>331.07</ele>
      </trkpt>
      <trkpt lat="56.39312" lon="-4.64179">
        <ele>326.85</ele>
      </trkpt>
      <trkpt lat="56.39326" lon="-4.64189">
        <ele>324.64</ele>
      </trkpt>
      <trkpt lat="56.39332" lon="-4.64197">
        <ele>324.68</ele>
      </trkpt>
      <trkpt lat="56.39332" lon="-4.64197">
        <ele>324.68</ele>
      </trkpt>
      <trkpt lat="56.39332" lon="-4.64197">
        <ele>324.68</ele>
      </trkpt>
      <trkpt lat="56.39337" lon="-4.64211">
        <ele>324.93</ele>
      </trkpt>
      <trkpt lat="56.39351" lon="-4.6431">
        <ele>347.58</ele>
      </trkpt>
      <trkpt lat="56.39357" lon="-4.64344">
        <ele>356.04</ele>
      </trkpt>
      <trkpt lat="56.39361" lon="-4.64418">
        <ele>352.11</ele>
      </trkpt>
      <trkpt lat="56.39357" lon="-4.64501">
        <ele>342.95</ele>
      </trkpt>
      <trkpt lat="56.39351" lon="-4.64546">
        <ele>341.71</ele>
      </trkpt>
      <trkpt lat="56.39351" lon="-4.64581">
        <ele>342.04</ele>
      </trkpt>
      <trkpt lat="56.39354" lon="-4.646">
        <ele>342.65</ele>
      </trkpt>
      <trkpt lat="56.3936" lon="-4.64624">
        <ele>349.7</ele>
      </trkpt>
      <trkpt lat="56.39378" lon="-4.6467">
        <ele>344.77</ele>
      </trkpt>
      <trkpt lat="56.39389" lon="-4.64719">
        <ele>334.21</ele>
      </trkpt>
      <trkpt lat="56.39405" lon="-4.64763">
        <ele>327.24</ele>
      </trkpt>
      <trkpt lat="56.39416" lon="-4.64802">
        <ele>321.37</ele>
      </trkpt>
      <trkpt lat="56.39425" lon="-4.64817">
        <ele>320.56</ele>
      </trkpt>
      <trkpt lat="56.39436" lon="-4.64824">
        <ele>319.35</ele>
      </trkpt>
      <trkpt lat="56.39442" lon="-4.64833">
        <ele>318.36</ele>
      </trkpt>
      <trkpt lat="56.39446" lon="-4.64845">
        <ele>317.72</ele>
      </trkpt>
      <trkpt lat="56.39448" lon="-4.64868">
        <ele>317.44</ele>
      </trkpt>
      <trkpt lat="56.39449" lon="-4.64886">
        <ele>317.93</ele>
      </trkpt>
      <trkpt lat="56.39439" lon="-4.64966">
        <ele>320.96</ele>
      </trkpt>
      <trkpt lat="56.39439" lon="-4.64995">
        <ele>316.88</ele>
      </trkpt>
      <trkpt lat="56.39441" lon="-4.65009">
        <ele>314.4</ele>
      </trkpt>
      <trkpt lat="56.39445" lon="-4.65023">
        <ele>311.52</ele>
      </trkpt>
      <trkpt lat="56.39453" lon="-4.65035">
        <ele>308.18</ele>
      </trkpt>
      <trkpt lat="56.39453" lon="-4.65035">
        <ele>308.18</ele>
      </trkpt>
      <trkpt lat="56.39455" lon="-4.65036">
        <ele>307.59</ele>
      </trkpt>
      <trkpt lat="56.39459" lon="-4.65037">
        <ele>306.49</ele>
      </trkpt>
      <trkpt lat="56.39465" lon="-4.65039">
        <ele>304.87</ele>
      </trkpt>
      <trkpt lat="56.39469" lon="-4.65042">
        <ele>303.81</ele>
      </trkpt>
      <trkpt lat="56.39473" lon="-4.65046">
        <ele>302.93</ele>
      </trkpt>
      <trkpt lat="56.39479" lon="-4.65046">
        <ele>302.35</ele>
      </trkpt>
      <trkpt lat="56.39484" lon="-4.65044">
        <ele>301.9</ele>
      </trkpt>
      <trkpt lat="56.39489" lon="-4.65042">
        <ele>301.48</ele>
      </trkpt>
      <trkpt lat="56.39494" lon="-4.6504">
        <ele>301.09</ele>
      </trkpt>
      <trkpt lat="56.39498" lon="-4.6504">
        <ele>300.74</ele>
      </trkpt>
      <trkpt lat="56.39504" lon="-4.65041">
        <ele>300.24</ele>
      </trkpt>
      <trkpt lat="56.39508" lon="-4.65043">
        <ele>299.85</ele>
      </trkpt>
      <trkpt lat="56.39513" lon="-4.65047">
        <ele>299.19</ele>
      </trkpt>
      <trkpt lat="56.39517" lon="-4.65052">
        <ele>298.45</ele>
      </trkpt>
      <trkpt lat="56.39521" lon="-4.65057">
        <ele>297.69</ele>
      </trkpt>
      <trkpt lat="56.39525" lon="-4.65062">
        <ele>297.23</ele>
      </trkpt>
      <trkpt lat="56.39529" lon="-4.65067">
        <ele>297.09</ele>
      </trkpt>
      <trkpt lat="56.39533" lon="-4.65072">
        <ele>297.38</ele>
      </trkpt>
      <trkpt lat="56.39537" lon="-4.65077">
        <ele>297.66</ele>
      </trkpt>
      <trkpt lat="56.39541" lon="-4.65083">
        <ele>297.95</ele>
      </trkpt>
      <trkpt lat="56.39545" lon="-4.65089">
        <ele>297.75</ele>
      </trkpt>
      <trkpt lat="56.39549" lon="-4.65093">
        <ele>297.75</ele>
      </trkpt>
      <trkpt lat="56.39549" lon="-4.65093">
        <ele>297.75</ele>
      </trkpt>
      <trkpt lat="56.39549" lon="-4.65095">
        <ele>297.59</ele>
      </trkpt>
      <trkpt lat="56.39554" lon="-4.65097">
        <ele>297.88</ele>
      </trkpt>
      <trkpt lat="56.39558" lon="-4.651">
        <ele>297.01</ele>
      </trkpt>
      <trkpt lat="56.39563" lon="-4.651">
        <ele>295.39</ele>
      </trkpt>
      <trkpt lat="56.39568" lon="-4.65098">
        <ele>294.4</ele>
      </trkpt>
      <trkpt lat="56.39573" lon="-4.65098">
        <ele>292.97</ele>
      </trkpt>
      <trkpt lat="56.39578" lon="-4.65101">
        <ele>290.02</ele>
      </trkpt>
      <trkpt lat="56.39582" lon="-4.65104">
        <ele>286.89</ele>
      </trkpt>
      <trkpt lat="56.39586" lon="-4.65109">
        <ele>282.74</ele>
      </trkpt>
      <trkpt lat="56.3959" lon="-4.65114">
        <ele>280.46</ele>
      </trkpt>
      <trkpt lat="56.39593" lon="-4.65119">
        <ele>279.31</ele>
      </trkpt>
      <trkpt lat="56.39597" lon="-4.65125">
        <ele>277.79</ele>
      </trkpt>
      <trkpt lat="56.39601" lon="-4.65131">
        <ele>276.22</ele>
      </trkpt>
      <trkpt lat="56.39606" lon="-4.65136">
        <ele>274.5</ele>
      </trkpt>
      <trkpt lat="56.3961" lon="-4.65138">
        <ele>273.37</ele>
      </trkpt>
      <trkpt lat="56.39615" lon="-4.65139">
        <ele>272.0</ele>
      </trkpt>
      <trkpt lat="56.3962" lon="-4.65139">
        <ele>270.74</ele>
      </trkpt>
      <trkpt lat="56.39625" lon="-4.6514">
        <ele>269.32</ele>
      </trkpt>
      <trkpt lat="56.3963" lon="-4.6514">
        <ele>268.08</ele>
      </trkpt>
      <trkpt lat="56.39635" lon="-4.6514">
        <ele>266.84</ele>
      </trkpt>
      <trkpt lat="56.39641" lon="-4.6514">
        <ele>265.51</ele>
      </trkpt>
      <trkpt lat="56.39645" lon="-4.65143">
        <ele>264.55</ele>
      </trkpt>
      <trkpt lat="56.3965" lon="-4.65146">
        <ele>263.54</ele>
      </trkpt>
      <trkpt lat="56.39654" lon="-4.65149">
        <ele>262.78</ele>
      </trkpt>
      <trkpt lat="56.39658" lon="-4.65154">
        <ele>262.05</ele>
      </trkpt>
      <trkpt lat="56.39662" lon="-4.65157">
        <ele>261.51</ele>
      </trkpt>
      <trkpt lat="56.39665" lon="-4.65159">
        <ele>261.17</ele>
      </trkpt>
      <trkpt lat="56.39666" lon="-4.65157">
        <ele>261.07</ele>
      </trkpt>
      <trkpt lat="56.3967" lon="-4.65159">
        <ele>261.23</ele>
      </trkpt>
      <trkpt lat="56.39675" lon="-4.65158">
        <ele>261.53</ele>
      </trkpt>
      <trkpt lat="56.3968" lon="-4.65156">
        <ele>261.7</ele>
      </trkpt>
      <trkpt lat="56.39685" lon="-4.65152">
        <ele>261.59</ele>
      </trkpt>
      <trkpt lat="56.3969" lon="-4.65149">
        <ele>261.38</ele>
      </trkpt>
      <trkpt lat="56.39695" lon="-4.65146">
        <ele>260.98</ele>
      </trkpt>
      <trkpt lat="56.39699" lon="-4.65147">
        <ele>260.84</ele>
      </trkpt>
      <trkpt lat="56.39702" lon="-4.65154">
        <ele>261.63</ele>
      </trkpt>
      <trkpt lat="56.39702" lon="-4.65163">
        <ele>262.93</ele>
      </trkpt>
      <trkpt lat="56.39701" lon="-4.65171">
        <ele>263.53</ele>
      </trkpt>
      <trkpt lat="56.397" lon="-4.6518">
        <ele>263.6</ele>
      </trkpt>
      <trkpt lat="56.39701" lon="-4.65188">
        <ele>263.53</ele>
      </trkpt>
      <trkpt lat="56.39702" lon="-4.65194">
        <ele>263.46</ele>
      </trkpt>
      <trkpt lat="56.39704" lon="-4.65197">
        <ele>263.28</ele>
      </trkpt>
      <trkpt lat="56.39708" lon="-4.65199">
        <ele>262.94</ele>
      </trkpt>
      <trkpt lat="56.39735" lon="-4.65186">
        <ele>260.16</ele>
      </trkpt>
      <trkpt lat="56.39738" lon="-4.65182">
        <ele>259.73</ele>
      </trkpt>
      <trkpt lat="56.39742" lon="-4.65176">
        <ele>259.15</ele>
      </trkpt>
      <trkpt lat="56.39745" lon="-4.6517">
        <ele>258.72</ele>
      </trkpt>
      <trkpt lat="56.39746" lon="-4.65161">
        <ele>258.46</ele>
      </trkpt>
      <trkpt lat="56.39748" lon="-4.65153">
        <ele>258.15</ele>
      </trkpt>
      <trkpt lat="56.39749" lon="-4.65145">
        <ele>258.03</ele>
      </trkpt>
      <trkpt lat="56.39751" lon="-4.65137">
        <ele>257.93</ele>
      </trkpt>
      <trkpt lat="56.39754" lon="-4.65129">
        <ele>257.71</ele>
      </trkpt>
      <trkpt lat="56.39758" lon="-4.65123">
        <ele>257.42</ele>
      </trkpt>
      <trkpt lat="56.39762" lon="-4.65118">
        <ele>257.14</ele>
      </trkpt>
      <trkpt lat="56.39767" lon="-4.65117">
        <ele>256.78</ele>
      </trkpt>
      <trkpt lat="56.39772" lon="-4.65117">
        <ele>256.42</ele>
      </trkpt>
      <trkpt lat="56.39777" lon="-4.65119">
        <ele>256.06</ele>
      </trkpt>
      <trkpt lat="56.39781" lon="-4.65121">
        <ele>255.81</ele>
      </trkpt>
      <trkpt lat="56.39786" lon="-4.65123">
        <ele>255.53</ele>
      </trkpt>
      <trkpt lat="56.39792" lon="-4.65125">
        <ele>255.23</ele>
      </trkpt>
      <trkpt lat="56.39797" lon="-4.65126">
        <ele>254.99</ele>
      </trkpt>
      <trkpt lat="56.39802" lon="-4.65127">
        <ele>254.75</ele>
      </trkpt>
      <trkpt lat="56.39807" lon="-4.65129">
        <ele>254.37</ele>
      </trkpt>
      <trkpt lat="56.39812" lon="-4.6513">
        <ele>253.45</ele>
      </trkpt>
      <trkpt lat="56.39817" lon="-4.6513">
        <ele>252.49</ele>
      </trkpt>
      <trkpt lat="56.39817" lon="-4.6513">
        <ele>252.49</ele>
      </trkpt>
      <trkpt lat="56.39818" lon="-4.6513">
        <ele>252.3</ele>
      </trkpt>
      <trkpt lat="56.39824" lon="-4.65132">
        <ele>251.27</ele>
      </trkpt>
      <trkpt lat="56.39829" lon="-4.65132">
        <ele>250.32</ele>
      </trkpt>
      <trkpt lat="56.39834" lon="-4.65132">
        <ele>249.56</ele>
      </trkpt>
      <trkpt lat="56.3984" lon="-4.6513">
        <ele>249.85</ele>
      </trkpt>
      <trkpt lat="56.39845" lon="-4.65128">
        <ele>249.98</ele>
      </trkpt>
      <trkpt lat="56.39849" lon="-4.65123">
        <ele>249.58</ele>
      </trkpt>
      <trkpt lat="56.39852" lon="-4.65116">
        <ele>248.71</ele>
      </trkpt>
      <trkpt lat="56.39857" lon="-4.65113">
        <ele>248.31</ele>
      </trkpt>
      <trkpt lat="56.39861" lon="-4.65115">
        <ele>248.7</ele>
      </trkpt>
      <trkpt lat="56.39866" lon="-4.6512">
        <ele>250.02</ele>
      </trkpt>
      <trkpt lat="56.39871" lon="-4.65125">
        <ele>251.21</ele>
      </trkpt>
      <trkpt lat="56.39875" lon="-4.6513">
        <ele>252.22</ele>
      </trkpt>
      <trkpt lat="56.3988" lon="-4.65135">
        <ele>253.17</ele>
      </trkpt>
      <trkpt lat="56.39884" lon="-4.6514">
        <ele>254.0</ele>
      </trkpt>
      <trkpt lat="56.39889" lon="-4.65146">
        <ele>255.29</ele>
      </trkpt>
      <trkpt lat="56.39893" lon="-4.65153">
        <ele>256.99</ele>
      </trkpt>
      <trkpt lat="56.39896" lon="-4.65161">
        <ele>258.9</ele>
      </trkpt>
      <trkpt lat="56.39899" lon="-4.65168">
        <ele>260.46</ele>
      </trkpt>
      <trkpt lat="56.39902" lon="-4.65175">
        <ele>260.78</ele>
      </trkpt>
      <trkpt lat="56.39905" lon="-4.65182">
        <ele>260.82</ele>
      </trkpt>
      <trkpt lat="56.39909" lon="-4.65189">
        <ele>260.59</ele>
      </trkpt>
      <trkpt lat="56.39912" lon="-4.65197">
        <ele>260.09</ele>
      </trkpt>
      <trkpt lat="56.39915" lon="-4.65203">
        <ele>259.77</ele>
      </trkpt>
      <trkpt lat="56.39918" lon="-4.6521">
        <ele>259.27</ele>
      </trkpt>
      <trkpt lat="56.39921" lon="-4.65217">
        <ele>258.69</ele>
      </trkpt>
      <trkpt lat="56.39925" lon="-4.65223">
        <ele>258.15</ele>
      </trkpt>
      <trkpt lat="56.39926" lon="-4.65226">
        <ele>258.22</ele>
      </trkpt>
      <trkpt lat="56.39948" lon="-4.65247">
        <ele>257.39</ele>
      </trkpt>
      <trkpt lat="56.39949" lon="-4.65249">
        <ele>257.61</ele>
      </trkpt>
      <trkpt lat="56.39955" lon="-4.6525">
        <ele>258.52</ele>
      </trkpt>
      <trkpt lat="56.3996" lon="-4.65251">
        <ele>259.31</ele>
      </trkpt>
      <trkpt lat="56.39965" lon="-4.65252">
        <ele>260.1</ele>
      </trkpt>
      <trkpt lat="56.3997" lon="-4.65251">
        <ele>260.75</ele>
      </trkpt>
      <trkpt lat="56.39975" lon="-4.65249">
        <ele>260.92</ele>
      </trkpt>
      <trkpt lat="56.3998" lon="-4.65247">
        <ele>260.75</ele>
      </trkpt>
      <trkpt lat="56.39986" lon="-4.65246">
        <ele>260.64</ele>
      </trkpt>
      <trkpt lat="56.39991" lon="-4.65245">
        <ele>260.52</ele>
      </trkpt>
      <trkpt lat="56.39996" lon="-4.65244">
        <ele>260.38</ele>
      </trkpt>
      <trkpt lat="56.40001" lon="-4.65243">
        <ele>260.11</ele>
      </trkpt>
      <trkpt lat="56.40006" lon="-4.65242">
        <ele>259.33</ele>
      </trkpt>
      <trkpt lat="56.40011" lon="-4.65241">
        <ele>258.57</ele>
      </trkpt>
      <trkpt lat="56.40015" lon="-4.65238">
        <ele>257.78</ele>
      </trkpt>
      <trkpt lat="56.4002" lon="-4.65236">
        <ele>256.97</ele>
      </trkpt>
      <trkpt lat="56.40025" lon="-4.65233">
        <ele>256.11</ele>
      </trkpt>
      <trkpt lat="56.40029" lon="-4.65228">
        <ele>255.29</ele>
      </trkpt>
      <trkpt lat="56.40034" lon="-4.65223">
        <ele>254.39</ele>
      </trkpt>
      <trkpt lat="56.40038" lon="-4.65219">
        <ele>253.78</ele>
      </trkpt>
      <trkpt lat="56.40043" lon="-4.65216">
        <ele>253.13</ele>
      </trkpt>
      <trkpt lat="56.40047" lon="-4.65216">
        <ele>252.7</ele>
      </trkpt>
      <trkpt lat="56.40052" lon="-4.65219">
        <ele>252.27</ele>
      </trkpt>
      <trkpt lat="56.40056" lon="-4.65223">
        <ele>252.2</ele>
      </trkpt>
      <trkpt lat="56.40059" lon="-4.65228">
        <ele>253.47</ele>
      </trkpt>
      <trkpt lat="56.40113" lon="-4.65299">
        <ele>249.42</ele>
      </trkpt>
      <trkpt lat="56.40114" lon="-4.65302">
        <ele>249.35</ele>
      </trkpt>
      <trkpt lat="56.40119" lon="-4.65308">
        <ele>248.97</ele>
      </trkpt>
      <trkpt lat="56.40122" lon="-4.65314">
        <ele>249.32</ele>
      </trkpt>
      <trkpt lat="56.40126" lon="-4.65319">
        <ele>249.22</ele>
      </trkpt>
      <trkpt lat="56.4013" lon="-4.65324">
        <ele>249.02</ele>
      </trkpt>
      <trkpt lat="56.40132" lon="-4.65331">
        <ele>249.44</ele>
      </trkpt>
      <trkpt lat="56.40134" lon="-4.65339">
        <ele>250.08</ele>
      </trkpt>
      <trkpt lat="56.40135" lon="-4.65347">
        <ele>251.02</ele>
      </trkpt>
      <trkpt lat="56.40137" lon="-4.65355">
        <ele>251.65</ele>
      </trkpt>
      <trkpt lat="56.40138" lon="-4.6536">
        <ele>252.09</ele>
      </trkpt>
      <trkpt lat="56.40141" lon="-4.65363">
        <ele>251.83</ele>
      </trkpt>
      <trkpt lat="56.40145" lon="-4.65367">
        <ele>251.67</ele>
      </trkpt>
      <trkpt lat="56.4017" lon="-4.65367">
        <ele>247.6</ele>
      </trkpt>
      <trkpt lat="56.4018" lon="-4.65371">
        <ele>248.6</ele>
      </trkpt>
      <trkpt lat="56.4019" lon="-4.65379">
        <ele>249.48</ele>
      </trkpt>
      <trkpt lat="56.40214" lon="-4.6541">
        <ele>251.58</ele>
      </trkpt>
      <trkpt lat="56.4027" lon="-4.65467">
        <ele>264.78</ele>
      </trkpt>
      <trkpt lat="56.40281" lon="-4.65469">
        <ele>265.45</ele>
      </trkpt>
      <trkpt lat="56.40295" lon="-4.65456">
        <ele>263.7</ele>
      </trkpt>
      <trkpt lat="56.40309" lon="-4.6545">
        <ele>262.16</ele>
      </trkpt>
      <trkpt lat="56.40318" lon="-4.65451">
        <ele>259.97</ele>
      </trkpt>
      <trkpt lat="56.40344" lon="-4.65467">
        <ele>253.96</ele>
      </trkpt>
      <trkpt lat="56.40357" lon="-4.65471">
        <ele>250.25</ele>
      </trkpt>
      <trkpt lat="56.40372" lon="-4.6547">
        <ele>247.65</ele>
      </trkpt>
      <trkpt lat="56.4038" lon="-4.65472">
        <ele>246.31</ele>
      </trkpt>
      <trkpt lat="56.40385" lon="-4.65477">
        <ele>245.73</ele>
      </trkpt>
      <trkpt lat="56.40395" lon="-4.65491">
        <ele>245.82</ele>
      </trkpt>
      <trkpt lat="56.404" lon="-4.65502">
        <ele>246.69</ele>
      </trkpt>
      <trkpt lat="56.4041" lon="-4.65535">
        <ele>252.11</ele>
      </trkpt>
      <trkpt lat="56.40416" lon="-4.65543">
        <ele>253.23</ele>
      </trkpt>
      <trkpt lat="56.40443" lon="-4.65559">
        <ele>253.12</ele>
      </trkpt>
      <trkpt lat="56.40448" lon="-4.65568">
        <ele>252.67</ele>
      </trkpt>
      <trkpt lat="56.40462" lon="-4.65613">
        <ele>251.74</ele>
      </trkpt>
      <trkpt lat="56.40464" lon="-4.65618">
        <ele>251.59</ele>
      </trkpt>
      <trkpt lat="56.40475" lon="-4.65647">
        <ele>250.85</ele>
      </trkpt>
      <trkpt lat="56.40486" lon="-4.65667">
        <ele>249.07</ele>
      </trkpt>
      <trkpt lat="56.40528" lon="-4.65717">
        <ele>246.59</ele>
      </trkpt>
      <trkpt lat="56.40538" lon="-4.65724">
        <ele>245.79</ele>
      </trkpt>
      <trkpt lat="56.40573" lon="-4.65734">
        <ele>243.13</ele>
      </trkpt>
      <trkpt lat="56.40585" lon="-4.65732">
        <ele>241.61</ele>
      </trkpt>
      <trkpt lat="56.40597" lon="-4.65725">
        <ele>241.93</ele>
      </trkpt>
      <trkpt lat="56.40611" lon="-4.65723">
        <ele>243.13</ele>
      </trkpt>
      <trkpt lat="56.40649" lon="-4.65736">
        <ele>242.15</ele>
      </trkpt>
      <trkpt lat="56.40669" lon="-4.65732">
        <ele>237.88</ele>
      </trkpt>
      <trkpt lat="56.40701" lon="-4.65712">
        <ele>232.75</ele>
      </trkpt>
      <trkpt lat="56.40715" lon="-4.65707">
        <ele>232.02</ele>
      </trkpt>
      <trkpt lat="56.40726" lon="-4.65709">
        <ele>231.84</ele>
      </trkpt>
      <trkpt lat="56.40732" lon="-4.65714">
        <ele>231.81</ele>
      </trkpt>
      <trkpt lat="56.40747" lon="-4.6573">
        <ele>230.78</ele>
      </trkpt>
      <trkpt lat="56.40811" lon="-4.65778">
        <ele>210.21</ele>
      </trkpt>
      <trkpt lat="56.40823" lon="-4.65795">
        <ele>214.86</ele>
      </trkpt>
      <trkpt lat="56.40826" lon="-4.65806">
        <ele>216.74</ele>
      </trkpt>
      <trkpt lat="56.40826" lon="-4.6584">
        <ele>220.88</ele>
      </trkpt>
      <trkpt lat="56.40829" lon="-4.65858">
        <ele>222.72</ele>
      </trkpt>
      <trkpt lat="56.4085" lon="-4.65908">
        <ele>229.24</ele>
      </trkpt>
      <trkpt lat="56.40852" lon="-4.65916">
        <ele>230.54</ele>
      </trkpt>
      <trkpt lat="56.40866" lon="-4.65929">
        <ele>228.98</ele>
      </trkpt>
      <trkpt lat="56.40871" lon="-4.65929">
        <ele>227.48</ele>
      </trkpt>
      <trkpt lat="56.40876" lon="-4.6593">
        <ele>225.96</ele>
      </trkpt>
      <trkpt lat="56.40881" lon="-4.65935">
        <ele>224.23</ele>
      </trkpt>
      <trkpt lat="56.40885" lon="-4.65943">
        <ele>222.48</ele>
      </trkpt>
      <trkpt lat="56.40886" lon="-4.65951">
        <ele>223.36</ele>
      </trkpt>
      <trkpt lat="56.40888" lon="-4.6596">
        <ele>224.61</ele>
      </trkpt>
      <trkpt lat="56.40889" lon="-4.65968">
        <ele>226.07</ele>
      </trkpt>
      <trkpt lat="56.4089" lon="-4.65977">
        <ele>227.64</ele>
      </trkpt>
      <trkpt lat="56.40891" lon="-4.65985">
        <ele>228.82</ele>
      </trkpt>
      <trkpt lat="56.4089" lon="-4.65993">
        <ele>230.45</ele>
      </trkpt>
      <trkpt lat="56.4089" lon="-4.66001">
        <ele>231.79</ele>
      </trkpt>
      <trkpt lat="56.40887" lon="-4.6601">
        <ele>233.24</ele>
      </trkpt>
      <trkpt lat="56.40885" lon="-4.66017">
        <ele>234.08</ele>
      </trkpt>
      <trkpt lat="56.40882" lon="-4.66024">
        <ele>234.91</ele>
      </trkpt>
      <trkpt lat="56.4088" lon="-4.66032">
        <ele>235.73</ele>
      </trkpt>
      <trkpt lat="56.40876" lon="-4.66041">
        <ele>236.67</ele>
      </trkpt>
      <trkpt lat="56.40874" lon="-4.66048">
        <ele>237.33</ele>
      </trkpt>
      <trkpt lat="56.4087" lon="-4.66052">
        <ele>237.7</ele>
      </trkpt>
      <trkpt lat="56.40869" lon="-4.66058">
        <ele>238.02</ele>
      </trkpt>
      <trkpt lat="56.40867" lon="-4.66083">
        <ele>238.21</ele>
      </trkpt>
      <trkpt lat="56.4087" lon="-4.6611">
        <ele>238.36</ele>
      </trkpt>
      <trkpt lat="56.40875" lon="-4.66122">
        <ele>238.39</ele>
      </trkpt>
      <trkpt lat="56.40882" lon="-4.66132">
        <ele>237.49</ele>
      </trkpt>
      <trkpt lat="56.40902" lon="-4.66158">
        <ele>231.13</ele>
      </trkpt>
      <trkpt lat="56.40923" lon="-4.6619">
        <ele>226.42</ele>
      </trkpt>
      <trkpt lat="56.40935" lon="-4.66203">
        <ele>226.2</ele>
      </trkpt>
      <trkpt lat="56.40944" lon="-4.66206">
        <ele>225.46</ele>
      </trkpt>
      <trkpt lat="56.40955" lon="-4.66201">
        <ele>224.19</ele>
      </trkpt>
      <trkpt lat="56.40962" lon="-4.66192">
        <ele>223.1</ele>
      </trkpt>
      <trkpt lat="56.40976" lon="-4.6616">
        <ele>221.49</ele>
      </trkpt>
      <trkpt lat="56.40984" lon="-4.66135">
        <ele>219.26</ele>
      </trkpt>
      <trkpt lat="56.40992" lon="-4.66119">
        <ele>216.5</ele>
      </trkpt>
      <trkpt lat="56.41024" lon="-4.66075">
        <ele>207.21</ele>
      </trkpt>
      <trkpt lat="56.41037" lon="-4.66049">
        <ele>202.6</ele>
      </trkpt>
      <trkpt lat="56.41056" lon="-4.66017">
        <ele>192.15</ele>
      </trkpt>
      <trkpt lat="56.41067" lon="-4.65989">
        <ele>188.46</ele>
      </trkpt>
      <trkpt lat="56.41071" lon="-4.65986">
        <ele>187.72</ele>
      </trkpt>
      <trkpt lat="56.41076" lon="-4.65984">
        <ele>186.86</ele>
      </trkpt>
      <trkpt lat="56.4108" lon="-4.65983">
        <ele>186.19</ele>
      </trkpt>
      <trkpt lat="56.41085" lon="-4.6598">
        <ele>186.12</ele>
      </trkpt>
      <trkpt lat="56.4109" lon="-4.65978">
        <ele>187.42</ele>
      </trkpt>
      <trkpt lat="56.41095" lon="-4.65979">
        <ele>188.59</ele>
      </trkpt>
      <trkpt lat="56.41099" lon="-4.6598">
        <ele>189.51</ele>
      </trkpt>
      <trkpt lat="56.41104" lon="-4.65982">
        <ele>190.59</ele>
      </trkpt>
      <trkpt lat="56.41109" lon="-4.65985">
        <ele>191.58</ele>
      </trkpt>
      <trkpt lat="56.41113" lon="-4.65988">
        <ele>191.74</ele>
      </trkpt>
      <trkpt lat="56.41117" lon="-4.6599">
        <ele>191.36</ele>
      </trkpt>
      <trkpt lat="56.41121" lon="-4.65995">
        <ele>190.88</ele>
      </trkpt>
      <trkpt lat="56.41124" lon="-4.66001">
        <ele>190.54</ele>
      </trkpt>
      <trkpt lat="56.41128" lon="-4.66006">
        <ele>190.39</ele>
      </trkpt>
      <trkpt lat="56.41128" lon="-4.66008">
        <ele>190.39</ele>
      </trkpt>
      <trkpt lat="56.41133" lon="-4.66015">
        <ele>190.21</ele>
      </trkpt>
      <trkpt lat="56.41139" lon="-4.66015">
        <ele>189.98</ele>
      </trkpt>
      <trkpt lat="56.41145" lon="-4.6601">
        <ele>188.84</ele>
      </trkpt>
      <trkpt lat="56.41158" lon="-4.65989">
        <ele>185.05</ele>
      </trkpt>
      <trkpt lat="56.41174" lon="-4.65977">
        <ele>181.52</ele>
      </trkpt>
      <trkpt lat="56.41183" lon="-4.65965">
        <ele>180.53</ele>
      </trkpt>
      <trkpt lat="56.41192" lon="-4.65977">
        <ele>181.52</ele>
      </trkpt>
      <trkpt lat="56.412" lon="-4.65988">
        <ele>182.08</ele>
      </trkpt>
      <trkpt lat="56.41223" lon="-4.66011">
        <ele>179.84</ele>
      </trkpt>
      <trkpt lat="56.41227" lon="-4.66015">
        <ele>179.06</ele>
      </trkpt>
      <trkpt lat="56.41232" lon="-4.66018">
        <ele>178.12</ele>
      </trkpt>
      <trkpt lat="56.41235" lon="-4.66023">
        <ele>177.62</ele>
      </trkpt>
      <trkpt lat="56.41239" lon="-4.66027">
        <ele>176.96</ele>
      </trkpt>
      <trkpt lat="56.41243" lon="-4.66032">
        <ele>176.79</ele>
      </trkpt>
      <trkpt lat="56.41247" lon="-4.66037">
        <ele>176.8</ele>
      </trkpt>
      <trkpt lat="56.41251" lon="-4.66043">
        <ele>176.98</ele>
      </trkpt>
      <trkpt lat="56.41253" lon="-4.6605">
        <ele>177.55</ele>
      </trkpt>
      <trkpt lat="56.41255" lon="-4.66058">
        <ele>178.22</ele>
      </trkpt>
      <trkpt lat="56.41259" lon="-4.66064">
        <ele>178.16</ele>
      </trkpt>
      <trkpt lat="56.41262" lon="-4.6607">
        <ele>178.42</ele>
      </trkpt>
      <trkpt lat="56.41266" lon="-4.66076">
        <ele>178.6</ele>
      </trkpt>
      <trkpt lat="56.4127" lon="-4.66082">
        <ele>178.91</ele>
      </trkpt>
      <trkpt lat="56.41275" lon="-4.6609">
        <ele>179.55</ele>
      </trkpt>
      <trkpt lat="56.41277" lon="-4.66094">
        <ele>180.01</ele>
      </trkpt>
      <trkpt lat="56.4131" lon="-4.66116">
        <ele>177.38</ele>
      </trkpt>
      <trkpt lat="56.41314" lon="-4.66122">
        <ele>177.96</ele>
      </trkpt>
      <trkpt lat="56.41319" lon="-4.66127">
        <ele>178.32</ele>
      </trkpt>
      <trkpt lat="56.41323" lon="-4.66132">
        <ele>178.75</ele>
      </trkpt>
      <trkpt lat="56.41327" lon="-4.66136">
        <ele>179.04</ele>
      </trkpt>
      <trkpt lat="56.41331" lon="-4.6614">
        <ele>179.21</ele>
      </trkpt>
      <trkpt lat="56.41336" lon="-4.66144">
        <ele>178.72</ele>
      </trkpt>
      <trkpt lat="56.4134" lon="-4.66147">
        <ele>178.16</ele>
      </trkpt>
      <trkpt lat="56.41344" lon="-4.66151">
        <ele>177.68</ele>
      </trkpt>
      <trkpt lat="56.41348" lon="-4.66155">
        <ele>177.25</ele>
      </trkpt>
      <trkpt lat="56.41353" lon="-4.66159">
        <ele>176.7</ele>
      </trkpt>
      <trkpt lat="56.41357" lon="-4.66162">
        <ele>176.28</ele>
      </trkpt>
      <trkpt lat="56.41363" lon="-4.66167">
        <ele>175.69</ele>
      </trkpt>
      <trkpt lat="56.41367" lon="-4.66169">
        <ele>175.16</ele>
      </trkpt>
      <trkpt lat="56.41368" lon="-4.66169">
        <ele>174.97</ele>
      </trkpt>
      <trkpt lat="56.41384" lon="-4.66161">
        <ele>171.64</ele>
      </trkpt>
      <trkpt lat="56.41404" lon="-4.66155">
        <ele>167.72</ele>
      </trkpt>
      <trkpt lat="56.4145" lon="-4.66214">
        <ele>169.15</ele>
      </trkpt>
      <trkpt lat="56.41473" lon="-4.6625">
        <ele>168.89</ele>
      </trkpt>
      <trkpt lat="56.41474" lon="-4.66251">
        <ele>168.71</ele>
      </trkpt>
      <trkpt lat="56.41506" lon="-4.66296">
        <ele>166.9</ele>
      </trkpt>
      <trkpt lat="56.4151" lon="-4.66302">
        <ele>167.35</ele>
      </trkpt>
      <trkpt lat="56.41515" lon="-4.66306">
        <ele>167.48</ele>
      </trkpt>
      <trkpt lat="56.41519" lon="-4.66309">
        <ele>167.44</ele>
      </trkpt>
      <trkpt lat="56.41523" lon="-4.66314">
        <ele>167.48</ele>
      </trkpt>
      <trkpt lat="56.41527" lon="-4.66317">
        <ele>167.44</ele>
      </trkpt>
      <trkpt lat="56.41532" lon="-4.66318">
        <ele>166.91</ele>
      </trkpt>
      <trkpt lat="56.41535" lon="-4.66311">
        <ele>166.21</ele>
      </trkpt>
      <trkpt lat="56.41539" lon="-4.66306">
        <ele>165.41</ele>
      </trkpt>
      <trkpt lat="56.41543" lon="-4.66303">
        <ele>164.72</ele>
      </trkpt>
      <trkpt lat="56.41548" lon="-4.663">
        <ele>163.89</ele>
      </trkpt>
      <trkpt lat="56.41552" lon="-4.66301">
        <ele>163.35</ele>
      </trkpt>
      <trkpt lat="56.41557" lon="-4.66303">
        <ele>162.85</ele>
      </trkpt>
      <trkpt lat="56.41562" lon="-4.66301">
        <ele>162.57</ele>
      </trkpt>
      <trkpt lat="56.41566" lon="-4.66299">
        <ele>162.3</ele>
      </trkpt>
      <trkpt lat="56.41582" lon="-4.66303">
        <ele>161.87</ele>
      </trkpt>
      <trkpt lat="56.41587" lon="-4.66306">
        <ele>161.78</ele>
      </trkpt>
      <trkpt lat="56.41592" lon="-4.6631">
        <ele>161.71</ele>
      </trkpt>
      <trkpt lat="56.41596" lon="-4.66313">
        <ele>161.53</ele>
      </trkpt>
      <trkpt lat="56.416" lon="-4.66318">
        <ele>161.34</ele>
      </trkpt>
      <trkpt lat="56.41602" lon="-4.66325">
        <ele>161.34</ele>
      </trkpt>
      <trkpt lat="56.41603" lon="-4.6633">
        <ele>161.35</ele>
      </trkpt>
      <trkpt lat="56.41604" lon="-4.66331">
        <ele>161.22</ele>
      </trkpt>
      <trkpt lat="56.41611" lon="-4.66335">
        <ele>160.14</ele>
      </trkpt>
      <trkpt lat="56.41616" lon="-4.66332">
        <ele>160.71</ele>
      </trkpt>
      <trkpt lat="56.41617" lon="-4.66328">
        <ele>160.89</ele>
      </trkpt>
      <trkpt lat="56.41634" lon="-4.66284">
        <ele>163.62</ele>
      </trkpt>
      <trkpt lat="56.4164" lon="-4.66274">
        <ele>163.53</ele>
      </trkpt>
      <trkpt lat="56.41652" lon="-4.66258">
        <ele>162.26</ele>
      </trkpt>
      <trkpt lat="56.41676" lon="-4.66229">
        <ele>162.84</ele>
      </trkpt>
      <trkpt lat="56.41694" lon="-4.66211">
        <ele>166.32</ele>
      </trkpt>
      <trkpt lat="56.41706" lon="-4.66204">
        <ele>167.2</ele>
      </trkpt>
      <trkpt lat="56.41755" lon="-4.66187">
        <ele>164.16</ele>
      </trkpt>
      <trkpt lat="56.41768" lon="-4.6618">
        <ele>162.9</ele>
      </trkpt>
      <trkpt lat="56.41781" lon="-4.66165">
        <ele>162.66</ele>
      </trkpt>
      <trkpt lat="56.41804" lon="-4.66125">
        <ele>160.92</ele>
      </trkpt>
      <trkpt lat="56.41856" lon="-4.6608">
        <ele>161.04</ele>
      </trkpt>
      <trkpt lat="56.41871" lon="-4.66063">
        <ele>163.58</ele>
      </trkpt>
      <trkpt lat="56.41877" lon="-4.66059">
        <ele>163.91</ele>
      </trkpt>
      <trkpt lat="56.41881" lon="-4.66061">
        <ele>163.97</ele>
      </trkpt>
      <trkpt lat="56.41887" lon="-4.6607">
        <ele>164.38</ele>
      </trkpt>
      <trkpt lat="56.41893" lon="-4.66089">
        <ele>165.97</ele>
      </trkpt>
      <trkpt lat="56.41905" lon="-4.66102">
        <ele>168.27</ele>
      </trkpt>
      <trkpt lat="56.41936" lon="-4.6611">
        <ele>171.99</ele>
      </trkpt>
      <trkpt lat="56.41948" lon="-4.66106">
        <ele>178.22</ele>
      </trkpt>
      <trkpt lat="56.41953" lon="-4.6611">
        <ele>178.6</ele>
      </trkpt>
      <trkpt lat="56.41954" lon="-4.6612">
        <ele>176.58</ele>
      </trkpt>
      <trkpt lat="56.41961" lon="-4.6615">
        <ele>174.64</ele>
      </trkpt>
      <trkpt lat="56.41969" lon="-4.66164">
        <ele>179.07</ele>
      </trkpt>
      <trkpt lat="56.41979" lon="-4.66171">
        <ele>183.01</ele>
      </trkpt>
      <trkpt lat="56.42025" lon="-4.66193">
        <ele>184.77</ele>
      </trkpt>
      <trkpt lat="56.42076" lon="-4.66222">
        <ele>168.55</ele>
      </trkpt>
      <trkpt lat="56.42094" lon="-4.66236">
        <ele>163.8</ele>
      </trkpt>
      <trkpt lat="56.42109" lon="-4.66254">
        <ele>156.85</ele>
      </trkpt>
      <trkpt lat="56.42119" lon="-4.66273">
        <ele>155.39</ele>
      </trkpt>
      <trkpt lat="56.4215" lon="-4.66354">
        <ele>158.85</ele>
      </trkpt>
      <trkpt lat="56.4216" lon="-4.66374">
        <ele>162.86</ele>
      </trkpt>
      <trkpt lat="56.42175" lon="-4.66393">
        <ele>164.38</ele>
      </trkpt>
      <trkpt lat="56.42196" lon="-4.66417">
        <ele>161.63</ele>
      </trkpt>
      <trkpt lat="56.42216" lon="-4.66445">
        <ele>170.53</ele>
      </trkpt>
      <trkpt lat="56.42243" lon="-4.66502">
        <ele>166.8</ele>
      </trkpt>
      <trkpt lat="56.42267" lon="-4.66577">
        <ele>155.45</ele>
      </trkpt>
      <trkpt lat="56.42302" lon="-4.6668">
        <ele>154.42</ele>
      </trkpt>
      <trkpt lat="56.42302" lon="-4.6668">
        <ele>154.42</ele>
      </trkpt>
      <trkpt lat="56.42302" lon="-4.6668">
        <ele>154.42</ele>
      </trkpt>
      <trkpt lat="56.42305" lon="-4.66688">
        <ele>154.92</ele>
      </trkpt>
      <trkpt lat="56.42344" lon="-4.66815">
        <ele>162.12</ele>
      </trkpt>
      <trkpt lat="56.4235" lon="-4.66826">
        <ele>161.72</ele>
      </trkpt>
      <trkpt lat="56.42358" lon="-4.66833">
        <ele>161.13</ele>
      </trkpt>
      <trkpt lat="56.42382" lon="-4.66856">
        <ele>159.63</ele>
      </trkpt>
      <trkpt lat="56.42393" lon="-4.66871">
        <ele>157.89</ele>
      </trkpt>
      <trkpt lat="56.42418" lon="-4.66912">
        <ele>146.14</ele>
      </trkpt>
      <trkpt lat="56.42463" lon="-4.67011">
        <ele>159.58</ele>
      </trkpt>
      <trkpt lat="56.42473" lon="-4.67041">
        <ele>162.96</ele>
      </trkpt>
      <trkpt lat="56.42481" lon="-4.67069">
        <ele>167.24</ele>
      </trkpt>
      <trkpt lat="56.42483" lon="-4.67077">
        <ele>168.39</ele>
      </trkpt>
      <trkpt lat="56.42485" lon="-4.67089">
        <ele>169.71</ele>
      </trkpt>
      <trkpt lat="56.42489" lon="-4.67105">
        <ele>170.74</ele>
      </trkpt>
      <trkpt lat="56.42484" lon="-4.67117">
        <ele>171.42</ele>
      </trkpt>
      <trkpt lat="56.4248" lon="-4.67128">
        <ele>172.22</ele>
      </trkpt>
      <trkpt lat="56.42456" lon="-4.67205">
        <ele>179.92</ele>
      </trkpt>
      <trkpt lat="56.42447" lon="-4.67225">
        <ele>181.86</ele>
      </trkpt>
      <trkpt lat="56.42408" lon="-4.6729">
        <ele>201.61</ele>
      </trkpt>
      <trkpt lat="56.42402" lon="-4.673">
        <ele>203.35</ele>
      </trkpt>
      <trkpt lat="56.42372" lon="-4.67343">
        <ele>211.11</ele>
      </trkpt>
      <trkpt lat="56.42349" lon="-4.6738">
        <ele>207.85</ele>
      </trkpt>
      <trkpt lat="56.42334" lon="-4.67408">
        <ele>200.19</ele>
      </trkpt>
      <trkpt lat="56.42327" lon="-4.6743">
        <ele>195.87</ele>
      </trkpt>
      <trkpt lat="56.42322" lon="-4.67451">
        <ele>193.0</ele>
      </trkpt>
      <trkpt lat="56.42321" lon="-4.6746">
        <ele>192.2</ele>
      </trkpt>
      <trkpt lat="56.4231" lon="-4.67541">
        <ele>180.9</ele>
      </trkpt>
      <trkpt lat="56.42308" lon="-4.6757">
        <ele>176.7</ele>
      </trkpt>
      <trkpt lat="56.42305" lon="-4.67613">
        <ele>174.95</ele>
      </trkpt>
      <trkpt lat="56.42302" lon="-4.6771">
        <ele>185.85</ele>
      </trkpt>
      <trkpt lat="56.42293" lon="-4.67715">
        <ele>184.38</ele>
      </trkpt>
      <trkpt lat="56.42279" lon="-4.67733">
        <ele>178.86</ele>
      </trkpt>
      <trkpt lat="56.42273" lon="-4.67753">
        <ele>171.85</ele>
      </trkpt>
      <trkpt lat="56.42272" lon="-4.6777">
        <ele>171.94</ele>
      </trkpt>
      <trkpt lat="56.42271" lon="-4.6779">
        <ele>170.79</ele>
      </trkpt>
      <trkpt lat="56.42272" lon="-4.67819">
        <ele>168.44</ele>
      </trkpt>
      <trkpt lat="56.42277" lon="-4.67844">
        <ele>166.35</ele>
      </trkpt>
      <trkpt lat="56.4228" lon="-4.6785">
        <ele>166.1</ele>
      </trkpt>
      <trkpt lat="56.42258" lon="-4.67964">
        <ele>170.4</ele>
      </trkpt>
      <trkpt lat="56.42236" lon="-4.68059">
        <ele>169.47</ele>
      </trkpt>
      <trkpt lat="56.42233" lon="-4.68087">
        <ele>170.25</ele>
      </trkpt>
      <trkpt lat="56.42232" lon="-4.68114">
        <ele>171.62</ele>
      </trkpt>
      <trkpt lat="56.42235" lon="-4.6817">
        <ele>174.52</ele>
      </trkpt>
      <trkpt lat="56.42239" lon="-4.68204">
        <ele>176.6</ele>
      </trkpt>
      <trkpt lat="56.42263" lon="-4.68356">
        <ele>177.25</ele>
      </trkpt>
      <trkpt lat="56.42264" lon="-4.68364">
        <ele>176.84</ele>
      </trkpt>
      <trkpt lat="56.42296" lon="-4.6842">
        <ele>173.58</ele>
      </trkpt>
      <trkpt lat="56.42285" lon="-4.68472">
        <ele>174.21</ele>
      </trkpt>
      <trkpt lat="56.42283" lon="-4.68477">
        <ele>174.89</ele>
      </trkpt>
      <trkpt lat="56.42282" lon="-4.68509">
        <ele>177.56</ele>
      </trkpt>
      <trkpt lat="56.42282" lon="-4.68556">
        <ele>177.67</ele>
      </trkpt>
      <trkpt lat="56.42286" lon="-4.6858">
        <ele>175.91</ele>
      </trkpt>
      <trkpt lat="56.42296" lon="-4.68614">
        <ele>172.55</ele>
      </trkpt>
      <trkpt lat="56.423" lon="-4.68632">
        <ele>171.2</ele>
      </trkpt>
      <trkpt lat="56.42305" lon="-4.68658">
        <ele>174.8</ele>
      </trkpt>
      <trkpt lat="56.42304" lon="-4.68692">
        <ele>167.62</ele>
      </trkpt>
      <trkpt lat="56.423" lon="-4.68761">
        <ele>168.35</ele>
      </trkpt>
      <trkpt lat="56.42285" lon="-4.68847">
        <ele>171.24</ele>
      </trkpt>
      <trkpt lat="56.42283" lon="-4.68926">
        <ele>172.46</ele>
      </trkpt>
      <trkpt lat="56.42288" lon="-4.6896">
        <ele>173.5</ele>
      </trkpt>
      <trkpt lat="56.42304" lon="-4.69012">
        <ele>174.68</ele>
      </trkpt>
      <trkpt lat="56.42334" lon="-4.69093">
        <ele>170.4</ele>
      </trkpt>
      <trkpt lat="56.4236" lon="-4.69173">
        <ele>169.59</ele>
      </trkpt>
      <trkpt lat="56.42368" lon="-4.69205">
        <ele>173.4</ele>
      </trkpt>
      <trkpt lat="56.42378" lon="-4.69221">
        <ele>177.0</ele>
      </trkpt>
      <trkpt lat="56.42396" lon="-4.6923">
        <ele>180.93</ele>
      </trkpt>
      <trkpt lat="56.42422" lon="-4.69224">
        <ele>185.46</ele>
      </trkpt>
      <trkpt lat="56.42427" lon="-4.69219">
        <ele>186.3</ele>
      </trkpt>
      <trkpt lat="56.42436" lon="-4.69221">
        <ele>188.77</ele>
      </trkpt>
      <trkpt lat="56.42453" lon="-4.69232">
        <ele>190.64</ele>
      </trkpt>
      <trkpt lat="56.42463" lon="-4.69239">
        <ele>190.41</ele>
      </trkpt>
      <trkpt lat="56.42488" lon="-4.69297">
        <ele>189.08</ele>
      </trkpt>
      <trkpt lat="56.42491" lon="-4.69302">
        <ele>188.84</ele>
      </trkpt>
      <trkpt lat="56.42491" lon="-4.69302">
        <ele>188.84</ele>
      </trkpt>
      <trkpt lat="56.425" lon="-4.69317">
        <ele>188.41</ele>
      </trkpt>
      <trkpt lat="56.42501" lon="-4.69326">
        <ele>188.65</ele>
      </trkpt>
      <trkpt lat="56.425" lon="-4.69329">
        <ele>188.84</ele>
      </trkpt>
      <trkpt lat="56.42496" lon="-4.69347">
        <ele>189.21</ele>
      </trkpt>
      <trkpt lat="56.42494" lon="-4.69358">
        <ele>189.41</ele>
      </trkpt>
      <trkpt lat="56.42487" lon="-4.69372">
        <ele>190.3</ele>
      </trkpt>
      <trkpt lat="56.42452" lon="-4.6939">
        <ele>194.32</ele>
      </trkpt>
      <trkpt lat="56.42447" lon="-4.69393">
        <ele>194.16</ele>
      </trkpt>
      <trkpt lat="56.42443" lon="-4.69399">
        <ele>192.85</ele>
      </trkpt>
      <trkpt lat="56.42427" lon="-4.69449">
        <ele>186.07</ele>
      </trkpt>
      <trkpt lat="56.42422" lon="-4.69461">
        <ele>185.92</ele>
      </trkpt>
      <trkpt lat="56.42418" lon="-4.69483">
        <ele>188.03</ele>
      </trkpt>
      <trkpt lat="56.42417" lon="-4.69496">
        <ele>190.29</ele>
      </trkpt>
      <trkpt lat="56.42423" lon="-4.69546">
        <ele>197.93</ele>
      </trkpt>
      <trkpt lat="56.42423" lon="-4.69565">
        <ele>198.56</ele>
      </trkpt>
      <trkpt lat="56.42418" lon="-4.69583">
        <ele>197.26</ele>
      </trkpt>
      <trkpt lat="56.42403" lon="-4.69617">
        <ele>192.2</ele>
      </trkpt>
      <trkpt lat="56.42397" lon="-4.69636">
        <ele>191.09</ele>
      </trkpt>
      <trkpt lat="56.42396" lon="-4.69639">
        <ele>190.99</ele>
      </trkpt>
      <trkpt lat="56.42392" lon="-4.6966">
        <ele>190.15</ele>
      </trkpt>
      <trkpt lat="56.42391" lon="-4.6968">
        <ele>189.96</ele>
      </trkpt>
      <trkpt lat="56.42393" lon="-4.6972">
        <ele>191.19</ele>
      </trkpt>
      <trkpt lat="56.42393" lon="-4.69739">
        <ele>192.77</ele>
      </trkpt>
      <trkpt lat="56.42391" lon="-4.69757">
        <ele>194.7</ele>
      </trkpt>
      <trkpt lat="56.42373" lon="-4.69811">
        <ele>200.16</ele>
      </trkpt>
      <trkpt lat="56.42378" lon="-4.6983">
        <ele>203.07</ele>
      </trkpt>
      <trkpt lat="56.4239" lon="-4.69827">
        <ele>206.01</ele>
      </trkpt>
      <trkpt lat="56.42405" lon="-4.69819">
        <ele>206.92</ele>
      </trkpt>
      <trkpt lat="56.42447" lon="-4.69809">
        <ele>202.58</ele>
      </trkpt>
      <trkpt lat="56.42458" lon="-4.69803">
        <ele>202.52</ele>
      </trkpt>
      <trkpt lat="56.42482" lon="-4.69806">
        <ele>199.91</ele>
      </trkpt>
      <trkpt lat="56.42496" lon="-4.69795">
        <ele>195.78</ele>
      </trkpt>
      <trkpt lat="56.42502" lon="-4.69795">
        <ele>194.53</ele>
      </trkpt>
      <trkpt lat="56.42509" lon="-4.69799">
        <ele>193.75</ele>
      </trkpt>
      <trkpt lat="56.42511" lon="-4.69806">
        <ele>194.06</ele>
      </trkpt>
      <trkpt lat="56.42513" lon="-4.69818">
        <ele>194.77</ele>
      </trkpt>
      <trkpt lat="56.42511" lon="-4.69878">
        <ele>197.44</ele>
      </trkpt>
      <trkpt lat="56.42515" lon="-4.69897">
        <ele>197.66</ele>
      </trkpt>
      <trkpt lat="56.4253" lon="-4.69958">
        <ele>203.38</ele>
      </trkpt>
      <trkpt lat="56.4255" lon="-4.69997">
        <ele>202.35</ele>
      </trkpt>
      <trkpt lat="56.42558" lon="-4.70009">
        <ele>201.94</ele>
      </trkpt>
      <trkpt lat="56.42574" lon="-4.70015">
        <ele>202.11</ele>
      </trkpt>
      <trkpt lat="56.42596" lon="-4.70011">
        <ele>201.04</ele>
      </trkpt>
      <trkpt lat="56.42606" lon="-4.70014">
        <ele>200.78</ele>
      </trkpt>
      <trkpt lat="56.4262" lon="-4.70028">
        <ele>200.06</ele>
      </trkpt>
      <trkpt lat="56.42636" lon="-4.70051">
        <ele>199.98</ele>
      </trkpt>
      <trkpt lat="56.42646" lon="-4.70062">
        <ele>199.37</ele>
      </trkpt>
      <trkpt lat="56.42652" lon="-4.70064">
        <ele>199.04</ele>
      </trkpt>
      <trkpt lat="56.42667" lon="-4.70063">
        <ele>198.25</ele>
      </trkpt>
      <trkpt lat="56.42691" lon="-4.7007">
        <ele>197.68</ele>
      </trkpt>
      <trkpt lat="56.42704" lon="-4.70078">
        <ele>196.56</ele>
      </trkpt>
      <trkpt lat="56.42721" lon="-4.70104">
        <ele>194.75</ele>
      </trkpt>
      <trkpt lat="56.4276" lon="-4.70134">
        <ele>201.76</ele>
      </trkpt>
      <trkpt lat="56.42784" lon="-4.70158">
        <ele>205.76</ele>
      </trkpt>
      <trkpt lat="56.42784" lon="-4.70158">
        <ele>205.76</ele>
      </trkpt>
      <trkpt lat="56.42784" lon="-4.70158">
        <ele>205.76</ele>
      </trkpt>
      <trkpt lat="56.42809" lon="-4.70173">
        <ele>208.52</ele>
      </trkpt>
      <trkpt lat="56.42834" lon="-4.70182">
        <ele>203.89</ele>
      </trkpt>
      <trkpt lat="56.42847" lon="-4.70193">
        <ele>203.08</ele>
      </trkpt>
      <trkpt lat="56.4286" lon="-4.70216">
        <ele>203.0</ele>
      </trkpt>
      <trkpt lat="56.42881" lon="-4.70276">
        <ele>201.3</ele>
      </trkpt>
      <trkpt lat="56.42889" lon="-4.70293">
        <ele>201.56</ele>
      </trkpt>
      <trkpt lat="56.42925" lon="-4.70328">
        <ele>204.73</ele>
      </trkpt>
      <trkpt lat="56.42937" lon="-4.70343">
        <ele>206.16</ele>
      </trkpt>
      <trkpt lat="56.42973" lon="-4.704">
        <ele>206.72</ele>
      </trkpt>
      <trkpt lat="56.42983" lon="-4.7041">
        <ele>206.85</ele>
      </trkpt>
      <trkpt lat="56.42992" lon="-4.70415">
        <ele>207.04</ele>
      </trkpt>
      <trkpt lat="56.43002" lon="-4.70424">
        <ele>208.41</ele>
      </trkpt>
      <trkpt lat="56.43024" lon="-4.70451">
        <ele>207.34</ele>
      </trkpt>
      <trkpt lat="56.43032" lon="-4.70467">
        <ele>209.02</ele>
      </trkpt>
      <trkpt lat="56.43047" lon="-4.70506">
        <ele>214.41</ele>
      </trkpt>
      <trkpt lat="56.43092" lon="-4.70567">
        <ele>225.97</ele>
      </trkpt>
      <trkpt lat="56.43108" lon="-4.70584">
        <ele>233.57</ele>
      </trkpt>
      <trkpt lat="56.43114" lon="-4.70596">
        <ele>232.75</ele>
      </trkpt>
      <trkpt lat="56.43127" lon="-4.70623">
        <ele>228.12</ele>
      </trkpt>
      <trkpt lat="56.43137" lon="-4.70652">
        <ele>226.05</ele>
      </trkpt>
      <trkpt lat="56.4315" lon="-4.70677">
        <ele>224.75</ele>
      </trkpt>
      <trkpt lat="56.43156" lon="-4.70693">
        <ele>223.94</ele>
      </trkpt>
      <trkpt lat="56.43168" lon="-4.70749">
        <ele>223.09</ele>
      </trkpt>
      <trkpt lat="56.43171" lon="-4.70758">
        <ele>223.84</ele>
      </trkpt>
      <trkpt lat="56.43177" lon="-4.70769">
        <ele>224.86</ele>
      </trkpt>
      <trkpt lat="56.43205" lon="-4.70814">
        <ele>226.06</ele>
      </trkpt>
      <trkpt lat="56.4324" lon="-4.70859">
        <ele>228.27</ele>
      </trkpt>
      <trkpt lat="56.43265" lon="-4.70881">
        <ele>226.24</ele>
      </trkpt>
      <trkpt lat="56.43293" lon="-4.709">
        <ele>223.67</ele>
      </trkpt>
      <trkpt lat="56.43318" lon="-4.70923">
        <ele>220.91</ele>
      </trkpt>
      <trkpt lat="56.43339" lon="-4.70953">
        <ele>218.7</ele>
      </trkpt>
      <trkpt lat="56.43364" lon="-4.70992">
        <ele>226.89</ele>
      </trkpt>
      <trkpt lat="56.43373" lon="-4.71013">
        <ele>227.61</ele>
      </trkpt>
      <trkpt lat="56.43375" lon="-4.71026">
        <ele>228.78</ele>
      </trkpt>
      <trkpt lat="56.43383" lon="-4.71122">
        <ele>226.48</ele>
      </trkpt>
      <trkpt lat="56.43385" lon="-4.71144">
        <ele>225.94</ele>
      </trkpt>
      <trkpt lat="56.43382" lon="-4.71166">
        <ele>226.23</ele>
      </trkpt>
      <trkpt lat="56.43383" lon="-4.71185">
        <ele>225.82</ele>
      </trkpt>
      <trkpt lat="56.4339" lon="-4.71193">
        <ele>224.01</ele>
      </trkpt>
      <trkpt lat="56.43404" lon="-4.71196">
        <ele>224.01</ele>
      </trkpt>
      <trkpt lat="56.43399" lon="-4.71204">
        <ele>226.48</ele>
      </trkpt>
      <trkpt lat="56.43397" lon="-4.71212">
        <ele>228.53</ele>
      </trkpt>
      <trkpt lat="56.43395" lon="-4.71221">
        <ele>230.45</ele>
      </trkpt>
      <trkpt lat="56.43394" lon="-4.71229">
        <ele>229.3</ele>
      </trkpt>
      <trkpt lat="56.43393" lon="-4.71237">
        <ele>227.6</ele>
      </trkpt>
      <trkpt lat="56.43394" lon="-4.71242">
        <ele>227.04</ele>
      </trkpt>
      <trkpt lat="56.43395" lon="-4.71248">
        <ele>226.32</ele>
      </trkpt>
      <trkpt lat="56.43401" lon="-4.71263">
        <ele>227.72</ele>
      </trkpt>
      <trkpt lat="56.43436" lon="-4.71362">
        <ele>229.08</ele>
      </trkpt>
      <trkpt lat="56.43437" lon="-4.71368">
        <ele>229.18</ele>
      </trkpt>
      <trkpt lat="56.43438" lon="-4.71373">
        <ele>229.33</ele>
      </trkpt>
      <trkpt lat="56.43437" lon="-4.71385">
        <ele>229.13</ele>
      </trkpt>
      <trkpt lat="56.43434" lon="-4.71395">
        <ele>228.84</ele>
      </trkpt>
      <trkpt lat="56.43426" lon="-4.71409">
        <ele>228.52</ele>
      </trkpt>
      <trkpt lat="56.43419" lon="-4.71422">
        <ele>229.22</ele>
      </trkpt>
      <trkpt lat="56.43421" lon="-4.71426">
        <ele>230.04</ele>
      </trkpt>
      <trkpt lat="56.43437" lon="-4.71418">
        <ele>230.99</ele>
      </trkpt>
      <trkpt lat="56.43443" lon="-4.71421">
        <ele>231.83</ele>
      </trkpt>
      <trkpt lat="56.43508" lon="-4.71437">
        <ele>238.44</ele>
      </trkpt>
      <trkpt lat="56.4357" lon="-4.71426">
        <ele>234.33</ele>
      </trkpt>
      <trkpt lat="56.43587" lon="-4.71439">
        <ele>231.54</ele>
      </trkpt>
      <trkpt lat="56.43644" lon="-4.71465">
        <ele>239.7</ele>
      </trkpt>
      <trkpt lat="56.43646" lon="-4.71466">
        <ele>239.94</ele>
      </trkpt>
      <trkpt lat="56.43651" lon="-4.71467">
        <ele>240.55</ele>
      </trkpt>
      <trkpt lat="56.43656" lon="-4.71467">
        <ele>241.2</ele>
      </trkpt>
      <trkpt lat="56.4366" lon="-4.71467">
        <ele>241.71</ele>
      </trkpt>
      <trkpt lat="56.43666" lon="-4.71467">
        <ele>242.48</ele>
      </trkpt>
      <trkpt lat="56.4367" lon="-4.71463">
        <ele>243.64</ele>
      </trkpt>
      <trkpt lat="56.43674" lon="-4.7146">
        <ele>244.67</ele>
      </trkpt>
      <trkpt lat="56.43679" lon="-4.71455">
        <ele>245.97</ele>
      </trkpt>
      <trkpt lat="56.43683" lon="-4.71452">
        <ele>246.86</ele>
      </trkpt>
      <trkpt lat="56.43687" lon="-4.71446">
        <ele>247.84</ele>
      </trkpt>
      <trkpt lat="56.4369" lon="-4.7144">
        <ele>247.58</ele>
      </trkpt>
      <trkpt lat="56.43693" lon="-4.71435">
        <ele>246.88</ele>
      </trkpt>
      <trkpt lat="56.43697" lon="-4.71428">
        <ele>244.73</ele>
      </trkpt>
      <trkpt lat="56.43699" lon="-4.71424">
        <ele>243.35</ele>
      </trkpt>
      <trkpt lat="56.43705" lon="-4.71421">
        <ele>241.16</ele>
      </trkpt>
      <trkpt lat="56.43714" lon="-4.71411">
        <ele>237.52</ele>
      </trkpt>
      <trkpt lat="56.43718" lon="-4.71413">
        <ele>236.69</ele>
      </trkpt>
      <trkpt lat="56.43744" lon="-4.71388">
        <ele>229.86</ele>
      </trkpt>
      <trkpt lat="56.43766" lon="-4.71371">
        <ele>227.89</ele>
      </trkpt>
      <trkpt lat="56.43787" lon="-4.71364">
        <ele>228.2</ele>
      </trkpt>
      <trkpt lat="56.43801" lon="-4.71364">
        <ele>231.07</ele>
      </trkpt>
      <trkpt lat="56.43831" lon="-4.7135">
        <ele>235.51</ele>
      </trkpt>
      <trkpt lat="56.43836" lon="-4.71348">
        <ele>235.82</ele>
      </trkpt>
      <trkpt lat="56.43849" lon="-4.7134">
        <ele>236.28</ele>
      </trkpt>
      <trkpt lat="56.43881" lon="-4.71313">
        <ele>241.5</ele>
      </trkpt>
      <trkpt lat="56.43912" lon="-4.71291">
        <ele>244.54</ele>
      </trkpt>
      <trkpt lat="56.43929" lon="-4.71279">
        <ele>247.18</ele>
      </trkpt>
      <trkpt lat="56.43956" lon="-4.71254">
        <ele>249.08</ele>
      </trkpt>
      <trkpt lat="56.43998" lon="-4.7121">
        <ele>256.02</ele>
      </trkpt>
      <trkpt lat="56.44046" lon="-4.71176">
        <ele>264.47</ele>
      </trkpt>
      <trkpt lat="56.44151" lon="-4.71103">
        <ele>255.38</ele>
      </trkpt>
      <trkpt lat="56.4417" lon="-4.71094">
        <ele>256.77</ele>
      </trkpt>
      <trkpt lat="56.44216" lon="-4.71093">
        <ele>267.11</ele>
      </trkpt>
      <trkpt lat="56.44254" lon="-4.71087">
        <ele>271.93</ele>
      </trkpt>
      <trkpt lat="56.44265" lon="-4.71091">
        <ele>274.57</ele>
      </trkpt>
      <trkpt lat="56.443" lon="-4.71109">
        <ele>295.08</ele>
      </trkpt>
      <trkpt lat="56.44317" lon="-4.71101">
        <ele>300.2</ele>
      </trkpt>
      <trkpt lat="56.44333" lon="-4.71077">
        <ele>306.13</ele>
      </trkpt>
      <trkpt lat="56.44333" lon="-4.71077">
        <ele>306.13</ele>
      </trkpt>
      <trkpt lat="56.44361" lon="-4.71049">
        <ele>314.65</ele>
      </trkpt>
      <trkpt lat="56.44419" lon="-4.71009">
        <ele>290.64</ele>
      </trkpt>
      <trkpt lat="56.44477" lon="-4.70969">
        <ele>280.92</ele>
      </trkpt>
      <trkpt lat="56.44508" lon="-4.70948">
        <ele>283.39</ele>
      </trkpt>
      <trkpt lat="56.44508" lon="-4.70948">
        <ele>283.39</ele>
      </trkpt>
      <trkpt lat="56.44508" lon="-4.70947">
        <ele>283.4</ele>
      </trkpt>
      <trkpt lat="56.44513" lon="-4.70946">
        <ele>284.34</ele>
      </trkpt>
      <trkpt lat="56.44519" lon="-4.70944">
        <ele>285.4</ele>
      </trkpt>
      <trkpt lat="56.44524" lon="-4.70942">
        <ele>286.22</ele>
      </trkpt>
      <trkpt lat="56.44529" lon="-4.7094">
        <ele>286.9</ele>
      </trkpt>
      <trkpt lat="56.44534" lon="-4.7094">
        <ele>287.14</ele>
      </trkpt>
      <trkpt lat="56.4454" lon="-4.7094">
        <ele>287.42</ele>
      </trkpt>
      <trkpt lat="56.44544" lon="-4.70943">
        <ele>287.59</ele>
      </trkpt>
      <trkpt lat="56.44549" lon="-4.70947">
        <ele>287.79</ele>
      </trkpt>
      <trkpt lat="56.44553" lon="-4.70951">
        <ele>287.93</ele>
      </trkpt>
      <trkpt lat="56.44557" lon="-4.70955">
        <ele>287.54</ele>
      </trkpt>
      <trkpt lat="56.44562" lon="-4.70957">
        <ele>285.93</ele>
      </trkpt>
      <trkpt lat="56.44567" lon="-4.70959">
        <ele>284.27</ele>
      </trkpt>
      <trkpt lat="56.44572" lon="-4.7096">
        <ele>282.6</ele>
      </trkpt>
      <trkpt lat="56.44578" lon="-4.70962">
        <ele>280.51</ele>
      </trkpt>
      <trkpt lat="56.44583" lon="-4.70963">
        <ele>278.78</ele>
      </trkpt>
      <trkpt lat="56.44588" lon="-4.70963">
        <ele>278.22</ele>
      </trkpt>
      <trkpt lat="56.44592" lon="-4.70963">
        <ele>277.83</ele>
      </trkpt>
      <trkpt lat="56.44595" lon="-4.70963">
        <ele>277.55</ele>
      </trkpt>
      <trkpt lat="56.446" lon="-4.70963">
        <ele>277.07</ele>
      </trkpt>
      <trkpt lat="56.44606" lon="-4.70962">
        <ele>276.5</ele>
      </trkpt>
      <trkpt lat="56.44611" lon="-4.70962">
        <ele>276.01</ele>
      </trkpt>
      <trkpt lat="56.44616" lon="-4.70962">
        <ele>276.99</ele>
      </trkpt>
      <trkpt lat="56.44622" lon="-4.70962">
        <ele>278.21</ele>
      </trkpt>
      <trkpt lat="56.44627" lon="-4.70961">
        <ele>279.2</ele>
      </trkpt>
      <trkpt lat="56.44627" lon="-4.70961">
        <ele>279.2</ele>
      </trkpt>
      <trkpt lat="56.44655" lon="-4.70947">
        <ele>282.31</ele>
      </trkpt>
      <trkpt lat="56.44732" lon="-4.70888">
        <ele>294.89</ele>
      </trkpt>
      <trkpt lat="56.44735" lon="-4.70887">
        <ele>293.99</ele>
      </trkpt>
      <trkpt lat="56.44741" lon="-4.70886">
        <ele>292.16</ele>
      </trkpt>
      <trkpt lat="56.44747" lon="-4.70884">
        <ele>290.46</ele>
      </trkpt>
      <trkpt lat="56.44753" lon="-4.70885">
        <ele>289.31</ele>
      </trkpt>
      <trkpt lat="56.44758" lon="-4.70884">
        <ele>289.24</ele>
      </trkpt>
      <trkpt lat="56.44763" lon="-4.70885">
        <ele>288.95</ele>
      </trkpt>
      <trkpt lat="56.44769" lon="-4.70885">
        <ele>288.74</ele>
      </trkpt>
      <trkpt lat="56.44775" lon="-4.70886">
        <ele>288.41</ele>
      </trkpt>
      <trkpt lat="56.4478" lon="-4.70887">
        <ele>288.56</ele>
      </trkpt>
      <trkpt lat="56.44786" lon="-4.70889">
        <ele>289.5</ele>
      </trkpt>
      <trkpt lat="56.44791" lon="-4.7089">
        <ele>290.6</ele>
      </trkpt>
      <trkpt lat="56.44796" lon="-4.70892">
        <ele>291.95</ele>
      </trkpt>
      <trkpt lat="56.44802" lon="-4.70895">
        <ele>293.82</ele>
      </trkpt>
      <trkpt lat="56.44806" lon="-4.70898">
        <ele>295.39</ele>
      </trkpt>
      <trkpt lat="56.44811" lon="-4.70901">
        <ele>297.14</ele>
      </trkpt>
      <trkpt lat="56.44815" lon="-4.70905">
        <ele>298.9</ele>
      </trkpt>
      <trkpt lat="56.4482" lon="-4.70907">
        <ele>300.34</ele>
      </trkpt>
      <trkpt lat="56.44821" lon="-4.70908">
        <ele>300.77</ele>
      </trkpt>
      <trkpt lat="56.44824" lon="-4.70909">
        <ele>301.57</ele>
      </trkpt>
      <trkpt lat="56.44829" lon="-4.70911">
        <ele>302.96</ele>
      </trkpt>
      <trkpt lat="56.44835" lon="-4.70912">
        <ele>303.9</ele>
      </trkpt>
      <trkpt lat="56.4484" lon="-4.70913">
        <ele>303.77</ele>
      </trkpt>
      <trkpt lat="56.44845" lon="-4.70914">
        <ele>303.53</ele>
      </trkpt>
      <trkpt lat="56.44851" lon="-4.70916">
        <ele>303.09</ele>
      </trkpt>
      <trkpt lat="56.44856" lon="-4.70916">
        <ele>302.58</ele>
      </trkpt>
      <trkpt lat="56.44861" lon="-4.70916">
        <ele>302.08</ele>
      </trkpt>
      <trkpt lat="56.44867" lon="-4.70915">
        <ele>303.41</ele>
      </trkpt>
      <trkpt lat="56.44872" lon="-4.70915">
        <ele>304.46</ele>
      </trkpt>
      <trkpt lat="56.44877" lon="-4.70915">
        <ele>305.51</ele>
      </trkpt>
      <trkpt lat="56.44882" lon="-4.70914">
        <ele>306.58</ele>
      </trkpt>
      <trkpt lat="56.44886" lon="-4.70914">
        <ele>307.41</ele>
      </trkpt>
      <trkpt lat="56.44891" lon="-4.70914">
        <ele>308.38</ele>
      </trkpt>
      <trkpt lat="56.44896" lon="-4.70914">
        <ele>309.29</ele>
      </trkpt>
      <trkpt lat="56.44901" lon="-4.70915">
        <ele>310.35</ele>
      </trkpt>
      <trkpt lat="56.44904" lon="-4.70916">
        <ele>311.13</ele>
      </trkpt>
      <trkpt lat="56.44912" lon="-4.70917">
        <ele>312.98</ele>
      </trkpt>
      <trkpt lat="56.44914" lon="-4.70916">
        <ele>313.21</ele>
      </trkpt>
      <trkpt lat="56.44922" lon="-4.70909">
        <ele>308.45</ele>
      </trkpt>
      <trkpt lat="56.44942" lon="-4.70886">
        <ele>296.74</ele>
      </trkpt>
      <trkpt lat="56.44943" lon="-4.70885">
        <ele>296.51</ele>
      </trkpt>
      <trkpt lat="56.44961" lon="-4.70863">
        <ele>298.04</ele>
      </trkpt>
      <trkpt lat="56.44974" lon="-4.70867">
        <ele>298.58</ele>
      </trkpt>
      <trkpt lat="56.45055" lon="-4.70904">
        <ele>306.47</ele>
      </trkpt>
      <trkpt lat="56.45061" lon="-4.70907">
        <ele>307.04</ele>
      </trkpt>
      <trkpt lat="56.45125" lon="-4.7092">
        <ele>304.74</ele>
      </trkpt>
      <trkpt lat="56.45172" lon="-4.70943">
        <ele>299.02</ele>
      </trkpt>
      <trkpt lat="56.45218" lon="-4.70957">
        <ele>304.73</ele>
      </trkpt>
      <trkpt lat="56.45257" lon="-4.70976">
        <ele>308.8</ele>
      </trkpt>
      <trkpt lat="56.45276" lon="-4.70983">
        <ele>307.2</ele>
      </trkpt>
      <trkpt lat="56.45341" lon="-4.70996">
        <ele>320.55</ele>
      </trkpt>
      <trkpt lat="56.45369" lon="-4.71012">
        <ele>321.97</ele>
      </trkpt>
      <trkpt lat="56.45408" lon="-4.71044">
        <ele>314.58</ele>
      </trkpt>
      <trkpt lat="56.45414" lon="-4.71051">
        <ele>314.77</ele>
      </trkpt>
      <trkpt lat="56.45426" lon="-4.71064">
        <ele>313.53</ele>
      </trkpt>
      <trkpt lat="56.45444" lon="-4.71073">
        <ele>315.44</ele>
      </trkpt>
      <trkpt lat="56.45464" lon="-4.71076">
        <ele>310.54</ele>
      </trkpt>
      <trkpt lat="56.4551" lon="-4.71081">
        <ele>307.2</ele>
      </trkpt>
      <trkpt lat="56.45553" lon="-4.71097">
        <ele>301.18</ele>
      </trkpt>
      <trkpt lat="56.4559" lon="-4.71104">
        <ele>298.58</ele>
      </trkpt>
      <trkpt lat="56.45617" lon="-4.71121">
        <ele>304.27</ele>
      </trkpt>
      <trkpt lat="56.45661" lon="-4.71139">
        <ele>308.59</ele>
      </trkpt>
      <trkpt lat="56.45674" lon="-4.71151">
        <ele>309.38</ele>
      </trkpt>
      <trkpt lat="56.45693" lon="-4.71173">
        <ele>311.12</ele>
      </trkpt>
      <trkpt lat="56.45705" lon="-4.71179">
        <ele>310.85</ele>
      </trkpt>
      <trkpt lat="56.45725" lon="-4.71181">
        <ele>309.57</ele>
      </trkpt>
      <trkpt lat="56.45769" lon="-4.7121">
        <ele>305.12</ele>
      </trkpt>
      <trkpt lat="56.45843" lon="-4.71233">
        <ele>307.43</ele>
      </trkpt>
      <trkpt lat="56.45903" lon="-4.71273">
        <ele>305.22</ele>
      </trkpt>
      <trkpt lat="56.45921" lon="-4.71282">
        <ele>307.86</ele>
      </trkpt>
      <trkpt lat="56.45964" lon="-4.71292">
        <ele>304.9</ele>
      </trkpt>
      <trkpt lat="56.45988" lon="-4.71302">
        <ele>303.5</ele>
      </trkpt>
      <trkpt lat="56.4601" lon="-4.7131">
        <ele>303.62</ele>
      </trkpt>
      <trkpt lat="56.46038" lon="-4.71312">
        <ele>307.43</ele>
      </trkpt>
      <trkpt lat="56.4606" lon="-4.71326">
        <ele>308.9</ele>
      </trkpt>
      <trkpt lat="56.46098" lon="-4.71335">
        <ele>312.14</ele>
      </trkpt>
      <trkpt lat="56.46137" lon="-4.7133">
        <ele>316.76</ele>
      </trkpt>
      <trkpt lat="56.46149" lon="-4.71331">
        <ele>317.29</ele>
      </trkpt>
      <trkpt lat="56.46163" lon="-4.71337">
        <ele>318.25</ele>
      </trkpt>
      <trkpt lat="56.46176" lon="-4.71339">
        <ele>320.43</ele>
      </trkpt>
      <trkpt lat="56.46188" lon="-4.71337">
        <ele>322.27</ele>
      </trkpt>
      <trkpt lat="56.46201" lon="-4.71341">
        <ele>323.95</ele>
      </trkpt>
      <trkpt lat="56.46217" lon="-4.71356">
        <ele>321.92</ele>
      </trkpt>
      <trkpt lat="56.46229" lon="-4.71364">
        <ele>319.56</ele>
      </trkpt>
      <trkpt lat="56.46242" lon="-4.71369">
        <ele>318.14</ele>
      </trkpt>
      <trkpt lat="56.4627" lon="-4.71369">
        <ele>317.93</ele>
      </trkpt>
      <trkpt lat="56.46316" lon="-4.71395">
        <ele>313.09</ele>
      </trkpt>
      <trkpt lat="56.46338" lon="-4.71418">
        <ele>311.54</ele>
      </trkpt>
      <trkpt lat="56.46356" lon="-4.71445">
        <ele>304.21</ele>
      </trkpt>
      <trkpt lat="56.46356" lon="-4.71445">
        <ele>304.21</ele>
      </trkpt>
      <trkpt lat="56.4637" lon="-4.71467">
        <ele>298.28</ele>
      </trkpt>
      <trkpt lat="56.46374" lon="-4.71483">
        <ele>295.09</ele>
      </trkpt>
      <trkpt lat="56.46378" lon="-4.71512">
        <ele>287.89</ele>
      </trkpt>
      <trkpt lat="56.46382" lon="-4.71525">
        <ele>283.88</ele>
      </trkpt>
      <trkpt lat="56.46386" lon="-4.71547">
        <ele>276.44</ele>
      </trkpt>
      <trkpt lat="56.46391" lon="-4.71585">
        <ele>279.09</ele>
      </trkpt>
      <trkpt lat="56.46392" lon="-4.71586">
        <ele>279.13</ele>
      </trkpt>
      <trkpt lat="56.46395" lon="-4.71589">
        <ele>279.31</ele>
      </trkpt>
      <trkpt lat="56.46437" lon="-4.71636">
        <ele>284.78</ele>
      </trkpt>
      <trkpt lat="56.46459" lon="-4.71647">
        <ele>284.34</ele>
      </trkpt>
      <trkpt lat="56.46471" lon="-4.7165">
        <ele>282.56</ele>
      </trkpt>
      <trkpt lat="56.46537" lon="-4.71651">
        <ele>269.78</ele>
      </trkpt>
      <trkpt lat="56.46592" lon="-4.71667">
        <ele>285.13</ele>
      </trkpt>
      <trkpt lat="56.46625" lon="-4.71667">
        <ele>300.62</ele>
      </trkpt>
      <trkpt lat="56.46657" lon="-4.71673">
        <ele>283.69</ele>
      </trkpt>
      <trkpt lat="56.4671" lon="-4.71688">
        <ele>255.91</ele>
      </trkpt>
      <trkpt lat="56.46734" lon="-4.71698">
        <ele>255.27</ele>
      </trkpt>
      <trkpt lat="56.46763" lon="-4.71715">
        <ele>257.13</ele>
      </trkpt>
      <trkpt lat="56.46809" lon="-4.71735">
        <ele>250.55</ele>
      </trkpt>
      <trkpt lat="56.46829" lon="-4.71747">
        <ele>250.07</ele>
      </trkpt>
      <trkpt lat="56.46859" lon="-4.71774">
        <ele>248.75</ele>
      </trkpt>
      <trkpt lat="56.46878" lon="-4.71801">
        <ele>240.78</ele>
      </trkpt>
      <trkpt lat="56.46893" lon="-4.71815">
        <ele>241.64</ele>
      </trkpt>
      <trkpt lat="56.46912" lon="-4.71828">
        <ele>239.81</ele>
      </trkpt>
      <trkpt lat="56.46927" lon="-4.7183">
        <ele>238.17</ele>
      </trkpt>
      <trkpt lat="56.46956" lon="-4.71823">
        <ele>240.36</ele>
      </trkpt>
      <trkpt lat="56.47219" lon="-4.71906">
        <ele>236.17</ele>
      </trkpt>
      <trkpt lat="56.47317" lon="-4.71921">
        <ele>228.76</ele>
      </trkpt>
      <trkpt lat="56.47349" lon="-4.71921">
        <ele>226.39</ele>
      </trkpt>
      <trkpt lat="56.47361" lon="-4.71923">
        <ele>225.63</ele>
      </trkpt>
      <trkpt lat="56.47383" lon="-4.71936">
        <ele>225.43</ele>
      </trkpt>
      <trkpt lat="56.47427" lon="-4.71973">
        <ele>220.81</ele>
      </trkpt>
      <trkpt lat="56.47454" lon="-4.71988">
        <ele>218.52</ele>
      </trkpt>
      <trkpt lat="56.47476" lon="-4.71994">
        <ele>219.89</ele>
      </trkpt>
      <trkpt lat="56.47502" lon="-4.71994">
        <ele>221.67</ele>
      </trkpt>
      <trkpt lat="56.47523" lon="-4.71989">
        <ele>224.12</ele>
      </trkpt>
      <trkpt lat="56.47548" lon="-4.7199">
        <ele>221.58</ele>
      </trkpt>
      <trkpt lat="56.47562" lon="-4.71992">
        <ele>218.96</ele>
      </trkpt>
      <trkpt lat="56.47608" lon="-4.72014">
        <ele>211.05</ele>
      </trkpt>
      <trkpt lat="56.4764" lon="-4.72015">
        <ele>210.68</ele>
      </trkpt>
      <trkpt lat="56.47652" lon="-4.72019">
        <ele>208.78</ele>
      </trkpt>
      <trkpt lat="56.47733" lon="-4.72052">
        <ele>190.99</ele>
      </trkpt>
      <trkpt lat="56.4776" lon="-4.72058">
        <ele>186.39</ele>
      </trkpt>
      <trkpt lat="56.4778" lon="-4.72049">
        <ele>185.01</ele>
      </trkpt>
      <trkpt lat="56.47824" lon="-4.72015">
        <ele>198.04</ele>
      </trkpt>
      <trkpt lat="56.47854" lon="-4.72001">
        <ele>203.36</ele>
      </trkpt>
      <trkpt lat="56.47875" lon="-4.71987">
        <ele>203.87</ele>
      </trkpt>
      <trkpt lat="56.47897" lon="-4.71969">
        <ele>200.6</ele>
      </trkpt>
      <trkpt lat="56.47929" lon="-4.71933">
        <ele>205.18</ele>
      </trkpt>
      <trkpt lat="56.4794" lon="-4.71924">
        <ele>207.64</ele>
      </trkpt>
      <trkpt lat="56.47961" lon="-4.71921">
        <ele>207.52</ele>
      </trkpt>
      <trkpt lat="56.47989" lon="-4.71925">
        <ele>202.71</ele>
      </trkpt>
      <trkpt lat="56.47999" lon="-4.71921">
        <ele>200.11</ele>
      </trkpt>
      <trkpt lat="56.48007" lon="-4.71913">
        <ele>200.87</ele>
      </trkpt>
      <trkpt lat="56.48016" lon="-4.71899">
        <ele>202.69</ele>
      </trkpt>
      <trkpt lat="56.48047" lon="-4.71821">
        <ele>196.4</ele>
      </trkpt>
      <trkpt lat="56.48056" lon="-4.71805">
        <ele>193.04</ele>
      </trkpt>
      <trkpt lat="56.48066" lon="-4.71794">
        <ele>193.46</ele>
      </trkpt>
      <trkpt lat="56.4808" lon="-4.71784">
        <ele>193.01</ele>
      </trkpt>
      <trkpt lat="56.48092" lon="-4.71782">
        <ele>192.23</ele>
      </trkpt>
      <trkpt lat="56.48151" lon="-4.71783">
        <ele>193.84</ele>
      </trkpt>
      <trkpt lat="56.48244" lon="-4.71796">
        <ele>186.86</ele>
      </trkpt>
      <trkpt lat="56.48268" lon="-4.71797">
        <ele>182.52</ele>
      </trkpt>
      <trkpt lat="56.48316" lon="-4.71807">
        <ele>182.48</ele>
      </trkpt>
      <trkpt lat="56.48334" lon="-4.71815">
        <ele>187.73</ele>
      </trkpt>
      <trkpt lat="56.48361" lon="-4.71834">
        <ele>191.02</ele>
      </trkpt>
      <trkpt lat="56.48368" lon="-4.71837">
        <ele>190.85</ele>
      </trkpt>
      <trkpt lat="56.48372" lon="-4.71839">
        <ele>190.73</ele>
      </trkpt>
      <trkpt lat="56.48376" lon="-4.71841">
        <ele>190.59</ele>
      </trkpt>
      <trkpt lat="56.48393" lon="-4.71842">
        <ele>190.1</ele>
      </trkpt>
      <trkpt lat="56.4841" lon="-4.71834">
        <ele>190.74</ele>
      </trkpt>
      <trkpt lat="56.4842" lon="-4.71834">
        <ele>191.33</ele>
      </trkpt>
      <trkpt lat="56.48425" lon="-4.71836">
        <ele>191.72</ele>
      </trkpt>
      <trkpt lat="56.48428" lon="-4.71853">
        <ele>190.65</ele>
      </trkpt>
      <trkpt lat="56.4843" lon="-4.71864">
        <ele>189.74</ele>
      </trkpt>
      <trkpt lat="56.48447" lon="-4.72065">
        <ele>192.78</ele>
      </trkpt>
      <trkpt lat="56.48449" lon="-4.72079">
        <ele>192.13</ele>
      </trkpt>
      <trkpt lat="56.48453" lon="-4.72095">
        <ele>191.99</ele>
      </trkpt>
      <trkpt lat="56.48516" lon="-4.72251">
        <ele>191.86</ele>
      </trkpt>
      <trkpt lat="56.48562" lon="-4.72311">
        <ele>184.74</ele>
      </trkpt>
      <trkpt lat="56.48588" lon="-4.72349">
        <ele>186.95</ele>
      </trkpt>
      <trkpt lat="56.48632" lon="-4.72423">
        <ele>186.91</ele>
      </trkpt>
      <trkpt lat="56.48655" lon="-4.72472">
        <ele>187.32</ele>
      </trkpt>
      <trkpt lat="56.48773" lon="-4.72751">
        <ele>192.5</ele>
      </trkpt>
      <trkpt lat="56.48866" lon="-4.72968">
        <ele>184.57</ele>
      </trkpt>
      <trkpt lat="56.48883" lon="-4.73009">
        <ele>176.86</ele>
      </trkpt>
      <trkpt lat="56.48915" lon="-4.73106">
        <ele>175.59</ele>
      </trkpt>
      <trkpt lat="56.48921" lon="-4.73125">
        <ele>174.45</ele>
      </trkpt>
      <trkpt lat="56.48936" lon="-4.73164">
        <ele>184.11</ele>
      </trkpt>
      <trkpt lat="56.48952" lon="-4.73201">
        <ele>194.51</ele>
      </trkpt>
      <trkpt lat="56.48981" lon="-4.73248">
        <ele>204.36</ele>
      </trkpt>
      <trkpt lat="56.48985" lon="-4.73259">
        <ele>202.44</ele>
      </trkpt>
      <trkpt lat="56.48993" lon="-4.73295">
        <ele>197.53</ele>
      </trkpt>
      <trkpt lat="56.48999" lon="-4.73317">
        <ele>199.27</ele>
      </trkpt>
      <trkpt lat="56.4903" lon="-4.73405">
        <ele>200.31</ele>
      </trkpt>
      <trkpt lat="56.49046" lon="-4.73463">
        <ele>189.9</ele>
      </trkpt>
      <trkpt lat="56.49052" lon="-4.73477">
        <ele>186.59</ele>
      </trkpt>
      <trkpt lat="56.49059" lon="-4.73487">
        <ele>183.55</ele>
      </trkpt>
      <trkpt lat="56.49119" lon="-4.73536">
        <ele>174.13</ele>
      </trkpt>
      <trkpt lat="56.49142" lon="-4.73558">
        <ele>177.8</ele>
      </trkpt>
      <trkpt lat="56.49202" lon="-4.7363">
        <ele>205.86</ele>
      </trkpt>
      <trkpt lat="56.49238" lon="-4.73681">
        <ele>210.63</ele>
      </trkpt>
      <trkpt lat="56.49303" lon="-4.73793">
        <ele>217.36</ele>
      </trkpt>
      <trkpt lat="56.49349" lon="-4.73884">
        <ele>229.77</ele>
      </trkpt>
      <trkpt lat="56.49387" lon="-4.73948">
        <ele>212.4</ele>
      </trkpt>
      <trkpt lat="56.49444" lon="-4.74058">
        <ele>192.58</ele>
      </trkpt>
      <trkpt lat="56.4956" lon="-4.74269">
        <ele>202.11</ele>
      </trkpt>
      <trkpt lat="56.49602" lon="-4.74357">
        <ele>192.34</ele>
      </trkpt>
      <trkpt lat="56.49609" lon="-4.7437">
        <ele>190.57</ele>
      </trkpt>
      <trkpt lat="56.49614" lon="-4.74376">
        <ele>190.52</ele>
      </trkpt>
      <trkpt lat="56.49616" lon="-4.74378">
        <ele>190.65</ele>
      </trkpt>
      <trkpt lat="56.49621" lon="-4.7438">
        <ele>191.4</ele>
      </trkpt>
      <trkpt lat="56.49633" lon="-4.74381">
        <ele>193.75</ele>
      </trkpt>
      <trkpt lat="56.49651" lon="-4.74389">
        <ele>199.53</ele>
      </trkpt>
      <trkpt lat="56.49665" lon="-4.74407">
        <ele>206.33</ele>
      </trkpt>
      <trkpt lat="56.49699" lon="-4.74456">
        <ele>223.31</ele>
      </trkpt>
      <trkpt lat="56.49737" lon="-4.74494">
        <ele>236.84</ele>
      </trkpt>
      <trkpt lat="56.49744" lon="-4.74502">
        <ele>238.01</ele>
      </trkpt>
      <trkpt lat="56.49848" lon="-4.74689">
        <ele>216.69</ele>
      </trkpt>
      <trkpt lat="56.4987" lon="-4.74725">
        <ele>211.57</ele>
      </trkpt>
      <trkpt lat="56.50013" lon="-4.7491">
        <ele>210.88</ele>
      </trkpt>
      <trkpt lat="56.50092" lon="-4.75013">
        <ele>210.0</ele>
      </trkpt>
      <trkpt lat="56.50215" lon="-4.75172">
        <ele>205.77</ele>
      </trkpt>
      <trkpt lat="56.5027" lon="-4.75211">
        <ele>207.35</ele>
      </trkpt>
      <trkpt lat="56.5032" lon="-4.7526">
        <ele>212.49</ele>
      </trkpt>
      <trkpt lat="56.50365" lon="-4.75309">
        <ele>210.43</ele>
      </trkpt>
      <trkpt lat="56.50399" lon="-4.75332">
        <ele>212.89</ele>
      </trkpt>
      <trkpt lat="56.50404" lon="-4.75335">
        <ele>212.85</ele>
      </trkpt>
      <trkpt lat="56.50543" lon="-4.75478">
        <ele>220.28</ele>
      </trkpt>
      <trkpt lat="56.50573" lon="-4.75497">
        <ele>219.82</ele>
      </trkpt>
      <trkpt lat="56.506" lon="-4.75517">
        <ele>219.5</ele>
      </trkpt>
      <trkpt lat="56.50678" lon="-4.75577">
        <ele>217.82</ele>
      </trkpt>
      <trkpt lat="56.50692" lon="-4.75584">
        <ele>219.63</ele>
      </trkpt>
      <trkpt lat="56.50714" lon="-4.75585">
        <ele>219.19</ele>
      </trkpt>
      <trkpt lat="56.50726" lon="-4.75586">
        <ele>218.51</ele>
      </trkpt>
      <trkpt lat="56.50752" lon="-4.75594">
        <ele>215.3</ele>
      </trkpt>
      <trkpt lat="56.50808" lon="-4.75643">
        <ele>214.59</ele>
      </trkpt>
      <trkpt lat="56.50877" lon="-4.75698">
        <ele>207.2</ele>
      </trkpt>
      <trkpt lat="56.50897" lon="-4.75711">
        <ele>206.99</ele>
      </trkpt>
      <trkpt lat="56.51065" lon="-4.7579">
        <ele>208.97</ele>
      </trkpt>
      <trkpt lat="56.511" lon="-4.75797">
        <ele>207.05</ele>
      </trkpt>
      <trkpt lat="56.51133" lon="-4.75803">
        <ele>209.17</ele>
      </trkpt>
      <trkpt lat="56.51148" lon="-4.7581">
        <ele>208.7</ele>
      </trkpt>
      <trkpt lat="56.51169" lon="-4.75826">
        <ele>205.44</ele>
      </trkpt>
      <trkpt lat="56.51191" lon="-4.75848">
        <ele>203.66</ele>
      </trkpt>
      <trkpt lat="56.51214" lon="-4.75882">
        <ele>202.95</ele>
      </trkpt>
      <trkpt lat="56.5123" lon="-4.75905">
        <ele>201.3</ele>
      </trkpt>
      <trkpt lat="56.51251" lon="-4.75931">
        <ele>199.4</ele>
      </trkpt>
      <trkpt lat="56.51284" lon="-4.75961">
        <ele>196.35</ele>
      </trkpt>
      <trkpt lat="56.51367" lon="-4.76031">
        <ele>204.6</ele>
      </trkpt>
      <trkpt lat="56.51376" lon="-4.76042">
        <ele>207.21</ele>
      </trkpt>
      <trkpt lat="56.5138" lon="-4.76046">
        <ele>208.99</ele>
      </trkpt>
      <trkpt lat="56.51434" lon="-4.76121">
        <ele>196.59</ele>
      </trkpt>
      <trkpt lat="56.51525" lon="-4.7622">
        <ele>206.49</ele>
      </trkpt>
      <trkpt lat="56.51587" lon="-4.76289">
        <ele>198.38</ele>
      </trkpt>
      <trkpt lat="56.51593" lon="-4.76295">
        <ele>199.08</ele>
      </trkpt>
      <trkpt lat="56.51613" lon="-4.76319">
        <ele>203.57</ele>
      </trkpt>
      <trkpt lat="56.51619" lon="-4.76328">
        <ele>203.9</ele>
      </trkpt>
      <trkpt lat="56.51627" lon="-4.76339">
        <ele>200.59</ele>
      </trkpt>
      <trkpt lat="56.51637" lon="-4.76348">
        <ele>194.79</ele>
      </trkpt>
      <trkpt lat="56.51649" lon="-4.76359">
        <ele>190.85</ele>
      </trkpt>
      <trkpt lat="56.51675" lon="-4.76395">
        <ele>189.63</ele>
      </trkpt>
      <trkpt lat="56.51675" lon="-4.76404">
        <ele>189.08</ele>
      </trkpt>
      <trkpt lat="56.51677" lon="-4.76426">
        <ele>187.7</ele>
      </trkpt>
      <trkpt lat="56.51676" lon="-4.76435">
        <ele>187.02</ele>
      </trkpt>
      <trkpt lat="56.51675" lon="-4.76445">
        <ele>186.27</ele>
      </trkpt>
      <trkpt lat="56.51674" lon="-4.76456">
        <ele>185.74</ele>
      </trkpt>
      <trkpt lat="56.51674" lon="-4.76462">
        <ele>185.47</ele>
      </trkpt>
      <trkpt lat="56.51677" lon="-4.76472">
        <ele>185.01</ele>
      </trkpt>
      <trkpt lat="56.51693" lon="-4.76476">
        <ele>184.86</ele>
      </trkpt>
      <trkpt lat="56.51711" lon="-4.76488">
        <ele>184.69</ele>
      </trkpt>
      <trkpt lat="56.5175" lon="-4.7652">
        <ele>183.56</ele>
      </trkpt>
      <trkpt lat="56.51762" lon="-4.76554">
        <ele>180.68</ele>
      </trkpt>
      <trkpt lat="56.51767" lon="-4.76576">
        <ele>179.37</ele>
      </trkpt>
      <trkpt lat="56.51771" lon="-4.76607">
        <ele>179.23</ele>
      </trkpt>
      <trkpt lat="56.51783" lon="-4.76784">
        <ele>172.61</ele>
      </trkpt>
      <trkpt lat="56.51786" lon="-4.76863">
        <ele>159.85</ele>
      </trkpt>
      <trkpt lat="56.51787" lon="-4.76926">
        <ele>157.02</ele>
      </trkpt>
      <trkpt lat="56.51786" lon="-4.77012">
        <ele>187.54</ele>
      </trkpt>
      <trkpt lat="56.51786" lon="-4.77018">
        <ele>188.12</ele>
      </trkpt>
      <trkpt lat="56.51799" lon="-4.77088">
        <ele>194.64</ele>
      </trkpt>
      <trkpt lat="56.51804" lon="-4.77103">
        <ele>196.98</ele>
      </trkpt>
      <trkpt lat="56.5181" lon="-4.7711">
        <ele>196.36</ele>
      </trkpt>
      <trkpt lat="56.51817" lon="-4.77114">
        <ele>191.91</ele>
      </trkpt>
      <trkpt lat="56.51818" lon="-4.77122">
        <ele>185.92</ele>
      </trkpt>
      <trkpt lat="56.51819" lon="-4.77127">
        <ele>181.83</ele>
      </trkpt>
      <trkpt lat="56.51822" lon="-4.77138">
        <ele>171.65</ele>
      </trkpt>
      <trkpt lat="56.51826" lon="-4.77147">
        <ele>165.91</ele>
      </trkpt>
      <trkpt lat="56.51828" lon="-4.7715">
        <ele>164.12</ele>
      </trkpt>
      <trkpt lat="56.5183" lon="-4.77151">
        <ele>162.88</ele>
      </trkpt>
      <trkpt lat="56.51835" lon="-4.77153">
        <ele>160.53</ele>
      </trkpt>
      <trkpt lat="56.51838" lon="-4.77154">
        <ele>159.66</ele>
      </trkpt>
      <trkpt lat="56.51841" lon="-4.77158">
        <ele>158.61</ele>
      </trkpt>
      <trkpt lat="56.51845" lon="-4.77163">
        <ele>157.27</ele>
      </trkpt>
      <trkpt lat="56.5185" lon="-4.77169">
        <ele>155.85</ele>
      </trkpt>
      <trkpt lat="56.51854" lon="-4.77177">
        <ele>155.07</ele>
      </trkpt>
      <trkpt lat="56.51861" lon="-4.77193">
        <ele>153.97</ele>
      </trkpt>
      <trkpt lat="56.51871" lon="-4.77216">
        <ele>155.2</ele>
      </trkpt>
      <trkpt lat="56.51877" lon="-4.77224">
        <ele>155.5</ele>
      </trkpt>
      <trkpt lat="56.51881" lon="-4.77236">
        <ele>155.99</ele>
      </trkpt>
      <trkpt lat="56.51885" lon="-4.77245">
        <ele>156.55</ele>
      </trkpt>
      <trkpt lat="56.51892" lon="-4.77256">
        <ele>158.24</ele>
      </trkpt>
      <trkpt lat="56.51901" lon="-4.7728">
        <ele>162.62</ele>
      </trkpt>
      <trkpt lat="56.51906" lon="-4.77288">
        <ele>164.35</ele>
      </trkpt>
      <trkpt lat="56.5191" lon="-4.77299">
        <ele>165.63</ele>
      </trkpt>
      <trkpt lat="56.51911" lon="-4.77304">
        <ele>165.95</ele>
      </trkpt>
      <trkpt lat="56.51912" lon="-4.7731">
        <ele>166.37</ele>
      </trkpt>
      <trkpt lat="56.51912" lon="-4.77329">
        <ele>167.29</ele>
      </trkpt>
      <trkpt lat="56.51913" lon="-4.77335">
        <ele>167.9</ele>
      </trkpt>
      <trkpt lat="56.51915" lon="-4.77337">
        <ele>168.48</ele>
      </trkpt>
      <trkpt lat="56.51919" lon="-4.77337">
        <ele>168.89</ele>
      </trkpt>
      <trkpt lat="56.51924" lon="-4.77336">
        <ele>169.22</ele>
      </trkpt>
      <trkpt lat="56.51927" lon="-4.77337">
        <ele>169.68</ele>
      </trkpt>
      <trkpt lat="56.5193" lon="-4.77341">
        <ele>170.56</ele>
      </trkpt>
      <trkpt lat="56.51939" lon="-4.77359">
        <ele>173.55</ele>
      </trkpt>
      <trkpt lat="56.51948" lon="-4.77376">
        <ele>175.21</ele>
      </trkpt>
      <trkpt lat="56.51954" lon="-4.77386">
        <ele>175.38</ele>
      </trkpt>
      <trkpt lat="56.5197" lon="-4.77403">
        <ele>173.44</ele>
      </trkpt>
      <trkpt lat="56.52006" lon="-4.77443">
        <ele>174.11</ele>
      </trkpt>
      <trkpt lat="56.52067" lon="-4.77506">
        <ele>175.33</ele>
      </trkpt>
      <trkpt lat="56.52099" lon="-4.77538">
        <ele>179.12</ele>
      </trkpt>
      <trkpt lat="56.5211" lon="-4.77547">
        <ele>181.01</ele>
      </trkpt>
      <trkpt lat="56.52117" lon="-4.77555">
        <ele>181.74</ele>
      </trkpt>
      <trkpt lat="56.52125" lon="-4.77562">
        <ele>181.73</ele>
      </trkpt>
      <trkpt lat="56.52129" lon="-4.77569">
        <ele>181.7</ele>
      </trkpt>
      <trkpt lat="56.52135" lon="-4.77572">
        <ele>181.31</ele>
      </trkpt>
      <trkpt lat="56.52139" lon="-4.77575">
        <ele>180.99</ele>
      </trkpt>
      <trkpt lat="56.52155" lon="-4.77593">
        <ele>180.57</ele>
      </trkpt>
      <trkpt lat="56.52159" lon="-4.77599">
        <ele>180.43</ele>
      </trkpt>
      <trkpt lat="56.52162" lon="-4.77607">
        <ele>180.31</ele>
      </trkpt>
      <trkpt lat="56.52166" lon="-4.77615">
        <ele>180.6</ele>
      </trkpt>
      <trkpt lat="56.52171" lon="-4.77621">
        <ele>182.67</ele>
      </trkpt>
      <trkpt lat="56.52176" lon="-4.77623">
        <ele>184.4</ele>
      </trkpt>
      <trkpt lat="56.52217" lon="-4.77634">
        <ele>201.57</ele>
      </trkpt>
      <trkpt lat="56.52258" lon="-4.77648">
        <ele>203.04</ele>
      </trkpt>
      <trkpt lat="56.52262" lon="-4.7765">
        <ele>202.09</ele>
      </trkpt>
      <trkpt lat="56.52266" lon="-4.77655">
        <ele>200.87</ele>
      </trkpt>
      <trkpt lat="56.52275" lon="-4.77668">
        <ele>197.65</ele>
      </trkpt>
      <trkpt lat="56.52281" lon="-4.77678">
        <ele>196.45</ele>
      </trkpt>
      <trkpt lat="56.52284" lon="-4.77686">
        <ele>196.17</ele>
      </trkpt>
      <trkpt lat="56.52286" lon="-4.77694">
        <ele>196.01</ele>
      </trkpt>
      <trkpt lat="56.52287" lon="-4.77706">
        <ele>198.22</ele>
      </trkpt>
      <trkpt lat="56.52289" lon="-4.77718">
        <ele>200.4</ele>
      </trkpt>
      <trkpt lat="56.52292" lon="-4.77729">
        <ele>202.55</ele>
      </trkpt>
      <trkpt lat="56.52295" lon="-4.77736">
        <ele>203.81</ele>
      </trkpt>
      <trkpt lat="56.52299" lon="-4.7774">
        <ele>204.13</ele>
      </trkpt>
      <trkpt lat="56.52315" lon="-4.77755">
        <ele>205.98</ele>
      </trkpt>
      <trkpt lat="56.5233" lon="-4.77772">
        <ele>206.35</ele>
      </trkpt>
      <trkpt lat="56.52339" lon="-4.77786">
        <ele>208.26</ele>
      </trkpt>
      <trkpt lat="56.52344" lon="-4.77799">
        <ele>210.57</ele>
      </trkpt>
      <trkpt lat="56.5235" lon="-4.77812">
        <ele>212.57</ele>
      </trkpt>
      <trkpt lat="56.52375" lon="-4.77852">
        <ele>218.52</ele>
      </trkpt>
      <trkpt lat="56.52382" lon="-4.77862">
        <ele>220.16</ele>
      </trkpt>
      <trkpt lat="56.52384" lon="-4.77864">
        <ele>220.52</ele>
      </trkpt>
      <trkpt lat="56.52415" lon="-4.77872">
        <ele>224.98</ele>
      </trkpt>
      <trkpt lat="56.52445" lon="-4.77894">
        <ele>247.45</ele>
      </trkpt>
      <trkpt lat="56.52459" lon="-4.77903">
        <ele>253.8</ele>
      </trkpt>
      <trkpt lat="56.52514" lon="-4.77947">
        <ele>240.47</ele>
      </trkpt>
      <trkpt lat="56.52523" lon="-4.77963">
        <ele>232.97</ele>
      </trkpt>
      <trkpt lat="56.52529" lon="-4.77979">
        <ele>231.21</ele>
      </trkpt>
      <trkpt lat="56.52549" lon="-4.78041">
        <ele>233.1</ele>
      </trkpt>
      <trkpt lat="56.52553" lon="-4.78057">
        <ele>233.29</ele>
      </trkpt>
      <trkpt lat="56.52569" lon="-4.78107">
        <ele>241.8</ele>
      </trkpt>
      <trkpt lat="56.52571" lon="-4.78113">
        <ele>243.01</ele>
      </trkpt>
      <trkpt lat="56.52579" lon="-4.78125">
        <ele>244.88</ele>
      </trkpt>
      <trkpt lat="56.52608" lon="-4.78162">
        <ele>248.99</ele>
      </trkpt>
      <trkpt lat="56.52613" lon="-4.78174">
        <ele>250.63</ele>
      </trkpt>
      <trkpt lat="56.52615" lon="-4.78181">
        <ele>251.44</ele>
      </trkpt>
      <trkpt lat="56.52615" lon="-4.78187">
        <ele>251.8</ele>
      </trkpt>
      <trkpt lat="56.52613" lon="-4.78192">
        <ele>251.49</ele>
      </trkpt>
      <trkpt lat="56.52611" lon="-4.78196">
        <ele>251.09</ele>
      </trkpt>
      <trkpt lat="56.52606" lon="-4.78201">
        <ele>250.37</ele>
      </trkpt>
      <trkpt lat="56.52594" lon="-4.7821">
        <ele>248.42</ele>
      </trkpt>
      <trkpt lat="56.52577" lon="-4.78228">
        <ele>248.6</ele>
      </trkpt>
      <trkpt lat="56.52564" lon="-4.78246">
        <ele>251.42</ele>
      </trkpt>
      <trkpt lat="56.52534" lon="-4.78294">
        <ele>256.27</ele>
      </trkpt>
      <trkpt lat="56.52528" lon="-4.78304">
        <ele>255.94</ele>
      </trkpt>
      <trkpt lat="56.52519" lon="-4.78314">
        <ele>259.57</ele>
      </trkpt>
      <trkpt lat="56.52511" lon="-4.78321">
        <ele>261.93</ele>
      </trkpt>
      <trkpt lat="56.52504" lon="-4.78325">
        <ele>263.35</ele>
      </trkpt>
      <trkpt lat="56.5248" lon="-4.78327">
        <ele>264.0</ele>
      </trkpt>
      <trkpt lat="56.52463" lon="-4.78328">
        <ele>263.87</ele>
      </trkpt>
      <trkpt lat="56.52457" lon="-4.78331">
        <ele>263.91</ele>
      </trkpt>
      <trkpt lat="56.5245" lon="-4.78337">
        <ele>264.42</ele>
      </trkpt>
      <trkpt lat="56.52444" lon="-4.78345">
        <ele>265.7</ele>
      </trkpt>
      <trkpt lat="56.52443" lon="-4.78352">
        <ele>266.74</ele>
      </trkpt>
      <trkpt lat="56.52442" lon="-4.78357">
        <ele>267.5</ele>
      </trkpt>
      <trkpt lat="56.52442" lon="-4.78362">
        <ele>268.21</ele>
      </trkpt>
      <trkpt lat="56.52444" lon="-4.78367">
        <ele>268.86</ele>
      </trkpt>
      <trkpt lat="56.52449" lon="-4.78372">
        <ele>269.04</ele>
      </trkpt>
      <trkpt lat="56.52456" lon="-4.78378">
        <ele>269.27</ele>
      </trkpt>
      <trkpt lat="56.52463" lon="-4.78383">
        <ele>269.53</ele>
      </trkpt>
      <trkpt lat="56.52473" lon="-4.78386">
        <ele>269.43</ele>
      </trkpt>
      <trkpt lat="56.5248" lon="-4.78388">
        <ele>270.38</ele>
      </trkpt>
      <trkpt lat="56.52487" lon="-4.78388">
        <ele>270.89</ele>
      </trkpt>
      <trkpt lat="56.52492" lon="-4.78389">
        <ele>271.44</ele>
      </trkpt>
      <trkpt lat="56.52505" lon="-4.78399">
        <ele>274.18</ele>
      </trkpt>
      <trkpt lat="56.52515" lon="-4.7841">
        <ele>276.88</ele>
      </trkpt>
      <trkpt lat="56.52521" lon="-4.7842">
        <ele>279.05</ele>
      </trkpt>
      <trkpt lat="56.52527" lon="-4.78434">
        <ele>282.03</ele>
      </trkpt>
      <trkpt lat="56.52537" lon="-4.78454">
        <ele>285.7</ele>
      </trkpt>
      <trkpt lat="56.52543" lon="-4.78462">
        <ele>286.58</ele>
      </trkpt>
      <trkpt lat="56.52547" lon="-4.78465">
        <ele>286.81</ele>
      </trkpt>
      <trkpt lat="56.52553" lon="-4.78468">
        <ele>286.9</ele>
      </trkpt>
      <trkpt lat="56.52568" lon="-4.78472">
        <ele>289.22</ele>
      </trkpt>
      <trkpt lat="56.5262" lon="-4.78486">
        <ele>296.73</ele>
      </trkpt>
      <trkpt lat="56.5263" lon="-4.78488">
        <ele>299.6</ele>
      </trkpt>
      <trkpt lat="56.52645" lon="-4.78489">
        <ele>302.59</ele>
      </trkpt>
      <trkpt lat="56.52651" lon="-4.78493">
        <ele>302.73</ele>
      </trkpt>
      <trkpt lat="56.5266" lon="-4.78499">
        <ele>303.31</ele>
      </trkpt>
      <trkpt lat="56.52667" lon="-4.78507">
        <ele>303.5</ele>
      </trkpt>
      <trkpt lat="56.52673" lon="-4.78517">
        <ele>303.11</ele>
      </trkpt>
      <trkpt lat="56.52677" lon="-4.78522">
        <ele>303.22</ele>
      </trkpt>
      <trkpt lat="56.52684" lon="-4.78534">
        <ele>303.54</ele>
      </trkpt>
      <trkpt lat="56.52692" lon="-4.78546">
        <ele>304.51</ele>
      </trkpt>
      <trkpt lat="56.527" lon="-4.78554">
        <ele>303.98</ele>
      </trkpt>
      <trkpt lat="56.52717" lon="-4.78566">
        <ele>302.0</ele>
      </trkpt>
      <trkpt lat="56.52746" lon="-4.78585">
        <ele>304.12</ele>
      </trkpt>
      <trkpt lat="56.52759" lon="-4.78597">
        <ele>305.16</ele>
      </trkpt>
      <trkpt lat="56.52762" lon="-4.78598">
        <ele>305.02</ele>
      </trkpt>
      <trkpt lat="56.52768" lon="-4.786">
        <ele>304.72</ele>
      </trkpt>
      <trkpt lat="56.5279" lon="-4.78619">
        <ele>307.21</ele>
      </trkpt>
      <trkpt lat="56.52802" lon="-4.78624">
        <ele>308.66</ele>
      </trkpt>
      <trkpt lat="56.52811" lon="-4.7863">
        <ele>310.28</ele>
      </trkpt>
      <trkpt lat="56.52822" lon="-4.78641">
        <ele>313.22</ele>
      </trkpt>
      <trkpt lat="56.52828" lon="-4.78647">
        <ele>314.97</ele>
      </trkpt>
      <trkpt lat="56.52832" lon="-4.78647">
        <ele>315.65</ele>
      </trkpt>
      <trkpt lat="56.52849" lon="-4.78646">
        <ele>316.19</ele>
      </trkpt>
      <trkpt lat="56.52865" lon="-4.78647">
        <ele>316.4</ele>
      </trkpt>
      <trkpt lat="56.52868" lon="-4.78646">
        <ele>316.2</ele>
      </trkpt>
      <trkpt lat="56.52874" lon="-4.78642">
        <ele>315.71</ele>
      </trkpt>
      <trkpt lat="56.52881" lon="-4.78638">
        <ele>315.24</ele>
      </trkpt>
      <trkpt lat="56.52888" lon="-4.78637">
        <ele>314.96</ele>
      </trkpt>
      <trkpt lat="56.52893" lon="-4.78638">
        <ele>314.96</ele>
      </trkpt>
      <trkpt lat="56.52901" lon="-4.78641">
        <ele>315.04</ele>
      </trkpt>
      <trkpt lat="56.52919" lon="-4.78651">
        <ele>314.73</ele>
      </trkpt>
      <trkpt lat="56.52924" lon="-4.78656">
        <ele>314.33</ele>
      </trkpt>
      <trkpt lat="56.52926" lon="-4.78659">
        <ele>314.29</ele>
      </trkpt>
      <trkpt lat="56.52927" lon="-4.78663">
        <ele>314.43</ele>
      </trkpt>
      <trkpt lat="56.52928" lon="-4.7867">
        <ele>314.88</ele>
      </trkpt>
      <trkpt lat="56.5293" lon="-4.78678">
        <ele>315.53</ele>
      </trkpt>
      <trkpt lat="56.52935" lon="-4.78692">
        <ele>316.77</ele>
      </trkpt>
      <trkpt lat="56.52942" lon="-4.78707">
        <ele>317.33</ele>
      </trkpt>
      <trkpt lat="56.52948" lon="-4.78715">
        <ele>317.64</ele>
      </trkpt>
      <trkpt lat="56.52952" lon="-4.78725">
        <ele>318.04</ele>
      </trkpt>
      <trkpt lat="56.52959" lon="-4.78733">
        <ele>318.63</ele>
      </trkpt>
      <trkpt lat="56.52971" lon="-4.78753">
        <ele>322.2</ele>
      </trkpt>
      <trkpt lat="56.52975" lon="-4.78757">
        <ele>323.01</ele>
      </trkpt>
      <trkpt lat="56.52978" lon="-4.78758">
        <ele>323.12</ele>
      </trkpt>
      <trkpt lat="56.52981" lon="-4.78761">
        <ele>323.4</ele>
      </trkpt>
      <trkpt lat="56.52984" lon="-4.78765">
        <ele>323.67</ele>
      </trkpt>
      <trkpt lat="56.52998" lon="-4.78797">
        <ele>327.76</ele>
      </trkpt>
      <trkpt lat="56.53003" lon="-4.78804">
        <ele>328.14</ele>
      </trkpt>
      <trkpt lat="56.53006" lon="-4.78809">
        <ele>326.64</ele>
      </trkpt>
      <trkpt lat="56.5301" lon="-4.78811">
        <ele>324.6</ele>
      </trkpt>
      <trkpt lat="56.53016" lon="-4.78813">
        <ele>321.79</ele>
      </trkpt>
      <trkpt lat="56.53019" lon="-4.78814">
        <ele>320.46</ele>
      </trkpt>
      <trkpt lat="56.53023" lon="-4.78821">
        <ele>318.95</ele>
      </trkpt>
      <trkpt lat="56.53026" lon="-4.78828">
        <ele>318.2</ele>
      </trkpt>
      <trkpt lat="56.53028" lon="-4.78836">
        <ele>317.99</ele>
      </trkpt>
      <trkpt lat="56.53029" lon="-4.78844">
        <ele>317.96</ele>
      </trkpt>
      <trkpt lat="56.53028" lon="-4.78853">
        <ele>318.0</ele>
      </trkpt>
      <trkpt lat="56.53026" lon="-4.78875">
        <ele>318.29</ele>
      </trkpt>
      <trkpt lat="56.53022" lon="-4.78897">
        <ele>319.59</ele>
      </trkpt>
      <trkpt lat="56.53011" lon="-4.78938">
        <ele>323.28</ele>
      </trkpt>
      <trkpt lat="56.53013" lon="-4.78968">
        <ele>321.89</ele>
      </trkpt>
      <trkpt lat="56.53018" lon="-4.78997">
        <ele>318.38</ele>
      </trkpt>
      <trkpt lat="56.53026" lon="-4.79014">
        <ele>315.21</ele>
      </trkpt>
      <trkpt lat="56.53043" lon="-4.79048">
        <ele>303.74</ele>
      </trkpt>
      <trkpt lat="56.53053" lon="-4.79065">
        <ele>298.78</ele>
      </trkpt>
      <trkpt lat="56.5306" lon="-4.79074">
        <ele>297.83</ele>
      </trkpt>
      <trkpt lat="56.53076" lon="-4.79095">
        <ele>297.43</ele>
      </trkpt>
      <trkpt lat="56.53097" lon="-4.79128">
        <ele>299.08</ele>
      </trkpt>
      <trkpt lat="56.53114" lon="-4.79154">
        <ele>300.45</ele>
      </trkpt>
      <trkpt lat="56.53133" lon="-4.79179">
        <ele>296.2</ele>
      </trkpt>
      <trkpt lat="56.53143" lon="-4.79196">
        <ele>292.68</ele>
      </trkpt>
      <trkpt lat="56.53147" lon="-4.79207">
        <ele>293.01</ele>
      </trkpt>
      <trkpt lat="56.5315" lon="-4.79217">
        <ele>293.19</ele>
      </trkpt>
      <trkpt lat="56.53154" lon="-4.79241">
        <ele>295.32</ele>
      </trkpt>
      <trkpt lat="56.53156" lon="-4.7925">
        <ele>296.23</ele>
      </trkpt>
      <trkpt lat="56.53159" lon="-4.79266">
        <ele>297.02</ele>
      </trkpt>
      <trkpt lat="56.53173" lon="-4.79314">
        <ele>291.58</ele>
      </trkpt>
      <trkpt lat="56.53175" lon="-4.79326">
        <ele>288.54</ele>
      </trkpt>
      <trkpt lat="56.53175" lon="-4.7934">
        <ele>284.45</ele>
      </trkpt>
      <trkpt lat="56.53174" lon="-4.79379">
        <ele>276.83</ele>
      </trkpt>
      <trkpt lat="56.53175" lon="-4.79383">
        <ele>276.76</ele>
      </trkpt>
      <trkpt lat="56.53178" lon="-4.79386">
        <ele>276.63</ele>
      </trkpt>
      <trkpt lat="56.5318" lon="-4.79387">
        <ele>276.55</ele>
      </trkpt>
      <trkpt lat="56.532" lon="-4.7939">
        <ele>274.6</ele>
      </trkpt>
      <trkpt lat="56.53205" lon="-4.7939">
        <ele>273.34</ele>
      </trkpt>
      <trkpt lat="56.53211" lon="-4.79388">
        <ele>271.99</ele>
      </trkpt>
      <trkpt lat="56.53217" lon="-4.79388">
        <ele>270.53</ele>
      </trkpt>
      <trkpt lat="56.53221" lon="-4.79391">
        <ele>269.31</ele>
      </trkpt>
      <trkpt lat="56.53224" lon="-4.79395">
        <ele>268.78</ele>
      </trkpt>
      <trkpt lat="56.53225" lon="-4.79402">
        <ele>268.61</ele>
      </trkpt>
      <trkpt lat="56.53226" lon="-4.79409">
        <ele>268.4</ele>
      </trkpt>
      <trkpt lat="56.53226" lon="-4.79418">
        <ele>268.32</ele>
      </trkpt>
      <trkpt lat="56.53224" lon="-4.79427">
        <ele>268.68</ele>
      </trkpt>
      <trkpt lat="56.53212" lon="-4.79475">
        <ele>270.83</ele>
      </trkpt>
      <trkpt lat="56.53209" lon="-4.79488">
        <ele>271.14</ele>
      </trkpt>
      <trkpt lat="56.53209" lon="-4.79496">
        <ele>271.01</ele>
      </trkpt>
      <trkpt lat="56.53211" lon="-4.795">
        <ele>270.81</ele>
      </trkpt>
      <trkpt lat="56.53214" lon="-4.79504">
        <ele>270.49</ele>
      </trkpt>
      <trkpt lat="56.53219" lon="-4.79507">
        <ele>270.01</ele>
      </trkpt>
      <trkpt lat="56.5323" lon="-4.7951">
        <ele>267.02</ele>
      </trkpt>
      <trkpt lat="56.53237" lon="-4.79514">
        <ele>264.44</ele>
      </trkpt>
      <trkpt lat="56.53243" lon="-4.79515">
        <ele>262.32</ele>
      </trkpt>
      <trkpt lat="56.53254" lon="-4.79513">
        <ele>260.06</ele>
      </trkpt>
      <trkpt lat="56.53262" lon="-4.79515">
        <ele>259.92</ele>
      </trkpt>
      <trkpt lat="56.53269" lon="-4.79518">
        <ele>259.7</ele>
      </trkpt>
      <trkpt lat="56.53275" lon="-4.79522">
        <ele>259.42</ele>
      </trkpt>
      <trkpt lat="56.5328" lon="-4.79528">
        <ele>258.4</ele>
      </trkpt>
      <trkpt lat="56.53282" lon="-4.79533">
        <ele>257.0</ele>
      </trkpt>
      <trkpt lat="56.53284" lon="-4.79542">
        <ele>254.87</ele>
      </trkpt>
      <trkpt lat="56.53284" lon="-4.79548">
        <ele>253.79</ele>
      </trkpt>
      <trkpt lat="56.53277" lon="-4.79604">
        <ele>247.36</ele>
      </trkpt>
      <trkpt lat="56.53276" lon="-4.79617">
        <ele>247.24</ele>
      </trkpt>
      <trkpt lat="56.53273" lon="-4.79628">
        <ele>247.58</ele>
      </trkpt>
      <trkpt lat="56.53267" lon="-4.79652">
        <ele>249.03</ele>
      </trkpt>
      <trkpt lat="56.53261" lon="-4.79675">
        <ele>249.69</ele>
      </trkpt>
      <trkpt lat="56.53257" lon="-4.79684">
        <ele>248.91</ele>
      </trkpt>
      <trkpt lat="56.53254" lon="-4.79696">
        <ele>247.9</ele>
      </trkpt>
      <trkpt lat="56.53253" lon="-4.79706">
        <ele>248.93</ele>
      </trkpt>
      <trkpt lat="56.53253" lon="-4.79713">
        <ele>249.78</ele>
      </trkpt>
      <trkpt lat="56.53254" lon="-4.79719">
        <ele>250.49</ele>
      </trkpt>
      <trkpt lat="56.53257" lon="-4.79723">
        <ele>250.64</ele>
      </trkpt>
      <trkpt lat="56.53262" lon="-4.79725">
        <ele>250.17</ele>
      </trkpt>
      <trkpt lat="56.53277" lon="-4.79729">
        <ele>249.05</ele>
      </trkpt>
      <trkpt lat="56.53282" lon="-4.7973">
        <ele>247.01</ele>
      </trkpt>
      <trkpt lat="56.53285" lon="-4.79734">
        <ele>245.33</ele>
      </trkpt>
      <trkpt lat="56.53291" lon="-4.79749">
        <ele>242.23</ele>
      </trkpt>
      <trkpt lat="56.53292" lon="-4.79756">
        <ele>240.51</ele>
      </trkpt>
      <trkpt lat="56.53292" lon="-4.79761">
        <ele>239.35</ele>
      </trkpt>
      <trkpt lat="56.53275" lon="-4.79833">
        <ele>231.63</ele>
      </trkpt>
      <trkpt lat="56.5327" lon="-4.79852">
        <ele>232.98</ele>
      </trkpt>
      <trkpt lat="56.53264" lon="-4.79879">
        <ele>234.31</ele>
      </trkpt>
      <trkpt lat="56.53257" lon="-4.79901">
        <ele>234.48</ele>
      </trkpt>
      <trkpt lat="56.53256" lon="-4.79909">
        <ele>234.06</ele>
      </trkpt>
      <trkpt lat="56.53258" lon="-4.79957">
        <ele>226.9</ele>
      </trkpt>
      <trkpt lat="56.53257" lon="-4.79962">
        <ele>225.58</ele>
      </trkpt>
      <trkpt lat="56.53256" lon="-4.79965">
        <ele>224.72</ele>
      </trkpt>
      <trkpt lat="56.53253" lon="-4.79967">
        <ele>223.85</ele>
      </trkpt>
      <trkpt lat="56.5325" lon="-4.79968">
        <ele>223.22</ele>
      </trkpt>
      <trkpt lat="56.53247" lon="-4.79973">
        <ele>222.75</ele>
      </trkpt>
      <trkpt lat="56.53245" lon="-4.7998">
        <ele>222.32</ele>
      </trkpt>
      <trkpt lat="56.53244" lon="-4.79988">
        <ele>221.46</ele>
      </trkpt>
      <trkpt lat="56.53243" lon="-4.79998">
        <ele>220.3</ele>
      </trkpt>
      <trkpt lat="56.53243" lon="-4.80008">
        <ele>218.65</ele>
      </trkpt>
      <trkpt lat="56.53242" lon="-4.80014">
        <ele>217.93</ele>
      </trkpt>
      <trkpt lat="56.5324" lon="-4.80021">
        <ele>217.37</ele>
      </trkpt>
      <trkpt lat="56.53237" lon="-4.80027">
        <ele>217.34</ele>
      </trkpt>
      <trkpt lat="56.53234" lon="-4.80032">
        <ele>217.25</ele>
      </trkpt>
      <trkpt lat="56.5323" lon="-4.80045">
        <ele>215.49</ele>
      </trkpt>
      <trkpt lat="56.53215" lon="-4.80084">
        <ele>210.17</ele>
      </trkpt>
      <trkpt lat="56.53206" lon="-4.80109">
        <ele>207.99</ele>
      </trkpt>
      <trkpt lat="56.532" lon="-4.80126">
        <ele>207.47</ele>
      </trkpt>
      <trkpt lat="56.53195" lon="-4.80157">
        <ele>206.48</ele>
      </trkpt>
      <trkpt lat="56.5319" lon="-4.80188">
        <ele>206.67</ele>
      </trkpt>
      <trkpt lat="56.53186" lon="-4.80233">
        <ele>199.01</ele>
      </trkpt>
      <trkpt lat="56.53181" lon="-4.80277">
        <ele>192.03</ele>
      </trkpt>
      <trkpt lat="56.53175" lon="-4.80315">
        <ele>192.88</ele>
      </trkpt>
      <trkpt lat="56.53175" lon="-4.80327">
        <ele>193.74</ele>
      </trkpt>
      <trkpt lat="56.53174" lon="-4.80342">
        <ele>194.96</ele>
      </trkpt>
      <trkpt lat="56.53172" lon="-4.80356">
        <ele>196.32</ele>
      </trkpt>
      <trkpt lat="56.5317" lon="-4.80366">
        <ele>196.98</ele>
      </trkpt>
      <trkpt lat="56.53163" lon="-4.80382">
        <ele>197.41</ele>
      </trkpt>
      <trkpt lat="56.53161" lon="-4.80389">
        <ele>197.4</ele>
      </trkpt>
      <trkpt lat="56.53161" lon="-4.80394">
        <ele>197.04</ele>
      </trkpt>
      <trkpt lat="56.53163" lon="-4.804">
        <ele>196.46</ele>
      </trkpt>
      <trkpt lat="56.53164" lon="-4.8041">
        <ele>195.67</ele>
      </trkpt>
      <trkpt lat="56.53164" lon="-4.80437">
        <ele>194.53</ele>
      </trkpt>
      <trkpt lat="56.53164" lon="-4.80442">
        <ele>194.37</ele>
      </trkpt>
      <trkpt lat="56.53165" lon="-4.80447">
        <ele>194.27</ele>
      </trkpt>
      <trkpt lat="56.53168" lon="-4.80453">
        <ele>194.16</ele>
      </trkpt>
      <trkpt lat="56.53173" lon="-4.80462">
        <ele>193.95</ele>
      </trkpt>
      <trkpt lat="56.53184" lon="-4.80479">
        <ele>193.07</ele>
      </trkpt>
      <trkpt lat="56.53208" lon="-4.8052">
        <ele>188.45</ele>
      </trkpt>
      <trkpt lat="56.53233" lon="-4.80557">
        <ele>185.6</ele>
      </trkpt>
      <trkpt lat="56.53263" lon="-4.80609">
        <ele>182.35</ele>
      </trkpt>
      <trkpt lat="56.53288" lon="-4.8067">
        <ele>174.91</ele>
      </trkpt>
      <trkpt lat="56.53285" lon="-4.80689">
        <ele>173.38</ele>
      </trkpt>
      <trkpt lat="56.53282" lon="-4.8071">
        <ele>172.52</ele>
      </trkpt>
      <trkpt lat="56.53272" lon="-4.80758">
        <ele>170.66</ele>
      </trkpt>
      <trkpt lat="56.5327" lon="-4.80767">
        <ele>170.77</ele>
      </trkpt>
      <trkpt lat="56.5326" lon="-4.80809">
        <ele>170.8</ele>
      </trkpt>
      <trkpt lat="56.53235" lon="-4.80904">
        <ele>172.42</ele>
      </trkpt>
      <trkpt lat="56.53207" lon="-4.81012">
        <ele>166.73</ele>
      </trkpt>
      <trkpt lat="56.53204" lon="-4.81029">
        <ele>167.43</ele>
      </trkpt>
      <trkpt lat="56.53202" lon="-4.81045">
        <ele>169.15</ele>
      </trkpt>
      <trkpt lat="56.53201" lon="-4.81068">
        <ele>172.08</ele>
      </trkpt>
      <trkpt lat="56.532" lon="-4.81177">
        <ele>177.66</ele>
      </trkpt>
      <trkpt lat="56.532" lon="-4.81217">
        <ele>174.75</ele>
      </trkpt>
      <trkpt lat="56.53201" lon="-4.81237">
        <ele>172.48</ele>
      </trkpt>
      <trkpt lat="56.53202" lon="-4.81256">
        <ele>170.02</ele>
      </trkpt>
      <trkpt lat="56.53204" lon="-4.81274">
        <ele>168.58</ele>
      </trkpt>
      <trkpt lat="56.53207" lon="-4.8129">
        <ele>166.97</ele>
      </trkpt>
      <trkpt lat="56.53211" lon="-4.81304">
        <ele>165.54</ele>
      </trkpt>
      <trkpt lat="56.53217" lon="-4.8132">
        <ele>165.19</ele>
      </trkpt>
      <trkpt lat="56.5323" lon="-4.81341">
        <ele>167.55</ele>
      </trkpt>
      <trkpt lat="56.53243" lon="-4.81352">
        <ele>170.59</ele>
      </trkpt>
      <trkpt lat="56.53249" lon="-4.81355">
        <ele>171.46</ele>
      </trkpt>
      <trkpt lat="56.53254" lon="-4.81355">
        <ele>172.1</ele>
      </trkpt>
      <trkpt lat="56.53258" lon="-4.81356">
        <ele>172.63</ele>
      </trkpt>
      <trkpt lat="56.53267" lon="-4.81354">
        <ele>173.97</ele>
      </trkpt>
      <trkpt lat="56.53278" lon="-4.81349">
        <ele>176.59</ele>
      </trkpt>
      <trkpt lat="56.53288" lon="-4.81344">
        <ele>176.19</ele>
      </trkpt>
      <trkpt lat="56.53374" lon="-4.81292">
        <ele>181.62</ele>
      </trkpt>
      <trkpt lat="56.53398" lon="-4.81279">
        <ele>185.62</ele>
      </trkpt>
      <trkpt lat="56.53424" lon="-4.81269">
        <ele>181.4</ele>
      </trkpt>
      <trkpt lat="56.53437" lon="-4.81266">
        <ele>177.75</ele>
      </trkpt>
      <trkpt lat="56.53466" lon="-4.81264">
        <ele>166.95</ele>
      </trkpt>
      <trkpt lat="56.53487" lon="-4.81265">
        <ele>165.2</ele>
      </trkpt>
      <trkpt lat="56.535" lon="-4.81268">
        <ele>165.7</ele>
      </trkpt>
      <trkpt lat="56.53508" lon="-4.81271">
        <ele>166.06</ele>
      </trkpt>
      <trkpt lat="56.53513" lon="-4.81274">
        <ele>166.21</ele>
      </trkpt>
      <trkpt lat="56.53515" lon="-4.81276">
        <ele>166.21</ele>
      </trkpt>
      <trkpt lat="56.53523" lon="-4.81282">
        <ele>166.43</ele>
      </trkpt>
      <trkpt lat="56.53525" lon="-4.81283">
        <ele>166.56</ele>
      </trkpt>
      <trkpt lat="56.53533" lon="-4.81291">
        <ele>166.61</ele>
      </trkpt>
      <trkpt lat="56.53542" lon="-4.81299">
        <ele>166.63</ele>
      </trkpt>
      <trkpt lat="56.53563" lon="-4.81317">
        <ele>167.57</ele>
      </trkpt>
      <trkpt lat="56.53572" lon="-4.81326">
        <ele>167.89</ele>
      </trkpt>
      <trkpt lat="56.53581" lon="-4.81335">
        <ele>168.05</ele>
      </trkpt>
      <trkpt lat="56.5359" lon="-4.81343">
        <ele>168.35</ele>
      </trkpt>
      <trkpt lat="56.53597" lon="-4.81348">
        <ele>168.53</ele>
      </trkpt>
      <trkpt lat="56.53604" lon="-4.81352">
        <ele>168.67</ele>
      </trkpt>
      <trkpt lat="56.5361" lon="-4.81355">
        <ele>168.78</ele>
      </trkpt>
      <trkpt lat="56.53612" lon="-4.81355">
        <ele>168.78</ele>
      </trkpt>
      <trkpt lat="56.53617" lon="-4.81357">
        <ele>168.85</ele>
      </trkpt>
      <trkpt lat="56.53622" lon="-4.81358">
        <ele>168.89</ele>
      </trkpt>
      <trkpt lat="56.53628" lon="-4.81359">
        <ele>168.92</ele>
      </trkpt>
      <trkpt lat="56.53633" lon="-4.81359">
        <ele>168.92</ele>
      </trkpt>
      <trkpt lat="56.53641" lon="-4.81359">
        <ele>168.92</ele>
      </trkpt>
      <trkpt lat="56.53648" lon="-4.81358">
        <ele>168.89</ele>
      </trkpt>
      <trkpt lat="56.53658" lon="-4.81355">
        <ele>168.78</ele>
      </trkpt>
      <trkpt lat="56.53668" lon="-4.81352">
        <ele>168.82</ele>
      </trkpt>
      <trkpt lat="56.53675" lon="-4.81349">
        <ele>169.46</ele>
      </trkpt>
      <trkpt lat="56.53681" lon="-4.81345">
        <ele>169.97</ele>
      </trkpt>
      <trkpt lat="56.5369" lon="-4.81339">
        <ele>170.72</ele>
      </trkpt>
      <trkpt lat="56.53698" lon="-4.81332">
        <ele>171.34</ele>
      </trkpt>
      <trkpt lat="56.53706" lon="-4.81324">
        <ele>171.91</ele>
      </trkpt>
      <trkpt lat="56.53718" lon="-4.81312">
        <ele>172.78</ele>
      </trkpt>
      <trkpt lat="56.53736" lon="-4.81295">
        <ele>173.23</ele>
      </trkpt>
      <trkpt lat="56.53744" lon="-4.81288">
        <ele>173.3</ele>
      </trkpt>
      <trkpt lat="56.53749" lon="-4.81284">
        <ele>173.38</ele>
      </trkpt>
      <trkpt lat="56.53756" lon="-4.81281">
        <ele>173.02</ele>
      </trkpt>
      <trkpt lat="56.53761" lon="-4.81278">
        <ele>172.62</ele>
      </trkpt>
      <trkpt lat="56.53766" lon="-4.81278">
        <ele>172.44</ele>
      </trkpt>
      <trkpt lat="56.53772" lon="-4.81278">
        <ele>172.22</ele>
      </trkpt>
      <trkpt lat="56.53778" lon="-4.81279">
        <ele>172.08</ele>
      </trkpt>
      <trkpt lat="56.53783" lon="-4.8128">
        <ele>171.97</ele>
      </trkpt>
      <trkpt lat="56.53788" lon="-4.81281">
        <ele>171.86</ele>
      </trkpt>
      <trkpt lat="56.53793" lon="-4.81283">
        <ele>171.83</ele>
      </trkpt>
      <trkpt lat="56.53809" lon="-4.81289">
        <ele>171.71</ele>
      </trkpt>
      <trkpt lat="56.53829" lon="-4.81297">
        <ele>171.22</ele>
      </trkpt>
      <trkpt lat="56.53849" lon="-4.81308">
        <ele>175.88</ele>
      </trkpt>
      <trkpt lat="56.53947" lon="-4.81362">
        <ele>164.31</ele>
      </trkpt>
      <trkpt lat="56.53981" lon="-4.8138">
        <ele>168.83</ele>
      </trkpt>
      <trkpt lat="56.54005" lon="-4.81391">
        <ele>170.18</ele>
      </trkpt>
      <trkpt lat="56.54019" lon="-4.81394">
        <ele>170.68</ele>
      </trkpt>
      <trkpt lat="56.54035" lon="-4.81397">
        <ele>169.88</ele>
      </trkpt>
      <trkpt lat="56.54045" lon="-4.81396">
        <ele>168.36</ele>
      </trkpt>
      <trkpt lat="56.54054" lon="-4.81392">
        <ele>167.12</ele>
      </trkpt>
      <trkpt lat="56.54081" lon="-4.81375">
        <ele>175.33</ele>
      </trkpt>
      <trkpt lat="56.54089" lon="-4.81369">
        <ele>177.19</ele>
      </trkpt>
      <trkpt lat="56.54107" lon="-4.81357">
        <ele>180.92</ele>
      </trkpt>
      <trkpt lat="56.54139" lon="-4.81331">
        <ele>184.05</ele>
      </trkpt>
      <trkpt lat="56.54168" lon="-4.81303">
        <ele>203.38</ele>
      </trkpt>
      <trkpt lat="56.54228" lon="-4.8123">
        <ele>205.58</ele>
      </trkpt>
      <trkpt lat="56.5426" lon="-4.81202">
        <ele>202.55</ele>
      </trkpt>
      <trkpt lat="56.54276" lon="-4.81181">
        <ele>196.75</ele>
      </trkpt>
      <trkpt lat="56.54325" lon="-4.81098">
        <ele>187.21</ele>
      </trkpt>
      <trkpt lat="56.54369" lon="-4.81029">
        <ele>189.01</ele>
      </trkpt>
      <trkpt lat="56.54414" lon="-4.80969">
        <ele>209.94</ele>
      </trkpt>
      <trkpt lat="56.54429" lon="-4.80946">
        <ele>213.74</ele>
      </trkpt>
      <trkpt lat="56.54435" lon="-4.80938">
        <ele>215.42</ele>
      </trkpt>
      <trkpt lat="56.54491" lon="-4.80852">
        <ele>224.61</ele>
      </trkpt>
      <trkpt lat="56.54578" lon="-4.80703">
        <ele>205.39</ele>
      </trkpt>
      <trkpt lat="56.54592" lon="-4.80668">
        <ele>201.75</ele>
      </trkpt>
      <trkpt lat="56.54598" lon="-4.80649">
        <ele>202.87</ele>
      </trkpt>
      <trkpt lat="56.54633" lon="-4.80486">
        <ele>229.54</ele>
      </trkpt>
      <trkpt lat="56.54641" lon="-4.80461">
        <ele>231.83</ele>
      </trkpt>
      <trkpt lat="56.54655" lon="-4.80439">
        <ele>231.8</ele>
      </trkpt>
      <trkpt lat="56.54802" lon="-4.80285">
        <ele>218.38</ele>
      </trkpt>
      <trkpt lat="56.54823" lon="-4.8026">
        <ele>214.36</ele>
      </trkpt>
      <trkpt lat="56.54888" lon="-4.80183">
        <ele>216.83</ele>
      </trkpt>
      <trkpt lat="56.54999" lon="-4.80053">
        <ele>243.06</ele>
      </trkpt>
      <trkpt lat="56.55133" lon="-4.79924">
        <ele>261.55</ele>
      </trkpt>
      <trkpt lat="56.5522" lon="-4.79805">
        <ele>333.33</ele>
      </trkpt>
      <trkpt lat="56.55252" lon="-4.79775">
        <ele>323.33</ele>
      </trkpt>
      <trkpt lat="56.55258" lon="-4.79771">
        <ele>322.39</ele>
      </trkpt>
      <trkpt lat="56.55297" lon="-4.79742">
        <ele>306.0</ele>
      </trkpt>
      <trkpt lat="56.55319" lon="-4.7973">
        <ele>289.93</ele>
      </trkpt>
      <trkpt lat="56.55392" lon="-4.79704">
        <ele>293.19</ele>
      </trkpt>
      <trkpt lat="56.55408" lon="-4.79701">
        <ele>294.21</ele>
      </trkpt>
      <trkpt lat="56.55432" lon="-4.79688">
        <ele>291.47</ele>
      </trkpt>
      <trkpt lat="56.55437" lon="-4.79682">
        <ele>290.4</ele>
      </trkpt>
      <trkpt lat="56.55494" lon="-4.79622">
        <ele>269.75</ele>
      </trkpt>
      <trkpt lat="56.55519" lon="-4.796">
        <ele>269.93</ele>
      </trkpt>
      <trkpt lat="56.55524" lon="-4.79595">
        <ele>268.94</ele>
      </trkpt>
      <trkpt lat="56.55535" lon="-4.79588">
        <ele>267.6</ele>
      </trkpt>
      <trkpt lat="56.55637" lon="-4.79546">
        <ele>268.62</ele>
      </trkpt>
      <trkpt lat="56.55873" lon="-4.79438">
        <ele>293.25</ele>
      </trkpt>
      <trkpt lat="56.55909" lon="-4.79435">
        <ele>296.62</ele>
      </trkpt>
      <trkpt lat="56.55932" lon="-4.79428">
        <ele>297.16</ele>
      </trkpt>
      <trkpt lat="56.55987" lon="-4.79428">
        <ele>293.54</ele>
      </trkpt>
      <trkpt lat="56.56001" lon="-4.79426">
        <ele>296.17</ele>
      </trkpt>
      <trkpt lat="56.56014" lon="-4.7942">
        <ele>299.16</ele>
      </trkpt>
      <trkpt lat="56.56046" lon="-4.79419">
        <ele>302.4</ele>
      </trkpt>
      <trkpt lat="56.5606" lon="-4.79413">
        <ele>302.43</ele>
      </trkpt>
      <trkpt lat="56.56166" lon="-4.79343">
        <ele>288.07</ele>
      </trkpt>
      <trkpt lat="56.56241" lon="-4.79287">
        <ele>293.34</ele>
      </trkpt>
      <trkpt lat="56.56355" lon="-4.79217">
        <ele>304.01</ele>
      </trkpt>
      <trkpt lat="56.56494" lon="-4.79146">
        <ele>302.38</ele>
      </trkpt>
      <trkpt lat="56.56647" lon="-4.79059">
        <ele>336.2</ele>
      </trkpt>
      <trkpt lat="56.56666" lon="-4.79055">
        <ele>333.04</ele>
      </trkpt>
      <trkpt lat="56.56685" lon="-4.79058">
        <ele>331.28</ele>
      </trkpt>
      <trkpt lat="56.56714" lon="-4.79077">
        <ele>330.91</ele>
      </trkpt>
      <trkpt lat="56.56737" lon="-4.79086">
        <ele>330.65</ele>
      </trkpt>
      <trkpt lat="56.56788" lon="-4.7909">
        <ele>320.71</ele>
      </trkpt>
      <trkpt lat="56.56815" lon="-4.79084">
        <ele>313.65</ele>
      </trkpt>
      <trkpt lat="56.56897" lon="-4.7905">
        <ele>325.08</ele>
      </trkpt>
      <trkpt lat="56.56925" lon="-4.79048">
        <ele>329.49</ele>
      </trkpt>
      <trkpt lat="56.56945" lon="-4.79041">
        <ele>331.24</ele>
      </trkpt>
      <trkpt lat="56.57063" lon="-4.79042">
        <ele>332.95</ele>
      </trkpt>
      <trkpt lat="56.57089" lon="-4.79057">
        <ele>325.07</ele>
      </trkpt>
      <trkpt lat="56.5712" lon="-4.79083">
        <ele>314.43</ele>
      </trkpt>
      <trkpt lat="56.57138" lon="-4.79105">
        <ele>310.65</ele>
      </trkpt>
      <trkpt lat="56.5715" lon="-4.79123">
        <ele>307.46</ele>
      </trkpt>
      <trkpt lat="56.57287" lon="-4.79362">
        <ele>306.31</ele>
      </trkpt>
      <trkpt lat="56.57341" lon="-4.79459">
        <ele>297.24</ele>
      </trkpt>
      <trkpt lat="56.57387" lon="-4.79546">
        <ele>300.04</ele>
      </trkpt>
      <trkpt lat="56.57407" lon="-4.79575">
        <ele>310.52</ele>
      </trkpt>
      <trkpt lat="56.5742" lon="-4.79588">
        <ele>313.48</ele>
      </trkpt>
      <trkpt lat="56.57443" lon="-4.79599">
        <ele>318.37</ele>
      </trkpt>
      <trkpt lat="56.57456" lon="-4.79601">
        <ele>320.34</ele>
      </trkpt>
      <trkpt lat="56.5749" lon="-4.79613">
        <ele>321.96</ele>
      </trkpt>
      <trkpt lat="56.57506" lon="-4.79624">
        <ele>321.77</ele>
      </trkpt>
      <trkpt lat="56.57631" lon="-4.79741">
        <ele>334.29</ele>
      </trkpt>
      <trkpt lat="56.57662" lon="-4.79762">
        <ele>329.55</ele>
      </trkpt>
      <trkpt lat="56.57697" lon="-4.79772">
        <ele>325.13</ele>
      </trkpt>
      <trkpt lat="56.57737" lon="-4.79773">
        <ele>319.64</ele>
      </trkpt>
      <trkpt lat="56.57746" lon="-4.79775">
        <ele>318.76</ele>
      </trkpt>
      <trkpt lat="56.57762" lon="-4.7978">
        <ele>321.44</ele>
      </trkpt>
      <trkpt lat="56.578" lon="-4.79783">
        <ele>325.74</ele>
      </trkpt>
      <trkpt lat="56.57831" lon="-4.79789">
        <ele>325.23</ele>
      </trkpt>
      <trkpt lat="56.57856" lon="-4.79793">
        <ele>327.96</ele>
      </trkpt>
      <trkpt lat="56.57871" lon="-4.79796">
        <ele>327.68</ele>
      </trkpt>
      <trkpt lat="56.57898" lon="-4.79802">
        <ele>323.9</ele>
      </trkpt>
      <trkpt lat="56.57915" lon="-4.79805">
        <ele>321.3</ele>
      </trkpt>
      <trkpt lat="56.57947" lon="-4.7981">
        <ele>317.01</ele>
      </trkpt>
      <trkpt lat="56.57968" lon="-4.79815">
        <ele>317.29</ele>
      </trkpt>
      <trkpt lat="56.58004" lon="-4.7982">
        <ele>320.77</ele>
      </trkpt>
      <trkpt lat="56.58026" lon="-4.79823">
        <ele>322.48</ele>
      </trkpt>
      <trkpt lat="56.58086" lon="-4.79824">
        <ele>332.38</ele>
      </trkpt>
      <trkpt lat="56.58114" lon="-4.79837">
        <ele>336.8</ele>
      </trkpt>
      <trkpt lat="56.58139" lon="-4.79856">
        <ele>339.84</ele>
      </trkpt>
      <trkpt lat="56.58167" lon="-4.79875">
        <ele>347.44</ele>
      </trkpt>
      <trkpt lat="56.58185" lon="-4.79885">
        <ele>345.04</ele>
      </trkpt>
      <trkpt lat="56.58208" lon="-4.79887">
        <ele>338.01</ele>
      </trkpt>
      <trkpt lat="56.5824" lon="-4.79897">
        <ele>316.16</ele>
      </trkpt>
      <trkpt lat="56.58294" lon="-4.79909">
        <ele>291.53</ele>
      </trkpt>
      <trkpt lat="56.58362" lon="-4.79914">
        <ele>290.7</ele>
      </trkpt>
      <trkpt lat="56.58409" lon="-4.7993">
        <ele>294.63</ele>
      </trkpt>
      <trkpt lat="56.58419" lon="-4.79938">
        <ele>294.72</ele>
      </trkpt>
      <trkpt lat="56.58436" lon="-4.7996">
        <ele>295.0</ele>
      </trkpt>
      <trkpt lat="56.58558" lon="-4.8014">
        <ele>293.76</ele>
      </trkpt>
      <trkpt lat="56.58577" lon="-4.80162">
        <ele>293.06</ele>
      </trkpt>
      <trkpt lat="56.59224" lon="-4.80603">
        <ele>319.34</ele>
      </trkpt>
      <trkpt lat="56.59292" lon="-4.8065">
        <ele>331.54</ele>
      </trkpt>
      <trkpt lat="56.59352" lon="-4.80696">
        <ele>329.45</ele>
      </trkpt>
      <trkpt lat="56.59394" lon="-4.80714">
        <ele>324.23</ele>
      </trkpt>
      <trkpt lat="56.59448" lon="-4.80732">
        <ele>331.65</ele>
      </trkpt>
      <trkpt lat="56.59497" lon="-4.80752">
        <ele>335.17</ele>
      </trkpt>
      <trkpt lat="56.59553" lon="-4.80768">
        <ele>318.0</ele>
      </trkpt>
      <trkpt lat="56.59566" lon="-4.80762">
        <ele>316.56</ele>
      </trkpt>
      <trkpt lat="56.59577" lon="-4.80758">
        <ele>318.3</ele>
      </trkpt>
      <trkpt lat="56.59612" lon="-4.80738">
        <ele>326.02</ele>
      </trkpt>
      <trkpt lat="56.59617" lon="-4.80737">
        <ele>328.53</ele>
      </trkpt>
      <trkpt lat="56.59634" lon="-4.8073">
        <ele>336.09</ele>
      </trkpt>
      <trkpt lat="56.597" lon="-4.80716">
        <ele>324.6</ele>
      </trkpt>
      <trkpt lat="56.5972" lon="-4.80715">
        <ele>318.0</ele>
      </trkpt>
      <trkpt lat="56.59758" lon="-4.80726">
        <ele>324.65</ele>
      </trkpt>
      <trkpt lat="56.59843" lon="-4.8076">
        <ele>322.36</ele>
      </trkpt>
      <trkpt lat="56.59866" lon="-4.80765">
        <ele>322.49</ele>
      </trkpt>
      <trkpt lat="56.5988" lon="-4.80764">
        <ele>321.62</ele>
      </trkpt>
      <trkpt lat="56.59903" lon="-4.80758">
        <ele>323.23</ele>
      </trkpt>
      <trkpt lat="56.59903" lon="-4.80758">
        <ele>323.23</ele>
      </trkpt>
      <trkpt lat="56.59937" lon="-4.80749">
        <ele>324.63</ele>
      </trkpt>
      <trkpt lat="56.59981" lon="-4.80729">
        <ele>327.07</ele>
      </trkpt>
      <trkpt lat="56.59996" lon="-4.80726">
        <ele>330.82</ele>
      </trkpt>
      <trkpt lat="56.60012" lon="-4.80729">
        <ele>332.81</ele>
      </trkpt>
      <trkpt lat="56.60024" lon="-4.80735">
        <ele>333.67</ele>
      </trkpt>
      <trkpt lat="56.60116" lon="-4.80788">
        <ele>335.8</ele>
      </trkpt>
      <trkpt lat="56.6013" lon="-4.80792">
        <ele>333.61</ele>
      </trkpt>
      <trkpt lat="56.60152" lon="-4.80792">
        <ele>334.63</ele>
      </trkpt>
      <trkpt lat="56.6022" lon="-4.80784">
        <ele>346.47</ele>
      </trkpt>
      <trkpt lat="56.60323" lon="-4.80782">
        <ele>362.85</ele>
      </trkpt>
      <trkpt lat="56.60366" lon="-4.80788">
        <ele>368.31</ele>
      </trkpt>
      <trkpt lat="56.60409" lon="-4.80799">
        <ele>370.28</ele>
      </trkpt>
      <trkpt lat="56.60424" lon="-4.80799">
        <ele>368.94</ele>
      </trkpt>
      <trkpt lat="56.60437" lon="-4.80796">
        <ele>367.07</ele>
      </trkpt>
      <trkpt lat="56.60469" lon="-4.80778">
        <ele>364.25</ele>
      </trkpt>
      <trkpt lat="56.60487" lon="-4.80765">
        <ele>358.49</ele>
      </trkpt>
      <trkpt lat="56.60492" lon="-4.80762">
        <ele>357.23</ele>
      </trkpt>
      <trkpt lat="56.60536" lon="-4.80725">
        <ele>346.87</ele>
      </trkpt>
      <trkpt lat="56.60568" lon="-4.80699">
        <ele>341.3</ele>
      </trkpt>
      <trkpt lat="56.60588" lon="-4.80683">
        <ele>343.94</ele>
      </trkpt>
      <trkpt lat="56.60836" lon="-4.80478">
        <ele>345.95</ele>
      </trkpt>
      <trkpt lat="56.60855" lon="-4.80461">
        <ele>347.54</ele>
      </trkpt>
      <trkpt lat="56.60881" lon="-4.8044">
        <ele>348.19</ele>
      </trkpt>
      <trkpt lat="56.60895" lon="-4.80427">
        <ele>347.06</ele>
      </trkpt>
      <trkpt lat="56.60902" lon="-4.8042">
        <ele>346.0</ele>
      </trkpt>
      <trkpt lat="56.60907" lon="-4.80415">
        <ele>345.31</ele>
      </trkpt>
      <trkpt lat="56.6093" lon="-4.80388">
        <ele>349.43</ele>
      </trkpt>
      <trkpt lat="56.61074" lon="-4.80218">
        <ele>374.85</ele>
      </trkpt>
      <trkpt lat="56.61113" lon="-4.8018">
        <ele>372.2</ele>
      </trkpt>
      <trkpt lat="56.61226" lon="-4.80102">
        <ele>384.89</ele>
      </trkpt>
      <trkpt lat="56.61252" lon="-4.80089">
        <ele>382.5</ele>
      </trkpt>
      <trkpt lat="56.61269" lon="-4.80082">
        <ele>381.37</ele>
      </trkpt>
      <trkpt lat="56.61283" lon="-4.80078">
        <ele>383.23</ele>
      </trkpt>
      <trkpt lat="56.61303" lon="-4.80066">
        <ele>390.48</ele>
      </trkpt>
      <trkpt lat="56.61343" lon="-4.80041">
        <ele>399.44</ele>
      </trkpt>
      <trkpt lat="56.61361" lon="-4.80026">
        <ele>403.05</ele>
      </trkpt>
      <trkpt lat="56.61372" lon="-4.80015">
        <ele>404.46</ele>
      </trkpt>
      <trkpt lat="56.61406" lon="-4.79981">
        <ele>402.24</ele>
      </trkpt>
      <trkpt lat="56.61417" lon="-4.79974">
        <ele>400.1</ele>
      </trkpt>
      <trkpt lat="56.61431" lon="-4.79972">
        <ele>401.56</ele>
      </trkpt>
      <trkpt lat="56.61508" lon="-4.79975">
        <ele>394.99</ele>
      </trkpt>
      <trkpt lat="56.61556" lon="-4.79968">
        <ele>392.5</ele>
      </trkpt>
      <trkpt lat="56.61596" lon="-4.79964">
        <ele>398.01</ele>
      </trkpt>
      <trkpt lat="56.6166" lon="-4.79965">
        <ele>405.99</ele>
      </trkpt>
      <trkpt lat="56.61696" lon="-4.79967">
        <ele>408.17</ele>
      </trkpt>
      <trkpt lat="56.61725" lon="-4.7997">
        <ele>411.38</ele>
      </trkpt>
      <trkpt lat="56.61758" lon="-4.79982">
        <ele>417.66</ele>
      </trkpt>
      <trkpt lat="56.61774" lon="-4.79992">
        <ele>421.92</ele>
      </trkpt>
      <trkpt lat="56.6182" lon="-4.80032">
        <ele>435.41</ele>
      </trkpt>
      <trkpt lat="56.61842" lon="-4.80049">
        <ele>436.45</ele>
      </trkpt>
      <trkpt lat="56.61991" lon="-4.80149">
        <ele>428.02</ele>
      </trkpt>
      <trkpt lat="56.62059" lon="-4.80173">
        <ele>444.56</ele>
      </trkpt>
      <trkpt lat="56.62091" lon="-4.80182">
        <ele>447.16</ele>
      </trkpt>
      <trkpt lat="56.62148" lon="-4.80185">
        <ele>448.59</ele>
      </trkpt>
      <trkpt lat="56.62174" lon="-4.80182">
        <ele>453.09</ele>
      </trkpt>
      <trkpt lat="56.62194" lon="-4.80175">
        <ele>456.51</ele>
      </trkpt>
      <trkpt lat="56.62206" lon="-4.80176">
        <ele>453.61</ele>
      </trkpt>
      <trkpt lat="56.62228" lon="-4.80189">
        <ele>448.19</ele>
      </trkpt>
      <trkpt lat="56.62257" lon="-4.80218">
        <ele>449.45</ele>
      </trkpt>
      <trkpt lat="56.62268" lon="-4.80226">
        <ele>446.46</ele>
      </trkpt>
      <trkpt lat="56.62292" lon="-4.80233">
        <ele>434.99</ele>
      </trkpt>
      <trkpt lat="56.62328" lon="-4.80259">
        <ele>415.9</ele>
      </trkpt>
      <trkpt lat="56.6234" lon="-4.8027">
        <ele>414.71</ele>
      </trkpt>
      <trkpt lat="56.62352" lon="-4.80281">
        <ele>414.22</ele>
      </trkpt>
      <trkpt lat="56.62374" lon="-4.8031">
        <ele>420.17</ele>
      </trkpt>
      <trkpt lat="56.6238" lon="-4.80319">
        <ele>421.43</ele>
      </trkpt>
      <trkpt lat="56.62388" lon="-4.80327">
        <ele>423.03</ele>
      </trkpt>
      <trkpt lat="56.62396" lon="-4.8033">
        <ele>423.38</ele>
      </trkpt>
      <trkpt lat="56.62471" lon="-4.80362">
        <ele>418.17</ele>
      </trkpt>
      <trkpt lat="56.62499" lon="-4.80379">
        <ele>424.06</ele>
      </trkpt>
      <trkpt lat="56.62522" lon="-4.80396">
        <ele>418.14</ele>
      </trkpt>
      <trkpt lat="56.62586" lon="-4.80463">
        <ele>423.66</ele>
      </trkpt>
      <trkpt lat="56.62586" lon="-4.80463">
        <ele>423.66</ele>
      </trkpt>
      <trkpt lat="56.62657" lon="-4.80536">
        <ele>425.22</ele>
      </trkpt>
      <trkpt lat="56.62744" lon="-4.80631">
        <ele>417.59</ele>
      </trkpt>
      <trkpt lat="56.62758" lon="-4.8065">
        <ele>417.92</ele>
      </trkpt>
      <trkpt lat="56.62774" lon="-4.80688">
        <ele>420.65</ele>
      </trkpt>
      <trkpt lat="56.62781" lon="-4.80712">
        <ele>423.67</ele>
      </trkpt>
      <trkpt lat="56.62791" lon="-4.80754">
        <ele>431.38</ele>
      </trkpt>
      <trkpt lat="56.62813" lon="-4.80874">
        <ele>436.83</ele>
      </trkpt>
      <trkpt lat="56.6282" lon="-4.80898">
        <ele>435.96</ele>
      </trkpt>
      <trkpt lat="56.62825" lon="-4.80913">
        <ele>432.69</ele>
      </trkpt>
      <trkpt lat="56.6283" lon="-4.80925">
        <ele>429.78</ele>
      </trkpt>
      <trkpt lat="56.6284" lon="-4.80943">
        <ele>424.66</ele>
      </trkpt>
      <trkpt lat="56.62847" lon="-4.80956">
        <ele>420.19</ele>
      </trkpt>
      <trkpt lat="56.62852" lon="-4.80964">
        <ele>417.59</ele>
      </trkpt>
      <trkpt lat="56.62855" lon="-4.80969">
        <ele>416.08</ele>
      </trkpt>
      <trkpt lat="56.62863" lon="-4.8098">
        <ele>411.84</ele>
      </trkpt>
      <trkpt lat="56.62878" lon="-4.80996">
        <ele>402.26</ele>
      </trkpt>
      <trkpt lat="56.62901" lon="-4.81029">
        <ele>395.26</ele>
      </trkpt>
      <trkpt lat="56.62917" lon="-4.81049">
        <ele>396.98</ele>
      </trkpt>
      <trkpt lat="56.62935" lon="-4.81086">
        <ele>392.85</ele>
      </trkpt>
      <trkpt lat="56.63015" lon="-4.81262">
        <ele>375.52</ele>
      </trkpt>
      <trkpt lat="56.63036" lon="-4.81319">
        <ele>387.54</ele>
      </trkpt>
      <trkpt lat="56.63067" lon="-4.81391">
        <ele>400.5</ele>
      </trkpt>
      <trkpt lat="56.63091" lon="-4.81451">
        <ele>406.62</ele>
      </trkpt>
      <trkpt lat="56.63145" lon="-4.81606">
        <ele>377.75</ele>
      </trkpt>
      <trkpt lat="56.63185" lon="-4.81706">
        <ele>351.61</ele>
      </trkpt>
      <trkpt lat="56.63214" lon="-4.81789">
        <ele>338.11</ele>
      </trkpt>
      <trkpt lat="56.63225" lon="-4.81823">
        <ele>341.31</ele>
      </trkpt>
      <trkpt lat="56.63276" lon="-4.82002">
        <ele>347.08</ele>
      </trkpt>
      <trkpt lat="56.63341" lon="-4.82218">
        <ele>337.52</ele>
      </trkpt>
      <trkpt lat="56.63348" lon="-4.8224">
        <ele>337.64</ele>
      </trkpt>
      <trkpt lat="56.63352" lon="-4.82251">
        <ele>338.86</ele>
      </trkpt>
      <trkpt lat="56.63356" lon="-4.8226">
        <ele>341.22</ele>
      </trkpt>
      <trkpt lat="56.63362" lon="-4.82268">
        <ele>343.56</ele>
      </trkpt>
      <trkpt lat="56.63367" lon="-4.82273">
        <ele>343.89</ele>
      </trkpt>
      <trkpt lat="56.63374" lon="-4.82276">
        <ele>343.53</ele>
      </trkpt>
      <trkpt lat="56.63381" lon="-4.82279">
        <ele>343.17</ele>
      </trkpt>
      <trkpt lat="56.63387" lon="-4.82281">
        <ele>343.2</ele>
      </trkpt>
      <trkpt lat="56.63401" lon="-4.82288">
        <ele>349.26</ele>
      </trkpt>
      <trkpt lat="56.63409" lon="-4.82293">
        <ele>352.45</ele>
      </trkpt>
      <trkpt lat="56.63426" lon="-4.82301">
        <ele>353.04</ele>
      </trkpt>
      <trkpt lat="56.63438" lon="-4.82311">
        <ele>349.31</ele>
      </trkpt>
      <trkpt lat="56.63454" lon="-4.82328">
        <ele>342.51</ele>
      </trkpt>
      <trkpt lat="56.63466" lon="-4.82344">
        <ele>339.64</ele>
      </trkpt>
      <trkpt lat="56.63476" lon="-4.82361">
        <ele>336.83</ele>
      </trkpt>
      <trkpt lat="56.63486" lon="-4.82392">
        <ele>330.41</ele>
      </trkpt>
      <trkpt lat="56.63491" lon="-4.82401">
        <ele>326.38</ele>
      </trkpt>
      <trkpt lat="56.63496" lon="-4.82406">
        <ele>322.76</ele>
      </trkpt>
      <trkpt lat="56.63501" lon="-4.82406">
        <ele>319.77</ele>
      </trkpt>
      <trkpt lat="56.63523" lon="-4.82399">
        <ele>314.51</ele>
      </trkpt>
      <trkpt lat="56.63546" lon="-4.82393">
        <ele>315.58</ele>
      </trkpt>
      <trkpt lat="56.63573" lon="-4.82387">
        <ele>323.95</ele>
      </trkpt>
      <trkpt lat="56.63584" lon="-4.82386">
        <ele>328.13</ele>
      </trkpt>
      <trkpt lat="56.63595" lon="-4.82392">
        <ele>328.13</ele>
      </trkpt>
      <trkpt lat="56.63615" lon="-4.82402">
        <ele>327.0</ele>
      </trkpt>
      <trkpt lat="56.63652" lon="-4.82414">
        <ele>312.88</ele>
      </trkpt>
      <trkpt lat="56.63662" lon="-4.82421">
        <ele>308.4</ele>
      </trkpt>
      <trkpt lat="56.63671" lon="-4.82436">
        <ele>309.42</ele>
      </trkpt>
      <trkpt lat="56.63679" lon="-4.82458">
        <ele>310.7</ele>
      </trkpt>
      <trkpt lat="56.63689" lon="-4.82508">
        <ele>305.32</ele>
      </trkpt>
      <trkpt lat="56.63701" lon="-4.82529">
        <ele>304.22</ele>
      </trkpt>
      <trkpt lat="56.6371" lon="-4.82543">
        <ele>303.95</ele>
      </trkpt>
      <trkpt lat="56.63718" lon="-4.82551">
        <ele>303.43</ele>
      </trkpt>
      <trkpt lat="56.63731" lon="-4.82561">
        <ele>302.85</ele>
      </trkpt>
      <trkpt lat="56.6375" lon="-4.82566">
        <ele>303.62</ele>
      </trkpt>
      <trkpt lat="56.63821" lon="-4.82606">
        <ele>296.52</ele>
      </trkpt>
      <trkpt lat="56.63913" lon="-4.82666">
        <ele>313.06</ele>
      </trkpt>
      <trkpt lat="56.63922" lon="-4.82669">
        <ele>312.26</ele>
      </trkpt>
      <trkpt lat="56.63939" lon="-4.82668">
        <ele>309.86</ele>
      </trkpt>
      <trkpt lat="56.63958" lon="-4.82662">
        <ele>300.98</ele>
      </trkpt>
      <trkpt lat="56.6399" lon="-4.82659">
        <ele>286.18</ele>
      </trkpt>
      <trkpt lat="56.64022" lon="-4.82671">
        <ele>285.75</ele>
      </trkpt>
      <trkpt lat="56.6406" lon="-4.82698">
        <ele>288.15</ele>
      </trkpt>
      <trkpt lat="56.64097" lon="-4.82709">
        <ele>293.17</ele>
      </trkpt>
      <trkpt lat="56.64125" lon="-4.82716">
        <ele>296.11</ele>
      </trkpt>
      <trkpt lat="56.64233" lon="-4.82727">
        <ele>304.36</ele>
      </trkpt>
      <trkpt lat="56.64267" lon="-4.82729">
        <ele>289.59</ele>
      </trkpt>
      <trkpt lat="56.64275" lon="-4.82726">
        <ele>284.45</ele>
      </trkpt>
      <trkpt lat="56.6428" lon="-4.82723">
        <ele>281.44</ele>
      </trkpt>
      <trkpt lat="56.6428" lon="-4.82723">
        <ele>281.44</ele>
      </trkpt>
      <trkpt lat="56.643" lon="-4.82729">
        <ele>275.48</ele>
      </trkpt>
      <trkpt lat="56.6432" lon="-4.82741">
        <ele>273.82</ele>
      </trkpt>
      <trkpt lat="56.64323" lon="-4.82748">
        <ele>273.74</ele>
      </trkpt>
      <trkpt lat="56.64355" lon="-4.82773">
        <ele>270.55</ele>
      </trkpt>
      <trkpt lat="56.64398" lon="-4.82802">
        <ele>275.93</ele>
      </trkpt>
      <trkpt lat="56.64418" lon="-4.82822">
        <ele>278.83</ele>
      </trkpt>
      <trkpt lat="56.64589" lon="-4.83063">
        <ele>275.1</ele>
      </trkpt>
      <trkpt lat="56.64612" lon="-4.83099">
        <ele>277.73</ele>
      </trkpt>
      <trkpt lat="56.64685" lon="-4.83226">
        <ele>271.91</ele>
      </trkpt>
      <trkpt lat="56.64731" lon="-4.83295">
        <ele>272.66</ele>
      </trkpt>
      <trkpt lat="56.64765" lon="-4.83344">
        <ele>267.71</ele>
      </trkpt>
      <trkpt lat="56.64799" lon="-4.83383">
        <ele>259.96</ele>
      </trkpt>
      <trkpt lat="56.648" lon="-4.83384">
        <ele>259.79</ele>
      </trkpt>
      <trkpt lat="56.64819" lon="-4.83429">
        <ele>260.02</ele>
      </trkpt>
      <trkpt lat="56.64856" lon="-4.835">
        <ele>260.45</ele>
      </trkpt>
      <trkpt lat="56.65014" lon="-4.83841">
        <ele>232.0</ele>
      </trkpt>
      <trkpt lat="56.65072" lon="-4.83961">
        <ele>234.42</ele>
      </trkpt>
      <trkpt lat="56.65085" lon="-4.83996">
        <ele>234.99</ele>
      </trkpt>
      <trkpt lat="56.65095" lon="-4.8402">
        <ele>233.37</ele>
      </trkpt>
      <trkpt lat="56.65102" lon="-4.84048">
        <ele>231.64</ele>
      </trkpt>
      <trkpt lat="56.65109" lon="-4.84057">
        <ele>230.47</ele>
      </trkpt>
      <trkpt lat="56.65115" lon="-4.84072">
        <ele>231.67</ele>
      </trkpt>
      <trkpt lat="56.65136" lon="-4.84058">
        <ele>238.27</ele>
      </trkpt>
      <trkpt lat="56.6514" lon="-4.8405">
        <ele>241.63</ele>
      </trkpt>
      <trkpt lat="56.65154" lon="-4.84036">
        <ele>247.81</ele>
      </trkpt>
      <trkpt lat="56.65175" lon="-4.8402">
        <ele>252.29</ele>
      </trkpt>
      <trkpt lat="56.6522" lon="-4.84008">
        <ele>252.97</ele>
      </trkpt>
      <trkpt lat="56.65237" lon="-4.84004">
        <ele>248.7</ele>
      </trkpt>
      <trkpt lat="56.6525" lon="-4.84003">
        <ele>244.57</ele>
      </trkpt>
      <trkpt lat="56.65284" lon="-4.84008">
        <ele>239.93</ele>
      </trkpt>
      <trkpt lat="56.65354" lon="-4.84029">
        <ele>231.9</ele>
      </trkpt>
      <trkpt lat="56.65357" lon="-4.84074">
        <ele>229.25</ele>
      </trkpt>
      <trkpt lat="56.65368" lon="-4.84303">
        <ele>239.39</ele>
      </trkpt>
      <trkpt lat="56.65371" lon="-4.84464">
        <ele>231.96</ele>
      </trkpt>
      <trkpt lat="56.65367" lon="-4.84779">
        <ele>225.94</ele>
      </trkpt>
      <trkpt lat="56.6535" lon="-4.85303">
        <ele>233.32</ele>
      </trkpt>
      <trkpt lat="56.65354" lon="-4.85343">
        <ele>234.5</ele>
      </trkpt>
      <trkpt lat="56.65377" lon="-4.85482">
        <ele>234.15</ele>
      </trkpt>
      <trkpt lat="56.65384" lon="-4.85542">
        <ele>234.39</ele>
      </trkpt>
      <trkpt lat="56.65388" lon="-4.85539">
        <ele>234.59</ele>
      </trkpt>
      <trkpt lat="56.65396" lon="-4.8554">
        <ele>234.33</ele>
      </trkpt>
      <trkpt lat="56.65401" lon="-4.85544">
        <ele>233.91</ele>
      </trkpt>
      <trkpt lat="56.65404" lon="-4.85554">
        <ele>233.03</ele>
      </trkpt>
      <trkpt lat="56.65413" lon="-4.85573">
        <ele>231.09</ele>
      </trkpt>
      <trkpt lat="56.65435" lon="-4.8561">
        <ele>234.62</ele>
      </trkpt>
      <trkpt lat="56.65507" lon="-4.85721">
        <ele>236.66</ele>
      </trkpt>
      <trkpt lat="56.65528" lon="-4.85766">
        <ele>236.59</ele>
      </trkpt>
      <trkpt lat="56.65536" lon="-4.85789">
        <ele>238.35</ele>
      </trkpt>
      <trkpt lat="56.65545" lon="-4.85836">
        <ele>244.98</ele>
      </trkpt>
      <trkpt lat="56.65555" lon="-4.85899">
        <ele>256.48</ele>
      </trkpt>
      <trkpt lat="56.65561" lon="-4.85926">
        <ele>256.13</ele>
      </trkpt>
      <trkpt lat="56.6557" lon="-4.8595">
        <ele>255.6</ele>
      </trkpt>
      <trkpt lat="56.65589" lon="-4.85981">
        <ele>253.9</ele>
      </trkpt>
      <trkpt lat="56.65615" lon="-4.86037">
        <ele>252.24</ele>
      </trkpt>
      <trkpt lat="56.6563" lon="-4.86065">
        <ele>251.64</ele>
      </trkpt>
      <trkpt lat="56.65655" lon="-4.86093">
        <ele>252.07</ele>
      </trkpt>
      <trkpt lat="56.6569" lon="-4.86137">
        <ele>259.25</ele>
      </trkpt>
      <trkpt lat="56.65717" lon="-4.86188">
        <ele>250.99</ele>
      </trkpt>
      <trkpt lat="56.65733" lon="-4.8621">
        <ele>252.72</ele>
      </trkpt>
      <trkpt lat="56.65751" lon="-4.86244">
        <ele>257.3</ele>
      </trkpt>
      <trkpt lat="56.65761" lon="-4.86272">
        <ele>258.48</ele>
      </trkpt>
      <trkpt lat="56.65761" lon="-4.86272">
        <ele>258.48</ele>
      </trkpt>
      <trkpt lat="56.65766" lon="-4.86284">
        <ele>258.74</ele>
      </trkpt>
      <trkpt lat="56.65786" lon="-4.86315">
        <ele>262.29</ele>
      </trkpt>
      <trkpt lat="56.65821" lon="-4.86383">
        <ele>274.27</ele>
      </trkpt>
      <trkpt lat="56.65855" lon="-4.86436">
        <ele>284.65</ele>
      </trkpt>
      <trkpt lat="56.65868" lon="-4.86466">
        <ele>283.6</ele>
      </trkpt>
      <trkpt lat="56.6588" lon="-4.86523">
        <ele>284.02</ele>
      </trkpt>
      <trkpt lat="56.65905" lon="-4.86618">
        <ele>305.44</ele>
      </trkpt>
      <trkpt lat="56.65908" lon="-4.86642">
        <ele>309.92</ele>
      </trkpt>
      <trkpt lat="56.65906" lon="-4.86692">
        <ele>314.58</ele>
      </trkpt>
      <trkpt lat="56.65906" lon="-4.86781">
        <ele>313.29</ele>
      </trkpt>
      <trkpt lat="56.65904" lon="-4.86805">
        <ele>312.72</ele>
      </trkpt>
      <trkpt lat="56.65892" lon="-4.86879">
        <ele>301.57</ele>
      </trkpt>
      <trkpt lat="56.65888" lon="-4.86917">
        <ele>299.71</ele>
      </trkpt>
      <trkpt lat="56.6588" lon="-4.86963">
        <ele>296.67</ele>
      </trkpt>
      <trkpt lat="56.6588" lon="-4.86986">
        <ele>294.75</ele>
      </trkpt>
      <trkpt lat="56.65885" lon="-4.87023">
        <ele>291.92</ele>
      </trkpt>
      <trkpt lat="56.65884" lon="-4.87056">
        <ele>289.25</ele>
      </trkpt>
      <trkpt lat="56.65884" lon="-4.87067">
        <ele>288.18</ele>
      </trkpt>
      <trkpt lat="56.6589" lon="-4.87109">
        <ele>285.44</ele>
      </trkpt>
      <trkpt lat="56.6589" lon="-4.87197">
        <ele>286.49</ele>
      </trkpt>
      <trkpt lat="56.65892" lon="-4.87222">
        <ele>287.68</ele>
      </trkpt>
      <trkpt lat="56.65901" lon="-4.87266">
        <ele>292.47</ele>
      </trkpt>
      <trkpt lat="56.6591" lon="-4.87354">
        <ele>300.1</ele>
      </trkpt>
      <trkpt lat="56.65911" lon="-4.87359">
        <ele>300.78</ele>
      </trkpt>
      <trkpt lat="56.65905" lon="-4.87407">
        <ele>303.55</ele>
      </trkpt>
      <trkpt lat="56.65905" lon="-4.87423">
        <ele>304.06</ele>
      </trkpt>
      <trkpt lat="56.65908" lon="-4.87451">
        <ele>303.61</ele>
      </trkpt>
      <trkpt lat="56.65915" lon="-4.87486">
        <ele>300.85</ele>
      </trkpt>
      <trkpt lat="56.65914" lon="-4.875">
        <ele>299.46</ele>
      </trkpt>
      <trkpt lat="56.65902" lon="-4.87571">
        <ele>284.94</ele>
      </trkpt>
      <trkpt lat="56.65896" lon="-4.87619">
        <ele>284.88</ele>
      </trkpt>
      <trkpt lat="56.65891" lon="-4.87673">
        <ele>287.27</ele>
      </trkpt>
      <trkpt lat="56.65891" lon="-4.87705">
        <ele>286.92</ele>
      </trkpt>
      <trkpt lat="56.65893" lon="-4.87726">
        <ele>286.9</ele>
      </trkpt>
      <trkpt lat="56.65898" lon="-4.8775">
        <ele>287.94</ele>
      </trkpt>
      <trkpt lat="56.65944" lon="-4.87918">
        <ele>286.54</ele>
      </trkpt>
      <trkpt lat="56.65961" lon="-4.88013">
        <ele>284.16</ele>
      </trkpt>
      <trkpt lat="56.65962" lon="-4.88028">
        <ele>281.05</ele>
      </trkpt>
      <trkpt lat="56.6596" lon="-4.88048">
        <ele>279.61</ele>
      </trkpt>
      <trkpt lat="56.65952" lon="-4.88103">
        <ele>276.69</ele>
      </trkpt>
      <trkpt lat="56.65952" lon="-4.88123">
        <ele>279.61</ele>
      </trkpt>
      <trkpt lat="56.65954" lon="-4.88144">
        <ele>283.9</ele>
      </trkpt>
      <trkpt lat="56.65973" lon="-4.88235">
        <ele>287.46</ele>
      </trkpt>
      <trkpt lat="56.66" lon="-4.8834">
        <ele>276.0</ele>
      </trkpt>
      <trkpt lat="56.66019" lon="-4.88445">
        <ele>282.77</ele>
      </trkpt>
      <trkpt lat="56.66035" lon="-4.88491">
        <ele>288.03</ele>
      </trkpt>
      <trkpt lat="56.66048" lon="-4.88578">
        <ele>300.29</ele>
      </trkpt>
      <trkpt lat="56.66064" lon="-4.88642">
        <ele>281.33</ele>
      </trkpt>
      <trkpt lat="56.66069" lon="-4.88683">
        <ele>270.22</ele>
      </trkpt>
      <trkpt lat="56.66069" lon="-4.88705">
        <ele>265.84</ele>
      </trkpt>
      <trkpt lat="56.66065" lon="-4.8875">
        <ele>257.08</ele>
      </trkpt>
      <trkpt lat="56.66065" lon="-4.8879">
        <ele>256.32</ele>
      </trkpt>
      <trkpt lat="56.66067" lon="-4.88803">
        <ele>257.6</ele>
      </trkpt>
      <trkpt lat="56.66077" lon="-4.88832">
        <ele>258.74</ele>
      </trkpt>
      <trkpt lat="56.66091" lon="-4.88883">
        <ele>259.1</ele>
      </trkpt>
      <trkpt lat="56.661" lon="-4.88924">
        <ele>261.85</ele>
      </trkpt>
      <trkpt lat="56.6611" lon="-4.88992">
        <ele>257.74</ele>
      </trkpt>
      <trkpt lat="56.66117" lon="-4.89009">
        <ele>258.07</ele>
      </trkpt>
      <trkpt lat="56.66131" lon="-4.89027">
        <ele>259.21</ele>
      </trkpt>
      <trkpt lat="56.66142" lon="-4.89076">
        <ele>259.73</ele>
      </trkpt>
      <trkpt lat="56.66157" lon="-4.89162">
        <ele>269.06</ele>
      </trkpt>
      <trkpt lat="56.66162" lon="-4.89181">
        <ele>267.93</ele>
      </trkpt>
      <trkpt lat="56.66193" lon="-4.89281">
        <ele>257.8</ele>
      </trkpt>
      <trkpt lat="56.66215" lon="-4.89328">
        <ele>258.47</ele>
      </trkpt>
      <trkpt lat="56.6623" lon="-4.89369">
        <ele>263.88</ele>
      </trkpt>
      <trkpt lat="56.66251" lon="-4.89449">
        <ele>267.76</ele>
      </trkpt>
      <trkpt lat="56.66273" lon="-4.89513">
        <ele>270.76</ele>
      </trkpt>
      <trkpt lat="56.6631" lon="-4.8965">
        <ele>263.94</ele>
      </trkpt>
      <trkpt lat="56.66341" lon="-4.89757">
        <ele>260.85</ele>
      </trkpt>
      <trkpt lat="56.66344" lon="-4.89767">
        <ele>261.87</ele>
      </trkpt>
      <trkpt lat="56.66354" lon="-4.89794">
        <ele>271.03</ele>
      </trkpt>
      <trkpt lat="56.66357" lon="-4.89816">
        <ele>276.56</ele>
      </trkpt>
      <trkpt lat="56.66358" lon="-4.8982">
        <ele>277.39</ele>
      </trkpt>
      <trkpt lat="56.66371" lon="-4.89877">
        <ele>279.47</ele>
      </trkpt>
      <trkpt lat="56.664" lon="-4.89957">
        <ele>274.06</ele>
      </trkpt>
      <trkpt lat="56.66404" lon="-4.89978">
        <ele>273.26</ele>
      </trkpt>
      <trkpt lat="56.664" lon="-4.89997">
        <ele>271.66</ele>
      </trkpt>
      <trkpt lat="56.66407" lon="-4.90028">
        <ele>275.23</ele>
      </trkpt>
      <trkpt lat="56.66414" lon="-4.90052">
        <ele>278.36</ele>
      </trkpt>
      <trkpt lat="56.66414" lon="-4.90052">
        <ele>278.36</ele>
      </trkpt>
      <trkpt lat="56.66424" lon="-4.9009">
        <ele>278.43</ele>
      </trkpt>
      <trkpt lat="56.66432" lon="-4.90135">
        <ele>276.22</ele>
      </trkpt>
      <trkpt lat="56.66439" lon="-4.90158">
        <ele>274.62</ele>
      </trkpt>
      <trkpt lat="56.66445" lon="-4.90178">
        <ele>272.86</ele>
      </trkpt>
      <trkpt lat="56.6645" lon="-4.9021">
        <ele>271.66</ele>
      </trkpt>
      <trkpt lat="56.66453" lon="-4.90231">
        <ele>272.55</ele>
      </trkpt>
      <trkpt lat="56.66456" lon="-4.90248">
        <ele>274.46</ele>
      </trkpt>
      <trkpt lat="56.66462" lon="-4.90268">
        <ele>276.88</ele>
      </trkpt>
      <trkpt lat="56.66466" lon="-4.90292">
        <ele>277.05</ele>
      </trkpt>
      <trkpt lat="56.66467" lon="-4.90297">
        <ele>276.86</ele>
      </trkpt>
      <trkpt lat="56.66468" lon="-4.90308">
        <ele>276.04</ele>
      </trkpt>
      <trkpt lat="56.6647" lon="-4.90325">
        <ele>275.81</ele>
      </trkpt>
      <trkpt lat="56.66472" lon="-4.90336">
        <ele>276.02</ele>
      </trkpt>
      <trkpt lat="56.66478" lon="-4.90374">
        <ele>279.0</ele>
      </trkpt>
      <trkpt lat="56.66478" lon="-4.90381">
        <ele>279.41</ele>
      </trkpt>
      <trkpt lat="56.66481" lon="-4.90388">
        <ele>280.78</ele>
      </trkpt>
      <trkpt lat="56.66484" lon="-4.904">
        <ele>282.49</ele>
      </trkpt>
      <trkpt lat="56.66484" lon="-4.90412">
        <ele>283.23</ele>
      </trkpt>
      <trkpt lat="56.66482" lon="-4.9042">
        <ele>282.54</ele>
      </trkpt>
      <trkpt lat="56.66482" lon="-4.90457">
        <ele>281.56</ele>
      </trkpt>
      <trkpt lat="56.66479" lon="-4.90464">
        <ele>279.24</ele>
      </trkpt>
      <trkpt lat="56.66481" lon="-4.90479">
        <ele>278.81</ele>
      </trkpt>
      <trkpt lat="56.66479" lon="-4.90488">
        <ele>276.1</ele>
      </trkpt>
      <trkpt lat="56.6648" lon="-4.90495">
        <ele>275.48</ele>
      </trkpt>
      <trkpt lat="56.66481" lon="-4.90502">
        <ele>274.83</ele>
      </trkpt>
      <trkpt lat="56.66483" lon="-4.90512">
        <ele>274.17</ele>
      </trkpt>
      <trkpt lat="56.66506" lon="-4.9053">
        <ele>278.38</ele>
      </trkpt>
      <trkpt lat="56.66513" lon="-4.90529">
        <ele>281.15</ele>
      </trkpt>
      <trkpt lat="56.66537" lon="-4.90514">
        <ele>293.8</ele>
      </trkpt>
      <trkpt lat="56.6655" lon="-4.90512">
        <ele>300.93</ele>
      </trkpt>
      <trkpt lat="56.66558" lon="-4.90516">
        <ele>304.2</ele>
      </trkpt>
      <trkpt lat="56.66576" lon="-4.90541">
        <ele>309.43</ele>
      </trkpt>
      <trkpt lat="56.66585" lon="-4.90549">
        <ele>311.43</ele>
      </trkpt>
      <trkpt lat="56.6659" lon="-4.9055">
        <ele>312.01</ele>
      </trkpt>
      <trkpt lat="56.66607" lon="-4.90544">
        <ele>315.84</ele>
      </trkpt>
      <trkpt lat="56.66618" lon="-4.9055">
        <ele>314.8</ele>
      </trkpt>
      <trkpt lat="56.66632" lon="-4.90563">
        <ele>311.29</ele>
      </trkpt>
      <trkpt lat="56.66649" lon="-4.90559">
        <ele>312.32</ele>
      </trkpt>
      <trkpt lat="56.66661" lon="-4.90566">
        <ele>312.69</ele>
      </trkpt>
      <trkpt lat="56.66667" lon="-4.90565">
        <ele>313.38</ele>
      </trkpt>
      <trkpt lat="56.66674" lon="-4.90565">
        <ele>314.56</ele>
      </trkpt>
      <trkpt lat="56.66679" lon="-4.9056">
        <ele>315.6</ele>
      </trkpt>
      <trkpt lat="56.66694" lon="-4.90562">
        <ele>317.93</ele>
      </trkpt>
      <trkpt lat="56.66697" lon="-4.90563">
        <ele>318.53</ele>
      </trkpt>
      <trkpt lat="56.66708" lon="-4.90568">
        <ele>320.71</ele>
      </trkpt>
      <trkpt lat="56.66722" lon="-4.90582">
        <ele>323.01</ele>
      </trkpt>
      <trkpt lat="56.6674" lon="-4.90614">
        <ele>324.02</ele>
      </trkpt>
      <trkpt lat="56.66751" lon="-4.90628">
        <ele>325.57</ele>
      </trkpt>
      <trkpt lat="56.6676" lon="-4.90636">
        <ele>326.37</ele>
      </trkpt>
      <trkpt lat="56.66786" lon="-4.90661">
        <ele>326.16</ele>
      </trkpt>
      <trkpt lat="56.66799" lon="-4.90668">
        <ele>324.82</ele>
      </trkpt>
      <trkpt lat="56.66827" lon="-4.90671">
        <ele>325.27</ele>
      </trkpt>
      <trkpt lat="56.66845" lon="-4.90658">
        <ele>329.83</ele>
      </trkpt>
      <trkpt lat="56.66854" lon="-4.90656">
        <ele>331.0</ele>
      </trkpt>
      <trkpt lat="56.66865" lon="-4.90661">
        <ele>331.96</ele>
      </trkpt>
      <trkpt lat="56.66877" lon="-4.90674">
        <ele>334.28</ele>
      </trkpt>
      <trkpt lat="56.66904" lon="-4.90717">
        <ele>342.65</ele>
      </trkpt>
      <trkpt lat="56.66913" lon="-4.90727">
        <ele>346.82</ele>
      </trkpt>
      <trkpt lat="56.66941" lon="-4.90749">
        <ele>348.48</ele>
      </trkpt>
      <trkpt lat="56.66951" lon="-4.90754">
        <ele>350.04</ele>
      </trkpt>
      <trkpt lat="56.66957" lon="-4.90754">
        <ele>351.52</ele>
      </trkpt>
      <trkpt lat="56.66978" lon="-4.90736">
        <ele>356.09</ele>
      </trkpt>
      <trkpt lat="56.66992" lon="-4.90733">
        <ele>355.19</ele>
      </trkpt>
      <trkpt lat="56.67001" lon="-4.90739">
        <ele>354.35</ele>
      </trkpt>
      <trkpt lat="56.67014" lon="-4.90755">
        <ele>352.81</ele>
      </trkpt>
      <trkpt lat="56.67018" lon="-4.90758">
        <ele>352.42</ele>
      </trkpt>
      <trkpt lat="56.67026" lon="-4.9076">
        <ele>351.77</ele>
      </trkpt>
      <trkpt lat="56.67033" lon="-4.9077">
        <ele>351.76</ele>
      </trkpt>
      <trkpt lat="56.67033" lon="-4.90781">
        <ele>351.47</ele>
      </trkpt>
      <trkpt lat="56.67038" lon="-4.90806">
        <ele>352.34</ele>
      </trkpt>
      <trkpt lat="56.67045" lon="-4.90842">
        <ele>351.31</ele>
      </trkpt>
      <trkpt lat="56.67056" lon="-4.90863">
        <ele>353.48</ele>
      </trkpt>
      <trkpt lat="56.67064" lon="-4.90877">
        <ele>359.88</ele>
      </trkpt>
      <trkpt lat="56.67061" lon="-4.90894">
        <ele>359.63</ele>
      </trkpt>
      <trkpt lat="56.67062" lon="-4.90901">
        <ele>360.61</ele>
      </trkpt>
      <trkpt lat="56.67065" lon="-4.90912">
        <ele>362.88</ele>
      </trkpt>
      <trkpt lat="56.67102" lon="-4.90991">
        <ele>382.03</ele>
      </trkpt>
      <trkpt lat="56.67115" lon="-4.91024">
        <ele>385.33</ele>
      </trkpt>
      <trkpt lat="56.67134" lon="-4.91056">
        <ele>391.53</ele>
      </trkpt>
      <trkpt lat="56.67147" lon="-4.91085">
        <ele>397.12</ele>
      </trkpt>
      <trkpt lat="56.67153" lon="-4.91097">
        <ele>399.49</ele>
      </trkpt>
      <trkpt lat="56.67178" lon="-4.91112">
        <ele>402.64</ele>
      </trkpt>
      <trkpt lat="56.67208" lon="-4.91111">
        <ele>408.34</ele>
      </trkpt>
      <trkpt lat="56.67215" lon="-4.91114">
        <ele>411.68</ele>
      </trkpt>
      <trkpt lat="56.67215" lon="-4.91114">
        <ele>411.68</ele>
      </trkpt>
      <trkpt lat="56.67223" lon="-4.91118">
        <ele>414.76</ele>
      </trkpt>
      <trkpt lat="56.67238" lon="-4.9113">
        <ele>414.71</ele>
      </trkpt>
      <trkpt lat="56.67246" lon="-4.9114">
        <ele>414.89</ele>
      </trkpt>
      <trkpt lat="56.67248" lon="-4.9115">
        <ele>415.3</ele>
      </trkpt>
      <trkpt lat="56.67249" lon="-4.91162">
        <ele>415.77</ele>
      </trkpt>
      <trkpt lat="56.67248" lon="-4.91172">
        <ele>416.02</ele>
      </trkpt>
      <trkpt lat="56.67245" lon="-4.91185">
        <ele>416.06</ele>
      </trkpt>
      <trkpt lat="56.67245" lon="-4.9119">
        <ele>416.18</ele>
      </trkpt>
      <trkpt lat="56.67247" lon="-4.91199">
        <ele>416.71</ele>
      </trkpt>
      <trkpt lat="56.67251" lon="-4.91205">
        <ele>417.68</ele>
      </trkpt>
      <trkpt lat="56.67255" lon="-4.91208">
        <ele>419.02</ele>
      </trkpt>
      <trkpt lat="56.67259" lon="-4.91208">
        <ele>420.24</ele>
      </trkpt>
      <trkpt lat="56.67272" lon="-4.91199">
        <ele>423.63</ele>
      </trkpt>
      <trkpt lat="56.67276" lon="-4.91198">
        <ele>424.74</ele>
      </trkpt>
      <trkpt lat="56.67279" lon="-4.912">
        <ele>425.41</ele>
      </trkpt>
      <trkpt lat="56.67281" lon="-4.91202">
        <ele>425.62</ele>
      </trkpt>
      <trkpt lat="56.67283" lon="-4.91215">
        <ele>427.13</ele>
      </trkpt>
      <trkpt lat="56.67282" lon="-4.91222">
        <ele>427.74</ele>
      </trkpt>
      <trkpt lat="56.67283" lon="-4.91229">
        <ele>428.37</ele>
      </trkpt>
      <trkpt lat="56.67284" lon="-4.91234">
        <ele>428.92</ele>
      </trkpt>
      <trkpt lat="56.67286" lon="-4.91237">
        <ele>429.64</ele>
      </trkpt>
      <trkpt lat="56.67289" lon="-4.91238">
        <ele>430.51</ele>
      </trkpt>
      <trkpt lat="56.67293" lon="-4.91235">
        <ele>431.21</ele>
      </trkpt>
      <trkpt lat="56.67297" lon="-4.9123">
        <ele>431.52</ele>
      </trkpt>
      <trkpt lat="56.67306" lon="-4.91221">
        <ele>431.81</ele>
      </trkpt>
      <trkpt lat="56.6731" lon="-4.91217">
        <ele>432.04</ele>
      </trkpt>
      <trkpt lat="56.67316" lon="-4.91217">
        <ele>434.11</ele>
      </trkpt>
      <trkpt lat="56.67321" lon="-4.91217">
        <ele>435.85</ele>
      </trkpt>
      <trkpt lat="56.67326" lon="-4.9122">
        <ele>438.6</ele>
      </trkpt>
      <trkpt lat="56.67328" lon="-4.91224">
        <ele>440.61</ele>
      </trkpt>
      <trkpt lat="56.67328" lon="-4.91234">
        <ele>443.57</ele>
      </trkpt>
      <trkpt lat="56.67328" lon="-4.91238">
        <ele>444.76</ele>
      </trkpt>
      <trkpt lat="56.6733" lon="-4.91241">
        <ele>446.56</ele>
      </trkpt>
      <trkpt lat="56.67333" lon="-4.91241">
        <ele>447.93</ele>
      </trkpt>
      <trkpt lat="56.67339" lon="-4.91236">
        <ele>449.32</ele>
      </trkpt>
      <trkpt lat="56.67341" lon="-4.91236">
        <ele>450.33</ele>
      </trkpt>
      <trkpt lat="56.67344" lon="-4.9124">
        <ele>453.24</ele>
      </trkpt>
      <trkpt lat="56.67341" lon="-4.91259">
        <ele>458.11</ele>
      </trkpt>
      <trkpt lat="56.6734" lon="-4.9127">
        <ele>461.28</ele>
      </trkpt>
      <trkpt lat="56.6734" lon="-4.91277">
        <ele>463.62</ele>
      </trkpt>
      <trkpt lat="56.67341" lon="-4.91281">
        <ele>465.67</ele>
      </trkpt>
      <trkpt lat="56.67342" lon="-4.91282">
        <ele>466.45</ele>
      </trkpt>
      <trkpt lat="56.67345" lon="-4.91284">
        <ele>468.27</ele>
      </trkpt>
      <trkpt lat="56.67353" lon="-4.91277">
        <ele>469.28</ele>
      </trkpt>
      <trkpt lat="56.67363" lon="-4.91271">
        <ele>471.92</ele>
      </trkpt>
      <trkpt lat="56.67374" lon="-4.91269">
        <ele>475.11</ele>
      </trkpt>
      <trkpt lat="56.67381" lon="-4.9128">
        <ele>479.74</ele>
      </trkpt>
      <trkpt lat="56.67388" lon="-4.91286">
        <ele>482.89</ele>
      </trkpt>
      <trkpt lat="56.6739" lon="-4.91288">
        <ele>483.78</ele>
      </trkpt>
      <trkpt lat="56.6739" lon="-4.91301">
        <ele>485.69</ele>
      </trkpt>
      <trkpt lat="56.67391" lon="-4.91318">
        <ele>490.1</ele>
      </trkpt>
      <trkpt lat="56.6739" lon="-4.91326">
        <ele>492.1</ele>
      </trkpt>
      <trkpt lat="56.67387" lon="-4.91335">
        <ele>494.02</ele>
      </trkpt>
      <trkpt lat="56.67386" lon="-4.91342">
        <ele>495.87</ele>
      </trkpt>
      <trkpt lat="56.67388" lon="-4.91349">
        <ele>498.34</ele>
      </trkpt>
      <trkpt lat="56.67392" lon="-4.9135">
        <ele>499.05</ele>
      </trkpt>
      <trkpt lat="56.67397" lon="-4.91343">
        <ele>497.65</ele>
      </trkpt>
      <trkpt lat="56.67402" lon="-4.91337">
        <ele>496.76</ele>
      </trkpt>
      <trkpt lat="56.67447" lon="-4.91276">
        <ele>485.73</ele>
      </trkpt>
      <trkpt lat="56.67459" lon="-4.91266">
        <ele>489.19</ele>
      </trkpt>
      <trkpt lat="56.67459" lon="-4.91278">
        <ele>490.27</ele>
      </trkpt>
      <trkpt lat="56.67458" lon="-4.91289">
        <ele>491.52</ele>
      </trkpt>
      <trkpt lat="56.67445" lon="-4.91352">
        <ele>508.74</ele>
      </trkpt>
      <trkpt lat="56.67443" lon="-4.91372">
        <ele>513.97</ele>
      </trkpt>
      <trkpt lat="56.67443" lon="-4.91393">
        <ele>517.57</ele>
      </trkpt>
      <trkpt lat="56.67445" lon="-4.91404">
        <ele>516.82</ele>
      </trkpt>
      <trkpt lat="56.6745" lon="-4.91416">
        <ele>515.24</ele>
      </trkpt>
      <trkpt lat="56.67453" lon="-4.91419">
        <ele>514.97</ele>
      </trkpt>
      <trkpt lat="56.67457" lon="-4.91415">
        <ele>514.28</ele>
      </trkpt>
      <trkpt lat="56.67459" lon="-4.91418">
        <ele>513.97</ele>
      </trkpt>
      <trkpt lat="56.67461" lon="-4.91451">
        <ele>516.38</ele>
      </trkpt>
      <trkpt lat="56.67463" lon="-4.91456">
        <ele>517.18</ele>
      </trkpt>
      <trkpt lat="56.67465" lon="-4.91459">
        <ele>517.51</ele>
      </trkpt>
      <trkpt lat="56.67473" lon="-4.91451">
        <ele>513.08</ele>
      </trkpt>
      <trkpt lat="56.67479" lon="-4.91455">
        <ele>513.99</ele>
      </trkpt>
      <trkpt lat="56.67487" lon="-4.91444">
        <ele>510.51</ele>
      </trkpt>
      <trkpt lat="56.67499" lon="-4.91434">
        <ele>511.5</ele>
      </trkpt>
      <trkpt lat="56.67526" lon="-4.9142">
        <ele>519.92</ele>
      </trkpt>
      <trkpt lat="56.67542" lon="-4.91415">
        <ele>523.19</ele>
      </trkpt>
      <trkpt lat="56.67562" lon="-4.91417">
        <ele>528.5</ele>
      </trkpt>
      <trkpt lat="56.67576" lon="-4.91421">
        <ele>532.82</ele>
      </trkpt>
      <trkpt lat="56.67581" lon="-4.91423">
        <ele>534.55</ele>
      </trkpt>
      <trkpt lat="56.67616" lon="-4.91433">
        <ele>534.13</ele>
      </trkpt>
      <trkpt lat="56.67627" lon="-4.91439">
        <ele>533.2</ele>
      </trkpt>
      <trkpt lat="56.67641" lon="-4.91446">
        <ele>532.25</ele>
      </trkpt>
      <trkpt lat="56.6769" lon="-4.91459">
        <ele>538.56</ele>
      </trkpt>
      <trkpt lat="56.67723" lon="-4.91473">
        <ele>539.72</ele>
      </trkpt>
      <trkpt lat="56.67737" lon="-4.91484">
        <ele>535.46</ele>
      </trkpt>
      <trkpt lat="56.67748" lon="-4.91489">
        <ele>532.81</ele>
      </trkpt>
      <trkpt lat="56.67754" lon="-4.91496">
        <ele>531.38</ele>
      </trkpt>
      <trkpt lat="56.67769" lon="-4.91525">
        <ele>527.11</ele>
      </trkpt>
      <trkpt lat="56.6778" lon="-4.91555">
        <ele>524.29</ele>
      </trkpt>
      <trkpt lat="56.67793" lon="-4.91574">
        <ele>518.93</ele>
      </trkpt>
      <trkpt lat="56.678" lon="-4.9158">
        <ele>517.62</ele>
      </trkpt>
      <trkpt lat="56.67805" lon="-4.91578">
        <ele>516.89</ele>
      </trkpt>
      <trkpt lat="56.67807" lon="-4.91575">
        <ele>516.13</ele>
      </trkpt>
      <trkpt lat="56.67812" lon="-4.91572">
        <ele>514.04</ele>
      </trkpt>
      <trkpt lat="56.67816" lon="-4.91568">
        <ele>512.31</ele>
      </trkpt>
      <trkpt lat="56.67822" lon="-4.91568">
        <ele>509.94</ele>
      </trkpt>
      <trkpt lat="56.67826" lon="-4.91569">
        <ele>508.39</ele>
      </trkpt>
      <trkpt lat="56.67831" lon="-4.91567">
        <ele>506.34</ele>
      </trkpt>
      <trkpt lat="56.67835" lon="-4.91567">
        <ele>504.58</ele>
      </trkpt>
      <trkpt lat="56.67839" lon="-4.91571">
        <ele>502.52</ele>
      </trkpt>
      <trkpt lat="56.67842" lon="-4.91578">
        <ele>500.61</ele>
      </trkpt>
      <trkpt lat="56.67845" lon="-4.91586">
        <ele>498.32</ele>
      </trkpt>
      <trkpt lat="56.67848" lon="-4.91594">
        <ele>495.89</ele>
      </trkpt>
      <trkpt lat="56.67851" lon="-4.916">
        <ele>493.41</ele>
      </trkpt>
      <trkpt lat="56.67855" lon="-4.91605">
        <ele>490.13</ele>
      </trkpt>
      <trkpt lat="56.67858" lon="-4.91612">
        <ele>487.41</ele>
      </trkpt>
      <trkpt lat="56.67859" lon="-4.91619">
        <ele>487.14</ele>
      </trkpt>
      <trkpt lat="56.67861" lon="-4.91627">
        <ele>486.23</ele>
      </trkpt>
      <trkpt lat="56.67863" lon="-4.91635">
        <ele>485.81</ele>
      </trkpt>
      <trkpt lat="56.67866" lon="-4.91641">
        <ele>484.76</ele>
      </trkpt>
      <trkpt lat="56.67871" lon="-4.91642">
        <ele>482.35</ele>
      </trkpt>
      <trkpt lat="56.67876" lon="-4.91642">
        <ele>479.83</ele>
      </trkpt>
      <trkpt lat="56.6788" lon="-4.91642">
        <ele>477.82</ele>
      </trkpt>
      <trkpt lat="56.67884" lon="-4.91647">
        <ele>476.34</ele>
      </trkpt>
      <trkpt lat="56.67889" lon="-4.91651">
        <ele>474.28</ele>
      </trkpt>
      <trkpt lat="56.67892" lon="-4.91656">
        <ele>474.11</ele>
      </trkpt>
      <trkpt lat="56.67896" lon="-4.91663">
        <ele>473.85</ele>
      </trkpt>
      <trkpt lat="56.67897" lon="-4.91665">
        <ele>473.79</ele>
      </trkpt>
      <trkpt lat="56.67898" lon="-4.91667">
        <ele>473.73</ele>
      </trkpt>
      <trkpt lat="56.67902" lon="-4.91673">
        <ele>473.35</ele>
      </trkpt>
      <trkpt lat="56.67906" lon="-4.91674">
        <ele>472.6</ele>
      </trkpt>
      <trkpt lat="56.6791" lon="-4.91678">
        <ele>472.33</ele>
      </trkpt>
      <trkpt lat="56.67913" lon="-4.91684">
        <ele>472.71</ele>
      </trkpt>
      <trkpt lat="56.67917" lon="-4.9169">
        <ele>473.22</ele>
      </trkpt>
      <trkpt lat="56.67918" lon="-4.91691">
        <ele>473.45</ele>
      </trkpt>
      <trkpt lat="56.67924" lon="-4.91695">
        <ele>474.39</ele>
      </trkpt>
      <trkpt lat="56.67929" lon="-4.91701">
        <ele>475.96</ele>
      </trkpt>
      <trkpt lat="56.67971" lon="-4.9173">
        <ele>474.36</ele>
      </trkpt>
      <trkpt lat="56.68008" lon="-4.91749">
        <ele>467.36</ele>
      </trkpt>
      <trkpt lat="56.6802" lon="-4.9176">
        <ele>462.5</ele>
      </trkpt>
      <trkpt lat="56.68031" lon="-4.91765">
        <ele>458.83</ele>
      </trkpt>
      <trkpt lat="56.68044" lon="-4.91766">
        <ele>460.35</ele>
      </trkpt>
      <trkpt lat="56.68062" lon="-4.91773">
        <ele>465.69</ele>
      </trkpt>
      <trkpt lat="56.68078" lon="-4.91785">
        <ele>474.47</ele>
      </trkpt>
      <trkpt lat="56.68109" lon="-4.91817">
        <ele>478.99</ele>
      </trkpt>
      <trkpt lat="56.68131" lon="-4.91844">
        <ele>465.57</ele>
      </trkpt>
      <trkpt lat="56.68141" lon="-4.91868">
        <ele>457.14</ele>
      </trkpt>
      <trkpt lat="56.68146" lon="-4.9188">
        <ele>456.73</ele>
      </trkpt>
      <trkpt lat="56.68158" lon="-4.91878">
        <ele>451.45</ele>
      </trkpt>
      <trkpt lat="56.68191" lon="-4.91868">
        <ele>448.06</ele>
      </trkpt>
      <trkpt lat="56.68204" lon="-4.91868">
        <ele>447.99</ele>
      </trkpt>
      <trkpt lat="56.68213" lon="-4.91871">
        <ele>447.93</ele>
      </trkpt>
      <trkpt lat="56.68224" lon="-4.91874">
        <ele>448.09</ele>
      </trkpt>
      <trkpt lat="56.68246" lon="-4.91893">
        <ele>451.98</ele>
      </trkpt>
      <trkpt lat="56.6826" lon="-4.91888">
        <ele>453.12</ele>
      </trkpt>
      <trkpt lat="56.68275" lon="-4.91861">
        <ele>454.5</ele>
      </trkpt>
      <trkpt lat="56.68275" lon="-4.91858">
        <ele>454.4</ele>
      </trkpt>
      <trkpt lat="56.68278" lon="-4.91851">
        <ele>455.01</ele>
      </trkpt>
      <trkpt lat="56.68281" lon="-4.91844">
        <ele>455.19</ele>
      </trkpt>
      <trkpt lat="56.68284" lon="-4.91837">
        <ele>455.42</ele>
      </trkpt>
      <trkpt lat="56.68287" lon="-4.91831">
        <ele>455.86</ele>
      </trkpt>
      <trkpt lat="56.68289" lon="-4.91824">
        <ele>456.54</ele>
      </trkpt>
      <trkpt lat="56.68293" lon="-4.91818">
        <ele>457.15</ele>
      </trkpt>
      <trkpt lat="56.68296" lon="-4.91813">
        <ele>457.55</ele>
      </trkpt>
      <trkpt lat="56.683" lon="-4.91808">
        <ele>457.88</ele>
      </trkpt>
      <trkpt lat="56.68305" lon="-4.91806">
        <ele>457.98</ele>
      </trkpt>
      <trkpt lat="56.68309" lon="-4.91808">
        <ele>457.79</ele>
      </trkpt>
      <trkpt lat="56.68314" lon="-4.9181">
        <ele>457.54</ele>
      </trkpt>
      <trkpt lat="56.68318" lon="-4.91813">
        <ele>457.28</ele>
      </trkpt>
      <trkpt lat="56.68323" lon="-4.91816">
        <ele>457.0</ele>
      </trkpt>
      <trkpt lat="56.68327" lon="-4.91815">
        <ele>456.89</ele>
      </trkpt>
      <trkpt lat="56.68331" lon="-4.91812">
        <ele>456.85</ele>
      </trkpt>
      <trkpt lat="56.68336" lon="-4.91811">
        <ele>456.9</ele>
      </trkpt>
      <trkpt lat="56.6834" lon="-4.91812">
        <ele>457.01</ele>
      </trkpt>
      <trkpt lat="56.68345" lon="-4.91815">
        <ele>457.08</ele>
      </trkpt>
      <trkpt lat="56.68349" lon="-4.91818">
        <ele>457.12</ele>
      </trkpt>
      <trkpt lat="56.68354" lon="-4.9182">
        <ele>457.22</ele>
      </trkpt>
      <trkpt lat="56.68354" lon="-4.91819">
        <ele>457.26</ele>
      </trkpt>
      <trkpt lat="56.68357" lon="-4.91819">
        <ele>457.37</ele>
      </trkpt>
      <trkpt lat="56.68364" lon="-4.91812">
        <ele>458.7</ele>
      </trkpt>
      <trkpt lat="56.68418" lon="-4.9177">
        <ele>465.87</ele>
      </trkpt>
      <trkpt lat="56.68433" lon="-4.91753">
        <ele>469.85</ele>
      </trkpt>
      <trkpt lat="56.68471" lon="-4.91726">
        <ele>490.75</ele>
      </trkpt>
      <trkpt lat="56.68511" lon="-4.91706">
        <ele>492.72</ele>
      </trkpt>
      <trkpt lat="56.68546" lon="-4.91705">
        <ele>485.7</ele>
      </trkpt>
      <trkpt lat="56.68563" lon="-4.91701">
        <ele>481.37</ele>
      </trkpt>
      <trkpt lat="56.68614" lon="-4.91682">
        <ele>479.16</ele>
      </trkpt>
      <trkpt lat="56.68637" lon="-4.91661">
        <ele>476.99</ele>
      </trkpt>
      <trkpt lat="56.68654" lon="-4.91654">
        <ele>474.78</ele>
      </trkpt>
      <trkpt lat="56.68667" lon="-4.91643">
        <ele>473.97</ele>
      </trkpt>
      <trkpt lat="56.68695" lon="-4.91611">
        <ele>473.87</ele>
      </trkpt>
      <trkpt lat="56.68702" lon="-4.91607">
        <ele>471.68</ele>
      </trkpt>
      <trkpt lat="56.68713" lon="-4.91605">
        <ele>469.41</ele>
      </trkpt>
      <trkpt lat="56.68762" lon="-4.91606">
        <ele>467.16</ele>
      </trkpt>
      <trkpt lat="56.68783" lon="-4.9161">
        <ele>465.09</ele>
      </trkpt>
      <trkpt lat="56.688" lon="-4.91609">
        <ele>465.47</ele>
      </trkpt>
      <trkpt lat="56.68834" lon="-4.91603">
        <ele>464.16</ele>
      </trkpt>
      <trkpt lat="56.68847" lon="-4.91606">
        <ele>462.89</ele>
      </trkpt>
      <trkpt lat="56.68909" lon="-4.91606">
        <ele>452.07</ele>
      </trkpt>
      <trkpt lat="56.6894" lon="-4.91595">
        <ele>449.43</ele>
      </trkpt>
      <trkpt lat="56.68978" lon="-4.91588">
        <ele>438.59</ele>
      </trkpt>
      <trkpt lat="56.69009" lon="-4.91591">
        <ele>435.64</ele>
      </trkpt>
      <trkpt lat="56.69014" lon="-4.91596">
        <ele>435.94</ele>
      </trkpt>
      <trkpt lat="56.69017" lon="-4.91603">
        <ele>436.92</ele>
      </trkpt>
      <trkpt lat="56.69019" lon="-4.91608">
        <ele>437.55</ele>
      </trkpt>
      <trkpt lat="56.69022" lon="-4.91643">
        <ele>443.18</ele>
      </trkpt>
      <trkpt lat="56.69021" lon="-4.91656">
        <ele>445.24</ele>
      </trkpt>
      <trkpt lat="56.69008" lon="-4.91749">
        <ele>452.96</ele>
      </trkpt>
      <trkpt lat="56.69009" lon="-4.91761">
        <ele>452.07</ele>
      </trkpt>
      <trkpt lat="56.69013" lon="-4.91769">
        <ele>449.76</ele>
      </trkpt>
      <trkpt lat="56.69024" lon="-4.91772">
        <ele>444.11</ele>
      </trkpt>
      <trkpt lat="56.6903" lon="-4.91779">
        <ele>440.9</ele>
      </trkpt>
      <trkpt lat="56.69039" lon="-4.91766">
        <ele>436.66</ele>
      </trkpt>
      <trkpt lat="56.69046" lon="-4.91751">
        <ele>432.54</ele>
      </trkpt>
      <trkpt lat="56.69054" lon="-4.91706">
        <ele>430.28</ele>
      </trkpt>
      <trkpt lat="56.69061" lon="-4.91674">
        <ele>432.74</ele>
      </trkpt>
      <trkpt lat="56.69064" lon="-4.91665">
        <ele>432.6</ele>
      </trkpt>
      <trkpt lat="56.69072" lon="-4.91662">
        <ele>430.46</ele>
      </trkpt>
      <trkpt lat="56.69078" lon="-4.91667">
        <ele>428.52</ele>
      </trkpt>
      <trkpt lat="56.69095" lon="-4.91704">
        <ele>424.22</ele>
      </trkpt>
      <trkpt lat="56.69127" lon="-4.91744">
        <ele>415.26</ele>
      </trkpt>
      <trkpt lat="56.69155" lon="-4.91802">
        <ele>411.61</ele>
      </trkpt>
      <trkpt lat="56.69159" lon="-4.91818">
        <ele>414.18</ele>
      </trkpt>
      <trkpt lat="56.69159" lon="-4.91829">
        <ele>417.04</ele>
      </trkpt>
      <trkpt lat="56.69155" lon="-4.91853">
        <ele>419.64</ele>
      </trkpt>
      <trkpt lat="56.69149" lon="-4.91888">
        <ele>425.39</ele>
      </trkpt>
      <trkpt lat="56.69149" lon="-4.91911">
        <ele>429.52</ele>
      </trkpt>
      <trkpt lat="56.69154" lon="-4.9192">
        <ele>430.13</ele>
      </trkpt>
      <trkpt lat="56.6916" lon="-4.91927">
        <ele>429.99</ele>
      </trkpt>
      <trkpt lat="56.6917" lon="-4.91925">
        <ele>426.97</ele>
      </trkpt>
      <trkpt lat="56.69213" lon="-4.9189">
        <ele>400.94</ele>
      </trkpt>
      <trkpt lat="56.69219" lon="-4.91888">
        <ele>398.87</ele>
      </trkpt>
      <trkpt lat="56.69223" lon="-4.91892">
        <ele>398.98</ele>
      </trkpt>
      <trkpt lat="56.69224" lon="-4.91903">
        <ele>402.03</ele>
      </trkpt>
      <trkpt lat="56.69221" lon="-4.91915">
        <ele>405.75</ele>
      </trkpt>
      <trkpt lat="56.69195" lon="-4.92001">
        <ele>413.73</ele>
      </trkpt>
      <trkpt lat="56.69195" lon="-4.92004">
        <ele>413.17</ele>
      </trkpt>
      <trkpt lat="56.69189" lon="-4.92029">
        <ele>411.14</ele>
      </trkpt>
      <trkpt lat="56.6919" lon="-4.92038">
        <ele>409.14</ele>
      </trkpt>
      <trkpt lat="56.69198" lon="-4.92034">
        <ele>406.07</ele>
      </trkpt>
      <trkpt lat="56.69216" lon="-4.92017">
        <ele>403.56</ele>
      </trkpt>
      <trkpt lat="56.6925" lon="-4.91994">
        <ele>398.51</ele>
      </trkpt>
      <trkpt lat="56.69261" lon="-4.91993">
        <ele>394.31</ele>
      </trkpt>
      <trkpt lat="56.69272" lon="-4.91999">
        <ele>388.51</ele>
      </trkpt>
      <trkpt lat="56.69286" lon="-4.92013">
        <ele>377.29</ele>
      </trkpt>
      <trkpt lat="56.69299" lon="-4.9202">
        <ele>366.06</ele>
      </trkpt>
      <trkpt lat="56.6931" lon="-4.92023">
        <ele>359.04</ele>
      </trkpt>
      <trkpt lat="56.6932" lon="-4.92022">
        <ele>356.29</ele>
      </trkpt>
      <trkpt lat="56.69326" lon="-4.92011">
        <ele>357.05</ele>
      </trkpt>
      <trkpt lat="56.69339" lon="-4.92019">
        <ele>351.06</ele>
      </trkpt>
      <trkpt lat="56.69348" lon="-4.92021">
        <ele>347.71</ele>
      </trkpt>
      <trkpt lat="56.69354" lon="-4.92017">
        <ele>346.63</ele>
      </trkpt>
      <trkpt lat="56.69361" lon="-4.92011">
        <ele>345.66</ele>
      </trkpt>
      <trkpt lat="56.69376" lon="-4.92009">
        <ele>345.68</ele>
      </trkpt>
      <trkpt lat="56.69381" lon="-4.92013">
        <ele>345.1</ele>
      </trkpt>
      <trkpt lat="56.69381" lon="-4.92013">
        <ele>345.1</ele>
      </trkpt>
      <trkpt lat="56.69391" lon="-4.92028">
        <ele>344.46</ele>
      </trkpt>
      <trkpt lat="56.69403" lon="-4.92044">
        <ele>347.05</ele>
      </trkpt>
      <trkpt lat="56.69412" lon="-4.92046">
        <ele>348.99</ele>
      </trkpt>
      <trkpt lat="56.69424" lon="-4.92061">
        <ele>353.86</ele>
      </trkpt>
      <trkpt lat="56.69478" lon="-4.92131">
        <ele>353.28</ele>
      </trkpt>
      <trkpt lat="56.695" lon="-4.92166">
        <ele>350.98</ele>
      </trkpt>
      <trkpt lat="56.69503" lon="-4.92177">
        <ele>352.02</ele>
      </trkpt>
      <trkpt lat="56.69504" lon="-4.9219">
        <ele>353.66</ele>
      </trkpt>
      <trkpt lat="56.69507" lon="-4.92296">
        <ele>357.23</ele>
      </trkpt>
      <trkpt lat="56.69511" lon="-4.92355">
        <ele>358.2</ele>
      </trkpt>
      <trkpt lat="56.69511" lon="-4.92409">
        <ele>357.18</ele>
      </trkpt>
      <trkpt lat="56.69514" lon="-4.92435">
        <ele>356.64</ele>
      </trkpt>
      <trkpt lat="56.69523" lon="-4.92479">
        <ele>356.28</ele>
      </trkpt>
      <trkpt lat="56.69537" lon="-4.92526">
        <ele>357.46</ele>
      </trkpt>
      <trkpt lat="56.69563" lon="-4.92596">
        <ele>357.1</ele>
      </trkpt>
      <trkpt lat="56.69569" lon="-4.92619">
        <ele>357.07</ele>
      </trkpt>
      <trkpt lat="56.6958" lon="-4.92684">
        <ele>357.02</ele>
      </trkpt>
      <trkpt lat="56.69587" lon="-4.92739">
        <ele>357.55</ele>
      </trkpt>
      <trkpt lat="56.696" lon="-4.9282">
        <ele>357.33</ele>
      </trkpt>
      <trkpt lat="56.69617" lon="-4.92901">
        <ele>358.63</ele>
      </trkpt>
      <trkpt lat="56.69617" lon="-4.92901">
        <ele>358.63</ele>
      </trkpt>
      <trkpt lat="56.69624" lon="-4.9292">
        <ele>357.66</ele>
      </trkpt>
      <trkpt lat="56.6964" lon="-4.92941">
        <ele>353.31</ele>
      </trkpt>
      <trkpt lat="56.69647" lon="-4.92955">
        <ele>351.93</ele>
      </trkpt>
      <trkpt lat="56.69664" lon="-4.93002">
        <ele>349.27</ele>
      </trkpt>
      <trkpt lat="56.6969" lon="-4.93052">
        <ele>346.2</ele>
      </trkpt>
      <trkpt lat="56.69695" lon="-4.93074">
        <ele>346.8</ele>
      </trkpt>
      <trkpt lat="56.69703" lon="-4.93134">
        <ele>352.46</ele>
      </trkpt>
      <trkpt lat="56.6971" lon="-4.93171">
        <ele>355.23</ele>
      </trkpt>
      <trkpt lat="56.69717" lon="-4.93193">
        <ele>356.33</ele>
      </trkpt>
      <trkpt lat="56.69739" lon="-4.93234">
        <ele>357.42</ele>
      </trkpt>
      <trkpt lat="56.69743" lon="-4.93245">
        <ele>358.4</ele>
      </trkpt>
      <trkpt lat="56.69747" lon="-4.93264">
        <ele>361.12</ele>
      </trkpt>
      <trkpt lat="56.69752" lon="-4.93306">
        <ele>365.55</ele>
      </trkpt>
      <trkpt lat="56.69754" lon="-4.9334">
        <ele>367.84</ele>
      </trkpt>
      <trkpt lat="56.69753" lon="-4.93364">
        <ele>370.19</ele>
      </trkpt>
      <trkpt lat="56.69754" lon="-4.93381">
        <ele>367.65</ele>
      </trkpt>
      <trkpt lat="56.69765" lon="-4.93427">
        <ele>360.03</ele>
      </trkpt>
      <trkpt lat="56.69768" lon="-4.93436">
        <ele>358.67</ele>
      </trkpt>
      <trkpt lat="56.69769" lon="-4.93437">
        <ele>358.21</ele>
      </trkpt>
      <trkpt lat="56.69772" lon="-4.93442">
        <ele>356.76</ele>
      </trkpt>
      <trkpt lat="56.69777" lon="-4.93445">
        <ele>354.4</ele>
      </trkpt>
      <trkpt lat="56.69781" lon="-4.93448">
        <ele>353.21</ele>
      </trkpt>
      <trkpt lat="56.69784" lon="-4.93456">
        <ele>352.82</ele>
      </trkpt>
      <trkpt lat="56.69788" lon="-4.93463">
        <ele>352.02</ele>
      </trkpt>
      <trkpt lat="56.6979" lon="-4.9347">
        <ele>351.88</ele>
      </trkpt>
      <trkpt lat="56.69793" lon="-4.93476">
        <ele>351.35</ele>
      </trkpt>
      <trkpt lat="56.69797" lon="-4.93482">
        <ele>350.61</ele>
      </trkpt>
      <trkpt lat="56.69801" lon="-4.93488">
        <ele>349.99</ele>
      </trkpt>
      <trkpt lat="56.69804" lon="-4.93493">
        <ele>349.66</ele>
      </trkpt>
      <trkpt lat="56.69808" lon="-4.93499">
        <ele>348.93</ele>
      </trkpt>
      <trkpt lat="56.69812" lon="-4.93504">
        <ele>347.63</ele>
      </trkpt>
      <trkpt lat="56.69815" lon="-4.9351">
        <ele>346.74</ele>
      </trkpt>
      <trkpt lat="56.69816" lon="-4.93518">
        <ele>346.76</ele>
      </trkpt>
      <trkpt lat="56.69817" lon="-4.93526">
        <ele>346.79</ele>
      </trkpt>
      <trkpt lat="56.69818" lon="-4.93535">
        <ele>346.9</ele>
      </trkpt>
      <trkpt lat="56.69819" lon="-4.93543">
        <ele>346.97</ele>
      </trkpt>
      <trkpt lat="56.69819" lon="-4.93544">
        <ele>347.03</ele>
      </trkpt>
      <trkpt lat="56.69821" lon="-4.9355">
        <ele>346.68</ele>
      </trkpt>
      <trkpt lat="56.69825" lon="-4.93573">
        <ele>346.96</ele>
      </trkpt>
      <trkpt lat="56.69842" lon="-4.93644">
        <ele>347.93</ele>
      </trkpt>
      <trkpt lat="56.69856" lon="-4.93671">
        <ele>346.44</ele>
      </trkpt>
      <trkpt lat="56.69882" lon="-4.93702">
        <ele>341.01</ele>
      </trkpt>
      <trkpt lat="56.69888" lon="-4.9371">
        <ele>339.78</ele>
      </trkpt>
      <trkpt lat="56.69889" lon="-4.93712">
        <ele>339.61</ele>
      </trkpt>
      <trkpt lat="56.69894" lon="-4.93716">
        <ele>338.63</ele>
      </trkpt>
      <trkpt lat="56.69898" lon="-4.93718">
        <ele>337.83</ele>
      </trkpt>
      <trkpt lat="56.69902" lon="-4.93721">
        <ele>337.1</ele>
      </trkpt>
      <trkpt lat="56.69906" lon="-4.93727">
        <ele>337.08</ele>
      </trkpt>
      <trkpt lat="56.69908" lon="-4.93733">
        <ele>337.52</ele>
      </trkpt>
      <trkpt lat="56.6991" lon="-4.93742">
        <ele>338.26</ele>
      </trkpt>
      <trkpt lat="56.69912" lon="-4.9375">
        <ele>338.68</ele>
      </trkpt>
      <trkpt lat="56.69913" lon="-4.93758">
        <ele>340.18</ele>
      </trkpt>
      <trkpt lat="56.69915" lon="-4.93766">
        <ele>341.49</ele>
      </trkpt>
      <trkpt lat="56.69918" lon="-4.93773">
        <ele>342.05</ele>
      </trkpt>
      <trkpt lat="56.69922" lon="-4.93779">
        <ele>340.95</ele>
      </trkpt>
      <trkpt lat="56.69926" lon="-4.93782">
        <ele>339.0</ele>
      </trkpt>
      <trkpt lat="56.69931" lon="-4.93783">
        <ele>336.07</ele>
      </trkpt>
      <trkpt lat="56.69935" lon="-4.93788">
        <ele>334.38</ele>
      </trkpt>
      <trkpt lat="56.69938" lon="-4.93795">
        <ele>333.57</ele>
      </trkpt>
      <trkpt lat="56.6994" lon="-4.93802">
        <ele>333.35</ele>
      </trkpt>
      <trkpt lat="56.69943" lon="-4.9381">
        <ele>332.68</ele>
      </trkpt>
      <trkpt lat="56.69945" lon="-4.93818">
        <ele>332.92</ele>
      </trkpt>
      <trkpt lat="56.69946" lon="-4.93821">
        <ele>332.88</ele>
      </trkpt>
      <trkpt lat="56.69946" lon="-4.93821">
        <ele>332.88</ele>
      </trkpt>
      <trkpt lat="56.69949" lon="-4.93828">
        <ele>332.42</ele>
      </trkpt>
      <trkpt lat="56.6995" lon="-4.93828">
        <ele>331.84</ele>
      </trkpt>
      <trkpt lat="56.69951" lon="-4.93834">
        <ele>332.29</ele>
      </trkpt>
      <trkpt lat="56.69962" lon="-4.93858">
        <ele>329.91</ele>
      </trkpt>
      <trkpt lat="56.69972" lon="-4.93872">
        <ele>328.03</ele>
      </trkpt>
      <trkpt lat="56.69983" lon="-4.93899">
        <ele>327.73</ele>
      </trkpt>
      <trkpt lat="56.69989" lon="-4.93908">
        <ele>326.45</ele>
      </trkpt>
      <trkpt lat="56.69997" lon="-4.93909">
        <ele>325.0</ele>
      </trkpt>
      <trkpt lat="56.70005" lon="-4.93898">
        <ele>322.52</ele>
      </trkpt>
      <trkpt lat="56.70009" lon="-4.93878">
        <ele>320.13</ele>
      </trkpt>
      <trkpt lat="56.70012" lon="-4.93838">
        <ele>316.02</ele>
      </trkpt>
      <trkpt lat="56.70016" lon="-4.93793">
        <ele>315.18</ele>
      </trkpt>
      <trkpt lat="56.70021" lon="-4.93784">
        <ele>314.37</ele>
      </trkpt>
      <trkpt lat="56.70027" lon="-4.93785">
        <ele>313.86</ele>
      </trkpt>
      <trkpt lat="56.70035" lon="-4.93786">
        <ele>312.07</ele>
      </trkpt>
      <trkpt lat="56.70049" lon="-4.93803">
        <ele>310.38</ele>
      </trkpt>
      <trkpt lat="56.70066" lon="-4.93839">
        <ele>305.9</ele>
      </trkpt>
      <trkpt lat="56.70071" lon="-4.93862">
        <ele>305.38</ele>
      </trkpt>
      <trkpt lat="56.7008" lon="-4.9389">
        <ele>303.0</ele>
      </trkpt>
      <trkpt lat="56.70094" lon="-4.93942">
        <ele>290.4</ele>
      </trkpt>
      <trkpt lat="56.70107" lon="-4.9399">
        <ele>285.73</ele>
      </trkpt>
      <trkpt lat="56.70113" lon="-4.94015">
        <ele>282.75</ele>
      </trkpt>
      <trkpt lat="56.70115" lon="-4.94027">
        <ele>279.33</ele>
      </trkpt>
      <trkpt lat="56.70115" lon="-4.94054">
        <ele>272.16</ele>
      </trkpt>
      <trkpt lat="56.70112" lon="-4.94086">
        <ele>271.39</ele>
      </trkpt>
      <trkpt lat="56.70109" lon="-4.94113">
        <ele>268.66</ele>
      </trkpt>
      <trkpt lat="56.70096" lon="-4.94131">
        <ele>265.42</ele>
      </trkpt>
      <trkpt lat="56.70043" lon="-4.94228">
        <ele>241.26</ele>
      </trkpt>
      <trkpt lat="56.70029" lon="-4.94245">
        <ele>236.92</ele>
      </trkpt>
      <trkpt lat="56.70004" lon="-4.94267">
        <ele>229.81</ele>
      </trkpt>
      <trkpt lat="56.69949" lon="-4.94287">
        <ele>227.51</ele>
      </trkpt>
      <trkpt lat="56.69939" lon="-4.94293">
        <ele>226.65</ele>
      </trkpt>
      <trkpt lat="56.6991" lon="-4.94325">
        <ele>222.98</ele>
      </trkpt>
      <trkpt lat="56.69863" lon="-4.94369">
        <ele>209.21</ele>
      </trkpt>
      <trkpt lat="56.69818" lon="-4.94399">
        <ele>204.72</ele>
      </trkpt>
      <trkpt lat="56.69804" lon="-4.94416">
        <ele>201.68</ele>
      </trkpt>
      <trkpt lat="56.69797" lon="-4.9443">
        <ele>201.22</ele>
      </trkpt>
      <trkpt lat="56.69798" lon="-4.9444">
        <ele>199.02</ele>
      </trkpt>
      <trkpt lat="56.69801" lon="-4.94445">
        <ele>197.29</ele>
      </trkpt>
      <trkpt lat="56.69808" lon="-4.94449">
        <ele>195.62</ele>
      </trkpt>
      <trkpt lat="56.69827" lon="-4.94453">
        <ele>193.43</ele>
      </trkpt>
      <trkpt lat="56.69841" lon="-4.94461">
        <ele>191.06</ele>
      </trkpt>
      <trkpt lat="56.69846" lon="-4.94467">
        <ele>189.84</ele>
      </trkpt>
      <trkpt lat="56.69849" lon="-4.94478">
        <ele>187.89</ele>
      </trkpt>
      <trkpt lat="56.69846" lon="-4.94488">
        <ele>186.15</ele>
      </trkpt>
      <trkpt lat="56.69824" lon="-4.94524">
        <ele>181.95</ele>
      </trkpt>
      <trkpt lat="56.69796" lon="-4.94575">
        <ele>184.67</ele>
      </trkpt>
      <trkpt lat="56.69783" lon="-4.94605">
        <ele>181.15</ele>
      </trkpt>
      <trkpt lat="56.69776" lon="-4.9463">
        <ele>178.57</ele>
      </trkpt>
      <trkpt lat="56.69775" lon="-4.94644">
        <ele>177.51</ele>
      </trkpt>
      <trkpt lat="56.69776" lon="-4.9465">
        <ele>177.32</ele>
      </trkpt>
      <trkpt lat="56.69784" lon="-4.94662">
        <ele>177.69</ele>
      </trkpt>
      <trkpt lat="56.69793" lon="-4.94665">
        <ele>178.22</ele>
      </trkpt>
      <trkpt lat="56.69815" lon="-4.94665">
        <ele>179.46</ele>
      </trkpt>
      <trkpt lat="56.69824" lon="-4.94667">
        <ele>179.6</ele>
      </trkpt>
      <trkpt lat="56.69859" lon="-4.94696">
        <ele>171.72</ele>
      </trkpt>
      <trkpt lat="56.69911" lon="-4.94702">
        <ele>163.81</ele>
      </trkpt>
      <trkpt lat="56.69919" lon="-4.94706">
        <ele>161.87</ele>
      </trkpt>
      <trkpt lat="56.69924" lon="-4.94717">
        <ele>160.51</ele>
      </trkpt>
      <trkpt lat="56.69925" lon="-4.94729">
        <ele>160.28</ele>
      </trkpt>
      <trkpt lat="56.69924" lon="-4.94742">
        <ele>160.6</ele>
      </trkpt>
      <trkpt lat="56.69919" lon="-4.94753">
        <ele>163.28</ele>
      </trkpt>
      <trkpt lat="56.69898" lon="-4.94773">
        <ele>163.3</ele>
      </trkpt>
      <trkpt lat="56.69898" lon="-4.94813">
        <ele>159.4</ele>
      </trkpt>
      <trkpt lat="56.69898" lon="-4.94839">
        <ele>159.21</ele>
      </trkpt>
      <trkpt lat="56.69902" lon="-4.94851">
        <ele>160.4</ele>
      </trkpt>
      <trkpt lat="56.69913" lon="-4.94862">
        <ele>162.03</ele>
      </trkpt>
      <trkpt lat="56.6993" lon="-4.94874">
        <ele>163.62</ele>
      </trkpt>
      <trkpt lat="56.69943" lon="-4.94879">
        <ele>163.66</ele>
      </trkpt>
      <trkpt lat="56.69961" lon="-4.9488">
        <ele>163.12</ele>
      </trkpt>
      <trkpt lat="56.69993" lon="-4.94889">
        <ele>160.25</ele>
      </trkpt>
      <trkpt lat="56.70015" lon="-4.94891">
        <ele>157.23</ele>
      </trkpt>
      <trkpt lat="56.70028" lon="-4.94896">
        <ele>155.68</ele>
      </trkpt>
      <trkpt lat="56.70036" lon="-4.94902">
        <ele>153.3</ele>
      </trkpt>
      <trkpt lat="56.70065" lon="-4.94939">
        <ele>147.05</ele>
      </trkpt>
      <trkpt lat="56.7008" lon="-4.94952">
        <ele>144.91</ele>
      </trkpt>
      <trkpt lat="56.70094" lon="-4.94969">
        <ele>141.9</ele>
      </trkpt>
      <trkpt lat="56.70147" lon="-4.95041">
        <ele>143.18</ele>
      </trkpt>
      <trkpt lat="56.70187" lon="-4.95087">
        <ele>149.23</ele>
      </trkpt>
      <trkpt lat="56.70201" lon="-4.95101">
        <ele>151.42</ele>
      </trkpt>
      <trkpt lat="56.70223" lon="-4.95116">
        <ele>153.04</ele>
      </trkpt>
      <trkpt lat="56.70262" lon="-4.9513">
        <ele>145.27</ele>
      </trkpt>
      <trkpt lat="56.70284" lon="-4.95128">
        <ele>147.62</ele>
      </trkpt>
      <trkpt lat="56.70316" lon="-4.95111">
        <ele>143.74</ele>
      </trkpt>
      <trkpt lat="56.70325" lon="-4.95109">
        <ele>144.14</ele>
      </trkpt>
      <trkpt lat="56.7035" lon="-4.95111">
        <ele>140.78</ele>
      </trkpt>
      <trkpt lat="56.70361" lon="-4.95108">
        <ele>137.47</ele>
      </trkpt>
      <trkpt lat="56.70436" lon="-4.95071">
        <ele>137.48</ele>
      </trkpt>
      <trkpt lat="56.70483" lon="-4.95057">
        <ele>133.02</ele>
      </trkpt>
      <trkpt lat="56.70509" lon="-4.95053">
        <ele>132.86</ele>
      </trkpt>
      <trkpt lat="56.70539" lon="-4.95055">
        <ele>133.9</ele>
      </trkpt>
      <trkpt lat="56.70552" lon="-4.95052">
        <ele>135.59</ele>
      </trkpt>
      <trkpt lat="56.7057" lon="-4.95043">
        <ele>137.69</ele>
      </trkpt>
      <trkpt lat="56.70613" lon="-4.95013">
        <ele>135.21</ele>
      </trkpt>
      <trkpt lat="56.70639" lon="-4.94987">
        <ele>128.67</ele>
      </trkpt>
      <trkpt lat="56.70702" lon="-4.94916">
        <ele>125.79</ele>
      </trkpt>
      <trkpt lat="56.7077" lon="-4.94851">
        <ele>115.77</ele>
      </trkpt>
      <trkpt lat="56.70785" lon="-4.94835">
        <ele>112.44</ele>
      </trkpt>
      <trkpt lat="56.70798" lon="-4.94824">
        <ele>110.56</ele>
      </trkpt>
      <trkpt lat="56.70853" lon="-4.94792">
        <ele>99.71</ele>
      </trkpt>
      <trkpt lat="56.70867" lon="-4.94792">
        <ele>97.69</ele>
      </trkpt>
      <trkpt lat="56.70875" lon="-4.94797">
        <ele>97.27</ele>
      </trkpt>
      <trkpt lat="56.70894" lon="-4.94824">
        <ele>98.31</ele>
      </trkpt>
      <trkpt lat="56.7091" lon="-4.94839">
        <ele>95.48</ele>
      </trkpt>
      <trkpt lat="56.70949" lon="-4.94835">
        <ele>90.74</ele>
      </trkpt>
      <trkpt lat="56.70972" lon="-4.94841">
        <ele>89.78</ele>
      </trkpt>
      <trkpt lat="56.70993" lon="-4.94852">
        <ele>86.24</ele>
      </trkpt>
      <trkpt lat="56.71009" lon="-4.9486">
        <ele>84.05</ele>
      </trkpt>
      <trkpt lat="56.71019" lon="-4.94868">
        <ele>83.41</ele>
      </trkpt>
      <trkpt lat="56.71032" lon="-4.94883">
        <ele>81.22</ele>
      </trkpt>
      <trkpt lat="56.71038" lon="-4.9489">
        <ele>78.4</ele>
      </trkpt>
      <trkpt lat="56.71049" lon="-4.94907">
        <ele>71.4</ele>
      </trkpt>
      <trkpt lat="56.71061" lon="-4.94931">
        <ele>65.73</ele>
      </trkpt>
      <trkpt lat="56.7108" lon="-4.9503">
        <ele>72.3</ele>
      </trkpt>
      <trkpt lat="56.71089" lon="-4.95064">
        <ele>75.99</ele>
      </trkpt>
      <trkpt lat="56.71089" lon="-4.95064">
        <ele>75.99</ele>
      </trkpt>
      <trkpt lat="56.71091" lon="-4.95071">
        <ele>76.92</ele>
      </trkpt>
      <trkpt lat="56.71098" lon="-4.95098">
        <ele>79.5</ele>
      </trkpt>
      <trkpt lat="56.71108" lon="-4.95188">
        <ele>69.63</ele>
      </trkpt>
      <trkpt lat="56.71126" lon="-4.95287">
        <ele>50.95</ele>
      </trkpt>
      <trkpt lat="56.71136" lon="-4.95343">
        <ele>48.76</ele>
      </trkpt>
      <trkpt lat="56.71182" lon="-4.95486">
        <ele>40.86</ele>
      </trkpt>
      <trkpt lat="56.71203" lon="-4.95583">
        <ele>25.73</ele>
      </trkpt>
      <trkpt lat="56.71204" lon="-4.95586">
        <ele>25.18</ele>
      </trkpt>
      <trkpt lat="56.71207" lon="-4.95587">
        <ele>24.89</ele>
      </trkpt>
      <trkpt lat="56.71209" lon="-4.95588">
        <ele>24.64</ele>
      </trkpt>
      <trkpt lat="56.71221" lon="-4.9558">
        <ele>25.29</ele>
      </trkpt>
      <trkpt lat="56.71224" lon="-4.95574">
        <ele>24.58</ele>
      </trkpt>
      <trkpt lat="56.71233" lon="-4.95561">
        <ele>19.46</ele>
      </trkpt>
      <trkpt lat="56.71255" lon="-4.95521">
        <ele>8.09</ele>
      </trkpt>
      <trkpt lat="56.71268" lon="-4.95523">
        <ele>7.53</ele>
      </trkpt>
      <trkpt lat="56.7128" lon="-4.95537">
        <ele>6.36</ele>
      </trkpt>
      <trkpt lat="56.71277" lon="-4.95576">
        <ele>4.39</ele>
      </trkpt>
      <trkpt lat="56.71278" lon="-4.95593">
        <ele>4.01</ele>
      </trkpt>
      <trkpt lat="56.71282" lon="-4.95668">
        <ele>6.35</ele>
      </trkpt>
      <trkpt lat="56.713" lon="-4.95776">
        <ele>9.45</ele>
      </trkpt>
      <trkpt lat="56.71307" lon="-4.95791">
        <ele>9.05</ele>
      </trkpt>
      <trkpt lat="56.71326" lon="-4.95837">
        <ele>10.74</ele>
      </trkpt>
      <trkpt lat="56.7134" lon="-4.95866">
        <ele>11.24</ele>
      </trkpt>
      <trkpt lat="56.71342" lon="-4.9587">
        <ele>11.31</ele>
      </trkpt>
      <trkpt lat="56.71375" lon="-4.9593">
        <ele>12.98</ele>
      </trkpt>
      <trkpt lat="56.71408" lon="-4.95989">
        <ele>14.24</ele>
      </trkpt>
      <trkpt lat="56.71441" lon="-4.96049">
        <ele>3.75</ele>
      </trkpt>
      <trkpt lat="56.71453" lon="-4.96113">
        <ele>8.09</ele>
      </trkpt>
      <trkpt lat="56.7142" lon="-4.96175">
        <ele>9.74</ele>
      </trkpt>
      <trkpt lat="56.7142" lon="-4.96175">
        <ele>9.74</ele>
      </trkpt>
      <trkpt lat="56.71377" lon="-4.96249">
        <ele>5.94</ele>
      </trkpt>
      <trkpt lat="56.71375" lon="-4.96266">
        <ele>6.58</ele>
      </trkpt>
      <trkpt lat="56.71382" lon="-4.96278">
        <ele>6.51</ele>
      </trkpt>
      <trkpt lat="56.71388" lon="-4.96286">
        <ele>6.63</ele>
      </trkpt>
      <trkpt lat="56.71389" lon="-4.96286">
        <ele>6.59</ele>
      </trkpt>
      <trkpt lat="56.71424" lon="-4.963">
        <ele>7.43</ele>
      </trkpt>
      <trkpt lat="56.71439" lon="-4.96309">
        <ele>7.4</ele>
      </trkpt>
      <trkpt lat="56.71454" lon="-4.96318">
        <ele>9.62</ele>
      </trkpt>
      <trkpt lat="56.71476" lon="-4.96334">
        <ele>15.44</ele>
      </trkpt>
      <trkpt lat="56.71499" lon="-4.96357">
        <ele>27.84</ele>
      </trkpt>
      <trkpt lat="56.71524" lon="-4.96386">
        <ele>22.37</ele>
      </trkpt>
      <trkpt lat="56.7156" lon="-4.96428">
        <ele>12.08</ele>
      </trkpt>
      <trkpt lat="56.71571" lon="-4.96442">
        <ele>15.1</ele>
      </trkpt>
      <trkpt lat="56.71588" lon="-4.96463">
        <ele>14.21</ele>
      </trkpt>
      <trkpt lat="56.71605" lon="-4.96485">
        <ele>8.28</ele>
      </trkpt>
      <trkpt lat="56.71632" lon="-4.96516">
        <ele>11.07</ele>
      </trkpt>
      <trkpt lat="56.71659" lon="-4.96551">
        <ele>14.85</ele>
      </trkpt>
      <trkpt lat="56.71677" lon="-4.96574">
        <ele>13.24</ele>
      </trkpt>
      <trkpt lat="56.71708" lon="-4.96614">
        <ele>13.32</ele>
      </trkpt>
      <trkpt lat="56.71712" lon="-4.96623">
        <ele>13.77</ele>
      </trkpt>
      <trkpt lat="56.71719" lon="-4.96638">
        <ele>13.73</ele>
      </trkpt>
      <trkpt lat="56.71727" lon="-4.96659">
        <ele>12.55</ele>
      </trkpt>
      <trkpt lat="56.71731" lon="-4.96687">
        <ele>11.77</ele>
      </trkpt>
      <trkpt lat="56.71732" lon="-4.96716">
        <ele>9.59</ele>
      </trkpt>
      <trkpt lat="56.71728" lon="-4.9677">
        <ele>5.63</ele>
      </trkpt>
      <trkpt lat="56.71719" lon="-4.9682">
        <ele>4.19</ele>
      </trkpt>
      <trkpt lat="56.71695" lon="-4.96902">
        <ele>3.97</ele>
      </trkpt>
      <trkpt lat="56.71688" lon="-4.96938">
        <ele>3.77</ele>
      </trkpt>
      <trkpt lat="56.71683" lon="-4.96989">
        <ele>4.09</ele>
      </trkpt>
      <trkpt lat="56.71687" lon="-4.97047">
        <ele>4.93</ele>
      </trkpt>
      <trkpt lat="56.717" lon="-4.97104">
        <ele>3.22</ele>
      </trkpt>
      <trkpt lat="56.71706" lon="-4.97158">
        <ele>5.38</ele>
      </trkpt>
      <trkpt lat="56.71713" lon="-4.97176">
        <ele>5.56</ele>
      </trkpt>
      <trkpt lat="56.71731" lon="-4.97203">
        <ele>8.35</ele>
      </trkpt>
      <trkpt lat="56.7173" lon="-4.97225">
        <ele>8.4</ele>
      </trkpt>
      <trkpt lat="56.71717" lon="-4.97314">
        <ele>7.93</ele>
      </trkpt>
      <trkpt lat="56.71715" lon="-4.97334">
        <ele>8.73</ele>
      </trkpt>
      <trkpt lat="56.71722" lon="-4.97355">
        <ele>12.26</ele>
      </trkpt>
      <trkpt lat="56.71751" lon="-4.97383">
        <ele>17.88</ele>
      </trkpt>
      <trkpt lat="56.71814" lon="-4.97425">
        <ele>31.14</ele>
      </trkpt>
      <trkpt lat="56.71854" lon="-4.97521">
        <ele>47.7</ele>
      </trkpt>
      <trkpt lat="56.71878" lon="-4.97574">
        <ele>48.09</ele>
      </trkpt>
      <trkpt lat="56.71885" lon="-4.97613">
        <ele>53.76</ele>
      </trkpt>
      <trkpt lat="56.71887" lon="-4.97719">
        <ele>63.99</ele>
      </trkpt>
      <trkpt lat="56.7189" lon="-4.97737">
        <ele>70.62</ele>
      </trkpt>
      <trkpt lat="56.71893" lon="-4.97742">
        <ele>74.26</ele>
      </trkpt>
      <trkpt lat="56.71895" lon="-4.97751">
        <ele>78.01</ele>
      </trkpt>
      <trkpt lat="56.71898" lon="-4.97757">
        <ele>81.27</ele>
      </trkpt>
      <trkpt lat="56.719" lon="-4.97765">
        <ele>84.15</ele>
      </trkpt>
      <trkpt lat="56.71902" lon="-4.97773">
        <ele>86.74</ele>
      </trkpt>
      <trkpt lat="56.719" lon="-4.97782">
        <ele>86.67</ele>
      </trkpt>
      <trkpt lat="56.71899" lon="-4.97791">
        <ele>85.47</ele>
      </trkpt>
      <trkpt lat="56.71898" lon="-4.97799">
        <ele>84.21</ele>
      </trkpt>
      <trkpt lat="56.71897" lon="-4.9781">
        <ele>83.1</ele>
      </trkpt>
      <trkpt lat="56.71898" lon="-4.97818">
        <ele>84.02</ele>
      </trkpt>
      <trkpt lat="56.71899" lon="-4.97826">
        <ele>84.99</ele>
      </trkpt>
      <trkpt lat="56.71901" lon="-4.97834">
        <ele>86.72</ele>
      </trkpt>
      <trkpt lat="56.719" lon="-4.97843">
        <ele>86.07</ele>
      </trkpt>
      <trkpt lat="56.71898" lon="-4.97851">
        <ele>84.78</ele>
      </trkpt>
      <trkpt lat="56.71897" lon="-4.97859">
        <ele>84.22</ele>
      </trkpt>
      <trkpt lat="56.71897" lon="-4.97867">
        <ele>84.43</ele>
      </trkpt>
      <trkpt lat="56.71899" lon="-4.97875">
        <ele>85.82</ele>
      </trkpt>
      <trkpt lat="56.71903" lon="-4.97876">
        <ele>88.13</ele>
      </trkpt>
      <trkpt lat="56.71906" lon="-4.97869">
        <ele>89.96</ele>
      </trkpt>
      <trkpt lat="56.71911" lon="-4.97868">
        <ele>93.03</ele>
      </trkpt>
      <trkpt lat="56.71913" lon="-4.97876">
        <ele>93.84</ele>
      </trkpt>
      <trkpt lat="56.71917" lon="-4.97882">
        <ele>95.59</ele>
      </trkpt>
      <trkpt lat="56.71921" lon="-4.97885">
        <ele>96.42</ele>
      </trkpt>
      <trkpt lat="56.71926" lon="-4.97885">
        <ele>97.73</ele>
      </trkpt>
      <trkpt lat="56.71931" lon="-4.97885">
        <ele>99.04</ele>
      </trkpt>
      <trkpt lat="56.71936" lon="-4.97886">
        <ele>100.22</ele>
      </trkpt>
      <trkpt lat="56.71941" lon="-4.97886">
        <ele>101.52</ele>
      </trkpt>
      <trkpt lat="56.71946" lon="-4.97888">
        <ele>102.47</ele>
      </trkpt>
      <trkpt lat="56.71947" lon="-4.97888">
        <ele>102.7</ele>
      </trkpt>
      <trkpt lat="56.71952" lon="-4.97893">
        <ele>103.03</ele>
      </trkpt>
      <trkpt lat="56.72005" lon="-4.97936">
        <ele>118.93</ele>
      </trkpt>
      <trkpt lat="56.72029" lon="-4.9801">
        <ele>134.12</ele>
      </trkpt>
      <trkpt lat="56.72018" lon="-4.98083">
        <ele>127.14</ele>
      </trkpt>
      <trkpt lat="56.72019" lon="-4.98143">
        <ele>125.2</ele>
      </trkpt>
      <trkpt lat="56.7202" lon="-4.98168">
        <ele>123.37</ele>
      </trkpt>
      <trkpt lat="56.7205" lon="-4.98336">
        <ele>137.04</ele>
      </trkpt>
      <trkpt lat="56.7205" lon="-4.98343">
        <ele>136.08</ele>
      </trkpt>
      <trkpt lat="56.7204" lon="-4.98363">
        <ele>133.1</ele>
      </trkpt>
      <trkpt lat="56.7204" lon="-4.98375">
        <ele>134.48</ele>
      </trkpt>
      <trkpt lat="56.72039" lon="-4.98413">
        <ele>142.09</ele>
      </trkpt>
      <trkpt lat="56.72042" lon="-4.98445">
        <ele>151.66</ele>
      </trkpt>
      <trkpt lat="56.72052" lon="-4.98446">
        <ele>155.18</ele>
      </trkpt>
      <trkpt lat="56.7209" lon="-4.98422">
        <ele>166.02</ele>
      </trkpt>
      <trkpt lat="56.72099" lon="-4.98421">
        <ele>169.2</ele>
      </trkpt>
      <trkpt lat="56.72099" lon="-4.98421">
        <ele>169.2</ele>
      </trkpt>
      <trkpt lat="56.72099" lon="-4.9843">
        <ele>170.35</ele>
      </trkpt>
      <trkpt lat="56.72095" lon="-4.98448">
        <ele>171.2</ele>
      </trkpt>
      <trkpt lat="56.72082" lon="-4.98502">
        <ele>172.26</ele>
      </trkpt>
      <trkpt lat="56.72081" lon="-4.98527">
        <ele>176.53</ele>
      </trkpt>
      <trkpt lat="56.72089" lon="-4.98542">
        <ele>181.79</ele>
      </trkpt>
      <trkpt lat="56.72098" lon="-4.98542">
        <ele>185.33</ele>
      </trkpt>
      <trkpt lat="56.72114" lon="-4.98529">
        <ele>191.18</ele>
      </trkpt>
      <trkpt lat="56.72122" lon="-4.98528">
        <ele>191.79</ele>
      </trkpt>
      <trkpt lat="56.72125" lon="-4.98536">
        <ele>192.3</ele>
      </trkpt>
      <trkpt lat="56.7212" lon="-4.98543">
        <ele>191.79</ele>
      </trkpt>
      <trkpt lat="56.72115" lon="-4.98585">
        <ele>192.98</ele>
      </trkpt>
      <trkpt lat="56.72111" lon="-4.98623">
        <ele>194.41</ele>
      </trkpt>
      <trkpt lat="56.72109" lon="-4.98636">
        <ele>194.39</ele>
      </trkpt>
      <trkpt lat="56.72114" lon="-4.98648">
        <ele>197.32</ele>
      </trkpt>
      <trkpt lat="56.72122" lon="-4.98655">
        <ele>200.72</ele>
      </trkpt>
      <trkpt lat="56.72127" lon="-4.98651">
        <ele>202.04</ele>
      </trkpt>
      <trkpt lat="56.72133" lon="-4.98639">
        <ele>203.67</ele>
      </trkpt>
      <trkpt lat="56.72138" lon="-4.98635">
        <ele>205.1</ele>
      </trkpt>
      <trkpt lat="56.72143" lon="-4.9863">
        <ele>205.31</ele>
      </trkpt>
      <trkpt lat="56.72143" lon="-4.9863">
        <ele>205.31</ele>
      </trkpt>
      <trkpt lat="56.72157" lon="-4.98632">
        <ele>207.45</ele>
      </trkpt>
      <trkpt lat="56.72165" lon="-4.98647">
        <ele>208.0</ele>
      </trkpt>
      <trkpt lat="56.72178" lon="-4.98671">
        <ele>208.98</ele>
      </trkpt>
      <trkpt lat="56.72179" lon="-4.98674">
        <ele>208.82</ele>
      </trkpt>
      <trkpt lat="56.72193" lon="-4.98702">
        <ele>208.9</ele>
      </trkpt>
      <trkpt lat="56.72236" lon="-4.98814">
        <ele>223.86</ele>
      </trkpt>
      <trkpt lat="56.7226" lon="-4.98856">
        <ele>232.05</ele>
      </trkpt>
      <trkpt lat="56.72271" lon="-4.98891">
        <ele>233.98</ele>
      </trkpt>
      <trkpt lat="56.72282" lon="-4.98913">
        <ele>232.74</ele>
      </trkpt>
      <trkpt lat="56.72286" lon="-4.98943">
        <ele>226.99</ele>
      </trkpt>
      <trkpt lat="56.72295" lon="-4.98969">
        <ele>226.72</ele>
      </trkpt>
      <trkpt lat="56.72304" lon="-4.98983">
        <ele>228.95</ele>
      </trkpt>
      <trkpt lat="56.72324" lon="-4.99075">
        <ele>234.37</ele>
      </trkpt>
      <trkpt lat="56.72324" lon="-4.99079">
        <ele>234.18</ele>
      </trkpt>
      <trkpt lat="56.72326" lon="-4.99089">
        <ele>234.17</ele>
      </trkpt>
      <trkpt lat="56.72326" lon="-4.99104">
        <ele>232.98</ele>
      </trkpt>
      <trkpt lat="56.72319" lon="-4.99151">
        <ele>228.49</ele>
      </trkpt>
      <trkpt lat="56.7232" lon="-4.99162">
        <ele>228.28</ele>
      </trkpt>
      <trkpt lat="56.72326" lon="-4.99193">
        <ele>229.61</ele>
      </trkpt>
      <trkpt lat="56.72333" lon="-4.99246">
        <ele>231.84</ele>
      </trkpt>
      <trkpt lat="56.72345" lon="-4.99313">
        <ele>226.27</ele>
      </trkpt>
      <trkpt lat="56.72347" lon="-4.99334">
        <ele>224.4</ele>
      </trkpt>
      <trkpt lat="56.72346" lon="-4.99369">
        <ele>220.51</ele>
      </trkpt>
      <trkpt lat="56.72347" lon="-4.99376">
        <ele>220.35</ele>
      </trkpt>
      <trkpt lat="56.72355" lon="-4.99396">
        <ele>222.27</ele>
      </trkpt>
      <trkpt lat="56.7236" lon="-4.99415">
        <ele>223.58</ele>
      </trkpt>
      <trkpt lat="56.72356" lon="-4.99433">
        <ele>221.42</ele>
      </trkpt>
      <trkpt lat="56.72352" lon="-4.99448">
        <ele>219.89</ele>
      </trkpt>
      <trkpt lat="56.72346" lon="-4.99471">
        <ele>219.04</ele>
      </trkpt>
      <trkpt lat="56.72343" lon="-4.99488">
        <ele>218.5</ele>
      </trkpt>
      <trkpt lat="56.72342" lon="-4.99502">
        <ele>218.62</ele>
      </trkpt>
      <trkpt lat="56.72355" lon="-4.9956">
        <ele>222.64</ele>
      </trkpt>
      <trkpt lat="56.72354" lon="-4.99577">
        <ele>223.56</ele>
      </trkpt>
      <trkpt lat="56.7235" lon="-4.99592">
        <ele>223.11</ele>
      </trkpt>
      <trkpt lat="56.72341" lon="-4.99615">
        <ele>219.43</ele>
      </trkpt>
      <trkpt lat="56.72338" lon="-4.99631">
        <ele>217.7</ele>
      </trkpt>
      <trkpt lat="56.72337" lon="-4.99643">
        <ele>217.3</ele>
      </trkpt>
      <trkpt lat="56.72337" lon="-4.99656">
        <ele>217.64</ele>
      </trkpt>
      <trkpt lat="56.72336" lon="-4.99676">
        <ele>217.03</ele>
      </trkpt>
      <trkpt lat="56.72343" lon="-4.99732">
        <ele>215.42</ele>
      </trkpt>
      <trkpt lat="56.72348" lon="-4.99756">
        <ele>215.42</ele>
      </trkpt>
      <trkpt lat="56.72353" lon="-4.99766">
        <ele>215.96</ele>
      </trkpt>
      <trkpt lat="56.72358" lon="-4.99769">
        <ele>216.76</ele>
      </trkpt>
      <trkpt lat="56.7237" lon="-4.99771">
        <ele>219.88</ele>
      </trkpt>
      <trkpt lat="56.72382" lon="-4.99784">
        <ele>222.4</ele>
      </trkpt>
      <trkpt lat="56.72385" lon="-4.998">
        <ele>221.59</ele>
      </trkpt>
      <trkpt lat="56.7239" lon="-4.99818">
        <ele>222.78</ele>
      </trkpt>
      <trkpt lat="56.72405" lon="-4.99922">
        <ele>220.0</ele>
      </trkpt>
      <trkpt lat="56.7242" lon="-5.00026">
        <ele>221.34</ele>
      </trkpt>
      <trkpt lat="56.72425" lon="-5.0006">
        <ele>222.12</ele>
      </trkpt>
      <trkpt lat="56.72433" lon="-5.00073">
        <ele>222.79</ele>
      </trkpt>
      <trkpt lat="56.72445" lon="-5.00107">
        <ele>225.21</ele>
      </trkpt>
      <trkpt lat="56.72457" lon="-5.0017">
        <ele>222.59</ele>
      </trkpt>
      <trkpt lat="56.72479" lon="-5.00243">
        <ele>219.19</ele>
      </trkpt>
      <trkpt lat="56.72482" lon="-5.00256">
        <ele>219.72</ele>
      </trkpt>
      <trkpt lat="56.72482" lon="-5.00299">
        <ele>219.44</ele>
      </trkpt>
      <trkpt lat="56.7248" lon="-5.00348">
        <ele>224.58</ele>
      </trkpt>
      <trkpt lat="56.72485" lon="-5.00384">
        <ele>235.79</ele>
      </trkpt>
      <trkpt lat="56.72509" lon="-5.0043">
        <ele>237.35</ele>
      </trkpt>
      <trkpt lat="56.72524" lon="-5.00462">
        <ele>239.15</ele>
      </trkpt>
      <trkpt lat="56.72541" lon="-5.00518">
        <ele>241.04</ele>
      </trkpt>
      <trkpt lat="56.72573" lon="-5.00608">
        <ele>245.48</ele>
      </trkpt>
      <trkpt lat="56.72576" lon="-5.00623">
        <ele>248.06</ele>
      </trkpt>
      <trkpt lat="56.72578" lon="-5.00652">
        <ele>252.32</ele>
      </trkpt>
      <trkpt lat="56.72579" lon="-5.00657">
        <ele>252.95</ele>
      </trkpt>
      <trkpt lat="56.7258" lon="-5.00718">
        <ele>253.25</ele>
      </trkpt>
      <trkpt lat="56.7259" lon="-5.00763">
        <ele>256.14</ele>
      </trkpt>
      <trkpt lat="56.72601" lon="-5.00802">
        <ele>254.73</ele>
      </trkpt>
      <trkpt lat="56.72617" lon="-5.00872">
        <ele>261.28</ele>
      </trkpt>
      <trkpt lat="56.72629" lon="-5.00905">
        <ele>265.28</ele>
      </trkpt>
      <trkpt lat="56.72645" lon="-5.00939">
        <ele>266.77</ele>
      </trkpt>
      <trkpt lat="56.72656" lon="-5.00966">
        <ele>266.06</ele>
      </trkpt>
      <trkpt lat="56.72694" lon="-5.01073">
        <ele>259.92</ele>
      </trkpt>
      <trkpt lat="56.72823" lon="-5.01484">
        <ele>271.28</ele>
      </trkpt>
      <trkpt lat="56.72851" lon="-5.01594">
        <ele>259.25</ele>
      </trkpt>
      <trkpt lat="56.72863" lon="-5.01658">
        <ele>259.49</ele>
      </trkpt>
      <trkpt lat="56.72872" lon="-5.01741">
        <ele>265.63</ele>
      </trkpt>
      <trkpt lat="56.72878" lon="-5.01763">
        <ele>264.62</ele>
      </trkpt>
      <trkpt lat="56.72891" lon="-5.01798">
        <ele>258.16</ele>
      </trkpt>
      <trkpt lat="56.72898" lon="-5.0182">
        <ele>258.94</ele>
      </trkpt>
      <trkpt lat="56.72908" lon="-5.01862">
        <ele>261.72</ele>
      </trkpt>
      <trkpt lat="56.72925" lon="-5.01988">
        <ele>275.03</ele>
      </trkpt>
      <trkpt lat="56.72935" lon="-5.02089">
        <ele>279.94</ele>
      </trkpt>
      <trkpt lat="56.72935" lon="-5.02105">
        <ele>279.96</ele>
      </trkpt>
      <trkpt lat="56.72946" lon="-5.02163">
        <ele>272.88</ele>
      </trkpt>
      <trkpt lat="56.72957" lon="-5.02246">
        <ele>266.25</ele>
      </trkpt>
      <trkpt lat="56.72964" lon="-5.0232">
        <ele>263.91</ele>
      </trkpt>
      <trkpt lat="56.7297" lon="-5.02356">
        <ele>261.87</ele>
      </trkpt>
      <trkpt lat="56.72988" lon="-5.02408">
        <ele>267.67</ele>
      </trkpt>
      <trkpt lat="56.72993" lon="-5.02426">
        <ele>267.3</ele>
      </trkpt>
      <trkpt lat="56.73014" lon="-5.02549">
        <ele>264.65</ele>
      </trkpt>
      <trkpt lat="56.73028" lon="-5.0262">
        <ele>276.03</ele>
      </trkpt>
      <trkpt lat="56.73035" lon="-5.02643">
        <ele>279.26</ele>
      </trkpt>
      <trkpt lat="56.73041" lon="-5.02656">
        <ele>279.62</ele>
      </trkpt>
      <trkpt lat="56.73068" lon="-5.02687">
        <ele>286.03</ele>
      </trkpt>
      <trkpt lat="56.73074" lon="-5.02701">
        <ele>287.65</ele>
      </trkpt>
      <trkpt lat="56.73075" lon="-5.0271">
        <ele>287.62</ele>
      </trkpt>
      <trkpt lat="56.73077" lon="-5.02726">
        <ele>287.78</ele>
      </trkpt>
      <trkpt lat="56.73077" lon="-5.0275">
        <ele>288.18</ele>
      </trkpt>
      <trkpt lat="56.73078" lon="-5.02763">
        <ele>289.02</ele>
      </trkpt>
      <trkpt lat="56.7309" lon="-5.02823">
        <ele>288.4</ele>
      </trkpt>
      <trkpt lat="56.73091" lon="-5.02968">
        <ele>272.36</ele>
      </trkpt>
      <trkpt lat="56.73097" lon="-5.03007">
        <ele>277.25</ele>
      </trkpt>
      <trkpt lat="56.73106" lon="-5.03038">
        <ele>280.42</ele>
      </trkpt>
      <trkpt lat="56.7311" lon="-5.03058">
        <ele>282.04</ele>
      </trkpt>
      <trkpt lat="56.73114" lon="-5.03096">
        <ele>281.32</ele>
      </trkpt>
      <trkpt lat="56.73115" lon="-5.03244">
        <ele>278.04</ele>
      </trkpt>
      <trkpt lat="56.73119" lon="-5.03283">
        <ele>283.21</ele>
      </trkpt>
      <trkpt lat="56.7312" lon="-5.03345">
        <ele>291.89</ele>
      </trkpt>
      <trkpt lat="56.73126" lon="-5.03381">
        <ele>297.38</ele>
      </trkpt>
      <trkpt lat="56.73139" lon="-5.03429">
        <ele>300.6</ele>
      </trkpt>
      <trkpt lat="56.73142" lon="-5.0345">
        <ele>300.94</ele>
      </trkpt>
      <trkpt lat="56.7315" lon="-5.03525">
        <ele>309.46</ele>
      </trkpt>
      <trkpt lat="56.73162" lon="-5.03573">
        <ele>314.55</ele>
      </trkpt>
      <trkpt lat="56.7317" lon="-5.03615">
        <ele>314.25</ele>
      </trkpt>
      <trkpt lat="56.73171" lon="-5.03653">
        <ele>314.95</ele>
      </trkpt>
      <trkpt lat="56.73164" lon="-5.03698">
        <ele>316.49</ele>
      </trkpt>
      <trkpt lat="56.73171" lon="-5.03768">
        <ele>319.65</ele>
      </trkpt>
      <trkpt lat="56.73171" lon="-5.0377">
        <ele>319.82</ele>
      </trkpt>
      <trkpt lat="56.73194" lon="-5.03945">
        <ele>327.82</ele>
      </trkpt>
      <trkpt lat="56.73195" lon="-5.04017">
        <ele>327.14</ele>
      </trkpt>
      <trkpt lat="56.73203" lon="-5.04077">
        <ele>330.7</ele>
      </trkpt>
      <trkpt lat="56.73204" lon="-5.04098">
        <ele>331.36</ele>
      </trkpt>
      <trkpt lat="56.73204" lon="-5.04124">
        <ele>331.64</ele>
      </trkpt>
      <trkpt lat="56.73196" lon="-5.04179">
        <ele>331.86</ele>
      </trkpt>
      <trkpt lat="56.73194" lon="-5.04204">
        <ele>330.25</ele>
      </trkpt>
      <trkpt lat="56.73202" lon="-5.0425">
        <ele>327.91</ele>
      </trkpt>
      <trkpt lat="56.7321" lon="-5.04271">
        <ele>325.91</ele>
      </trkpt>
      <trkpt lat="56.73225" lon="-5.04295">
        <ele>321.42</ele>
      </trkpt>
      <trkpt lat="56.73249" lon="-5.04321">
        <ele>317.02</ele>
      </trkpt>
      <trkpt lat="56.73266" lon="-5.04352">
        <ele>321.68</ele>
      </trkpt>
      <trkpt lat="56.73273" lon="-5.04383">
        <ele>325.9</ele>
      </trkpt>
      <trkpt lat="56.73281" lon="-5.04448">
        <ele>324.81</ele>
      </trkpt>
      <trkpt lat="56.73295" lon="-5.04522">
        <ele>328.08</ele>
      </trkpt>
      <trkpt lat="56.73303" lon="-5.04581">
        <ele>324.99</ele>
      </trkpt>
      <trkpt lat="56.73303" lon="-5.04671">
        <ele>318.19</ele>
      </trkpt>
      <trkpt lat="56.73294" lon="-5.04724">
        <ele>322.4</ele>
      </trkpt>
      <trkpt lat="56.73294" lon="-5.04747">
        <ele>321.09</ele>
      </trkpt>
      <trkpt lat="56.73296" lon="-5.04776">
        <ele>312.83</ele>
      </trkpt>
      <trkpt lat="56.73294" lon="-5.04801">
        <ele>306.1</ele>
      </trkpt>
      <trkpt lat="56.7328" lon="-5.04895">
        <ele>307.88</ele>
      </trkpt>
      <trkpt lat="56.73279" lon="-5.04932">
        <ele>304.02</ele>
      </trkpt>
      <trkpt lat="56.73275" lon="-5.04955">
        <ele>301.23</ele>
      </trkpt>
      <trkpt lat="56.73274" lon="-5.05009">
        <ele>304.14</ele>
      </trkpt>
      <trkpt lat="56.7327" lon="-5.05036">
        <ele>306.18</ele>
      </trkpt>
      <trkpt lat="56.7327" lon="-5.05062">
        <ele>307.58</ele>
      </trkpt>
      <trkpt lat="56.73266" lon="-5.05088">
        <ele>308.68</ele>
      </trkpt>
      <trkpt lat="56.73265" lon="-5.05131">
        <ele>307.59</ele>
      </trkpt>
      <trkpt lat="56.73256" lon="-5.05203">
        <ele>306.0</ele>
      </trkpt>
      <trkpt lat="56.73256" lon="-5.05274">
        <ele>303.17</ele>
      </trkpt>
      <trkpt lat="56.73259" lon="-5.05329">
        <ele>302.02</ele>
      </trkpt>
      <trkpt lat="56.73251" lon="-5.05396">
        <ele>301.73</ele>
      </trkpt>
      <trkpt lat="56.73251" lon="-5.05404">
        <ele>301.44</ele>
      </trkpt>
      <trkpt lat="56.7325" lon="-5.05413">
        <ele>301.13</ele>
      </trkpt>
      <trkpt lat="56.7325" lon="-5.05424">
        <ele>300.74</ele>
      </trkpt>
      <trkpt lat="56.7325" lon="-5.05425">
        <ele>300.7</ele>
      </trkpt>
      <trkpt lat="56.73241" lon="-5.05454">
        <ele>299.48</ele>
      </trkpt>
      <trkpt lat="56.73241" lon="-5.05458">
        <ele>299.67</ele>
      </trkpt>
      <trkpt lat="56.73248" lon="-5.05466">
        <ele>300.62</ele>
      </trkpt>
      <trkpt lat="56.7325" lon="-5.05466">
        <ele>300.78</ele>
      </trkpt>
      <trkpt lat="56.73256" lon="-5.05466">
        <ele>300.9</ele>
      </trkpt>
      <trkpt lat="56.73259" lon="-5.05467">
        <ele>301.01</ele>
      </trkpt>
      <trkpt lat="56.7326" lon="-5.05472">
        <ele>301.35</ele>
      </trkpt>
      <trkpt lat="56.73263" lon="-5.05498">
        <ele>302.83</ele>
      </trkpt>
      <trkpt lat="56.73263" lon="-5.05511">
        <ele>303.49</ele>
      </trkpt>
      <trkpt lat="56.73263" lon="-5.05521">
        <ele>304.0</ele>
      </trkpt>
      <trkpt lat="56.73262" lon="-5.05536">
        <ele>303.99</ele>
      </trkpt>
      <trkpt lat="56.73258" lon="-5.05553">
        <ele>302.79</ele>
      </trkpt>
      <trkpt lat="56.7325" lon="-5.05595">
        <ele>296.16</ele>
      </trkpt>
      <trkpt lat="56.73255" lon="-5.05633">
        <ele>294.14</ele>
      </trkpt>
      <trkpt lat="56.7325" lon="-5.05658">
        <ele>291.62</ele>
      </trkpt>
      <trkpt lat="56.73251" lon="-5.05684">
        <ele>292.41</ele>
      </trkpt>
      <trkpt lat="56.73243" lon="-5.05746">
        <ele>297.35</ele>
      </trkpt>
      <trkpt lat="56.73242" lon="-5.0578">
        <ele>296.84</ele>
      </trkpt>
      <trkpt lat="56.73248" lon="-5.05821">
        <ele>300.03</ele>
      </trkpt>
      <trkpt lat="56.73245" lon="-5.05918">
        <ele>297.23</ele>
      </trkpt>
      <trkpt lat="56.7325" lon="-5.05967">
        <ele>300.62</ele>
      </trkpt>
      <trkpt lat="56.73244" lon="-5.06044">
        <ele>300.93</ele>
      </trkpt>
      <trkpt lat="56.73231" lon="-5.06077">
        <ele>295.69</ele>
      </trkpt>
      <trkpt lat="56.73224" lon="-5.06144">
        <ele>277.59</ele>
      </trkpt>
      <trkpt lat="56.73216" lon="-5.06218">
        <ele>290.78</ele>
      </trkpt>
      <trkpt lat="56.73211" lon="-5.063">
        <ele>301.75</ele>
      </trkpt>
      <trkpt lat="56.73179" lon="-5.06504">
        <ele>279.71</ele>
      </trkpt>
      <trkpt lat="56.73164" lon="-5.06587">
        <ele>279.98</ele>
      </trkpt>
      <trkpt lat="56.7314" lon="-5.06618">
        <ele>279.61</ele>
      </trkpt>
      <trkpt lat="56.73131" lon="-5.06643">
        <ele>280.25</ele>
      </trkpt>
      <trkpt lat="56.73132" lon="-5.06678">
        <ele>281.01</ele>
      </trkpt>
      <trkpt lat="56.7313" lon="-5.0672">
        <ele>282.27</ele>
      </trkpt>
      <trkpt lat="56.73112" lon="-5.06808">
        <ele>279.18</ele>
      </trkpt>
      <trkpt lat="56.73102" lon="-5.06832">
        <ele>275.1</ele>
      </trkpt>
      <trkpt lat="56.73083" lon="-5.06898">
        <ele>276.24</ele>
      </trkpt>
      <trkpt lat="56.7306" lon="-5.06949">
        <ele>267.58</ele>
      </trkpt>
      <trkpt lat="56.73055" lon="-5.0696">
        <ele>266.32</ele>
      </trkpt>
      <trkpt lat="56.73024" lon="-5.06998">
        <ele>259.66</ele>
      </trkpt>
      <trkpt lat="56.73019" lon="-5.07018">
        <ele>259.46</ele>
      </trkpt>
      <trkpt lat="56.73007" lon="-5.07067">
        <ele>260.75</ele>
      </trkpt>
      <trkpt lat="56.73001" lon="-5.07111">
        <ele>259.04</ele>
      </trkpt>
      <trkpt lat="56.73005" lon="-5.07135">
        <ele>260.59</ele>
      </trkpt>
      <trkpt lat="56.73011" lon="-5.07144">
        <ele>260.72</ele>
      </trkpt>
      <trkpt lat="56.73017" lon="-5.07161">
        <ele>260.7</ele>
      </trkpt>
      <trkpt lat="56.73016" lon="-5.07194">
        <ele>259.86</ele>
      </trkpt>
      <trkpt lat="56.73016" lon="-5.07195">
        <ele>259.85</ele>
      </trkpt>
      <trkpt lat="56.73014" lon="-5.07223">
        <ele>260.05</ele>
      </trkpt>
      <trkpt lat="56.73006" lon="-5.07243">
        <ele>262.06</ele>
      </trkpt>
      <trkpt lat="56.73003" lon="-5.07254">
        <ele>263.06</ele>
      </trkpt>
      <trkpt lat="56.73003" lon="-5.07255">
        <ele>263.12</ele>
      </trkpt>
      <trkpt lat="56.72995" lon="-5.07345">
        <ele>264.5</ele>
      </trkpt>
      <trkpt lat="56.72991" lon="-5.07446">
        <ele>256.21</ele>
      </trkpt>
      <trkpt lat="56.73003" lon="-5.07504">
        <ele>265.11</ele>
      </trkpt>
      <trkpt lat="56.73009" lon="-5.07659">
        <ele>267.57</ele>
      </trkpt>
      <trkpt lat="56.72981" lon="-5.07779">
        <ele>263.59</ele>
      </trkpt>
      <trkpt lat="56.72972" lon="-5.07867">
        <ele>265.17</ele>
      </trkpt>
      <trkpt lat="56.72965" lon="-5.07915">
        <ele>264.58</ele>
      </trkpt>
      <trkpt lat="56.7295" lon="-5.08009">
        <ele>262.17</ele>
      </trkpt>
      <trkpt lat="56.72933" lon="-5.08153">
        <ele>269.29</ele>
      </trkpt>
      <trkpt lat="56.72928" lon="-5.08185">
        <ele>272.35</ele>
      </trkpt>
      <trkpt lat="56.72914" lon="-5.08219">
        <ele>271.14</ele>
      </trkpt>
      <trkpt lat="56.72915" lon="-5.08247">
        <ele>271.57</ele>
      </trkpt>
      <trkpt lat="56.72897" lon="-5.0833">
        <ele>273.07</ele>
      </trkpt>
      <trkpt lat="56.7288" lon="-5.08384">
        <ele>270.38</ele>
      </trkpt>
      <trkpt lat="56.72869" lon="-5.08426">
        <ele>270.04</ele>
      </trkpt>
      <trkpt lat="56.72857" lon="-5.08479">
        <ele>271.0</ele>
      </trkpt>
      <trkpt lat="56.72844" lon="-5.08505">
        <ele>271.07</ele>
      </trkpt>
      <trkpt lat="56.72826" lon="-5.08564">
        <ele>273.57</ele>
      </trkpt>
      <trkpt lat="56.7281" lon="-5.08659">
        <ele>272.76</ele>
      </trkpt>
      <trkpt lat="56.72793" lon="-5.08759">
        <ele>269.89</ele>
      </trkpt>
      <trkpt lat="56.72793" lon="-5.08812">
        <ele>271.91</ele>
      </trkpt>
      <trkpt lat="56.72779" lon="-5.08877">
        <ele>276.31</ele>
      </trkpt>
      <trkpt lat="56.72771" lon="-5.08928">
        <ele>290.42</ele>
      </trkpt>
      <trkpt lat="56.72747" lon="-5.0901">
        <ele>286.21</ele>
      </trkpt>
      <trkpt lat="56.72739" lon="-5.0909">
        <ele>284.24</ele>
      </trkpt>
      <trkpt lat="56.7274" lon="-5.09147">
        <ele>270.26</ele>
      </trkpt>
      <trkpt lat="56.72763" lon="-5.09224">
        <ele>262.19</ele>
      </trkpt>
      <trkpt lat="56.72769" lon="-5.09266">
        <ele>260.55</ele>
      </trkpt>
      <trkpt lat="56.72788" lon="-5.09317">
        <ele>262.29</ele>
      </trkpt>
      <trkpt lat="56.72813" lon="-5.09417">
        <ele>265.07</ele>
      </trkpt>
      <trkpt lat="56.72855" lon="-5.09469">
        <ele>279.06</ele>
      </trkpt>
      <trkpt lat="56.72872" lon="-5.09503">
        <ele>277.94</ele>
      </trkpt>
      <trkpt lat="56.72943" lon="-5.09607">
        <ele>271.25</ele>
      </trkpt>
      <trkpt lat="56.72966" lon="-5.09654">
        <ele>262.41</ele>
      </trkpt>
      <trkpt lat="56.72987" lon="-5.09679">
        <ele>258.93</ele>
      </trkpt>
      <trkpt lat="56.73" lon="-5.09712">
        <ele>252.84</ele>
      </trkpt>
      <trkpt lat="56.73037" lon="-5.09722">
        <ele>264.69</ele>
      </trkpt>
      <trkpt lat="56.73081" lon="-5.09749">
        <ele>264.83</ele>
      </trkpt>
      <trkpt lat="56.73131" lon="-5.09823">
        <ele>267.15</ele>
      </trkpt>
      <trkpt lat="56.73179" lon="-5.09858">
        <ele>265.97</ele>
      </trkpt>
      <trkpt lat="56.7322" lon="-5.09878">
        <ele>265.29</ele>
      </trkpt>
      <trkpt lat="56.73252" lon="-5.09918">
        <ele>251.98</ele>
      </trkpt>
      <trkpt lat="56.73325" lon="-5.09991">
        <ele>257.12</ele>
      </trkpt>
      <trkpt lat="56.73328" lon="-5.09995">
        <ele>257.41</ele>
      </trkpt>
      <trkpt lat="56.73388" lon="-5.10075">
        <ele>259.43</ele>
      </trkpt>
      <trkpt lat="56.73403" lon="-5.10099">
        <ele>261.36</ele>
      </trkpt>
      <trkpt lat="56.73455" lon="-5.10168">
        <ele>243.84</ele>
      </trkpt>
      <trkpt lat="56.73496" lon="-5.10227">
        <ele>244.7</ele>
      </trkpt>
      <trkpt lat="56.73555" lon="-5.1031">
        <ele>243.5</ele>
      </trkpt>
      <trkpt lat="56.73608" lon="-5.10405">
        <ele>237.32</ele>
      </trkpt>
      <trkpt lat="56.73629" lon="-5.10439">
        <ele>236.49</ele>
      </trkpt>
      <trkpt lat="56.73641" lon="-5.1047">
        <ele>233.33</ele>
      </trkpt>
      <trkpt lat="56.73641" lon="-5.1047">
        <ele>233.33</ele>
      </trkpt>
      <trkpt lat="56.73648" lon="-5.10486">
        <ele>231.52</ele>
      </trkpt>
      <trkpt lat="56.73649" lon="-5.10515">
        <ele>229.54</ele>
      </trkpt>
      <trkpt lat="56.73649" lon="-5.1053">
        <ele>228.56</ele>
      </trkpt>
      <trkpt lat="56.73649" lon="-5.10538">
        <ele>227.3</ele>
      </trkpt>
      <trkpt lat="56.73649" lon="-5.10545">
        <ele>226.2</ele>
      </trkpt>
      <trkpt lat="56.73645" lon="-5.10563">
        <ele>223.63</ele>
      </trkpt>
      <trkpt lat="56.73643" lon="-5.10573">
        <ele>221.83</ele>
      </trkpt>
      <trkpt lat="56.73646" lon="-5.10581">
        <ele>219.95</ele>
      </trkpt>
      <trkpt lat="56.73647" lon="-5.10582">
        <ele>219.68</ele>
      </trkpt>
      <trkpt lat="56.73661" lon="-5.10582">
        <ele>218.62</ele>
      </trkpt>
      <trkpt lat="56.73672" lon="-5.1058">
        <ele>218.41</ele>
      </trkpt>
      <trkpt lat="56.73673" lon="-5.10578">
        <ele>218.64</ele>
      </trkpt>
      <trkpt lat="56.7368" lon="-5.10557">
        <ele>220.43</ele>
      </trkpt>
      <trkpt lat="56.73694" lon="-5.10582">
        <ele>218.05</ele>
      </trkpt>
      <trkpt lat="56.73694" lon="-5.10582">
        <ele>218.05</ele>
      </trkpt>
      <trkpt lat="56.73708" lon="-5.10605">
        <ele>219.97</ele>
      </trkpt>
      <trkpt lat="56.73754" lon="-5.10671">
        <ele>219.42</ele>
      </trkpt>
      <trkpt lat="56.73777" lon="-5.10686">
        <ele>222.19</ele>
      </trkpt>
      <trkpt lat="56.73804" lon="-5.10687">
        <ele>219.18</ele>
      </trkpt>
      <trkpt lat="56.73816" lon="-5.10688">
        <ele>216.83</ele>
      </trkpt>
      <trkpt lat="56.73874" lon="-5.10718">
        <ele>207.05</ele>
      </trkpt>
      <trkpt lat="56.73925" lon="-5.10744">
        <ele>204.78</ele>
      </trkpt>
      <trkpt lat="56.73973" lon="-5.10757">
        <ele>204.9</ele>
      </trkpt>
      <trkpt lat="56.73985" lon="-5.10764">
        <ele>203.16</ele>
      </trkpt>
      <trkpt lat="56.74046" lon="-5.10796">
        <ele>200.86</ele>
      </trkpt>
      <trkpt lat="56.74105" lon="-5.10826">
        <ele>205.34</ele>
      </trkpt>
      <trkpt lat="56.7416" lon="-5.10829">
        <ele>205.23</ele>
      </trkpt>
      <trkpt lat="56.7426" lon="-5.10844">
        <ele>207.32</ele>
      </trkpt>
      <trkpt lat="56.74349" lon="-5.1087">
        <ele>209.69</ele>
      </trkpt>
      <trkpt lat="56.74497" lon="-5.1097">
        <ele>198.8</ele>
      </trkpt>
      <trkpt lat="56.74551" lon="-5.11023">
        <ele>181.39</ele>
      </trkpt>
      <trkpt lat="56.74597" lon="-5.1103">
        <ele>177.93</ele>
      </trkpt>
      <trkpt lat="56.74608" lon="-5.11026">
        <ele>179.61</ele>
      </trkpt>
      <trkpt lat="56.74721" lon="-5.11017">
        <ele>177.18</ele>
      </trkpt>
      <trkpt lat="56.7476" lon="-5.11002">
        <ele>170.28</ele>
      </trkpt>
      <trkpt lat="56.74779" lon="-5.1098">
        <ele>174.68</ele>
      </trkpt>
      <trkpt lat="56.74791" lon="-5.10972">
        <ele>177.37</ele>
      </trkpt>
      <trkpt lat="56.74816" lon="-5.10961">
        <ele>179.42</ele>
      </trkpt>
      <trkpt lat="56.74854" lon="-5.10954">
        <ele>177.1</ele>
      </trkpt>
      <trkpt lat="56.74903" lon="-5.10951">
        <ele>177.49</ele>
      </trkpt>
      <trkpt lat="56.74932" lon="-5.10919">
        <ele>176.23</ele>
      </trkpt>
      <trkpt lat="56.74948" lon="-5.10911">
        <ele>177.38</ele>
      </trkpt>
      <trkpt lat="56.74965" lon="-5.10905">
        <ele>179.22</ele>
      </trkpt>
      <trkpt lat="56.74979" lon="-5.10902">
        <ele>178.91</ele>
      </trkpt>
      <trkpt lat="56.74991" lon="-5.10896">
        <ele>177.12</ele>
      </trkpt>
      <trkpt lat="56.75006" lon="-5.10895">
        <ele>175.47</ele>
      </trkpt>
      <trkpt lat="56.75031" lon="-5.10901">
        <ele>173.39</ele>
      </trkpt>
      <trkpt lat="56.75037" lon="-5.10902">
        <ele>172.74</ele>
      </trkpt>
      <trkpt lat="56.75049" lon="-5.10897">
        <ele>172.06</ele>
      </trkpt>
      <trkpt lat="56.7508" lon="-5.10879">
        <ele>170.87</ele>
      </trkpt>
      <trkpt lat="56.75117" lon="-5.10852">
        <ele>170.84</ele>
      </trkpt>
      <trkpt lat="56.75131" lon="-5.10847">
        <ele>173.24</ele>
      </trkpt>
      <trkpt lat="56.75137" lon="-5.1085">
        <ele>173.91</ele>
      </trkpt>
      <trkpt lat="56.75141" lon="-5.10849">
        <ele>174.9</ele>
      </trkpt>
      <trkpt lat="56.75147" lon="-5.10848">
        <ele>176.72</ele>
      </trkpt>
      <trkpt lat="56.75157" lon="-5.10852">
        <ele>178.75</ele>
      </trkpt>
      <trkpt lat="56.75163" lon="-5.10849">
        <ele>181.03</ele>
      </trkpt>
      <trkpt lat="56.7517" lon="-5.10847">
        <ele>182.8</ele>
      </trkpt>
      <trkpt lat="56.75176" lon="-5.1084">
        <ele>184.99</ele>
      </trkpt>
      <trkpt lat="56.75192" lon="-5.10819">
        <ele>189.24</ele>
      </trkpt>
      <trkpt lat="56.75195" lon="-5.10808">
        <ele>190.52</ele>
      </trkpt>
      <trkpt lat="56.75211" lon="-5.1079">
        <ele>185.0</ele>
      </trkpt>
      <trkpt lat="56.75216" lon="-5.10783">
        <ele>183.28</ele>
      </trkpt>
      <trkpt lat="56.75222" lon="-5.10771">
        <ele>180.85</ele>
      </trkpt>
      <trkpt lat="56.75235" lon="-5.10749">
        <ele>176.98</ele>
      </trkpt>
      <trkpt lat="56.75238" lon="-5.1074">
        <ele>178.03</ele>
      </trkpt>
      <trkpt lat="56.75244" lon="-5.1073">
        <ele>178.68</ele>
      </trkpt>
      <trkpt lat="56.75253" lon="-5.1072">
        <ele>180.36</ele>
      </trkpt>
      <trkpt lat="56.75261" lon="-5.10717">
        <ele>183.9</ele>
      </trkpt>
      <trkpt lat="56.75268" lon="-5.10717">
        <ele>186.65</ele>
      </trkpt>
      <trkpt lat="56.75273" lon="-5.10721">
        <ele>187.59</ele>
      </trkpt>
      <trkpt lat="56.75284" lon="-5.10729">
        <ele>193.1</ele>
      </trkpt>
      <trkpt lat="56.7529" lon="-5.10735">
        <ele>196.38</ele>
      </trkpt>
      <trkpt lat="56.75298" lon="-5.10734">
        <ele>201.4</ele>
      </trkpt>
      <trkpt lat="56.7531" lon="-5.10734">
        <ele>206.17</ele>
      </trkpt>
      <trkpt lat="56.75316" lon="-5.10734">
        <ele>206.35</ele>
      </trkpt>
      <trkpt lat="56.75322" lon="-5.10737">
        <ele>205.91</ele>
      </trkpt>
      <trkpt lat="56.75326" lon="-5.10734">
        <ele>206.66</ele>
      </trkpt>
      <trkpt lat="56.7533" lon="-5.10731">
        <ele>207.34</ele>
      </trkpt>
      <trkpt lat="56.75336" lon="-5.10733">
        <ele>207.73</ele>
      </trkpt>
      <trkpt lat="56.75346" lon="-5.1074">
        <ele>208.99</ele>
      </trkpt>
      <trkpt lat="56.75355" lon="-5.10742">
        <ele>210.9</ele>
      </trkpt>
      <trkpt lat="56.75374" lon="-5.10736">
        <ele>210.97</ele>
      </trkpt>
      <trkpt lat="56.75384" lon="-5.10734">
        <ele>209.29</ele>
      </trkpt>
      <trkpt lat="56.75424" lon="-5.10729">
        <ele>194.74</ele>
      </trkpt>
      <trkpt lat="56.7543" lon="-5.10728">
        <ele>194.6</ele>
      </trkpt>
      <trkpt lat="56.75435" lon="-5.10722">
        <ele>195.01</ele>
      </trkpt>
      <trkpt lat="56.75442" lon="-5.10709">
        <ele>194.82</ele>
      </trkpt>
      <trkpt lat="56.75452" lon="-5.107">
        <ele>193.93</ele>
      </trkpt>
      <trkpt lat="56.75472" lon="-5.10687">
        <ele>195.08</ele>
      </trkpt>
      <trkpt lat="56.75498" lon="-5.10675">
        <ele>207.38</ele>
      </trkpt>
      <trkpt lat="56.75504" lon="-5.1067">
        <ele>208.32</ele>
      </trkpt>
      <trkpt lat="56.75513" lon="-5.10667">
        <ele>206.67</ele>
      </trkpt>
      <trkpt lat="56.7552" lon="-5.10663">
        <ele>205.43</ele>
      </trkpt>
      <trkpt lat="56.75558" lon="-5.10646">
        <ele>213.16</ele>
      </trkpt>
      <trkpt lat="56.75611" lon="-5.10619">
        <ele>219.71</ele>
      </trkpt>
      <trkpt lat="56.75617" lon="-5.10618">
        <ele>219.06</ele>
      </trkpt>
      <trkpt lat="56.75648" lon="-5.10604">
        <ele>219.07</ele>
      </trkpt>
      <trkpt lat="56.75669" lon="-5.10592">
        <ele>222.69</ele>
      </trkpt>
      <trkpt lat="56.75675" lon="-5.10588">
        <ele>222.83</ele>
      </trkpt>
      <trkpt lat="56.75684" lon="-5.10586">
        <ele>222.9</ele>
      </trkpt>
      <trkpt lat="56.75693" lon="-5.10582">
        <ele>223.1</ele>
      </trkpt>
      <trkpt lat="56.757" lon="-5.1058">
        <ele>222.49</ele>
      </trkpt>
      <trkpt lat="56.75703" lon="-5.10582">
        <ele>221.89</ele>
      </trkpt>
      <trkpt lat="56.75706" lon="-5.10587">
        <ele>221.2</ele>
      </trkpt>
      <trkpt lat="56.7572" lon="-5.10581">
        <ele>219.64</ele>
      </trkpt>
      <trkpt lat="56.75726" lon="-5.10582">
        <ele>219.04</ele>
      </trkpt>
      <trkpt lat="56.75736" lon="-5.10581">
        <ele>218.76</ele>
      </trkpt>
      <trkpt lat="56.75744" lon="-5.10582">
        <ele>218.33</ele>
      </trkpt>
      <trkpt lat="56.75748" lon="-5.10586">
        <ele>218.24</ele>
      </trkpt>
      <trkpt lat="56.75757" lon="-5.10581">
        <ele>219.36</ele>
      </trkpt>
      <trkpt lat="56.75761" lon="-5.10576">
        <ele>220.19</ele>
      </trkpt>
      <trkpt lat="56.75785" lon="-5.10565">
        <ele>222.95</ele>
      </trkpt>
      <trkpt lat="56.75825" lon="-5.10548">
        <ele>226.47</ele>
      </trkpt>
      <trkpt lat="56.75832" lon="-5.10544">
        <ele>226.68</ele>
      </trkpt>
      <trkpt lat="56.75839" lon="-5.10542">
        <ele>226.63</ele>
      </trkpt>
      <trkpt lat="56.75849" lon="-5.10542">
        <ele>226.78</ele>
      </trkpt>
      <trkpt lat="56.75852" lon="-5.1054">
        <ele>226.86</ele>
      </trkpt>
      <trkpt lat="56.75855" lon="-5.10538">
        <ele>227.01</ele>
      </trkpt>
      <trkpt lat="56.7586" lon="-5.10536">
        <ele>227.35</ele>
      </trkpt>
      <trkpt lat="56.75863" lon="-5.10528">
        <ele>227.78</ele>
      </trkpt>
      <trkpt lat="56.7587" lon="-5.10521">
        <ele>228.41</ele>
      </trkpt>
      <trkpt lat="56.75876" lon="-5.10513">
        <ele>229.95</ele>
      </trkpt>
      <trkpt lat="56.75885" lon="-5.10505">
        <ele>232.23</ele>
      </trkpt>
      <trkpt lat="56.75893" lon="-5.105">
        <ele>234.59</ele>
      </trkpt>
      <trkpt lat="56.759" lon="-5.10495">
        <ele>236.39</ele>
      </trkpt>
      <trkpt lat="56.75902" lon="-5.10496">
        <ele>236.53</ele>
      </trkpt>
      <trkpt lat="56.75905" lon="-5.10498">
        <ele>236.65</ele>
      </trkpt>
      <trkpt lat="56.75909" lon="-5.10498">
        <ele>237.24</ele>
      </trkpt>
      <trkpt lat="56.75913" lon="-5.10496">
        <ele>238.17</ele>
      </trkpt>
      <trkpt lat="56.75915" lon="-5.10496">
        <ele>238.47</ele>
      </trkpt>
      <trkpt lat="56.75918" lon="-5.10498">
        <ele>238.83</ele>
      </trkpt>
      <trkpt lat="56.75925" lon="-5.10494">
        <ele>241.82</ele>
      </trkpt>
      <trkpt lat="56.75932" lon="-5.10494">
        <ele>244.12</ele>
      </trkpt>
      <trkpt lat="56.75938" lon="-5.10493">
        <ele>246.17</ele>
      </trkpt>
      <trkpt lat="56.75944" lon="-5.10492">
        <ele>248.15</ele>
      </trkpt>
      <trkpt lat="56.75949" lon="-5.10491">
        <ele>248.91</ele>
      </trkpt>
      <trkpt lat="56.75952" lon="-5.10491">
        <ele>249.3</ele>
      </trkpt>
      <trkpt lat="56.75958" lon="-5.1049">
        <ele>250.25</ele>
      </trkpt>
      <trkpt lat="56.75964" lon="-5.10492">
        <ele>250.61</ele>
      </trkpt>
      <trkpt lat="56.75969" lon="-5.10494">
        <ele>250.63</ele>
      </trkpt>
      <trkpt lat="56.75981" lon="-5.10493">
        <ele>250.79</ele>
      </trkpt>
      <trkpt lat="56.75996" lon="-5.10489">
        <ele>251.03</ele>
      </trkpt>
      <trkpt lat="56.76005" lon="-5.10485">
        <ele>251.1</ele>
      </trkpt>
      <trkpt lat="56.76013" lon="-5.10484">
        <ele>250.15</ele>
      </trkpt>
      <trkpt lat="56.76029" lon="-5.10483">
        <ele>247.7</ele>
      </trkpt>
      <trkpt lat="56.76035" lon="-5.1048">
        <ele>246.14</ele>
      </trkpt>
      <trkpt lat="56.76039" lon="-5.1048">
        <ele>245.11</ele>
      </trkpt>
      <trkpt lat="56.76045" lon="-5.10478">
        <ele>243.43</ele>
      </trkpt>
      <trkpt lat="56.7605" lon="-5.10474">
        <ele>241.75</ele>
      </trkpt>
      <trkpt lat="56.76071" lon="-5.10462">
        <ele>241.0</ele>
      </trkpt>
      <trkpt lat="56.76094" lon="-5.10446">
        <ele>241.83</ele>
      </trkpt>
      <trkpt lat="56.76108" lon="-5.10437">
        <ele>244.53</ele>
      </trkpt>
      <trkpt lat="56.76118" lon="-5.10427">
        <ele>246.86</ele>
      </trkpt>
      <trkpt lat="56.76129" lon="-5.10419">
        <ele>250.58</ele>
      </trkpt>
      <trkpt lat="56.76137" lon="-5.10418">
        <ele>253.21</ele>
      </trkpt>
      <trkpt lat="56.76151" lon="-5.10421">
        <ele>255.58</ele>
      </trkpt>
      <trkpt lat="56.76156" lon="-5.10422">
        <ele>256.22</ele>
      </trkpt>
      <trkpt lat="56.76183" lon="-5.10427">
        <ele>258.33</ele>
      </trkpt>
      <trkpt lat="56.76203" lon="-5.10435">
        <ele>257.63</ele>
      </trkpt>
      <trkpt lat="56.76217" lon="-5.1044">
        <ele>255.6</ele>
      </trkpt>
      <trkpt lat="56.76229" lon="-5.10439">
        <ele>255.52</ele>
      </trkpt>
      <trkpt lat="56.7624" lon="-5.10438">
        <ele>255.81</ele>
      </trkpt>
      <trkpt lat="56.76251" lon="-5.10434">
        <ele>257.58</ele>
      </trkpt>
      <trkpt lat="56.76255" lon="-5.10432">
        <ele>258.63</ele>
      </trkpt>
      <trkpt lat="56.76259" lon="-5.10425">
        <ele>261.21</ele>
      </trkpt>
      <trkpt lat="56.76264" lon="-5.10413">
        <ele>263.03</ele>
      </trkpt>
      <trkpt lat="56.76267" lon="-5.10406">
        <ele>261.86</ele>
      </trkpt>
      <trkpt lat="56.76279" lon="-5.10396">
        <ele>259.9</ele>
      </trkpt>
      <trkpt lat="56.76283" lon="-5.10391">
        <ele>259.92</ele>
      </trkpt>
      <trkpt lat="56.76289" lon="-5.10385">
        <ele>259.97</ele>
      </trkpt>
      <trkpt lat="56.76296" lon="-5.10378">
        <ele>259.92</ele>
      </trkpt>
      <trkpt lat="56.76303" lon="-5.10367">
        <ele>259.41</ele>
      </trkpt>
      <trkpt lat="56.7631" lon="-5.10356">
        <ele>254.35</ele>
      </trkpt>
      <trkpt lat="56.76327" lon="-5.10342">
        <ele>242.49</ele>
      </trkpt>
      <trkpt lat="56.76337" lon="-5.10332">
        <ele>236.07</ele>
      </trkpt>
      <trkpt lat="56.76339" lon="-5.10329">
        <ele>234.91</ele>
      </trkpt>
      <trkpt lat="56.76342" lon="-5.1032">
        <ele>232.03</ele>
      </trkpt>
      <trkpt lat="56.76344" lon="-5.10309">
        <ele>228.93</ele>
      </trkpt>
      <trkpt lat="56.76348" lon="-5.10304">
        <ele>227.73</ele>
      </trkpt>
      <trkpt lat="56.7636" lon="-5.10297">
        <ele>227.03</ele>
      </trkpt>
      <trkpt lat="56.76374" lon="-5.10278">
        <ele>229.19</ele>
      </trkpt>
      <trkpt lat="56.76401" lon="-5.10251">
        <ele>233.64</ele>
      </trkpt>
      <trkpt lat="56.76409" lon="-5.10246">
        <ele>233.41</ele>
      </trkpt>
      <trkpt lat="56.76418" lon="-5.10243">
        <ele>233.81</ele>
      </trkpt>
      <trkpt lat="56.76424" lon="-5.10241">
        <ele>235.61</ele>
      </trkpt>
      <trkpt lat="56.76436" lon="-5.10239">
        <ele>238.83</ele>
      </trkpt>
      <trkpt lat="56.76448" lon="-5.10236">
        <ele>242.36</ele>
      </trkpt>
      <trkpt lat="56.76463" lon="-5.10233">
        <ele>246.25</ele>
      </trkpt>
      <trkpt lat="56.76476" lon="-5.10235">
        <ele>248.59</ele>
      </trkpt>
      <trkpt lat="56.76486" lon="-5.10233">
        <ele>250.35</ele>
      </trkpt>
      <trkpt lat="56.76512" lon="-5.10225">
        <ele>252.98</ele>
      </trkpt>
      <trkpt lat="56.76521" lon="-5.10222">
        <ele>252.24</ele>
      </trkpt>
      <trkpt lat="56.7653" lon="-5.10221">
        <ele>251.15</ele>
      </trkpt>
      <trkpt lat="56.76538" lon="-5.1022">
        <ele>251.35</ele>
      </trkpt>
      <trkpt lat="56.76545" lon="-5.10217">
        <ele>251.3</ele>
      </trkpt>
      <trkpt lat="56.7655" lon="-5.10213">
        <ele>250.87</ele>
      </trkpt>
      <trkpt lat="56.76564" lon="-5.10204">
        <ele>247.35</ele>
      </trkpt>
      <trkpt lat="56.76585" lon="-5.10194">
        <ele>240.41</ele>
      </trkpt>
      <trkpt lat="56.7663" lon="-5.10167">
        <ele>236.4</ele>
      </trkpt>
      <trkpt lat="56.76641" lon="-5.10157">
        <ele>236.61</ele>
      </trkpt>
      <trkpt lat="56.76654" lon="-5.10138">
        <ele>233.08</ele>
      </trkpt>
      <trkpt lat="56.7666" lon="-5.10134">
        <ele>233.16</ele>
      </trkpt>
      <trkpt lat="56.76675" lon="-5.10135">
        <ele>229.56</ele>
      </trkpt>
      <trkpt lat="56.76683" lon="-5.10129">
        <ele>226.18</ele>
      </trkpt>
      <trkpt lat="56.76713" lon="-5.10111">
        <ele>212.33</ele>
      </trkpt>
      <trkpt lat="56.76719" lon="-5.1011">
        <ele>209.72</ele>
      </trkpt>
      <trkpt lat="56.76726" lon="-5.1011">
        <ele>207.69</ele>
      </trkpt>
      <trkpt lat="56.76731" lon="-5.10111">
        <ele>206.76</ele>
      </trkpt>
      <trkpt lat="56.76741" lon="-5.10117">
        <ele>204.52</ele>
      </trkpt>
      <trkpt lat="56.76746" lon="-5.1011">
        <ele>204.78</ele>
      </trkpt>
      <trkpt lat="56.76749" lon="-5.10106">
        <ele>205.07</ele>
      </trkpt>
      <trkpt lat="56.76751" lon="-5.10098">
        <ele>206.41</ele>
      </trkpt>
      <trkpt lat="56.7675" lon="-5.10089">
        <ele>207.98</ele>
      </trkpt>
      <trkpt lat="56.76747" lon="-5.10079">
        <ele>210.25</ele>
      </trkpt>
      <trkpt lat="56.76746" lon="-5.10065">
        <ele>212.64</ele>
      </trkpt>
      <trkpt lat="56.76748" lon="-5.1005">
        <ele>215.24</ele>
      </trkpt>
      <trkpt lat="56.76753" lon="-5.10038">
        <ele>217.9</ele>
      </trkpt>
      <trkpt lat="56.76788" lon="-5.09953">
        <ele>222.91</ele>
      </trkpt>
      <trkpt lat="56.76798" lon="-5.09926">
        <ele>224.26</ele>
      </trkpt>
      <trkpt lat="56.76858" lon="-5.09778">
        <ele>204.35</ele>
      </trkpt>
      <trkpt lat="56.76891" lon="-5.09703">
        <ele>201.08</ele>
      </trkpt>
      <trkpt lat="56.76909" lon="-5.09653">
        <ele>206.61</ele>
      </trkpt>
      <trkpt lat="56.76925" lon="-5.09619">
        <ele>210.13</ele>
      </trkpt>
      <trkpt lat="56.7695" lon="-5.09556">
        <ele>214.2</ele>
      </trkpt>
      <trkpt lat="56.76992" lon="-5.09458">
        <ele>216.14</ele>
      </trkpt>
      <trkpt lat="56.77012" lon="-5.09397">
        <ele>217.74</ele>
      </trkpt>
      <trkpt lat="56.77034" lon="-5.09327">
        <ele>226.36</ele>
      </trkpt>
      <trkpt lat="56.77034" lon="-5.09327">
        <ele>226.36</ele>
      </trkpt>
      <trkpt lat="56.77057" lon="-5.09249">
        <ele>233.92</ele>
      </trkpt>
      <trkpt lat="56.77066" lon="-5.09217">
        <ele>236.05</ele>
      </trkpt>
      <trkpt lat="56.77079" lon="-5.09198">
        <ele>237.2</ele>
      </trkpt>
      <trkpt lat="56.77105" lon="-5.09103">
        <ele>238.77</ele>
      </trkpt>
      <trkpt lat="56.7711" lon="-5.09069">
        <ele>239.73</ele>
      </trkpt>
      <trkpt lat="56.77125" lon="-5.0902">
        <ele>242.68</ele>
      </trkpt>
      <trkpt lat="56.77146" lon="-5.08954">
        <ele>253.21</ele>
      </trkpt>
      <trkpt lat="56.77147" lon="-5.08951">
        <ele>253.11</ele>
      </trkpt>
      <trkpt lat="56.77172" lon="-5.08882">
        <ele>254.66</ele>
      </trkpt>
      <trkpt lat="56.77181" lon="-5.08833">
        <ele>257.01</ele>
      </trkpt>
      <trkpt lat="56.77188" lon="-5.08812">
        <ele>255.77</ele>
      </trkpt>
      <trkpt lat="56.77215" lon="-5.08741">
        <ele>246.56</ele>
      </trkpt>
      <trkpt lat="56.77243" lon="-5.08695">
        <ele>251.69</ele>
      </trkpt>
      <trkpt lat="56.77261" lon="-5.08656">
        <ele>252.58</ele>
      </trkpt>
      <trkpt lat="56.77274" lon="-5.08618">
        <ele>257.23</ele>
      </trkpt>
      <trkpt lat="56.77282" lon="-5.08599">
        <ele>257.19</ele>
      </trkpt>
      <trkpt lat="56.77287" lon="-5.08587">
        <ele>255.44</ele>
      </trkpt>
      <trkpt lat="56.77311" lon="-5.08556">
        <ele>239.71</ele>
      </trkpt>
      <trkpt lat="56.77313" lon="-5.08551">
        <ele>240.24</ele>
      </trkpt>
      <trkpt lat="56.77331" lon="-5.0849">
        <ele>242.15</ele>
      </trkpt>
      <trkpt lat="56.77344" lon="-5.08467">
        <ele>240.46</ele>
      </trkpt>
      <trkpt lat="56.7735" lon="-5.08449">
        <ele>240.67</ele>
      </trkpt>
      <trkpt lat="56.77363" lon="-5.08406">
        <ele>239.07</ele>
      </trkpt>
      <trkpt lat="56.77371" lon="-5.08363">
        <ele>239.54</ele>
      </trkpt>
      <trkpt lat="56.77377" lon="-5.08351">
        <ele>239.94</ele>
      </trkpt>
      <trkpt lat="56.77399" lon="-5.08326">
        <ele>241.75</ele>
      </trkpt>
      <trkpt lat="56.77413" lon="-5.08302">
        <ele>245.06</ele>
      </trkpt>
      <trkpt lat="56.77438" lon="-5.08244">
        <ele>247.97</ele>
      </trkpt>
      <trkpt lat="56.77448" lon="-5.08227">
        <ele>247.0</ele>
      </trkpt>
      <trkpt lat="56.77467" lon="-5.08207">
        <ele>243.84</ele>
      </trkpt>
      <trkpt lat="56.77514" lon="-5.08166">
        <ele>222.32</ele>
      </trkpt>
      <trkpt lat="56.77555" lon="-5.08126">
        <ele>211.0</ele>
      </trkpt>
      <trkpt lat="56.77558" lon="-5.08115">
        <ele>211.46</ele>
      </trkpt>
      <trkpt lat="56.77565" lon="-5.08109">
        <ele>213.43</ele>
      </trkpt>
      <trkpt lat="56.77581" lon="-5.08103">
        <ele>217.44</ele>
      </trkpt>
      <trkpt lat="56.77593" lon="-5.08107">
        <ele>211.34</ele>
      </trkpt>
      <trkpt lat="56.77606" lon="-5.08095">
        <ele>202.02</ele>
      </trkpt>
      <trkpt lat="56.77606" lon="-5.08086">
        <ele>201.76</ele>
      </trkpt>
      <trkpt lat="56.77587" lon="-5.08074">
        <ele>214.21</ele>
      </trkpt>
      <trkpt lat="56.77587" lon="-5.08061">
        <ele>212.61</ele>
      </trkpt>
      <trkpt lat="56.77611" lon="-5.08023">
        <ele>195.21</ele>
      </trkpt>
      <trkpt lat="56.77615" lon="-5.08005">
        <ele>194.37</ele>
      </trkpt>
      <trkpt lat="56.77624" lon="-5.07994">
        <ele>192.49</ele>
      </trkpt>
      <trkpt lat="56.7765" lon="-5.07938">
        <ele>198.8</ele>
      </trkpt>
      <trkpt lat="56.7769" lon="-5.07875">
        <ele>202.18</ele>
      </trkpt>
      <trkpt lat="56.77732" lon="-5.0781">
        <ele>206.98</ele>
      </trkpt>
      <trkpt lat="56.7779" lon="-5.07707">
        <ele>212.39</ele>
      </trkpt>
      <trkpt lat="56.77806" lon="-5.07681">
        <ele>212.43</ele>
      </trkpt>
      <trkpt lat="56.77833" lon="-5.07654">
        <ele>216.26</ele>
      </trkpt>
      <trkpt lat="56.77868" lon="-5.07602">
        <ele>213.47</ele>
      </trkpt>
      <trkpt lat="56.77892" lon="-5.07561">
        <ele>218.33</ele>
      </trkpt>
      <trkpt lat="56.77941" lon="-5.07473">
        <ele>213.79</ele>
      </trkpt>
      <trkpt lat="56.77977" lon="-5.07432">
        <ele>206.88</ele>
      </trkpt>
      <trkpt lat="56.78007" lon="-5.07405">
        <ele>199.68</ele>
      </trkpt>
      <trkpt lat="56.78013" lon="-5.07396">
        <ele>198.73</ele>
      </trkpt>
      <trkpt lat="56.78022" lon="-5.07374">
        <ele>198.7</ele>
      </trkpt>
      <trkpt lat="56.78037" lon="-5.07299">
        <ele>198.83</ele>
      </trkpt>
      <trkpt lat="56.78043" lon="-5.07289">
        <ele>198.72</ele>
      </trkpt>
      <trkpt lat="56.78048" lon="-5.07289">
        <ele>198.43</ele>
      </trkpt>
      <trkpt lat="56.7806" lon="-5.07297">
        <ele>198.1</ele>
      </trkpt>
      <trkpt lat="56.78069" lon="-5.07294">
        <ele>198.4</ele>
      </trkpt>
      <trkpt lat="56.78093" lon="-5.07278">
        <ele>197.55</ele>
      </trkpt>
      <trkpt lat="56.7812" lon="-5.07264">
        <ele>193.4</ele>
      </trkpt>
      <trkpt lat="56.78146" lon="-5.07257">
        <ele>188.97</ele>
      </trkpt>
      <trkpt lat="56.78168" lon="-5.07256">
        <ele>186.37</ele>
      </trkpt>
      <trkpt lat="56.78195" lon="-5.07259">
        <ele>193.76</ele>
      </trkpt>
      <trkpt lat="56.78246" lon="-5.0725">
        <ele>205.7</ele>
      </trkpt>
      <trkpt lat="56.78274" lon="-5.07234">
        <ele>205.04</ele>
      </trkpt>
      <trkpt lat="56.78316" lon="-5.07218">
        <ele>205.32</ele>
      </trkpt>
      <trkpt lat="56.78336" lon="-5.07204">
        <ele>207.98</ele>
      </trkpt>
      <trkpt lat="56.78345" lon="-5.072">
        <ele>209.14</ele>
      </trkpt>
      <trkpt lat="56.78359" lon="-5.07203">
        <ele>210.75</ele>
      </trkpt>
      <trkpt lat="56.78375" lon="-5.07197">
        <ele>212.68</ele>
      </trkpt>
      <trkpt lat="56.7838" lon="-5.07202">
        <ele>212.43</ele>
      </trkpt>
      <trkpt lat="56.78392" lon="-5.07201">
        <ele>214.07</ele>
      </trkpt>
      <trkpt lat="56.78398" lon="-5.07211">
        <ele>213.19</ele>
      </trkpt>
      <trkpt lat="56.78407" lon="-5.07209">
        <ele>215.93</ele>
      </trkpt>
      <trkpt lat="56.78437" lon="-5.07205">
        <ele>222.86</ele>
      </trkpt>
      <trkpt lat="56.78458" lon="-5.07209">
        <ele>226.9</ele>
      </trkpt>
      <trkpt lat="56.78481" lon="-5.072">
        <ele>231.64</ele>
      </trkpt>
      <trkpt lat="56.78509" lon="-5.072">
        <ele>238.44</ele>
      </trkpt>
      <trkpt lat="56.78529" lon="-5.07197">
        <ele>245.8</ele>
      </trkpt>
      <trkpt lat="56.78543" lon="-5.07206">
        <ele>254.18</ele>
      </trkpt>
      <trkpt lat="56.78562" lon="-5.07232">
        <ele>265.62</ele>
      </trkpt>
      <trkpt lat="56.78583" lon="-5.07244">
        <ele>271.57</ele>
      </trkpt>
      <trkpt lat="56.78608" lon="-5.0727">
        <ele>265.95</ele>
      </trkpt>
      <trkpt lat="56.78622" lon="-5.07292">
        <ele>259.99</ele>
      </trkpt>
      <trkpt lat="56.78631" lon="-5.07316">
        <ele>256.64</ele>
      </trkpt>
      <trkpt lat="56.78633" lon="-5.07327">
        <ele>256.79</ele>
      </trkpt>
      <trkpt lat="56.78662" lon="-5.07351">
        <ele>254.34</ele>
      </trkpt>
      <trkpt lat="56.78671" lon="-5.07356">
        <ele>254.35</ele>
      </trkpt>
      <trkpt lat="56.78682" lon="-5.07359">
        <ele>254.82</ele>
      </trkpt>
      <trkpt lat="56.78692" lon="-5.07359">
        <ele>254.9</ele>
      </trkpt>
      <trkpt lat="56.78692" lon="-5.07359">
        <ele>254.9</ele>
      </trkpt>
      <trkpt lat="56.78696" lon="-5.07359">
        <ele>256.39</ele>
      </trkpt>
      <trkpt lat="56.78735" lon="-5.0735">
        <ele>277.14</ele>
      </trkpt>
      <trkpt lat="56.78755" lon="-5.07341">
        <ele>274.71</ele>
      </trkpt>
      <trkpt lat="56.788" lon="-5.07309">
        <ele>255.22</ele>
      </trkpt>
      <trkpt lat="56.78807" lon="-5.07293">
        <ele>252.22</ele>
      </trkpt>
      <trkpt lat="56.78811" lon="-5.07279">
        <ele>251.67</ele>
      </trkpt>
      <trkpt lat="56.78814" lon="-5.07233">
        <ele>258.0</ele>
      </trkpt>
      <trkpt lat="56.78816" lon="-5.07207">
        <ele>260.42</ele>
      </trkpt>
      <trkpt lat="56.78821" lon="-5.07197">
        <ele>260.24</ele>
      </trkpt>
      <trkpt lat="56.78828" lon="-5.07192">
        <ele>259.58</ele>
      </trkpt>
      <trkpt lat="56.78833" lon="-5.07193">
        <ele>259.04</ele>
      </trkpt>
      <trkpt lat="56.78838" lon="-5.07199">
        <ele>256.04</ele>
      </trkpt>
      <trkpt lat="56.78849" lon="-5.07224">
        <ele>249.46</ele>
      </trkpt>
      <trkpt lat="56.78862" lon="-5.07241">
        <ele>243.36</ele>
      </trkpt>
      <trkpt lat="56.78862" lon="-5.07241">
        <ele>243.36</ele>
      </trkpt>
      <trkpt lat="56.78909" lon="-5.07263">
        <ele>237.0</ele>
      </trkpt>
      <trkpt lat="56.78925" lon="-5.07274">
        <ele>238.72</ele>
      </trkpt>
      <trkpt lat="56.78969" lon="-5.07304">
        <ele>249.36</ele>
      </trkpt>
      <trkpt lat="56.7899" lon="-5.07313">
        <ele>246.15</ele>
      </trkpt>
      <trkpt lat="56.7899" lon="-5.07313">
        <ele>246.15</ele>
      </trkpt>
      <trkpt lat="56.79036" lon="-5.0733">
        <ele>230.17</ele>
      </trkpt>
      <trkpt lat="56.79043" lon="-5.0733">
        <ele>227.12</ele>
      </trkpt>
      <trkpt lat="56.79048" lon="-5.07325">
        <ele>224.45</ele>
      </trkpt>
      <trkpt lat="56.7905" lon="-5.07315">
        <ele>222.55</ele>
      </trkpt>
      <trkpt lat="56.79048" lon="-5.07306">
        <ele>222.58</ele>
      </trkpt>
      <trkpt lat="56.79031" lon="-5.0728">
        <ele>227.73</ele>
      </trkpt>
      <trkpt lat="56.79026" lon="-5.07269">
        <ele>228.48</ele>
      </trkpt>
      <trkpt lat="56.79021" lon="-5.0724">
        <ele>226.56</ele>
      </trkpt>
      <trkpt lat="56.79022" lon="-5.07209">
        <ele>220.97</ele>
      </trkpt>
      <trkpt lat="56.7903" lon="-5.07177">
        <ele>216.34</ele>
      </trkpt>
      <trkpt lat="56.79041" lon="-5.07164">
        <ele>213.67</ele>
      </trkpt>
      <trkpt lat="56.79066" lon="-5.07147">
        <ele>208.45</ele>
      </trkpt>
      <trkpt lat="56.79077" lon="-5.07135">
        <ele>203.46</ele>
      </trkpt>
      <trkpt lat="56.79084" lon="-5.07106">
        <ele>199.81</ele>
      </trkpt>
      <trkpt lat="56.79081" lon="-5.07076">
        <ele>203.54</ele>
      </trkpt>
      <trkpt lat="56.79062" lon="-5.0704">
        <ele>212.77</ele>
      </trkpt>
      <trkpt lat="56.79056" lon="-5.06998">
        <ele>212.49</ele>
      </trkpt>
      <trkpt lat="56.7905" lon="-5.0698">
        <ele>208.34</ele>
      </trkpt>
      <trkpt lat="56.7904" lon="-5.06968">
        <ele>205.29</ele>
      </trkpt>
      <trkpt lat="56.79025" lon="-5.06954">
        <ele>203.16</ele>
      </trkpt>
      <trkpt lat="56.78993" lon="-5.06921">
        <ele>204.03</ele>
      </trkpt>
      <trkpt lat="56.78958" lon="-5.06773">
        <ele>194.8</ele>
      </trkpt>
      <trkpt lat="56.7893" lon="-5.06704">
        <ele>189.6</ele>
      </trkpt>
      <trkpt lat="56.78921" lon="-5.06668">
        <ele>207.98</ele>
      </trkpt>
      <trkpt lat="56.78927" lon="-5.06652">
        <ele>206.19</ele>
      </trkpt>
      <trkpt lat="56.78937" lon="-5.0665">
        <ele>201.59</ele>
      </trkpt>
      <trkpt lat="56.78943" lon="-5.06658">
        <ele>195.98</ele>
      </trkpt>
      <trkpt lat="56.78964" lon="-5.06696">
        <ele>185.22</ele>
      </trkpt>
      <trkpt lat="56.78995" lon="-5.06729">
        <ele>175.04</ele>
      </trkpt>
      <trkpt lat="56.78998" lon="-5.06734">
        <ele>175.16</ele>
      </trkpt>
      <trkpt lat="56.79047" lon="-5.06756">
        <ele>164.45</ele>
      </trkpt>
      <trkpt lat="56.79062" lon="-5.06775">
        <ele>165.5</ele>
      </trkpt>
      <trkpt lat="56.79078" lon="-5.06808">
        <ele>170.26</ele>
      </trkpt>
      <trkpt lat="56.7911" lon="-5.06838">
        <ele>159.34</ele>
      </trkpt>
      <trkpt lat="56.79151" lon="-5.06866">
        <ele>152.65</ele>
      </trkpt>
      <trkpt lat="56.79162" lon="-5.06883">
        <ele>153.97</ele>
      </trkpt>
      <trkpt lat="56.79194" lon="-5.06953">
        <ele>156.11</ele>
      </trkpt>
      <trkpt lat="56.79229" lon="-5.07055">
        <ele>144.57</ele>
      </trkpt>
      <trkpt lat="56.79261" lon="-5.07125">
        <ele>144.59</ele>
      </trkpt>
      <trkpt lat="56.7927" lon="-5.07172">
        <ele>146.07</ele>
      </trkpt>
      <trkpt lat="56.79272" lon="-5.07263">
        <ele>133.26</ele>
      </trkpt>
      <trkpt lat="56.79277" lon="-5.07359">
        <ele>119.2</ele>
      </trkpt>
      <trkpt lat="56.79307" lon="-5.07392">
        <ele>120.6</ele>
      </trkpt>
      <trkpt lat="56.79326" lon="-5.07422">
        <ele>123.02</ele>
      </trkpt>
      <trkpt lat="56.79345" lon="-5.0747">
        <ele>123.59</ele>
      </trkpt>
      <trkpt lat="56.79392" lon="-5.07558">
        <ele>128.2</ele>
      </trkpt>
      <trkpt lat="56.79403" lon="-5.07582">
        <ele>130.99</ele>
      </trkpt>
      <trkpt lat="56.7941" lon="-5.07592">
        <ele>131.66</ele>
      </trkpt>
      <trkpt lat="56.79431" lon="-5.076">
        <ele>123.85</ele>
      </trkpt>
      <trkpt lat="56.79545" lon="-5.07661">
        <ele>115.04</ele>
      </trkpt>
      <trkpt lat="56.79628" lon="-5.07709">
        <ele>120.13</ele>
      </trkpt>
      <trkpt lat="56.79694" lon="-5.07754">
        <ele>125.94</ele>
      </trkpt>
      <trkpt lat="56.79774" lon="-5.07795">
        <ele>110.2</ele>
      </trkpt>
      <trkpt lat="56.79817" lon="-5.07808">
        <ele>100.7</ele>
      </trkpt>
      <trkpt lat="56.79849" lon="-5.07815">
        <ele>96.36</ele>
      </trkpt>
      <trkpt lat="56.79893" lon="-5.07812">
        <ele>93.74</ele>
      </trkpt>
      <trkpt lat="56.79933" lon="-5.07826">
        <ele>88.4</ele>
      </trkpt>
      <trkpt lat="56.79993" lon="-5.07861">
        <ele>83.97</ele>
      </trkpt>
      <trkpt lat="56.80018" lon="-5.07858">
        <ele>85.15</ele>
      </trkpt>
      <trkpt lat="56.80071" lon="-5.07864">
        <ele>79.88</ele>
      </trkpt>
      <trkpt lat="56.80112" lon="-5.07867">
        <ele>59.52</ele>
      </trkpt>
      <trkpt lat="56.80131" lon="-5.07881">
        <ele>63.91</ele>
      </trkpt>
      <trkpt lat="56.80153" lon="-5.07896">
        <ele>68.41</ele>
      </trkpt>
      <trkpt lat="56.80222" lon="-5.07899">
        <ele>66.31</ele>
      </trkpt>
      <trkpt lat="56.80246" lon="-5.07908">
        <ele>62.29</ele>
      </trkpt>
      <trkpt lat="56.80262" lon="-5.07921">
        <ele>58.36</ele>
      </trkpt>
      <trkpt lat="56.80299" lon="-5.0797">
        <ele>47.6</ele>
      </trkpt>
      <trkpt lat="56.80312" lon="-5.07974">
        <ele>44.93</ele>
      </trkpt>
      <trkpt lat="56.80386" lon="-5.08107">
        <ele>50.76</ele>
      </trkpt>
      <trkpt lat="56.80408" lon="-5.08135">
        <ele>55.42</ele>
      </trkpt>
      <trkpt lat="56.80434" lon="-5.08154">
        <ele>61.64</ele>
      </trkpt>
      <trkpt lat="56.80481" lon="-5.08162">
        <ele>44.16</ele>
      </trkpt>
      <trkpt lat="56.80525" lon="-5.08191">
        <ele>33.65</ele>
      </trkpt>
      <trkpt lat="56.80545" lon="-5.08207">
        <ele>38.37</ele>
      </trkpt>
      <trkpt lat="56.80601" lon="-5.08231">
        <ele>46.45</ele>
      </trkpt>
      <trkpt lat="56.80639" lon="-5.08268">
        <ele>47.48</ele>
      </trkpt>
      <trkpt lat="56.80694" lon="-5.08314">
        <ele>105.74</ele>
      </trkpt>
      <trkpt lat="56.80718" lon="-5.0831">
        <ele>88.6</ele>
      </trkpt>
      <trkpt lat="56.80737" lon="-5.08297">
        <ele>60.21</ele>
      </trkpt>
      <trkpt lat="56.80776" lon="-5.08282">
        <ele>38.83</ele>
      </trkpt>
      <trkpt lat="56.80788" lon="-5.08261">
        <ele>39.53</ele>
      </trkpt>
      <trkpt lat="56.808" lon="-5.08236">
        <ele>39.69</ele>
      </trkpt>
      <trkpt lat="56.8081" lon="-5.08234">
        <ele>39.88</ele>
      </trkpt>
      <trkpt lat="56.80818" lon="-5.08232">
        <ele>39.0</ele>
      </trkpt>
      <trkpt lat="56.80825" lon="-5.0821">
        <ele>36.41</ele>
      </trkpt>
      <trkpt lat="56.80828" lon="-5.08194">
        <ele>34.56</ele>
      </trkpt>
      <trkpt lat="56.80823" lon="-5.08173">
        <ele>34.34</ele>
      </trkpt>
      <trkpt lat="56.80808" lon="-5.08137">
        <ele>35.64</ele>
      </trkpt>
      <trkpt lat="56.80796" lon="-5.0813">
        <ele>35.41</ele>
      </trkpt>
      <trkpt lat="56.80791" lon="-5.0811">
        <ele>36.47</ele>
      </trkpt>
      <trkpt lat="56.8079" lon="-5.0808">
        <ele>34.89</ele>
      </trkpt>
      <trkpt lat="56.80797" lon="-5.08058">
        <ele>28.55</ele>
      </trkpt>
      <trkpt lat="56.80802" lon="-5.08034">
        <ele>23.08</ele>
      </trkpt>
      <trkpt lat="56.80806" lon="-5.08021">
        <ele>19.66</ele>
      </trkpt>
      <trkpt lat="56.80809" lon="-5.0801">
        <ele>17.05</ele>
      </trkpt>
      <trkpt lat="56.80815" lon="-5.0799">
        <ele>11.9</ele>
      </trkpt>
      <trkpt lat="56.8082" lon="-5.07958">
        <ele>5.42</ele>
      </trkpt>
      <trkpt lat="56.8082" lon="-5.07942">
        <ele>3.92</ele>
      </trkpt>
      <trkpt lat="56.80821" lon="-5.07881">
        <ele>2.4</ele>
      </trkpt>
      <trkpt lat="56.80821" lon="-5.07865">
        <ele>2.08</ele>
      </trkpt>
      <trkpt lat="56.80821" lon="-5.07865">
        <ele>2.08</ele>
      </trkpt>
      <trkpt lat="56.80821" lon="-5.07773">
        <ele>21.93</ele>
      </trkpt>
      <trkpt lat="56.80823" lon="-5.07757">
        <ele>21.72</ele>
      </trkpt>
      <trkpt lat="56.80824" lon="-5.07753">
        <ele>21.18</ele>
      </trkpt>
      <trkpt lat="56.80841" lon="-5.07755">
        <ele>15.73</ele>
      </trkpt>
      <trkpt lat="56.80854" lon="-5.07755">
        <ele>12.84</ele>
      </trkpt>
      <trkpt lat="56.80867" lon="-5.07753">
        <ele>10.71</ele>
      </trkpt>
      <trkpt lat="56.8091" lon="-5.07744">
        <ele>10.04</ele>
      </trkpt>
      <trkpt lat="56.80943" lon="-5.07734">
        <ele>8.67</ele>
      </trkpt>
      <trkpt lat="56.80972" lon="-5.07732">
        <ele>13.26</ele>
      </trkpt>
      <trkpt lat="56.81005" lon="-5.07739">
        <ele>12.53</ele>
      </trkpt>
      <trkpt lat="56.81039" lon="-5.07746">
        <ele>11.21</ele>
      </trkpt>
      <trkpt lat="56.81074" lon="-5.07757">
        <ele>7.42</ele>
      </trkpt>
      <trkpt lat="56.81106" lon="-5.0777">
        <ele>8.73</ele>
      </trkpt>
      <trkpt lat="56.81106" lon="-5.0777">
        <ele>8.73</ele>
      </trkpt>
      <trkpt lat="56.81123" lon="-5.07777">
        <ele>11.56</ele>
      </trkpt>
      <trkpt lat="56.81132" lon="-5.07779">
        <ele>13.6</ele>
      </trkpt>
      <trkpt lat="56.8115" lon="-5.07779">
        <ele>15.07</ele>
      </trkpt>
      <trkpt lat="56.81174" lon="-5.07773">
        <ele>15.79</ele>
      </trkpt>
      <trkpt lat="56.81182" lon="-5.07772">
        <ele>16.54</ele>
      </trkpt>
      <trkpt lat="56.81191" lon="-5.0777">
        <ele>17.52</ele>
      </trkpt>
      <trkpt lat="56.81213" lon="-5.07771">
        <ele>16.4</ele>
      </trkpt>
      <trkpt lat="56.81227" lon="-5.07775">
        <ele>15.28</ele>
      </trkpt>
      <trkpt lat="56.81232" lon="-5.07776">
        <ele>15.17</ele>
      </trkpt>
      <trkpt lat="56.81263" lon="-5.07784">
        <ele>10.26</ele>
      </trkpt>
      <trkpt lat="56.81282" lon="-5.0779">
        <ele>6.69</ele>
      </trkpt>
      <trkpt lat="56.81299" lon="-5.07785">
        <ele>8.33</ele>
      </trkpt>
      <trkpt lat="56.81302" lon="-5.07783">
        <ele>8.64</ele>
      </trkpt>
      <trkpt lat="56.81302" lon="-5.07783">
        <ele>8.64</ele>
      </trkpt>
      <trkpt lat="56.81302" lon="-5.07783">
        <ele>8.64</ele>
      </trkpt>
      <trkpt lat="56.81321" lon="-5.07769">
        <ele>11.42</ele>
      </trkpt>
      <trkpt lat="56.8133" lon="-5.0776">
        <ele>11.55</ele>
      </trkpt>
      <trkpt lat="56.81356" lon="-5.07726">
        <ele>6.54</ele>
      </trkpt>
      <trkpt lat="56.81379" lon="-5.07704">
        <ele>14.38</ele>
      </trkpt>
      <trkpt lat="56.81396" lon="-5.07691">
        <ele>17.85</ele>
      </trkpt>
      <trkpt lat="56.81422" lon="-5.07677">
        <ele>17.59</ele>
      </trkpt>
      <trkpt lat="56.81468" lon="-5.07663">
        <ele>12.02</ele>
      </trkpt>
      <trkpt lat="56.81513" lon="-5.07649">
        <ele>9.19</ele>
      </trkpt>
      <trkpt lat="56.81533" lon="-5.07649">
        <ele>7.0</ele>
      </trkpt>
      <trkpt lat="56.81537" lon="-5.07649">
        <ele>7.15</ele>
      </trkpt>
      <trkpt lat="56.81554" lon="-5.07658">
        <ele>5.82</ele>
      </trkpt>
      <trkpt lat="56.81567" lon="-5.0767">
        <ele>3.98</ele>
      </trkpt>
      <trkpt lat="56.81577" lon="-5.07683">
        <ele>4.32</ele>
      </trkpt>
      <trkpt lat="56.81605" lon="-5.07742">
        <ele>5.25</ele>
      </trkpt>
      <trkpt lat="56.81621" lon="-5.07777">
        <ele>3.84</ele>
      </trkpt>
      <trkpt lat="56.81621" lon="-5.07777">
        <ele>3.84</ele>
      </trkpt>
      <trkpt lat="56.8163" lon="-5.07795">
        <ele>5.57</ele>
      </trkpt>
      <trkpt lat="56.8165" lon="-5.07829">
        <ele>5.45</ele>
      </trkpt>
      <trkpt lat="56.81697" lon="-5.07904">
        <ele>11.13</ele>
      </trkpt>
      <trkpt lat="56.81718" lon="-5.07928">
        <ele>12.47</ele>
      </trkpt>
      <trkpt lat="56.8173" lon="-5.07939">
        <ele>11.79</ele>
      </trkpt>
      <trkpt lat="56.81744" lon="-5.07949">
        <ele>10.45</ele>
      </trkpt>
      <trkpt lat="56.81769" lon="-5.07961">
        <ele>8.25</ele>
      </trkpt>
      <trkpt lat="56.81796" lon="-5.07972">
        <ele>5.37</ele>
      </trkpt>
      <trkpt lat="56.81822" lon="-5.07989">
        <ele>7.12</ele>
      </trkpt>
      <trkpt lat="56.81836" lon="-5.07999">
        <ele>9.0</ele>
      </trkpt>
      <trkpt lat="56.81867" lon="-5.08018">
        <ele>8.34</ele>
      </trkpt>
      <trkpt lat="56.81886" lon="-5.08025">
        <ele>9.89</ele>
      </trkpt>
      <trkpt lat="56.8191" lon="-5.08032">
        <ele>7.31</ele>
      </trkpt>
      <trkpt lat="56.81913" lon="-5.08032">
        <ele>7.03</ele>
      </trkpt>
      <trkpt lat="56.81913" lon="-5.08032">
        <ele>7.03</ele>
      </trkpt>
      <trkpt lat="56.81951" lon="-5.08038">
        <ele>14.23</ele>
      </trkpt>
      <trkpt lat="56.81968" lon="-5.08043">
        <ele>11.1</ele>
      </trkpt>
      <trkpt lat="56.81977" lon="-5.08049">
        <ele>10.12</ele>
      </trkpt>
      <trkpt lat="56.81984" lon="-5.08055">
        <ele>9.29</ele>
      </trkpt>
      <trkpt lat="56.81999" lon="-5.08083">
        <ele>8.17</ele>
      </trkpt>
      <trkpt lat="56.82013" lon="-5.08106">
        <ele>5.23</ele>
      </trkpt>
      <trkpt lat="56.82022" lon="-5.08131">
        <ele>4.99</ele>
      </trkpt>
      <trkpt lat="56.82031" lon="-5.08158">
        <ele>6.48</ele>
      </trkpt>
      <trkpt lat="56.82052" lon="-5.08199">
        <ele>4.71</ele>
      </trkpt>
      <trkpt lat="56.82061" lon="-5.08225">
        <ele>3.26</ele>
      </trkpt>
      <trkpt lat="56.82067" lon="-5.08252">
        <ele>5.32</ele>
      </trkpt>
      <trkpt lat="56.82071" lon="-5.08285">
        <ele>7.26</ele>
      </trkpt>
      <trkpt lat="56.82071" lon="-5.08287">
        <ele>7.37</ele>
      </trkpt>
      <trkpt lat="56.82071" lon="-5.08287">
        <ele>7.37</ele>
      </trkpt>
      <trkpt lat="56.8207" lon="-5.08302">
        <ele>8.25</ele>
      </trkpt>
      <trkpt lat="56.82067" lon="-5.08352">
        <ele>11.7</ele>
      </trkpt>
      <trkpt lat="56.82066" lon="-5.0839">
        <ele>14.92</ele>
      </trkpt>
      <trkpt lat="56.82069" lon="-5.08433">
        <ele>16.62</ele>
      </trkpt>
      <trkpt lat="56.82073" lon="-5.08477">
        <ele>19.91</ele>
      </trkpt>
      <trkpt lat="56.82079" lon="-5.08525">
        <ele>13.25</ele>
      </trkpt>
      <trkpt lat="56.8209" lon="-5.08583">
        <ele>10.58</ele>
      </trkpt>
      <trkpt lat="56.82106" lon="-5.08683">
        <ele>6.24</ele>
      </trkpt>
      <trkpt lat="56.8211" lon="-5.08736">
        <ele>7.33</ele>
      </trkpt>
      <trkpt lat="56.82113" lon="-5.08792">
        <ele>9.66</ele>
      </trkpt>
      <trkpt lat="56.82111" lon="-5.08888">
        <ele>13.05</ele>
      </trkpt>
      <trkpt lat="56.82121" lon="-5.0898">
        <ele>11.4</ele>
      </trkpt>
      <trkpt lat="56.82121" lon="-5.0899">
        <ele>10.81</ele>
      </trkpt>
      <trkpt lat="56.82124" lon="-5.0902">
        <ele>8.96</ele>
      </trkpt>
      <trkpt lat="56.82135" lon="-5.09115">
        <ele>8.1</ele>
      </trkpt>
      <trkpt lat="56.82136" lon="-5.09156">
        <ele>8.34</ele>
      </trkpt>
      <trkpt lat="56.82136" lon="-5.09198">
        <ele>10.38</ele>
      </trkpt>
      <trkpt lat="56.82138" lon="-5.09269">
        <ele>9.44</ele>
      </trkpt>
      <trkpt lat="56.8214" lon="-5.09353">
        <ele>5.12</ele>
      </trkpt>
      <trkpt lat="56.8214" lon="-5.09365">
        <ele>6.09</ele>
      </trkpt>
      <trkpt lat="56.82136" lon="-5.09388">
        <ele>8.01</ele>
      </trkpt>
      <trkpt lat="56.82136" lon="-5.09411">
        <ele>8.04</ele>
      </trkpt>
      <trkpt lat="56.82134" lon="-5.09424">
        <ele>8.64</ele>
      </trkpt>
      <trkpt lat="56.82131" lon="-5.09429">
        <ele>9.77</ele>
      </trkpt>
      <trkpt lat="56.82131" lon="-5.09433">
        <ele>9.75</ele>
      </trkpt>
      <trkpt lat="56.82133" lon="-5.09443">
        <ele>8.77</ele>
      </trkpt>
      <trkpt lat="56.82143" lon="-5.09475">
        <ele>2.64</ele>
      </trkpt>
      <trkpt lat="56.82145" lon="-5.09481">
        <ele>3.29</ele>
      </trkpt>
      <trkpt lat="56.82145" lon="-5.09481">
        <ele>3.29</ele>
      </trkpt>
      <trkpt lat="56.82151" lon="-5.0951">
        <ele>5.67</ele>
      </trkpt>
      <trkpt lat="56.82157" lon="-5.09545">
        <ele>8.36</ele>
      </trkpt>
      <trkpt lat="56.82161" lon="-5.09576">
        <ele>9.05</ele>
      </trkpt>
      <trkpt lat="56.82165" lon="-5.096">
        <ele>6.76</ele>
      </trkpt>
      <trkpt lat="56.82175" lon="-5.09663">
        <ele>6.41</ele>
      </trkpt>
      <trkpt lat="56.82176" lon="-5.09678">
        <ele>5.66</ele>
      </trkpt>
      <trkpt lat="56.82176" lon="-5.09709">
        <ele>2.75</ele>
      </trkpt>
      <trkpt lat="56.82174" lon="-5.09722">
        <ele>0.82</ele>
      </trkpt>
      <trkpt lat="56.82152" lon="-5.098">
        <ele>3.58</ele>
      </trkpt>
      <trkpt lat="56.82131" lon="-5.09877">
        <ele>12.16</ele>
      </trkpt>
      <trkpt lat="56.82109" lon="-5.09955">
        <ele>3.7</ele>
      </trkpt>
      <trkpt lat="56.82087" lon="-5.10033">
        <ele>14.36</ele>
      </trkpt>
      <trkpt lat="56.82065" lon="-5.10111">
        <ele>19.97</ele>
      </trkpt>
      <trkpt lat="56.82044" lon="-5.10188">
        <ele>18.63</ele>
      </trkpt>
      <trkpt lat="56.82022" lon="-5.10266">
        <ele>12.58</ele>
      </trkpt>
      <trkpt lat="56.82011" lon="-5.10313">
        <ele>17.22</ele>
      </trkpt>
      <trkpt lat="56.82003" lon="-5.10341">
        <ele>17.34</ele>
      </trkpt>
      <trkpt lat="56.81992" lon="-5.10382">
        <ele>13.27</ele>
      </trkpt>
      <trkpt lat="56.81982" lon="-5.10429">
        <ele>15.05</ele>
      </trkpt>
      <trkpt lat="56.81971" lon="-5.10494">
        <ele>10.35</ele>
      </trkpt>
      <trkpt lat="56.81971" lon="-5.10543">
        <ele>12.5</ele>
      </trkpt>
      <trkpt lat="56.81956" lon="-5.10583">
        <ele>14.49</ele>
      </trkpt>
      <trkpt lat="56.81952" lon="-5.10611">
        <ele>10.66</ele>
      </trkpt>
      <trkpt lat="56.8196" lon="-5.10688">
        <ele>5.42</ele>
      </trkpt>
      <trkpt lat="56.81958" lon="-5.10708">
        <ele>5.27</ele>
      </trkpt>
      <trkpt lat="56.81946" lon="-5.10758">
        <ele>9.7</ele>
      </trkpt>
      <trkpt lat="56.81932" lon="-5.10823">
        <ele>20.6</ele>
      </trkpt>
      <trkpt lat="56.81921" lon="-5.1087">
        <ele>14.15</ele>
      </trkpt>
      <trkpt lat="56.8192" lon="-5.10883">
        <ele>13.17</ele>
      </trkpt>
      <trkpt lat="56.81921" lon="-5.10898">
        <ele>10.51</ele>
      </trkpt>
      <trkpt lat="56.8191" lon="-5.10917">
        <ele>9.37</ele>
      </trkpt>
      <trkpt lat="56.8189" lon="-5.10951">
        <ele>8.31</ele>
      </trkpt>
      <trkpt lat="56.81885" lon="-5.1096">
        <ele>5.48</ele>
      </trkpt>
      <trkpt lat="56.8188" lon="-5.10964">
        <ele>4.76</ele>
      </trkpt>
      <trkpt lat="56.81878" lon="-5.10969">
        <ele>3.19</ele>
      </trkpt>
      <trkpt lat="56.8187" lon="-5.10985">
        <ele>4.14</ele>
      </trkpt>
      <trkpt lat="56.81863" lon="-5.10996">
        <ele>4.95</ele>
      </trkpt>
      <trkpt lat="56.81832" lon="-5.11049">
        <ele>8.12</ele>
      </trkpt>
      <trkpt lat="56.81809" lon="-5.1109">
        <ele>6.97</ele>
      </trkpt>
      <trkpt lat="56.81802" lon="-5.11101">
        <ele>7.38</ele>
      </trkpt>
      <trkpt lat="56.81787" lon="-5.11129">
        <ele>5.04</ele>
      </trkpt>
      <trkpt lat="56.81784" lon="-5.11135">
        <ele>4.5</ele>
      </trkpt>
      <trkpt lat="56.81743" lon="-5.1121">
        <ele>4.44</ele>
      </trkpt>
      <trkpt lat="56.81698" lon="-5.11289">
        <ele>7.8</ele>
      </trkpt>
      <trkpt lat="56.8168" lon="-5.11322">
        <ele>9.39</ele>
      </trkpt>
      <trkpt lat="56.81642" lon="-5.11392">
        <ele>8.67</ele>
      </trkpt>
    </trkseg>
  </trk>
</gpx>
