<?xml version="1.0"?>
<gpx xmlns="http://www.topografix.com/GPX/1/1" xmlns:xsi="http://www.w3.org/2001/XMLSchema-instance" version="1.1" creator="AllTrails.com" xsi:schemaLocation="http://www.topografix.com/GPX/1/1 http://www.topografix.com/GPX/1/1/gpx.xsd">
  <metadata>
    <name><![CDATA[Torres del Paine “W” Trek]]></name>
    <desc><![CDATA[]]></desc>
    <link href="http://www.alltrails.com">
      <text>AllTrails, LLC</text>
    </link>
    <bounds minlat="-51.07369" minlon="-73.18248" maxlat="-50.94142" maxlon="-72.86278"/>
  </metadata>
  <wpt lat="-50.95724" lon="-72.91059">
    <name><![CDATA[Refugio Chileno]]></name>
    <desc><![CDATA[]]></desc>
  </wpt>
  <wpt lat="-50.94171" lon="-72.93583">
    <name><![CDATA[Campamento Torres]]></name>
    <desc><![CDATA[]]></desc>
  </wpt>
  <wpt lat="-51.02407" lon="-72.98628">
    <name><![CDATA[Camping Los Cuernos]]></name>
    <desc><![CDATA[]]></desc>
  </wpt>
  <wpt lat="-51.02602" lon="-73.02734">
    <name><![CDATA[Campamento Francés]]></name>
    <desc><![CDATA[]]></desc>
  </wpt>
  <wpt lat="-51.02631" lon="-73.04032">
    <name><![CDATA[Campamento Italiano]]></name>
    <desc><![CDATA[]]></desc>
  </wpt>
  <wpt lat="-51.01996" lon="-73.04528">
    <name><![CDATA[Mirador del Glaciar Francés]]></name>
    <desc><![CDATA[]]></desc>
  </wpt>
  <wpt lat="-51.00837" lon="-73.05326">
    <name><![CDATA[Valle del Francés]]></name>
    <desc><![CDATA[]]></desc>
  </wpt>
  <wpt lat="-50.98267" lon="-73.05375">
    <name><![CDATA[Mirador Británico]]></name>
    <desc><![CDATA[]]></desc>
  </wpt>
  <wpt lat="-51.07189" lon="-73.09486">
    <name><![CDATA[Campamento Paine Grande]]></name>
    <desc><![CDATA[]]></desc>
  </wpt>
  <wpt lat="-51.04008" lon="-73.14718">
    <name><![CDATA[Mirador Lago Grey]]></name>
    <desc><![CDATA[]]></desc>
  </wpt>
  <wpt lat="-51.00672" lon="-73.17626">
    <name><![CDATA[Camping Grey]]></name>
    <desc><![CDATA[]]></desc>
  </wpt>
  <wpt lat="-51.00216" lon="-73.18263">
    <name><![CDATA[Mirador Grey]]></name>
    <desc><![CDATA[]]></desc>
  </wpt>
  <trk>
    <name><![CDATA[Torres del Paine “W” Trek]]></name>
    <src>AllTrails</src>
    <trkseg>
      <trkpt lat="-50.96501" lon="-72.86278">
        <ele>125.06</ele>
      </trkpt>
      <trkpt lat="-50.96499" lon="-72.86283">
        <ele>124.96</ele>
      </trkpt>
      <trkpt lat="-50.96513" lon="-72.86329">
        <ele>123.23</ele>
      </trkpt>
      <trkpt lat="-50.96515" lon="-72.86335">
        <ele>122.94</ele>
      </trkpt>
      <trkpt lat="-50.96517" lon="-72.86343">
        <ele>122.57</ele>
      </trkpt>
      <trkpt lat="-50.96521" lon="-72.86349">
        <ele>122.15</ele>
      </trkpt>
      <trkpt lat="-50.96541" lon="-72.86339">
        <ele>123.92</ele>
      </trkpt>
      <trkpt lat="-50.96547" lon="-72.86335">
        <ele>124.91</ele>
      </trkpt>
      <trkpt lat="-50.96554" lon="-72.86358">
        <ele>123.22</ele>
      </trkpt>
      <trkpt lat="-50.96561" lon="-72.86373">
        <ele>121.63</ele>
      </trkpt>
      <trkpt lat="-50.96566" lon="-72.86385">
        <ele>121.23</ele>
      </trkpt>
      <trkpt lat="-50.96585" lon="-72.86429">
        <ele>120.46</ele>
      </trkpt>
      <trkpt lat="-50.96598" lon="-72.86476">
        <ele>118.68</ele>
      </trkpt>
      <trkpt lat="-50.96608" lon="-72.86503">
        <ele>120.19</ele>
      </trkpt>
      <trkpt lat="-50.96616" lon="-72.86539">
        <ele>122.48</ele>
      </trkpt>
      <trkpt lat="-50.96623" lon="-72.8657">
        <ele>123.13</ele>
      </trkpt>
      <trkpt lat="-50.96631" lon="-72.86587">
        <ele>121.46</ele>
      </trkpt>
      <trkpt lat="-50.96646" lon="-72.86605">
        <ele>121.19</ele>
      </trkpt>
      <trkpt lat="-50.9665" lon="-72.86616">
        <ele>121.6</ele>
      </trkpt>
      <trkpt lat="-50.96654" lon="-72.8662">
        <ele>122.18</ele>
      </trkpt>
      <trkpt lat="-50.9666" lon="-72.86623">
        <ele>123.04</ele>
      </trkpt>
      <trkpt lat="-50.96664" lon="-72.86627">
        <ele>123.62</ele>
      </trkpt>
      <trkpt lat="-50.96672" lon="-72.86638">
        <ele>123.99</ele>
      </trkpt>
      <trkpt lat="-50.9668" lon="-72.8666">
        <ele>123.6</ele>
      </trkpt>
      <trkpt lat="-50.96682" lon="-72.86676">
        <ele>123.74</ele>
      </trkpt>
      <trkpt lat="-50.96684" lon="-72.86678">
        <ele>123.88</ele>
      </trkpt>
      <trkpt lat="-50.96684" lon="-72.86677">
        <ele>123.86</ele>
      </trkpt>
      <trkpt lat="-50.96687" lon="-72.86681">
        <ele>124.11</ele>
      </trkpt>
      <trkpt lat="-50.96693" lon="-72.86683">
        <ele>124.51</ele>
      </trkpt>
      <trkpt lat="-50.96702" lon="-72.86684">
        <ele>123.2</ele>
      </trkpt>
      <trkpt lat="-50.96708" lon="-72.86687">
        <ele>122.07</ele>
      </trkpt>
      <trkpt lat="-50.96716" lon="-72.86694">
        <ele>120.35</ele>
      </trkpt>
      <trkpt lat="-50.96722" lon="-72.86697">
        <ele>118.86</ele>
      </trkpt>
      <trkpt lat="-50.96728" lon="-72.86707">
        <ele>117.7</ele>
      </trkpt>
      <trkpt lat="-50.96734" lon="-72.8671">
        <ele>116.98</ele>
      </trkpt>
      <trkpt lat="-50.96743" lon="-72.86716">
        <ele>115.54</ele>
      </trkpt>
      <trkpt lat="-50.96753" lon="-72.86718">
        <ele>114.93</ele>
      </trkpt>
      <trkpt lat="-50.96754" lon="-72.86726">
        <ele>114.3</ele>
      </trkpt>
      <trkpt lat="-50.96757" lon="-72.86742">
        <ele>114.04</ele>
      </trkpt>
      <trkpt lat="-50.96764" lon="-72.86752">
        <ele>114.66</ele>
      </trkpt>
      <trkpt lat="-50.96773" lon="-72.86761">
        <ele>116.02</ele>
      </trkpt>
      <trkpt lat="-50.96777" lon="-72.86767">
        <ele>116.56</ele>
      </trkpt>
      <trkpt lat="-50.96779" lon="-72.86773">
        <ele>116.97</ele>
      </trkpt>
      <trkpt lat="-50.96783" lon="-72.8678">
        <ele>117.8</ele>
      </trkpt>
      <trkpt lat="-50.96789" lon="-72.86785">
        <ele>118.99</ele>
      </trkpt>
      <trkpt lat="-50.96791" lon="-72.86789">
        <ele>119.64</ele>
      </trkpt>
      <trkpt lat="-50.96798" lon="-72.86792">
        <ele>120.72</ele>
      </trkpt>
      <trkpt lat="-50.96805" lon="-72.86797">
        <ele>122.02</ele>
      </trkpt>
      <trkpt lat="-50.96811" lon="-72.86799">
        <ele>122.67</ele>
      </trkpt>
      <trkpt lat="-50.9682" lon="-72.86806">
        <ele>123.55</ele>
      </trkpt>
      <trkpt lat="-50.96827" lon="-72.86817">
        <ele>124.37</ele>
      </trkpt>
      <trkpt lat="-50.96832" lon="-72.86821">
        <ele>124.56</ele>
      </trkpt>
      <trkpt lat="-50.96837" lon="-72.86826">
        <ele>124.14</ele>
      </trkpt>
      <trkpt lat="-50.9684" lon="-72.86831">
        <ele>123.92</ele>
      </trkpt>
      <trkpt lat="-50.96845" lon="-72.86839">
        <ele>123.73</ele>
      </trkpt>
      <trkpt lat="-50.9685" lon="-72.86846">
        <ele>123.51</ele>
      </trkpt>
      <trkpt lat="-50.96859" lon="-72.86859">
        <ele>123.15</ele>
      </trkpt>
      <trkpt lat="-50.96893" lon="-72.86889">
        <ele>121.56</ele>
      </trkpt>
      <trkpt lat="-50.96893" lon="-72.86889">
        <ele>121.56</ele>
      </trkpt>
      <trkpt lat="-50.96897" lon="-72.86893">
        <ele>121.17</ele>
      </trkpt>
      <trkpt lat="-50.96894" lon="-72.86905">
        <ele>121.55</ele>
      </trkpt>
      <trkpt lat="-50.96891" lon="-72.86919">
        <ele>121.75</ele>
      </trkpt>
      <trkpt lat="-50.96879" lon="-72.86956">
        <ele>119.96</ele>
      </trkpt>
      <trkpt lat="-50.96884" lon="-72.86966">
        <ele>119.41</ele>
      </trkpt>
      <trkpt lat="-50.96889" lon="-72.86981">
        <ele>118.67</ele>
      </trkpt>
      <trkpt lat="-50.96894" lon="-72.86988">
        <ele>117.78</ele>
      </trkpt>
      <trkpt lat="-50.96894" lon="-72.86988">
        <ele>117.78</ele>
      </trkpt>
      <trkpt lat="-50.96903" lon="-72.86994">
        <ele>116.29</ele>
      </trkpt>
      <trkpt lat="-50.96907" lon="-72.86997">
        <ele>115.57</ele>
      </trkpt>
      <trkpt lat="-50.96915" lon="-72.87003">
        <ele>114.15</ele>
      </trkpt>
      <trkpt lat="-50.9692" lon="-72.87007">
        <ele>113.48</ele>
      </trkpt>
      <trkpt lat="-50.96929" lon="-72.87011">
        <ele>112.54</ele>
      </trkpt>
      <trkpt lat="-50.96939" lon="-72.87015">
        <ele>111.42</ele>
      </trkpt>
      <trkpt lat="-50.96946" lon="-72.87016">
        <ele>110.86</ele>
      </trkpt>
      <trkpt lat="-50.96952" lon="-72.87022">
        <ele>110.57</ele>
      </trkpt>
      <trkpt lat="-50.96959" lon="-72.87027">
        <ele>110.55</ele>
      </trkpt>
      <trkpt lat="-50.96964" lon="-72.87033">
        <ele>111.29</ele>
      </trkpt>
      <trkpt lat="-50.9697" lon="-72.87038">
        <ele>112.3</ele>
      </trkpt>
      <trkpt lat="-50.96981" lon="-72.87042">
        <ele>113.52</ele>
      </trkpt>
      <trkpt lat="-50.96983" lon="-72.87043">
        <ele>113.76</ele>
      </trkpt>
      <trkpt lat="-50.96983" lon="-72.87043">
        <ele>113.76</ele>
      </trkpt>
      <trkpt lat="-50.96985" lon="-72.87045">
        <ele>114.11</ele>
      </trkpt>
      <trkpt lat="-50.96995" lon="-72.87056">
        <ele>115.8</ele>
      </trkpt>
      <trkpt lat="-50.97002" lon="-72.87064">
        <ele>115.6</ele>
      </trkpt>
      <trkpt lat="-50.97011" lon="-72.87072">
        <ele>114.78</ele>
      </trkpt>
      <trkpt lat="-50.97018" lon="-72.87078">
        <ele>114.02</ele>
      </trkpt>
      <trkpt lat="-50.97027" lon="-72.87086">
        <ele>113.06</ele>
      </trkpt>
      <trkpt lat="-50.97039" lon="-72.87096">
        <ele>111.42</ele>
      </trkpt>
      <trkpt lat="-50.97046" lon="-72.8711">
        <ele>109.77</ele>
      </trkpt>
      <trkpt lat="-50.97051" lon="-72.8712">
        <ele>108.6</ele>
      </trkpt>
      <trkpt lat="-50.97054" lon="-72.87135">
        <ele>107.52</ele>
      </trkpt>
      <trkpt lat="-50.97063" lon="-72.87143">
        <ele>106.04</ele>
      </trkpt>
      <trkpt lat="-50.97077" lon="-72.87157">
        <ele>104.06</ele>
      </trkpt>
      <trkpt lat="-50.97083" lon="-72.87166">
        <ele>103.06</ele>
      </trkpt>
      <trkpt lat="-50.97091" lon="-72.87171">
        <ele>103.27</ele>
      </trkpt>
      <trkpt lat="-50.971" lon="-72.87179">
        <ele>103.62</ele>
      </trkpt>
      <trkpt lat="-50.97106" lon="-72.87182">
        <ele>103.65</ele>
      </trkpt>
      <trkpt lat="-50.97117" lon="-72.87187">
        <ele>104.04</ele>
      </trkpt>
      <trkpt lat="-50.97124" lon="-72.87192">
        <ele>104.76</ele>
      </trkpt>
      <trkpt lat="-50.97133" lon="-72.872">
        <ele>105.62</ele>
      </trkpt>
      <trkpt lat="-50.97139" lon="-72.87207">
        <ele>106.01</ele>
      </trkpt>
      <trkpt lat="-50.97151" lon="-72.87211">
        <ele>107.31</ele>
      </trkpt>
      <trkpt lat="-50.97157" lon="-72.87217">
        <ele>107.96</ele>
      </trkpt>
      <trkpt lat="-50.97167" lon="-72.87227">
        <ele>108.83</ele>
      </trkpt>
      <trkpt lat="-50.97177" lon="-72.8724">
        <ele>108.36</ele>
      </trkpt>
      <trkpt lat="-50.97188" lon="-72.8725">
        <ele>108.0</ele>
      </trkpt>
      <trkpt lat="-50.97195" lon="-72.87255">
        <ele>108.67</ele>
      </trkpt>
      <trkpt lat="-50.97202" lon="-72.87259">
        <ele>108.4</ele>
      </trkpt>
      <trkpt lat="-50.97206" lon="-72.87263">
        <ele>108.26</ele>
      </trkpt>
      <trkpt lat="-50.97209" lon="-72.87267">
        <ele>108.12</ele>
      </trkpt>
      <trkpt lat="-50.97215" lon="-72.87272">
        <ele>107.34</ele>
      </trkpt>
      <trkpt lat="-50.97221" lon="-72.87275">
        <ele>106.25</ele>
      </trkpt>
      <trkpt lat="-50.97228" lon="-72.8728">
        <ele>106.27</ele>
      </trkpt>
      <trkpt lat="-50.97236" lon="-72.87283">
        <ele>106.59</ele>
      </trkpt>
      <trkpt lat="-50.97248" lon="-72.87289">
        <ele>106.96</ele>
      </trkpt>
      <trkpt lat="-50.97254" lon="-72.87294">
        <ele>107.58</ele>
      </trkpt>
      <trkpt lat="-50.97256" lon="-72.87299">
        <ele>107.86</ele>
      </trkpt>
      <trkpt lat="-50.97271" lon="-72.87304">
        <ele>110.02</ele>
      </trkpt>
      <trkpt lat="-50.97276" lon="-72.87309">
        <ele>110.77</ele>
      </trkpt>
      <trkpt lat="-50.97285" lon="-72.87316">
        <ele>110.74</ele>
      </trkpt>
      <trkpt lat="-50.97295" lon="-72.8732">
        <ele>110.38</ele>
      </trkpt>
      <trkpt lat="-50.97299" lon="-72.87324">
        <ele>110.24</ele>
      </trkpt>
      <trkpt lat="-50.97315" lon="-72.87333">
        <ele>110.68</ele>
      </trkpt>
      <trkpt lat="-50.97319" lon="-72.87338">
        <ele>111.48</ele>
      </trkpt>
      <trkpt lat="-50.97322" lon="-72.87344">
        <ele>112.27</ele>
      </trkpt>
      <trkpt lat="-50.97324" lon="-72.8735">
        <ele>112.93</ele>
      </trkpt>
      <trkpt lat="-50.97324" lon="-72.8735">
        <ele>112.93</ele>
      </trkpt>
      <trkpt lat="-50.97342" lon="-72.87373">
        <ele>114.29</ele>
      </trkpt>
      <trkpt lat="-50.97347" lon="-72.87378">
        <ele>114.31</ele>
      </trkpt>
      <trkpt lat="-50.97357" lon="-72.87391">
        <ele>114.25</ele>
      </trkpt>
      <trkpt lat="-50.97361" lon="-72.87402">
        <ele>114.48</ele>
      </trkpt>
      <trkpt lat="-50.97363" lon="-72.87407">
        <ele>114.47</ele>
      </trkpt>
      <trkpt lat="-50.97376" lon="-72.87419">
        <ele>113.64</ele>
      </trkpt>
      <trkpt lat="-50.97382" lon="-72.87426">
        <ele>113.75</ele>
      </trkpt>
      <trkpt lat="-50.97385" lon="-72.87432">
        <ele>114.08</ele>
      </trkpt>
      <trkpt lat="-50.97385" lon="-72.87432">
        <ele>114.08</ele>
      </trkpt>
      <trkpt lat="-50.97392" lon="-72.87447">
        <ele>114.87</ele>
      </trkpt>
      <trkpt lat="-50.97409" lon="-72.87481">
        <ele>114.84</ele>
      </trkpt>
      <trkpt lat="-50.97425" lon="-72.87506">
        <ele>113.77</ele>
      </trkpt>
      <trkpt lat="-50.97429" lon="-72.87513">
        <ele>113.84</ele>
      </trkpt>
      <trkpt lat="-50.97445" lon="-72.87541">
        <ele>112.41</ele>
      </trkpt>
      <trkpt lat="-50.97466" lon="-72.87569">
        <ele>107.53</ele>
      </trkpt>
      <trkpt lat="-50.9748" lon="-72.87588">
        <ele>107.14</ele>
      </trkpt>
      <trkpt lat="-50.9749" lon="-72.876">
        <ele>109.5</ele>
      </trkpt>
      <trkpt lat="-50.975" lon="-72.87619">
        <ele>113.57</ele>
      </trkpt>
      <trkpt lat="-50.97506" lon="-72.87641">
        <ele>115.15</ele>
      </trkpt>
      <trkpt lat="-50.97512" lon="-72.87659">
        <ele>115.61</ele>
      </trkpt>
      <trkpt lat="-50.97514" lon="-72.87667">
        <ele>115.49</ele>
      </trkpt>
      <trkpt lat="-50.97543" lon="-72.87786">
        <ele>115.65</ele>
      </trkpt>
      <trkpt lat="-50.9755" lon="-72.87809">
        <ele>113.9</ele>
      </trkpt>
      <trkpt lat="-50.97553" lon="-72.87815">
        <ele>113.15</ele>
      </trkpt>
      <trkpt lat="-50.97556" lon="-72.8782">
        <ele>112.38</ele>
      </trkpt>
      <trkpt lat="-50.97558" lon="-72.87827">
        <ele>111.75</ele>
      </trkpt>
      <trkpt lat="-50.97559" lon="-72.87834">
        <ele>111.38</ele>
      </trkpt>
      <trkpt lat="-50.97559" lon="-72.87842">
        <ele>111.42</ele>
      </trkpt>
      <trkpt lat="-50.9756" lon="-72.8785">
        <ele>111.3</ele>
      </trkpt>
      <trkpt lat="-50.97561" lon="-72.87857">
        <ele>111.19</ele>
      </trkpt>
      <trkpt lat="-50.97565" lon="-72.87863">
        <ele>110.73</ele>
      </trkpt>
      <trkpt lat="-50.97568" lon="-72.87868">
        <ele>110.57</ele>
      </trkpt>
      <trkpt lat="-50.9757" lon="-72.87874">
        <ele>110.63</ele>
      </trkpt>
      <trkpt lat="-50.97569" lon="-72.87879">
        <ele>111.02</ele>
      </trkpt>
      <trkpt lat="-50.97564" lon="-72.87915">
        <ele>112.09</ele>
      </trkpt>
      <trkpt lat="-50.97564" lon="-72.87915">
        <ele>112.09</ele>
      </trkpt>
      <trkpt lat="-50.97563" lon="-72.87956">
        <ele>112.78</ele>
      </trkpt>
      <trkpt lat="-50.97564" lon="-72.87965">
        <ele>113.83</ele>
      </trkpt>
      <trkpt lat="-50.97566" lon="-72.87974">
        <ele>115.29</ele>
      </trkpt>
      <trkpt lat="-50.97568" lon="-72.87984">
        <ele>118.23</ele>
      </trkpt>
      <trkpt lat="-50.97568" lon="-72.87991">
        <ele>120.21</ele>
      </trkpt>
      <trkpt lat="-50.9757" lon="-72.87999">
        <ele>122.14</ele>
      </trkpt>
      <trkpt lat="-50.97571" lon="-72.88006">
        <ele>123.06</ele>
      </trkpt>
      <trkpt lat="-50.97572" lon="-72.88009">
        <ele>123.28</ele>
      </trkpt>
      <trkpt lat="-50.97576" lon="-72.88077">
        <ele>123.24</ele>
      </trkpt>
      <trkpt lat="-50.97576" lon="-72.88077">
        <ele>123.24</ele>
      </trkpt>
      <trkpt lat="-50.97583" lon="-72.88114">
        <ele>120.01</ele>
      </trkpt>
      <trkpt lat="-50.97583" lon="-72.88114">
        <ele>120.01</ele>
      </trkpt>
      <trkpt lat="-50.9759" lon="-72.8814">
        <ele>117.55</ele>
      </trkpt>
      <trkpt lat="-50.9759" lon="-72.8814">
        <ele>117.55</ele>
      </trkpt>
      <trkpt lat="-50.97596" lon="-72.88189">
        <ele>115.81</ele>
      </trkpt>
      <trkpt lat="-50.97596" lon="-72.88189">
        <ele>115.81</ele>
      </trkpt>
      <trkpt lat="-50.97603" lon="-72.88217">
        <ele>114.04</ele>
      </trkpt>
      <trkpt lat="-50.97603" lon="-72.88224">
        <ele>114.04</ele>
      </trkpt>
      <trkpt lat="-50.97605" lon="-72.88231">
        <ele>113.54</ele>
      </trkpt>
      <trkpt lat="-50.97608" lon="-72.88237">
        <ele>112.78</ele>
      </trkpt>
      <trkpt lat="-50.97611" lon="-72.88241">
        <ele>112.03</ele>
      </trkpt>
      <trkpt lat="-50.97615" lon="-72.88245">
        <ele>112.0</ele>
      </trkpt>
      <trkpt lat="-50.97619" lon="-72.8825">
        <ele>112.0</ele>
      </trkpt>
      <trkpt lat="-50.97622" lon="-72.88256">
        <ele>111.58</ele>
      </trkpt>
      <trkpt lat="-50.97623" lon="-72.88263">
        <ele>111.0</ele>
      </trkpt>
      <trkpt lat="-50.97625" lon="-72.88271">
        <ele>110.11</ele>
      </trkpt>
      <trkpt lat="-50.97626" lon="-72.88279">
        <ele>109.56</ele>
      </trkpt>
      <trkpt lat="-50.97627" lon="-72.88286">
        <ele>110.7</ele>
      </trkpt>
      <trkpt lat="-50.97629" lon="-72.88294">
        <ele>111.74</ele>
      </trkpt>
      <trkpt lat="-50.9763" lon="-72.88302">
        <ele>112.93</ele>
      </trkpt>
      <trkpt lat="-50.97631" lon="-72.8831">
        <ele>113.34</ele>
      </trkpt>
      <trkpt lat="-50.97632" lon="-72.88314">
        <ele>112.98</ele>
      </trkpt>
      <trkpt lat="-50.97636" lon="-72.88359">
        <ele>110.56</ele>
      </trkpt>
      <trkpt lat="-50.97636" lon="-72.88359">
        <ele>110.56</ele>
      </trkpt>
      <trkpt lat="-50.97636" lon="-72.88407">
        <ele>114.62</ele>
      </trkpt>
      <trkpt lat="-50.97637" lon="-72.88416">
        <ele>114.76</ele>
      </trkpt>
      <trkpt lat="-50.97638" lon="-72.88424">
        <ele>115.65</ele>
      </trkpt>
      <trkpt lat="-50.97639" lon="-72.88432">
        <ele>116.86</ele>
      </trkpt>
      <trkpt lat="-50.97641" lon="-72.88438">
        <ele>118.16</ele>
      </trkpt>
      <trkpt lat="-50.97643" lon="-72.88446">
        <ele>119.54</ele>
      </trkpt>
      <trkpt lat="-50.97646" lon="-72.88453">
        <ele>119.75</ele>
      </trkpt>
      <trkpt lat="-50.97649" lon="-72.8846">
        <ele>120.07</ele>
      </trkpt>
      <trkpt lat="-50.97652" lon="-72.88466">
        <ele>120.4</ele>
      </trkpt>
      <trkpt lat="-50.97653" lon="-72.8847">
        <ele>120.74</ele>
      </trkpt>
      <trkpt lat="-50.97663" lon="-72.88494">
        <ele>119.79</ele>
      </trkpt>
      <trkpt lat="-50.97666" lon="-72.885">
        <ele>119.12</ele>
      </trkpt>
      <trkpt lat="-50.9767" lon="-72.88503">
        <ele>118.32</ele>
      </trkpt>
      <trkpt lat="-50.97674" lon="-72.88505">
        <ele>117.52</ele>
      </trkpt>
      <trkpt lat="-50.97702" lon="-72.88512">
        <ele>113.42</ele>
      </trkpt>
      <trkpt lat="-50.97706" lon="-72.88515">
        <ele>113.71</ele>
      </trkpt>
      <trkpt lat="-50.9771" lon="-72.88519">
        <ele>114.33</ele>
      </trkpt>
      <trkpt lat="-50.97715" lon="-72.88523">
        <ele>115.02</ele>
      </trkpt>
      <trkpt lat="-50.9772" lon="-72.88526">
        <ele>115.58</ele>
      </trkpt>
      <trkpt lat="-50.97724" lon="-72.88529">
        <ele>115.89</ele>
      </trkpt>
      <trkpt lat="-50.97728" lon="-72.88531">
        <ele>115.64</ele>
      </trkpt>
      <trkpt lat="-50.97733" lon="-72.88534">
        <ele>115.55</ele>
      </trkpt>
      <trkpt lat="-50.97737" lon="-72.88539">
        <ele>116.16</ele>
      </trkpt>
      <trkpt lat="-50.97742" lon="-72.88541">
        <ele>116.27</ele>
      </trkpt>
      <trkpt lat="-50.97747" lon="-72.88541">
        <ele>115.98</ele>
      </trkpt>
      <trkpt lat="-50.97752" lon="-72.88542">
        <ele>116.27</ele>
      </trkpt>
      <trkpt lat="-50.97755" lon="-72.88544">
        <ele>117.08</ele>
      </trkpt>
      <trkpt lat="-50.97778" lon="-72.88554">
        <ele>120.79</ele>
      </trkpt>
      <trkpt lat="-50.97778" lon="-72.88554">
        <ele>120.79</ele>
      </trkpt>
      <trkpt lat="-50.97805" lon="-72.88562">
        <ele>130.75</ele>
      </trkpt>
      <trkpt lat="-50.97805" lon="-72.88562">
        <ele>130.75</ele>
      </trkpt>
      <trkpt lat="-50.97828" lon="-72.88567">
        <ele>128.27</ele>
      </trkpt>
      <trkpt lat="-50.97828" lon="-72.88567">
        <ele>128.27</ele>
      </trkpt>
      <trkpt lat="-50.97841" lon="-72.88571">
        <ele>128.21</ele>
      </trkpt>
      <trkpt lat="-50.97846" lon="-72.88574">
        <ele>128.83</ele>
      </trkpt>
      <trkpt lat="-50.97849" lon="-72.88579">
        <ele>129.98</ele>
      </trkpt>
      <trkpt lat="-50.97847" lon="-72.88585">
        <ele>131.36</ele>
      </trkpt>
      <trkpt lat="-50.97842" lon="-72.88589">
        <ele>132.3</ele>
      </trkpt>
      <trkpt lat="-50.97838" lon="-72.88592">
        <ele>133.08</ele>
      </trkpt>
      <trkpt lat="-50.97834" lon="-72.88597">
        <ele>134.42</ele>
      </trkpt>
      <trkpt lat="-50.9783" lon="-72.88601">
        <ele>135.81</ele>
      </trkpt>
      <trkpt lat="-50.97827" lon="-72.88604">
        <ele>136.89</ele>
      </trkpt>
      <trkpt lat="-50.97819" lon="-72.88632">
        <ele>139.18</ele>
      </trkpt>
      <trkpt lat="-50.97819" lon="-72.88632">
        <ele>139.18</ele>
      </trkpt>
      <trkpt lat="-50.97813" lon="-72.88665">
        <ele>137.61</ele>
      </trkpt>
      <trkpt lat="-50.97812" lon="-72.88673">
        <ele>137.89</ele>
      </trkpt>
      <trkpt lat="-50.97811" lon="-72.88681">
        <ele>138.44</ele>
      </trkpt>
      <trkpt lat="-50.9781" lon="-72.88689">
        <ele>139.03</ele>
      </trkpt>
      <trkpt lat="-50.9781" lon="-72.8869">
        <ele>139.09</ele>
      </trkpt>
      <trkpt lat="-50.978" lon="-72.88733">
        <ele>143.11</ele>
      </trkpt>
      <trkpt lat="-50.97798" lon="-72.88741">
        <ele>143.58</ele>
      </trkpt>
      <trkpt lat="-50.97795" lon="-72.88747">
        <ele>144.07</ele>
      </trkpt>
      <trkpt lat="-50.97793" lon="-72.88753">
        <ele>144.54</ele>
      </trkpt>
      <trkpt lat="-50.9779" lon="-72.8876">
        <ele>145.11</ele>
      </trkpt>
      <trkpt lat="-50.97788" lon="-72.88768">
        <ele>145.44</ele>
      </trkpt>
      <trkpt lat="-50.97786" lon="-72.88775">
        <ele>145.54</ele>
      </trkpt>
      <trkpt lat="-50.97784" lon="-72.88781">
        <ele>145.67</ele>
      </trkpt>
      <trkpt lat="-50.97781" lon="-72.88787">
        <ele>146.04</ele>
      </trkpt>
      <trkpt lat="-50.97778" lon="-72.88793">
        <ele>146.64</ele>
      </trkpt>
      <trkpt lat="-50.97774" lon="-72.88798">
        <ele>147.26</ele>
      </trkpt>
      <trkpt lat="-50.97771" lon="-72.88804">
        <ele>147.86</ele>
      </trkpt>
      <trkpt lat="-50.97771" lon="-72.88804">
        <ele>147.86</ele>
      </trkpt>
      <trkpt lat="-50.97763" lon="-72.88826">
        <ele>149.66</ele>
      </trkpt>
      <trkpt lat="-50.97762" lon="-72.88833">
        <ele>150.51</ele>
      </trkpt>
      <trkpt lat="-50.9776" lon="-72.8884">
        <ele>151.27</ele>
      </trkpt>
      <trkpt lat="-50.97759" lon="-72.88847">
        <ele>151.74</ele>
      </trkpt>
      <trkpt lat="-50.97757" lon="-72.88854">
        <ele>152.54</ele>
      </trkpt>
      <trkpt lat="-50.97756" lon="-72.88862">
        <ele>153.08</ele>
      </trkpt>
      <trkpt lat="-50.97752" lon="-72.88868">
        <ele>154.25</ele>
      </trkpt>
      <trkpt lat="-50.97748" lon="-72.88872">
        <ele>154.86</ele>
      </trkpt>
      <trkpt lat="-50.97747" lon="-72.88873">
        <ele>154.97</ele>
      </trkpt>
      <trkpt lat="-50.97726" lon="-72.889">
        <ele>160.33</ele>
      </trkpt>
      <trkpt lat="-50.97726" lon="-72.889">
        <ele>160.33</ele>
      </trkpt>
      <trkpt lat="-50.9772" lon="-72.8891">
        <ele>162.62</ele>
      </trkpt>
      <trkpt lat="-50.9772" lon="-72.88918">
        <ele>163.41</ele>
      </trkpt>
      <trkpt lat="-50.97718" lon="-72.88925">
        <ele>163.9</ele>
      </trkpt>
      <trkpt lat="-50.97716" lon="-72.88932">
        <ele>164.49</ele>
      </trkpt>
      <trkpt lat="-50.97713" lon="-72.88937">
        <ele>165.39</ele>
      </trkpt>
      <trkpt lat="-50.97709" lon="-72.88943">
        <ele>166.73</ele>
      </trkpt>
      <trkpt lat="-50.97706" lon="-72.88951">
        <ele>168.28</ele>
      </trkpt>
      <trkpt lat="-50.97703" lon="-72.88958">
        <ele>169.85</ele>
      </trkpt>
      <trkpt lat="-50.97702" lon="-72.88962">
        <ele>170.55</ele>
      </trkpt>
      <trkpt lat="-50.9768" lon="-72.89006">
        <ele>179.8</ele>
      </trkpt>
      <trkpt lat="-50.9768" lon="-72.89006">
        <ele>179.8</ele>
      </trkpt>
      <trkpt lat="-50.9766" lon="-72.89028">
        <ele>185.97</ele>
      </trkpt>
      <trkpt lat="-50.9766" lon="-72.89028">
        <ele>185.97</ele>
      </trkpt>
      <trkpt lat="-50.97659" lon="-72.89025">
        <ele>185.93</ele>
      </trkpt>
      <trkpt lat="-50.97654" lon="-72.89029">
        <ele>186.89</ele>
      </trkpt>
      <trkpt lat="-50.97648" lon="-72.89029">
        <ele>187.75</ele>
      </trkpt>
      <trkpt lat="-50.9764" lon="-72.89029">
        <ele>188.89</ele>
      </trkpt>
      <trkpt lat="-50.97635" lon="-72.89033">
        <ele>188.88</ele>
      </trkpt>
      <trkpt lat="-50.97616" lon="-72.8904">
        <ele>187.43</ele>
      </trkpt>
      <trkpt lat="-50.976" lon="-72.89047">
        <ele>187.4</ele>
      </trkpt>
      <trkpt lat="-50.97589" lon="-72.89049">
        <ele>187.8</ele>
      </trkpt>
      <trkpt lat="-50.97583" lon="-72.89052">
        <ele>188.01</ele>
      </trkpt>
      <trkpt lat="-50.97573" lon="-72.89059">
        <ele>188.71</ele>
      </trkpt>
      <trkpt lat="-50.97563" lon="-72.89061">
        <ele>189.41</ele>
      </trkpt>
      <trkpt lat="-50.97545" lon="-72.89059">
        <ele>191.21</ele>
      </trkpt>
      <trkpt lat="-50.97529" lon="-72.89063">
        <ele>193.83</ele>
      </trkpt>
      <trkpt lat="-50.97515" lon="-72.89067">
        <ele>191.73</ele>
      </trkpt>
      <trkpt lat="-50.97515" lon="-72.89067">
        <ele>191.73</ele>
      </trkpt>
      <trkpt lat="-50.97508" lon="-72.89069">
        <ele>190.74</ele>
      </trkpt>
      <trkpt lat="-50.9749" lon="-72.89076">
        <ele>191.57</ele>
      </trkpt>
      <trkpt lat="-50.97458" lon="-72.89088">
        <ele>196.51</ele>
      </trkpt>
      <trkpt lat="-50.97437" lon="-72.89107">
        <ele>200.56</ele>
      </trkpt>
      <trkpt lat="-50.97422" lon="-72.89124">
        <ele>204.25</ele>
      </trkpt>
      <trkpt lat="-50.97382" lon="-72.89164">
        <ele>211.53</ele>
      </trkpt>
      <trkpt lat="-50.97356" lon="-72.89207">
        <ele>217.39</ele>
      </trkpt>
      <trkpt lat="-50.97351" lon="-72.89231">
        <ele>220.6</ele>
      </trkpt>
      <trkpt lat="-50.97352" lon="-72.89247">
        <ele>222.59</ele>
      </trkpt>
      <trkpt lat="-50.97347" lon="-72.89268">
        <ele>226.75</ele>
      </trkpt>
      <trkpt lat="-50.97346" lon="-72.89283">
        <ele>229.41</ele>
      </trkpt>
      <trkpt lat="-50.97336" lon="-72.89296">
        <ele>232.65</ele>
      </trkpt>
      <trkpt lat="-50.97319" lon="-72.89304">
        <ele>238.3</ele>
      </trkpt>
      <trkpt lat="-50.97286" lon="-72.89322">
        <ele>243.89</ele>
      </trkpt>
      <trkpt lat="-50.97278" lon="-72.89326">
        <ele>244.46</ele>
      </trkpt>
      <trkpt lat="-50.97278" lon="-72.89326">
        <ele>244.46</ele>
      </trkpt>
      <trkpt lat="-50.97239" lon="-72.89351">
        <ele>251.77</ele>
      </trkpt>
      <trkpt lat="-50.97219" lon="-72.89359">
        <ele>256.48</ele>
      </trkpt>
      <trkpt lat="-50.97205" lon="-72.89366">
        <ele>258.3</ele>
      </trkpt>
      <trkpt lat="-50.97195" lon="-72.89371">
        <ele>259.56</ele>
      </trkpt>
      <trkpt lat="-50.97184" lon="-72.89394">
        <ele>260.69</ele>
      </trkpt>
      <trkpt lat="-50.97166" lon="-72.89428">
        <ele>264.01</ele>
      </trkpt>
      <trkpt lat="-50.97151" lon="-72.89446">
        <ele>265.37</ele>
      </trkpt>
      <trkpt lat="-50.97149" lon="-72.89449">
        <ele>266.02</ele>
      </trkpt>
      <trkpt lat="-50.9714" lon="-72.8946">
        <ele>269.19</ele>
      </trkpt>
      <trkpt lat="-50.97128" lon="-72.89477">
        <ele>274.75</ele>
      </trkpt>
      <trkpt lat="-50.97119" lon="-72.89488">
        <ele>277.29</ele>
      </trkpt>
      <trkpt lat="-50.97105" lon="-72.89496">
        <ele>278.09</ele>
      </trkpt>
      <trkpt lat="-50.97091" lon="-72.89508">
        <ele>280.97</ele>
      </trkpt>
      <trkpt lat="-50.97073" lon="-72.89521">
        <ele>285.45</ele>
      </trkpt>
      <trkpt lat="-50.97056" lon="-72.89541">
        <ele>289.89</ele>
      </trkpt>
      <trkpt lat="-50.97046" lon="-72.89546">
        <ele>291.45</ele>
      </trkpt>
      <trkpt lat="-50.97037" lon="-72.89552">
        <ele>293.24</ele>
      </trkpt>
      <trkpt lat="-50.97032" lon="-72.89559">
        <ele>294.97</ele>
      </trkpt>
      <trkpt lat="-50.9702" lon="-72.89579">
        <ele>301.18</ele>
      </trkpt>
      <trkpt lat="-50.97002" lon="-72.89603">
        <ele>308.57</ele>
      </trkpt>
      <trkpt lat="-50.96994" lon="-72.89606">
        <ele>310.49</ele>
      </trkpt>
      <trkpt lat="-50.96985" lon="-72.89603">
        <ele>311.67</ele>
      </trkpt>
      <trkpt lat="-50.96973" lon="-72.89606">
        <ele>314.13</ele>
      </trkpt>
      <trkpt lat="-50.96955" lon="-72.89615">
        <ele>317.33</ele>
      </trkpt>
      <trkpt lat="-50.96953" lon="-72.89616">
        <ele>317.66</ele>
      </trkpt>
      <trkpt lat="-50.96953" lon="-72.89616">
        <ele>317.66</ele>
      </trkpt>
      <trkpt lat="-50.96924" lon="-72.89636">
        <ele>323.56</ele>
      </trkpt>
      <trkpt lat="-50.96903" lon="-72.89646">
        <ele>327.64</ele>
      </trkpt>
      <trkpt lat="-50.96885" lon="-72.89651">
        <ele>330.76</ele>
      </trkpt>
      <trkpt lat="-50.96871" lon="-72.89656">
        <ele>332.37</ele>
      </trkpt>
      <trkpt lat="-50.9686" lon="-72.8966">
        <ele>332.9</ele>
      </trkpt>
      <trkpt lat="-50.9685" lon="-72.89666">
        <ele>334.92</ele>
      </trkpt>
      <trkpt lat="-50.96834" lon="-72.89673">
        <ele>338.8</ele>
      </trkpt>
      <trkpt lat="-50.96828" lon="-72.89676">
        <ele>339.34</ele>
      </trkpt>
      <trkpt lat="-50.96828" lon="-72.89676">
        <ele>339.34</ele>
      </trkpt>
      <trkpt lat="-50.96825" lon="-72.89678">
        <ele>339.63</ele>
      </trkpt>
      <trkpt lat="-50.96821" lon="-72.89685">
        <ele>340.64</ele>
      </trkpt>
      <trkpt lat="-50.96788" lon="-72.89709">
        <ele>347.41</ele>
      </trkpt>
      <trkpt lat="-50.96772" lon="-72.8972">
        <ele>349.94</ele>
      </trkpt>
      <trkpt lat="-50.96772" lon="-72.8972">
        <ele>349.94</ele>
      </trkpt>
      <trkpt lat="-50.96769" lon="-72.89723">
        <ele>351.58</ele>
      </trkpt>
      <trkpt lat="-50.9676" lon="-72.89729">
        <ele>356.89</ele>
      </trkpt>
      <trkpt lat="-50.96757" lon="-72.89744">
        <ele>360.03</ele>
      </trkpt>
      <trkpt lat="-50.96755" lon="-72.89756">
        <ele>363.86</ele>
      </trkpt>
      <trkpt lat="-50.96757" lon="-72.89763">
        <ele>365.99</ele>
      </trkpt>
      <trkpt lat="-50.96759" lon="-72.89768">
        <ele>367.23</ele>
      </trkpt>
      <trkpt lat="-50.96768" lon="-72.89777">
        <ele>366.94</ele>
      </trkpt>
      <trkpt lat="-50.96777" lon="-72.89784">
        <ele>365.35</ele>
      </trkpt>
      <trkpt lat="-50.96787" lon="-72.89791">
        <ele>365.31</ele>
      </trkpt>
      <trkpt lat="-50.96796" lon="-72.89801">
        <ele>366.15</ele>
      </trkpt>
      <trkpt lat="-50.96796" lon="-72.89801">
        <ele>366.15</ele>
      </trkpt>
      <trkpt lat="-50.96801" lon="-72.89811">
        <ele>369.13</ele>
      </trkpt>
      <trkpt lat="-50.96808" lon="-72.89821">
        <ele>373.52</ele>
      </trkpt>
      <trkpt lat="-50.96812" lon="-72.89824">
        <ele>373.59</ele>
      </trkpt>
      <trkpt lat="-50.96813" lon="-72.89835">
        <ele>378.2</ele>
      </trkpt>
      <trkpt lat="-50.968" lon="-72.89841">
        <ele>381.75</ele>
      </trkpt>
      <trkpt lat="-50.968" lon="-72.89841">
        <ele>381.75</ele>
      </trkpt>
      <trkpt lat="-50.96785" lon="-72.89843">
        <ele>379.74</ele>
      </trkpt>
      <trkpt lat="-50.96773" lon="-72.89843">
        <ele>379.7</ele>
      </trkpt>
      <trkpt lat="-50.96756" lon="-72.8986">
        <ele>389.77</ele>
      </trkpt>
      <trkpt lat="-50.96737" lon="-72.89873">
        <ele>398.06</ele>
      </trkpt>
      <trkpt lat="-50.96715" lon="-72.89886">
        <ele>402.88</ele>
      </trkpt>
      <trkpt lat="-50.96696" lon="-72.89893">
        <ele>405.14</ele>
      </trkpt>
      <trkpt lat="-50.96687" lon="-72.89899">
        <ele>408.19</ele>
      </trkpt>
      <trkpt lat="-50.96678" lon="-72.89906">
        <ele>411.99</ele>
      </trkpt>
      <trkpt lat="-50.9667" lon="-72.89912">
        <ele>415.38</ele>
      </trkpt>
      <trkpt lat="-50.96654" lon="-72.89927">
        <ele>419.2</ele>
      </trkpt>
      <trkpt lat="-50.9664" lon="-72.89936">
        <ele>420.77</ele>
      </trkpt>
      <trkpt lat="-50.96632" lon="-72.8994">
        <ele>422.41</ele>
      </trkpt>
      <trkpt lat="-50.96631" lon="-72.89947">
        <ele>425.01</ele>
      </trkpt>
      <trkpt lat="-50.96625" lon="-72.89951">
        <ele>426.51</ele>
      </trkpt>
      <trkpt lat="-50.96617" lon="-72.89959">
        <ele>429.69</ele>
      </trkpt>
      <trkpt lat="-50.96607" lon="-72.89964">
        <ele>431.83</ele>
      </trkpt>
      <trkpt lat="-50.96604" lon="-72.89968">
        <ele>433.05</ele>
      </trkpt>
      <trkpt lat="-50.96598" lon="-72.89975">
        <ele>434.41</ele>
      </trkpt>
      <trkpt lat="-50.9659" lon="-72.89981">
        <ele>434.5</ele>
      </trkpt>
      <trkpt lat="-50.96584" lon="-72.89982">
        <ele>434.11</ele>
      </trkpt>
      <trkpt lat="-50.96568" lon="-72.89992">
        <ele>432.13</ele>
      </trkpt>
      <trkpt lat="-50.96568" lon="-72.89992">
        <ele>432.13</ele>
      </trkpt>
      <trkpt lat="-50.96556" lon="-72.89999">
        <ele>431.78</ele>
      </trkpt>
      <trkpt lat="-50.96548" lon="-72.90014">
        <ele>436.27</ele>
      </trkpt>
      <trkpt lat="-50.96531" lon="-72.90043">
        <ele>445.38</ele>
      </trkpt>
      <trkpt lat="-50.96501" lon="-72.90077">
        <ele>452.89</ele>
      </trkpt>
      <trkpt lat="-50.9649" lon="-72.90087">
        <ele>452.62</ele>
      </trkpt>
      <trkpt lat="-50.96477" lon="-72.90094">
        <ele>449.92</ele>
      </trkpt>
      <trkpt lat="-50.96454" lon="-72.90105">
        <ele>447.89</ele>
      </trkpt>
      <trkpt lat="-50.96447" lon="-72.90113">
        <ele>449.79</ele>
      </trkpt>
      <trkpt lat="-50.96447" lon="-72.90113">
        <ele>449.79</ele>
      </trkpt>
      <trkpt lat="-50.96435" lon="-72.90127">
        <ele>449.47</ele>
      </trkpt>
      <trkpt lat="-50.96415" lon="-72.90153">
        <ele>451.37</ele>
      </trkpt>
      <trkpt lat="-50.96408" lon="-72.90171">
        <ele>453.6</ele>
      </trkpt>
      <trkpt lat="-50.9639" lon="-72.902">
        <ele>454.36</ele>
      </trkpt>
      <trkpt lat="-50.96372" lon="-72.90212">
        <ele>449.41</ele>
      </trkpt>
      <trkpt lat="-50.96352" lon="-72.90248">
        <ele>447.83</ele>
      </trkpt>
      <trkpt lat="-50.96346" lon="-72.90258">
        <ele>447.34</ele>
      </trkpt>
      <trkpt lat="-50.96343" lon="-72.90272">
        <ele>450.97</ele>
      </trkpt>
      <trkpt lat="-50.96346" lon="-72.90297">
        <ele>457.77</ele>
      </trkpt>
      <trkpt lat="-50.96342" lon="-72.9032">
        <ele>458.93</ele>
      </trkpt>
      <trkpt lat="-50.96334" lon="-72.90341">
        <ele>456.69</ele>
      </trkpt>
      <trkpt lat="-50.96321" lon="-72.90359">
        <ele>449.68</ele>
      </trkpt>
      <trkpt lat="-50.9631" lon="-72.90388">
        <ele>449.77</ele>
      </trkpt>
      <trkpt lat="-50.96279" lon="-72.90431">
        <ele>428.82</ele>
      </trkpt>
      <trkpt lat="-50.96265" lon="-72.90473">
        <ele>436.13</ele>
      </trkpt>
      <trkpt lat="-50.96256" lon="-72.90499">
        <ele>439.04</ele>
      </trkpt>
      <trkpt lat="-50.96246" lon="-72.90532">
        <ele>436.81</ele>
      </trkpt>
      <trkpt lat="-50.96236" lon="-72.90571">
        <ele>429.68</ele>
      </trkpt>
      <trkpt lat="-50.9623" lon="-72.90601">
        <ele>426.45</ele>
      </trkpt>
      <trkpt lat="-50.9623" lon="-72.90601">
        <ele>426.45</ele>
      </trkpt>
      <trkpt lat="-50.96225" lon="-72.90625">
        <ele>426.2</ele>
      </trkpt>
      <trkpt lat="-50.96205" lon="-72.90657">
        <ele>415.1</ele>
      </trkpt>
      <trkpt lat="-50.96191" lon="-72.90676">
        <ele>410.08</ele>
      </trkpt>
      <trkpt lat="-50.96183" lon="-72.90688">
        <ele>409.64</ele>
      </trkpt>
      <trkpt lat="-50.96179" lon="-72.90695">
        <ele>409.82</ele>
      </trkpt>
      <trkpt lat="-50.96175" lon="-72.9071">
        <ele>412.2</ele>
      </trkpt>
      <trkpt lat="-50.96168" lon="-72.9072">
        <ele>411.91</ele>
      </trkpt>
      <trkpt lat="-50.96162" lon="-72.90729">
        <ele>412.1</ele>
      </trkpt>
      <trkpt lat="-50.96157" lon="-72.90739">
        <ele>413.5</ele>
      </trkpt>
      <trkpt lat="-50.96153" lon="-72.90749">
        <ele>415.71</ele>
      </trkpt>
      <trkpt lat="-50.96148" lon="-72.90755">
        <ele>415.34</ele>
      </trkpt>
      <trkpt lat="-50.96144" lon="-72.90754">
        <ele>413.98</ele>
      </trkpt>
      <trkpt lat="-50.96141" lon="-72.90754">
        <ele>413.07</ele>
      </trkpt>
      <trkpt lat="-50.96134" lon="-72.90756">
        <ele>409.61</ele>
      </trkpt>
      <trkpt lat="-50.96126" lon="-72.90766">
        <ele>407.05</ele>
      </trkpt>
      <trkpt lat="-50.9612" lon="-72.90782">
        <ele>409.04</ele>
      </trkpt>
      <trkpt lat="-50.96103" lon="-72.90806">
        <ele>412.43</ele>
      </trkpt>
      <trkpt lat="-50.96078" lon="-72.90823">
        <ele>415.49</ele>
      </trkpt>
      <trkpt lat="-50.96072" lon="-72.90831">
        <ele>418.01</ele>
      </trkpt>
      <trkpt lat="-50.96072" lon="-72.90841">
        <ele>421.77</ele>
      </trkpt>
      <trkpt lat="-50.9607" lon="-72.90852">
        <ele>425.35</ele>
      </trkpt>
      <trkpt lat="-50.96067" lon="-72.90859">
        <ele>427.14</ele>
      </trkpt>
      <trkpt lat="-50.96057" lon="-72.90867">
        <ele>427.81</ele>
      </trkpt>
      <trkpt lat="-50.96038" lon="-72.9088">
        <ele>424.21</ele>
      </trkpt>
      <trkpt lat="-50.9603" lon="-72.90903">
        <ele>425.96</ele>
      </trkpt>
      <trkpt lat="-50.96025" lon="-72.90919">
        <ele>427.68</ele>
      </trkpt>
      <trkpt lat="-50.96026" lon="-72.90926">
        <ele>430.07</ele>
      </trkpt>
      <trkpt lat="-50.9603" lon="-72.90932">
        <ele>434.06</ele>
      </trkpt>
      <trkpt lat="-50.96027" lon="-72.90945">
        <ele>435.93</ele>
      </trkpt>
      <trkpt lat="-50.96027" lon="-72.90945">
        <ele>435.93</ele>
      </trkpt>
      <trkpt lat="-50.96024" lon="-72.90959">
        <ele>439.92</ele>
      </trkpt>
      <trkpt lat="-50.9601" lon="-72.9097">
        <ele>442.05</ele>
      </trkpt>
      <trkpt lat="-50.95996" lon="-72.90974">
        <ele>439.47</ele>
      </trkpt>
      <trkpt lat="-50.9599" lon="-72.90984">
        <ele>437.38</ele>
      </trkpt>
      <trkpt lat="-50.95987" lon="-72.90989">
        <ele>436.86</ele>
      </trkpt>
      <trkpt lat="-50.95981" lon="-72.90994">
        <ele>435.4</ele>
      </trkpt>
      <trkpt lat="-50.95978" lon="-72.90998">
        <ele>435.42</ele>
      </trkpt>
      <trkpt lat="-50.95969" lon="-72.91">
        <ele>432.14</ele>
      </trkpt>
      <trkpt lat="-50.95963" lon="-72.90997">
        <ele>427.72</ele>
      </trkpt>
      <trkpt lat="-50.95958" lon="-72.90997">
        <ele>424.95</ele>
      </trkpt>
      <trkpt lat="-50.95951" lon="-72.90994">
        <ele>420.39</ele>
      </trkpt>
      <trkpt lat="-50.95938" lon="-72.90995">
        <ele>415.37</ele>
      </trkpt>
      <trkpt lat="-50.95926" lon="-72.90994">
        <ele>412.04</ele>
      </trkpt>
      <trkpt lat="-50.95916" lon="-72.91008">
        <ele>410.76</ele>
      </trkpt>
      <trkpt lat="-50.95906" lon="-72.91015">
        <ele>410.32</ele>
      </trkpt>
      <trkpt lat="-50.95902" lon="-72.91027">
        <ele>411.82</ele>
      </trkpt>
      <trkpt lat="-50.95898" lon="-72.9103">
        <ele>412.4</ele>
      </trkpt>
      <trkpt lat="-50.95896" lon="-72.91032">
        <ele>412.92</ele>
      </trkpt>
      <trkpt lat="-50.95888" lon="-72.91027">
        <ele>410.68</ele>
      </trkpt>
      <trkpt lat="-50.95875" lon="-72.91019">
        <ele>407.24</ele>
      </trkpt>
      <trkpt lat="-50.95863" lon="-72.91022">
        <ele>405.87</ele>
      </trkpt>
      <trkpt lat="-50.95851" lon="-72.91028">
        <ele>406.75</ele>
      </trkpt>
      <trkpt lat="-50.95834" lon="-72.91036">
        <ele>408.27</ele>
      </trkpt>
      <trkpt lat="-50.95825" lon="-72.9104">
        <ele>409.04</ele>
      </trkpt>
      <trkpt lat="-50.95818" lon="-72.91039">
        <ele>409.51</ele>
      </trkpt>
      <trkpt lat="-50.95813" lon="-72.91038">
        <ele>409.83</ele>
      </trkpt>
      <trkpt lat="-50.9581" lon="-72.91046">
        <ele>410.34</ele>
      </trkpt>
      <trkpt lat="-50.95806" lon="-72.91049">
        <ele>410.73</ele>
      </trkpt>
      <trkpt lat="-50.95798" lon="-72.9105">
        <ele>411.29</ele>
      </trkpt>
      <trkpt lat="-50.95791" lon="-72.91053">
        <ele>411.91</ele>
      </trkpt>
      <trkpt lat="-50.95788" lon="-72.91066">
        <ele>412.4</ele>
      </trkpt>
      <trkpt lat="-50.95786" lon="-72.91075">
        <ele>412.62</ele>
      </trkpt>
      <trkpt lat="-50.95784" lon="-72.91081">
        <ele>412.76</ele>
      </trkpt>
      <trkpt lat="-50.95784" lon="-72.91081">
        <ele>412.76</ele>
      </trkpt>
      <trkpt lat="-50.95783" lon="-72.91085">
        <ele>412.82</ele>
      </trkpt>
      <trkpt lat="-50.95781" lon="-72.91088">
        <ele>412.9</ele>
      </trkpt>
      <trkpt lat="-50.95777" lon="-72.91089">
        <ele>412.93</ele>
      </trkpt>
      <trkpt lat="-50.95774" lon="-72.91083">
        <ele>412.6</ele>
      </trkpt>
      <trkpt lat="-50.95774" lon="-72.9108">
        <ele>412.66</ele>
      </trkpt>
      <trkpt lat="-50.95768" lon="-72.91065">
        <ele>412.87</ele>
      </trkpt>
      <trkpt lat="-50.95767" lon="-72.91064">
        <ele>412.92</ele>
      </trkpt>
      <trkpt lat="-50.95763" lon="-72.91059">
        <ele>413.27</ele>
      </trkpt>
      <trkpt lat="-50.95746" lon="-72.91049">
        <ele>418.28</ele>
      </trkpt>
      <trkpt lat="-50.95743" lon="-72.9105">
        <ele>418.51</ele>
      </trkpt>
      <trkpt lat="-50.95727" lon="-72.9108">
        <ele>414.09</ele>
      </trkpt>
      <trkpt lat="-50.95706" lon="-72.911">
        <ele>419.44</ele>
      </trkpt>
      <trkpt lat="-50.95681" lon="-72.91119">
        <ele>423.53</ele>
      </trkpt>
      <trkpt lat="-50.95678" lon="-72.91123">
        <ele>423.3</ele>
      </trkpt>
      <trkpt lat="-50.95678" lon="-72.91123">
        <ele>423.3</ele>
      </trkpt>
      <trkpt lat="-50.95668" lon="-72.91138">
        <ele>419.37</ele>
      </trkpt>
      <trkpt lat="-50.95659" lon="-72.9117">
        <ele>410.9</ele>
      </trkpt>
      <trkpt lat="-50.95655" lon="-72.91193">
        <ele>406.95</ele>
      </trkpt>
      <trkpt lat="-50.95639" lon="-72.91227">
        <ele>408.81</ele>
      </trkpt>
      <trkpt lat="-50.95628" lon="-72.91231">
        <ele>411.8</ele>
      </trkpt>
      <trkpt lat="-50.95618" lon="-72.91237">
        <ele>414.93</ele>
      </trkpt>
      <trkpt lat="-50.95605" lon="-72.91244">
        <ele>420.13</ele>
      </trkpt>
      <trkpt lat="-50.95605" lon="-72.91244">
        <ele>420.13</ele>
      </trkpt>
      <trkpt lat="-50.95599" lon="-72.91247">
        <ele>422.72</ele>
      </trkpt>
      <trkpt lat="-50.9559" lon="-72.91266">
        <ele>425.21</ele>
      </trkpt>
      <trkpt lat="-50.95568" lon="-72.91298">
        <ele>436.81</ele>
      </trkpt>
      <trkpt lat="-50.95561" lon="-72.91317">
        <ele>434.45</ele>
      </trkpt>
      <trkpt lat="-50.95557" lon="-72.9135">
        <ele>423.81</ele>
      </trkpt>
      <trkpt lat="-50.9554" lon="-72.91395">
        <ele>421.58</ele>
      </trkpt>
      <trkpt lat="-50.95527" lon="-72.91412">
        <ele>423.29</ele>
      </trkpt>
      <trkpt lat="-50.95519" lon="-72.91438">
        <ele>425.12</ele>
      </trkpt>
      <trkpt lat="-50.95511" lon="-72.91457">
        <ele>428.71</ele>
      </trkpt>
      <trkpt lat="-50.95511" lon="-72.91457">
        <ele>428.71</ele>
      </trkpt>
      <trkpt lat="-50.95509" lon="-72.91459">
        <ele>429.71</ele>
      </trkpt>
      <trkpt lat="-50.95468" lon="-72.91514">
        <ele>444.17</ele>
      </trkpt>
      <trkpt lat="-50.95449" lon="-72.91549">
        <ele>446.67</ele>
      </trkpt>
      <trkpt lat="-50.95443" lon="-72.91565">
        <ele>446.65</ele>
      </trkpt>
      <trkpt lat="-50.95413" lon="-72.91596">
        <ele>451.21</ele>
      </trkpt>
      <trkpt lat="-50.95398" lon="-72.91593">
        <ele>453.24</ele>
      </trkpt>
      <trkpt lat="-50.95393" lon="-72.91596">
        <ele>452.91</ele>
      </trkpt>
      <trkpt lat="-50.95391" lon="-72.91602">
        <ele>451.74</ele>
      </trkpt>
      <trkpt lat="-50.95391" lon="-72.91622">
        <ele>447.86</ele>
      </trkpt>
      <trkpt lat="-50.95381" lon="-72.91636">
        <ele>446.49</ele>
      </trkpt>
      <trkpt lat="-50.95375" lon="-72.91639">
        <ele>446.45</ele>
      </trkpt>
      <trkpt lat="-50.95372" lon="-72.91657">
        <ele>438.72</ele>
      </trkpt>
      <trkpt lat="-50.95378" lon="-72.91665">
        <ele>435.3</ele>
      </trkpt>
      <trkpt lat="-50.95379" lon="-72.91681">
        <ele>434.83</ele>
      </trkpt>
      <trkpt lat="-50.95372" lon="-72.91692">
        <ele>434.95</ele>
      </trkpt>
      <trkpt lat="-50.95365" lon="-72.91722">
        <ele>439.94</ele>
      </trkpt>
      <trkpt lat="-50.95371" lon="-72.91739">
        <ele>443.61</ele>
      </trkpt>
      <trkpt lat="-50.95371" lon="-72.91767">
        <ele>445.26</ele>
      </trkpt>
      <trkpt lat="-50.95371" lon="-72.91786">
        <ele>445.61</ele>
      </trkpt>
      <trkpt lat="-50.95375" lon="-72.91807">
        <ele>446.71</ele>
      </trkpt>
      <trkpt lat="-50.95368" lon="-72.91843">
        <ele>444.73</ele>
      </trkpt>
      <trkpt lat="-50.95365" lon="-72.91871">
        <ele>445.6</ele>
      </trkpt>
      <trkpt lat="-50.95361" lon="-72.91891">
        <ele>447.79</ele>
      </trkpt>
      <trkpt lat="-50.9536" lon="-72.91899">
        <ele>450.42</ele>
      </trkpt>
      <trkpt lat="-50.9536" lon="-72.91899">
        <ele>450.42</ele>
      </trkpt>
      <trkpt lat="-50.9536" lon="-72.91906">
        <ele>453.09</ele>
      </trkpt>
      <trkpt lat="-50.95357" lon="-72.91916">
        <ele>454.66</ele>
      </trkpt>
      <trkpt lat="-50.95358" lon="-72.91924">
        <ele>457.0</ele>
      </trkpt>
      <trkpt lat="-50.95348" lon="-72.91939">
        <ele>452.49</ele>
      </trkpt>
      <trkpt lat="-50.95339" lon="-72.91956">
        <ele>450.15</ele>
      </trkpt>
      <trkpt lat="-50.9533" lon="-72.91978">
        <ele>452.95</ele>
      </trkpt>
      <trkpt lat="-50.95325" lon="-72.92005">
        <ele>463.22</ele>
      </trkpt>
      <trkpt lat="-50.95307" lon="-72.92037">
        <ele>457.22</ele>
      </trkpt>
      <trkpt lat="-50.95295" lon="-72.92071">
        <ele>457.33</ele>
      </trkpt>
      <trkpt lat="-50.95282" lon="-72.92107">
        <ele>454.62</ele>
      </trkpt>
      <trkpt lat="-50.95281" lon="-72.92127">
        <ele>457.55</ele>
      </trkpt>
      <trkpt lat="-50.95279" lon="-72.92134">
        <ele>457.77</ele>
      </trkpt>
      <trkpt lat="-50.95274" lon="-72.92162">
        <ele>463.44</ele>
      </trkpt>
      <trkpt lat="-50.95275" lon="-72.9217">
        <ele>465.16</ele>
      </trkpt>
      <trkpt lat="-50.95276" lon="-72.92177">
        <ele>466.25</ele>
      </trkpt>
      <trkpt lat="-50.95276" lon="-72.92184">
        <ele>467.22</ele>
      </trkpt>
      <trkpt lat="-50.95276" lon="-72.92192">
        <ele>468.34</ele>
      </trkpt>
      <trkpt lat="-50.95275" lon="-72.92199">
        <ele>468.96</ele>
      </trkpt>
      <trkpt lat="-50.95274" lon="-72.92207">
        <ele>469.55</ele>
      </trkpt>
      <trkpt lat="-50.95274" lon="-72.92215">
        <ele>470.34</ele>
      </trkpt>
      <trkpt lat="-50.95275" lon="-72.92223">
        <ele>471.61</ele>
      </trkpt>
      <trkpt lat="-50.95277" lon="-72.92229">
        <ele>474.68</ele>
      </trkpt>
      <trkpt lat="-50.95279" lon="-72.92236">
        <ele>478.83</ele>
      </trkpt>
      <trkpt lat="-50.95281" lon="-72.92243">
        <ele>483.3</ele>
      </trkpt>
      <trkpt lat="-50.95284" lon="-72.9225">
        <ele>488.48</ele>
      </trkpt>
      <trkpt lat="-50.95285" lon="-72.92257">
        <ele>491.08</ele>
      </trkpt>
      <trkpt lat="-50.95287" lon="-72.92265">
        <ele>494.6</ele>
      </trkpt>
      <trkpt lat="-50.95288" lon="-72.92272">
        <ele>497.11</ele>
      </trkpt>
      <trkpt lat="-50.95286" lon="-72.9228">
        <ele>498.72</ele>
      </trkpt>
      <trkpt lat="-50.95283" lon="-72.92285">
        <ele>500.26</ele>
      </trkpt>
      <trkpt lat="-50.95278" lon="-72.92287">
        <ele>499.08</ele>
      </trkpt>
      <trkpt lat="-50.95273" lon="-72.92288">
        <ele>497.32</ele>
      </trkpt>
      <trkpt lat="-50.95269" lon="-72.92289">
        <ele>496.06</ele>
      </trkpt>
      <trkpt lat="-50.95264" lon="-72.92288">
        <ele>492.78</ele>
      </trkpt>
      <trkpt lat="-50.95259" lon="-72.92285">
        <ele>488.0</ele>
      </trkpt>
      <trkpt lat="-50.95254" lon="-72.92282">
        <ele>483.21</ele>
      </trkpt>
      <trkpt lat="-50.9525" lon="-72.92279">
        <ele>478.92</ele>
      </trkpt>
      <trkpt lat="-50.95246" lon="-72.92275">
        <ele>476.98</ele>
      </trkpt>
      <trkpt lat="-50.95242" lon="-72.92269">
        <ele>475.05</ele>
      </trkpt>
      <trkpt lat="-50.9524" lon="-72.92263">
        <ele>473.24</ele>
      </trkpt>
      <trkpt lat="-50.95238" lon="-72.92255">
        <ele>470.9</ele>
      </trkpt>
      <trkpt lat="-50.95237" lon="-72.92247">
        <ele>468.93</ele>
      </trkpt>
      <trkpt lat="-50.95235" lon="-72.9224">
        <ele>467.71</ele>
      </trkpt>
      <trkpt lat="-50.95234" lon="-72.92233">
        <ele>466.42</ele>
      </trkpt>
      <trkpt lat="-50.95231" lon="-72.92226">
        <ele>465.05</ele>
      </trkpt>
      <trkpt lat="-50.95229" lon="-72.92223">
        <ele>464.4</ele>
      </trkpt>
      <trkpt lat="-50.95214" lon="-72.92237">
        <ele>468.38</ele>
      </trkpt>
      <trkpt lat="-50.95213" lon="-72.92245">
        <ele>470.25</ele>
      </trkpt>
      <trkpt lat="-50.9521" lon="-72.92252">
        <ele>472.2</ele>
      </trkpt>
      <trkpt lat="-50.95207" lon="-72.92258">
        <ele>473.89</ele>
      </trkpt>
      <trkpt lat="-50.95203" lon="-72.92264">
        <ele>475.6</ele>
      </trkpt>
      <trkpt lat="-50.952" lon="-72.92271">
        <ele>477.28</ele>
      </trkpt>
      <trkpt lat="-50.95199" lon="-72.92278">
        <ele>478.7</ele>
      </trkpt>
      <trkpt lat="-50.95199" lon="-72.92278">
        <ele>478.7</ele>
      </trkpt>
      <trkpt lat="-50.9519" lon="-72.92304">
        <ele>483.49</ele>
      </trkpt>
      <trkpt lat="-50.9519" lon="-72.92304">
        <ele>483.49</ele>
      </trkpt>
      <trkpt lat="-50.95175" lon="-72.92337">
        <ele>494.58</ele>
      </trkpt>
      <trkpt lat="-50.95175" lon="-72.92337">
        <ele>494.58</ele>
      </trkpt>
      <trkpt lat="-50.95167" lon="-72.92348">
        <ele>497.3</ele>
      </trkpt>
      <trkpt lat="-50.95167" lon="-72.92348">
        <ele>497.3</ele>
      </trkpt>
      <trkpt lat="-50.95148" lon="-72.92353">
        <ele>497.32</ele>
      </trkpt>
      <trkpt lat="-50.95143" lon="-72.92356">
        <ele>496.55</ele>
      </trkpt>
      <trkpt lat="-50.95139" lon="-72.92361">
        <ele>495.05</ele>
      </trkpt>
      <trkpt lat="-50.95136" lon="-72.92367">
        <ele>492.68</ele>
      </trkpt>
      <trkpt lat="-50.95133" lon="-72.92374">
        <ele>490.56</ele>
      </trkpt>
      <trkpt lat="-50.95132" lon="-72.92381">
        <ele>489.33</ele>
      </trkpt>
      <trkpt lat="-50.95132" lon="-72.92388">
        <ele>488.38</ele>
      </trkpt>
      <trkpt lat="-50.95132" lon="-72.92396">
        <ele>490.05</ele>
      </trkpt>
      <trkpt lat="-50.95135" lon="-72.92403">
        <ele>492.14</ele>
      </trkpt>
      <trkpt lat="-50.95138" lon="-72.92409">
        <ele>493.97</ele>
      </trkpt>
      <trkpt lat="-50.95141" lon="-72.92415">
        <ele>496.06</ele>
      </trkpt>
      <trkpt lat="-50.95142" lon="-72.92422">
        <ele>497.16</ele>
      </trkpt>
      <trkpt lat="-50.95142" lon="-72.9243">
        <ele>497.9</ele>
      </trkpt>
      <trkpt lat="-50.95138" lon="-72.92433">
        <ele>497.71</ele>
      </trkpt>
      <trkpt lat="-50.95133" lon="-72.92433">
        <ele>497.38</ele>
      </trkpt>
      <trkpt lat="-50.95131" lon="-72.92433">
        <ele>497.25</ele>
      </trkpt>
      <trkpt lat="-50.95111" lon="-72.92425">
        <ele>494.49</ele>
      </trkpt>
      <trkpt lat="-50.95111" lon="-72.92425">
        <ele>494.49</ele>
      </trkpt>
      <trkpt lat="-50.95096" lon="-72.92433">
        <ele>494.63</ele>
      </trkpt>
      <trkpt lat="-50.95096" lon="-72.92433">
        <ele>494.63</ele>
      </trkpt>
      <trkpt lat="-50.95089" lon="-72.92457">
        <ele>496.41</ele>
      </trkpt>
      <trkpt lat="-50.95087" lon="-72.92464">
        <ele>496.26</ele>
      </trkpt>
      <trkpt lat="-50.95085" lon="-72.92471">
        <ele>496.12</ele>
      </trkpt>
      <trkpt lat="-50.95083" lon="-72.92477">
        <ele>495.8</ele>
      </trkpt>
      <trkpt lat="-50.95081" lon="-72.92484">
        <ele>495.41</ele>
      </trkpt>
      <trkpt lat="-50.95079" lon="-72.92492">
        <ele>494.98</ele>
      </trkpt>
      <trkpt lat="-50.95077" lon="-72.92499">
        <ele>494.58</ele>
      </trkpt>
      <trkpt lat="-50.95077" lon="-72.92507">
        <ele>494.41</ele>
      </trkpt>
      <trkpt lat="-50.95076" lon="-72.92514">
        <ele>494.23</ele>
      </trkpt>
      <trkpt lat="-50.95075" lon="-72.92522">
        <ele>494.08</ele>
      </trkpt>
      <trkpt lat="-50.95073" lon="-72.9253">
        <ele>494.24</ele>
      </trkpt>
      <trkpt lat="-50.9507" lon="-72.92536">
        <ele>494.89</ele>
      </trkpt>
      <trkpt lat="-50.95068" lon="-72.92539">
        <ele>495.21</ele>
      </trkpt>
      <trkpt lat="-50.95058" lon="-72.92561">
        <ele>498.14</ele>
      </trkpt>
      <trkpt lat="-50.95055" lon="-72.92568">
        <ele>499.73</ele>
      </trkpt>
      <trkpt lat="-50.95052" lon="-72.92574">
        <ele>501.28</ele>
      </trkpt>
      <trkpt lat="-50.95047" lon="-72.92579">
        <ele>502.89</ele>
      </trkpt>
      <trkpt lat="-50.95043" lon="-72.92582">
        <ele>504.02</ele>
      </trkpt>
      <trkpt lat="-50.95042" lon="-72.92583">
        <ele>504.38</ele>
      </trkpt>
      <trkpt lat="-50.95028" lon="-72.92595">
        <ele>509.33</ele>
      </trkpt>
      <trkpt lat="-50.95028" lon="-72.92595">
        <ele>509.33</ele>
      </trkpt>
      <trkpt lat="-50.95017" lon="-72.92614">
        <ele>512.86</ele>
      </trkpt>
      <trkpt lat="-50.95017" lon="-72.92614">
        <ele>512.86</ele>
      </trkpt>
      <trkpt lat="-50.94999" lon="-72.92618">
        <ele>510.92</ele>
      </trkpt>
      <trkpt lat="-50.94995" lon="-72.92617">
        <ele>510.49</ele>
      </trkpt>
      <trkpt lat="-50.9499" lon="-72.92618">
        <ele>510.27</ele>
      </trkpt>
      <trkpt lat="-50.94986" lon="-72.92623">
        <ele>510.7</ele>
      </trkpt>
      <trkpt lat="-50.94984" lon="-72.92629">
        <ele>511.42</ele>
      </trkpt>
      <trkpt lat="-50.9498" lon="-72.92633">
        <ele>511.71</ele>
      </trkpt>
      <trkpt lat="-50.94975" lon="-72.92637">
        <ele>511.93</ele>
      </trkpt>
      <trkpt lat="-50.9497" lon="-72.92639">
        <ele>512.01</ele>
      </trkpt>
      <trkpt lat="-50.94967" lon="-72.92642">
        <ele>512.31</ele>
      </trkpt>
      <trkpt lat="-50.9495" lon="-72.92648">
        <ele>512.72</ele>
      </trkpt>
      <trkpt lat="-50.9495" lon="-72.92648">
        <ele>512.72</ele>
      </trkpt>
      <trkpt lat="-50.94933" lon="-72.92672">
        <ele>509.77</ele>
      </trkpt>
      <trkpt lat="-50.94931" lon="-72.92678">
        <ele>509.29</ele>
      </trkpt>
      <trkpt lat="-50.94927" lon="-72.92684">
        <ele>507.95</ele>
      </trkpt>
      <trkpt lat="-50.94924" lon="-72.92689">
        <ele>506.92</ele>
      </trkpt>
      <trkpt lat="-50.94921" lon="-72.92696">
        <ele>506.14</ele>
      </trkpt>
      <trkpt lat="-50.9492" lon="-72.92703">
        <ele>506.94</ele>
      </trkpt>
      <trkpt lat="-50.94918" lon="-72.9271">
        <ele>507.35</ele>
      </trkpt>
      <trkpt lat="-50.94917" lon="-72.92718">
        <ele>508.37</ele>
      </trkpt>
      <trkpt lat="-50.94915" lon="-72.92724">
        <ele>508.78</ele>
      </trkpt>
      <trkpt lat="-50.94912" lon="-72.92731">
        <ele>509.45</ele>
      </trkpt>
      <trkpt lat="-50.9491" lon="-72.92738">
        <ele>510.45</ele>
      </trkpt>
      <trkpt lat="-50.94908" lon="-72.92745">
        <ele>511.3</ele>
      </trkpt>
      <trkpt lat="-50.94906" lon="-72.92747">
        <ele>510.67</ele>
      </trkpt>
      <trkpt lat="-50.94893" lon="-72.92779">
        <ele>512.51</ele>
      </trkpt>
      <trkpt lat="-50.94893" lon="-72.92788">
        <ele>514.69</ele>
      </trkpt>
      <trkpt lat="-50.94892" lon="-72.92797">
        <ele>516.37</ele>
      </trkpt>
      <trkpt lat="-50.94892" lon="-72.92802">
        <ele>517.59</ele>
      </trkpt>
      <trkpt lat="-50.94888" lon="-72.92817">
        <ele>518.67</ele>
      </trkpt>
      <trkpt lat="-50.94886" lon="-72.92826">
        <ele>519.48</ele>
      </trkpt>
      <trkpt lat="-50.94883" lon="-72.92832">
        <ele>519.41</ele>
      </trkpt>
      <trkpt lat="-50.9488" lon="-72.92837">
        <ele>519.13</ele>
      </trkpt>
      <trkpt lat="-50.94876" lon="-72.92841">
        <ele>518.38</ele>
      </trkpt>
      <trkpt lat="-50.94872" lon="-72.92845">
        <ele>517.76</ele>
      </trkpt>
      <trkpt lat="-50.94867" lon="-72.92848">
        <ele>516.69</ele>
      </trkpt>
      <trkpt lat="-50.94863" lon="-72.92852">
        <ele>516.31</ele>
      </trkpt>
      <trkpt lat="-50.9486" lon="-72.92858">
        <ele>516.74</ele>
      </trkpt>
      <trkpt lat="-50.94857" lon="-72.92864">
        <ele>516.88</ele>
      </trkpt>
      <trkpt lat="-50.94856" lon="-72.92867">
        <ele>517.14</ele>
      </trkpt>
      <trkpt lat="-50.94849" lon="-72.92887">
        <ele>519.17</ele>
      </trkpt>
      <trkpt lat="-50.94846" lon="-72.92893">
        <ele>519.31</ele>
      </trkpt>
      <trkpt lat="-50.94844" lon="-72.92899">
        <ele>519.74</ele>
      </trkpt>
      <trkpt lat="-50.9484" lon="-72.92905">
        <ele>519.6</ele>
      </trkpt>
      <trkpt lat="-50.94838" lon="-72.92912">
        <ele>520.39</ele>
      </trkpt>
      <trkpt lat="-50.94836" lon="-72.92919">
        <ele>522.28</ele>
      </trkpt>
      <trkpt lat="-50.94834" lon="-72.92927">
        <ele>527.16</ele>
      </trkpt>
      <trkpt lat="-50.94835" lon="-72.92933">
        <ele>531.26</ele>
      </trkpt>
      <trkpt lat="-50.94837" lon="-72.92944">
        <ele>538.32</ele>
      </trkpt>
      <trkpt lat="-50.94835" lon="-72.92951">
        <ele>539.46</ele>
      </trkpt>
      <trkpt lat="-50.9483" lon="-72.92953">
        <ele>538.07</ele>
      </trkpt>
      <trkpt lat="-50.94826" lon="-72.92955">
        <ele>536.5</ele>
      </trkpt>
      <trkpt lat="-50.94806" lon="-72.9296">
        <ele>529.22</ele>
      </trkpt>
      <trkpt lat="-50.94806" lon="-72.9296">
        <ele>529.22</ele>
      </trkpt>
      <trkpt lat="-50.94795" lon="-72.92968">
        <ele>525.2</ele>
      </trkpt>
      <trkpt lat="-50.94795" lon="-72.92968">
        <ele>525.2</ele>
      </trkpt>
      <trkpt lat="-50.94777" lon="-72.93003">
        <ele>520.33</ele>
      </trkpt>
      <trkpt lat="-50.94777" lon="-72.93003">
        <ele>520.33</ele>
      </trkpt>
      <trkpt lat="-50.94769" lon="-72.93024">
        <ele>520.89</ele>
      </trkpt>
      <trkpt lat="-50.94769" lon="-72.93024">
        <ele>520.89</ele>
      </trkpt>
      <trkpt lat="-50.94762" lon="-72.93055">
        <ele>526.87</ele>
      </trkpt>
      <trkpt lat="-50.9476" lon="-72.93063">
        <ele>528.64</ele>
      </trkpt>
      <trkpt lat="-50.94758" lon="-72.9307">
        <ele>530.01</ele>
      </trkpt>
      <trkpt lat="-50.94756" lon="-72.93078">
        <ele>531.65</ele>
      </trkpt>
      <trkpt lat="-50.94753" lon="-72.93085">
        <ele>532.09</ele>
      </trkpt>
      <trkpt lat="-50.94751" lon="-72.93092">
        <ele>532.45</ele>
      </trkpt>
      <trkpt lat="-50.94749" lon="-72.93099">
        <ele>532.86</ele>
      </trkpt>
      <trkpt lat="-50.94746" lon="-72.93105">
        <ele>532.63</ele>
      </trkpt>
      <trkpt lat="-50.94743" lon="-72.9311">
        <ele>532.22</ele>
      </trkpt>
      <trkpt lat="-50.94739" lon="-72.93114">
        <ele>530.91</ele>
      </trkpt>
      <trkpt lat="-50.94738" lon="-72.93116">
        <ele>530.73</ele>
      </trkpt>
      <trkpt lat="-50.94724" lon="-72.93127">
        <ele>525.72</ele>
      </trkpt>
      <trkpt lat="-50.9472" lon="-72.93132">
        <ele>525.34</ele>
      </trkpt>
      <trkpt lat="-50.94718" lon="-72.93139">
        <ele>526.3</ele>
      </trkpt>
      <trkpt lat="-50.94718" lon="-72.93146">
        <ele>529.81</ele>
      </trkpt>
      <trkpt lat="-50.94717" lon="-72.93154">
        <ele>533.5</ele>
      </trkpt>
      <trkpt lat="-50.94716" lon="-72.93161">
        <ele>536.57</ele>
      </trkpt>
      <trkpt lat="-50.94716" lon="-72.93168">
        <ele>539.83</ele>
      </trkpt>
      <trkpt lat="-50.94713" lon="-72.93174">
        <ele>540.75</ele>
      </trkpt>
      <trkpt lat="-50.94709" lon="-72.93178">
        <ele>540.21</ele>
      </trkpt>
      <trkpt lat="-50.94705" lon="-72.93183">
        <ele>539.79</ele>
      </trkpt>
      <trkpt lat="-50.94702" lon="-72.93188">
        <ele>539.68</ele>
      </trkpt>
      <trkpt lat="-50.94699" lon="-72.93194">
        <ele>539.66</ele>
      </trkpt>
      <trkpt lat="-50.94698" lon="-72.93195">
        <ele>539.34</ele>
      </trkpt>
      <trkpt lat="-50.94683" lon="-72.93212">
        <ele>541.27</ele>
      </trkpt>
      <trkpt lat="-50.94683" lon="-72.93212">
        <ele>541.27</ele>
      </trkpt>
      <trkpt lat="-50.94665" lon="-72.9325">
        <ele>545.94</ele>
      </trkpt>
      <trkpt lat="-50.94662" lon="-72.93257">
        <ele>546.84</ele>
      </trkpt>
      <trkpt lat="-50.94659" lon="-72.93263">
        <ele>547.6</ele>
      </trkpt>
      <trkpt lat="-50.94657" lon="-72.9327">
        <ele>548.53</ele>
      </trkpt>
      <trkpt lat="-50.94657" lon="-72.93278">
        <ele>549.7</ele>
      </trkpt>
      <trkpt lat="-50.94655" lon="-72.93285">
        <ele>551.05</ele>
      </trkpt>
      <trkpt lat="-50.94652" lon="-72.9329">
        <ele>551.57</ele>
      </trkpt>
      <trkpt lat="-50.94649" lon="-72.93295">
        <ele>551.79</ele>
      </trkpt>
      <trkpt lat="-50.94646" lon="-72.93301">
        <ele>551.8</ele>
      </trkpt>
      <trkpt lat="-50.94641" lon="-72.93302">
        <ele>550.48</ele>
      </trkpt>
      <trkpt lat="-50.94636" lon="-72.93303">
        <ele>550.0</ele>
      </trkpt>
      <trkpt lat="-50.94631" lon="-72.93302">
        <ele>550.12</ele>
      </trkpt>
      <trkpt lat="-50.94627" lon="-72.93302">
        <ele>550.25</ele>
      </trkpt>
      <trkpt lat="-50.94623" lon="-72.93303">
        <ele>550.43</ele>
      </trkpt>
      <trkpt lat="-50.9461" lon="-72.93309">
        <ele>550.98</ele>
      </trkpt>
      <trkpt lat="-50.94606" lon="-72.93311">
        <ele>551.11</ele>
      </trkpt>
      <trkpt lat="-50.94601" lon="-72.93315">
        <ele>550.63</ele>
      </trkpt>
      <trkpt lat="-50.946" lon="-72.93318">
        <ele>550.0</ele>
      </trkpt>
      <trkpt lat="-50.94597" lon="-72.93325">
        <ele>548.06</ele>
      </trkpt>
      <trkpt lat="-50.94593" lon="-72.93329">
        <ele>546.16</ele>
      </trkpt>
      <trkpt lat="-50.94588" lon="-72.93331">
        <ele>544.27</ele>
      </trkpt>
      <trkpt lat="-50.94584" lon="-72.93331">
        <ele>543.26</ele>
      </trkpt>
      <trkpt lat="-50.94579" lon="-72.93333">
        <ele>542.29</ele>
      </trkpt>
      <trkpt lat="-50.94574" lon="-72.93334">
        <ele>542.45</ele>
      </trkpt>
      <trkpt lat="-50.9457" lon="-72.93338">
        <ele>543.24</ele>
      </trkpt>
      <trkpt lat="-50.94566" lon="-72.93345">
        <ele>544.46</ele>
      </trkpt>
      <trkpt lat="-50.94564" lon="-72.93351">
        <ele>545.43</ele>
      </trkpt>
      <trkpt lat="-50.94562" lon="-72.93358">
        <ele>546.53</ele>
      </trkpt>
      <trkpt lat="-50.94561" lon="-72.93366">
        <ele>547.39</ele>
      </trkpt>
      <trkpt lat="-50.94559" lon="-72.93372">
        <ele>547.83</ele>
      </trkpt>
      <trkpt lat="-50.94557" lon="-72.9338">
        <ele>548.4</ele>
      </trkpt>
      <trkpt lat="-50.94557" lon="-72.9338">
        <ele>548.4</ele>
      </trkpt>
      <trkpt lat="-50.94549" lon="-72.93397">
        <ele>549.27</ele>
      </trkpt>
      <trkpt lat="-50.94547" lon="-72.93404">
        <ele>550.3</ele>
      </trkpt>
      <trkpt lat="-50.94543" lon="-72.9341">
        <ele>551.84</ele>
      </trkpt>
      <trkpt lat="-50.94539" lon="-72.93415">
        <ele>553.75</ele>
      </trkpt>
      <trkpt lat="-50.94537" lon="-72.93421">
        <ele>555.87</ele>
      </trkpt>
      <trkpt lat="-50.94534" lon="-72.93427">
        <ele>557.84</ele>
      </trkpt>
      <trkpt lat="-50.94531" lon="-72.93433">
        <ele>559.29</ele>
      </trkpt>
      <trkpt lat="-50.9453" lon="-72.9344">
        <ele>560.54</ele>
      </trkpt>
      <trkpt lat="-50.94528" lon="-72.93465">
        <ele>564.74</ele>
      </trkpt>
      <trkpt lat="-50.94526" lon="-72.93473">
        <ele>565.63</ele>
      </trkpt>
      <trkpt lat="-50.94523" lon="-72.93478">
        <ele>565.66</ele>
      </trkpt>
      <trkpt lat="-50.94519" lon="-72.93482">
        <ele>565.23</ele>
      </trkpt>
      <trkpt lat="-50.94514" lon="-72.93483">
        <ele>563.97</ele>
      </trkpt>
      <trkpt lat="-50.94509" lon="-72.93487">
        <ele>563.25</ele>
      </trkpt>
      <trkpt lat="-50.94508" lon="-72.93487">
        <ele>562.96</ele>
      </trkpt>
      <trkpt lat="-50.94485" lon="-72.93495">
        <ele>558.76</ele>
      </trkpt>
      <trkpt lat="-50.94485" lon="-72.93495">
        <ele>558.76</ele>
      </trkpt>
      <trkpt lat="-50.94469" lon="-72.93507">
        <ele>558.12</ele>
      </trkpt>
      <trkpt lat="-50.94469" lon="-72.93507">
        <ele>558.12</ele>
      </trkpt>
      <trkpt lat="-50.94461" lon="-72.93519">
        <ele>559.44</ele>
      </trkpt>
      <trkpt lat="-50.9446" lon="-72.93527">
        <ele>560.06</ele>
      </trkpt>
      <trkpt lat="-50.94459" lon="-72.93534">
        <ele>560.39</ele>
      </trkpt>
      <trkpt lat="-50.94455" lon="-72.93539">
        <ele>560.32</ele>
      </trkpt>
      <trkpt lat="-50.94451" lon="-72.93542">
        <ele>560.1</ele>
      </trkpt>
      <trkpt lat="-50.94447" lon="-72.93546">
        <ele>559.9</ele>
      </trkpt>
      <trkpt lat="-50.94443" lon="-72.93551">
        <ele>559.98</ele>
      </trkpt>
      <trkpt lat="-50.9444" lon="-72.93557">
        <ele>560.76</ele>
      </trkpt>
      <trkpt lat="-50.94438" lon="-72.93563">
        <ele>562.16</ele>
      </trkpt>
      <trkpt lat="-50.94437" lon="-72.93571">
        <ele>563.88</ele>
      </trkpt>
      <trkpt lat="-50.94436" lon="-72.93579">
        <ele>565.65</ele>
      </trkpt>
      <trkpt lat="-50.94434" lon="-72.93586">
        <ele>567.6</ele>
      </trkpt>
      <trkpt lat="-50.94431" lon="-72.93592">
        <ele>569.62</ele>
      </trkpt>
      <trkpt lat="-50.94431" lon="-72.93593">
        <ele>569.88</ele>
      </trkpt>
      <trkpt lat="-50.94419" lon="-72.93614">
        <ele>575.3</ele>
      </trkpt>
      <trkpt lat="-50.94414" lon="-72.93615">
        <ele>575.26</ele>
      </trkpt>
      <trkpt lat="-50.94409" lon="-72.93618">
        <ele>575.13</ele>
      </trkpt>
      <trkpt lat="-50.94404" lon="-72.93621">
        <ele>574.8</ele>
      </trkpt>
      <trkpt lat="-50.94401" lon="-72.93623">
        <ele>574.51</ele>
      </trkpt>
      <trkpt lat="-50.94385" lon="-72.93627">
        <ele>573.5</ele>
      </trkpt>
      <trkpt lat="-50.94381" lon="-72.93624">
        <ele>574.13</ele>
      </trkpt>
      <trkpt lat="-50.94377" lon="-72.93618">
        <ele>574.35</ele>
      </trkpt>
      <trkpt lat="-50.94373" lon="-72.93614">
        <ele>574.27</ele>
      </trkpt>
      <trkpt lat="-50.9437" lon="-72.93609">
        <ele>574.03</ele>
      </trkpt>
      <trkpt lat="-50.9437" lon="-72.93606">
        <ele>574.07</ele>
      </trkpt>
      <trkpt lat="-50.94361" lon="-72.93585">
        <ele>575.9</ele>
      </trkpt>
      <trkpt lat="-50.9436" lon="-72.93578">
        <ele>575.09</ele>
      </trkpt>
      <trkpt lat="-50.94359" lon="-72.9357">
        <ele>573.72</ele>
      </trkpt>
      <trkpt lat="-50.94357" lon="-72.93562">
        <ele>572.81</ele>
      </trkpt>
      <trkpt lat="-50.94355" lon="-72.93556">
        <ele>572.49</ele>
      </trkpt>
      <trkpt lat="-50.94352" lon="-72.9355">
        <ele>572.68</ele>
      </trkpt>
      <trkpt lat="-50.94348" lon="-72.93545">
        <ele>573.16</ele>
      </trkpt>
      <trkpt lat="-50.94344" lon="-72.93541">
        <ele>573.59</ele>
      </trkpt>
      <trkpt lat="-50.94343" lon="-72.9354">
        <ele>573.67</ele>
      </trkpt>
      <trkpt lat="-50.94319" lon="-72.93537">
        <ele>578.41</ele>
      </trkpt>
      <trkpt lat="-50.94319" lon="-72.93537">
        <ele>578.41</ele>
      </trkpt>
      <trkpt lat="-50.94287" lon="-72.93555">
        <ele>580.94</ele>
      </trkpt>
      <trkpt lat="-50.94283" lon="-72.93559">
        <ele>580.51</ele>
      </trkpt>
      <trkpt lat="-50.9428" lon="-72.93564">
        <ele>580.57</ele>
      </trkpt>
      <trkpt lat="-50.94276" lon="-72.9357">
        <ele>580.63</ele>
      </trkpt>
      <trkpt lat="-50.94274" lon="-72.93576">
        <ele>580.93</ele>
      </trkpt>
      <trkpt lat="-50.94272" lon="-72.93582">
        <ele>581.16</ele>
      </trkpt>
      <trkpt lat="-50.9427" lon="-72.93589">
        <ele>581.2</ele>
      </trkpt>
      <trkpt lat="-50.94267" lon="-72.93596">
        <ele>580.73</ele>
      </trkpt>
      <trkpt lat="-50.94264" lon="-72.93602">
        <ele>580.05</ele>
      </trkpt>
      <trkpt lat="-50.94261" lon="-72.93607">
        <ele>579.18</ele>
      </trkpt>
      <trkpt lat="-50.94256" lon="-72.93611">
        <ele>577.37</ele>
      </trkpt>
      <trkpt lat="-50.94252" lon="-72.93615">
        <ele>575.68</ele>
      </trkpt>
      <trkpt lat="-50.94248" lon="-72.9362">
        <ele>574.13</ele>
      </trkpt>
      <trkpt lat="-50.94247" lon="-72.9362">
        <ele>573.85</ele>
      </trkpt>
      <trkpt lat="-50.94231" lon="-72.93638">
        <ele>569.22</ele>
      </trkpt>
      <trkpt lat="-50.94231" lon="-72.93645">
        <ele>568.99</ele>
      </trkpt>
      <trkpt lat="-50.9423" lon="-72.93652">
        <ele>568.49</ele>
      </trkpt>
      <trkpt lat="-50.94229" lon="-72.9366">
        <ele>567.95</ele>
      </trkpt>
      <trkpt lat="-50.94229" lon="-72.93665">
        <ele>567.77</ele>
      </trkpt>
      <trkpt lat="-50.94235" lon="-72.93717">
        <ele>570.58</ele>
      </trkpt>
      <trkpt lat="-50.94235" lon="-72.93725">
        <ele>571.43</ele>
      </trkpt>
      <trkpt lat="-50.94234" lon="-72.93733">
        <ele>571.92</ele>
      </trkpt>
      <trkpt lat="-50.94234" lon="-72.93741">
        <ele>572.74</ele>
      </trkpt>
      <trkpt lat="-50.94232" lon="-72.93748">
        <ele>572.68</ele>
      </trkpt>
      <trkpt lat="-50.94231" lon="-72.93755">
        <ele>573.2</ele>
      </trkpt>
      <trkpt lat="-50.94229" lon="-72.93763">
        <ele>573.56</ele>
      </trkpt>
      <trkpt lat="-50.94227" lon="-72.93772">
        <ele>574.06</ele>
      </trkpt>
      <trkpt lat="-50.94225" lon="-72.93779">
        <ele>574.37</ele>
      </trkpt>
      <trkpt lat="-50.94222" lon="-72.93785">
        <ele>574.54</ele>
      </trkpt>
      <trkpt lat="-50.9422" lon="-72.93791">
        <ele>575.62</ele>
      </trkpt>
      <trkpt lat="-50.94217" lon="-72.93798">
        <ele>576.72</ele>
      </trkpt>
      <trkpt lat="-50.94215" lon="-72.93805">
        <ele>577.85</ele>
      </trkpt>
      <trkpt lat="-50.94213" lon="-72.93813">
        <ele>579.73</ele>
      </trkpt>
      <trkpt lat="-50.94213" lon="-72.93821">
        <ele>581.94</ele>
      </trkpt>
      <trkpt lat="-50.94212" lon="-72.93828">
        <ele>583.69</ele>
      </trkpt>
      <trkpt lat="-50.94211" lon="-72.93836">
        <ele>585.73</ele>
      </trkpt>
      <trkpt lat="-50.94211" lon="-72.9384">
        <ele>586.85</ele>
      </trkpt>
      <trkpt lat="-50.94203" lon="-72.93875">
        <ele>593.77</ele>
      </trkpt>
      <trkpt lat="-50.94202" lon="-72.93883">
        <ele>595.33</ele>
      </trkpt>
      <trkpt lat="-50.942" lon="-72.9389">
        <ele>596.09</ele>
      </trkpt>
      <trkpt lat="-50.94199" lon="-72.93897">
        <ele>596.22</ele>
      </trkpt>
      <trkpt lat="-50.94198" lon="-72.93906">
        <ele>596.37</ele>
      </trkpt>
      <trkpt lat="-50.94197" lon="-72.93915">
        <ele>596.38</ele>
      </trkpt>
      <trkpt lat="-50.94197" lon="-72.93918">
        <ele>596.67</ele>
      </trkpt>
      <trkpt lat="-50.94186" lon="-72.93968">
        <ele>602.98</ele>
      </trkpt>
      <trkpt lat="-50.94186" lon="-72.93968">
        <ele>602.98</ele>
      </trkpt>
      <trkpt lat="-50.94175" lon="-72.93994">
        <ele>606.9</ele>
      </trkpt>
      <trkpt lat="-50.94174" lon="-72.94001">
        <ele>608.58</ele>
      </trkpt>
      <trkpt lat="-50.94173" lon="-72.94009">
        <ele>610.76</ele>
      </trkpt>
      <trkpt lat="-50.94173" lon="-72.94017">
        <ele>613.52</ele>
      </trkpt>
      <trkpt lat="-50.9417" lon="-72.94023">
        <ele>613.24</ele>
      </trkpt>
      <trkpt lat="-50.94168" lon="-72.9403">
        <ele>614.0</ele>
      </trkpt>
      <trkpt lat="-50.94165" lon="-72.94036">
        <ele>614.95</ele>
      </trkpt>
      <trkpt lat="-50.94162" lon="-72.94043">
        <ele>616.88</ele>
      </trkpt>
      <trkpt lat="-50.9416" lon="-72.94051">
        <ele>619.07</ele>
      </trkpt>
      <trkpt lat="-50.9416" lon="-72.94059">
        <ele>621.66</ele>
      </trkpt>
      <trkpt lat="-50.94159" lon="-72.94067">
        <ele>623.68</ele>
      </trkpt>
      <trkpt lat="-50.94158" lon="-72.94075">
        <ele>625.57</ele>
      </trkpt>
      <trkpt lat="-50.94156" lon="-72.94082">
        <ele>626.49</ele>
      </trkpt>
      <trkpt lat="-50.94154" lon="-72.94089">
        <ele>627.58</ele>
      </trkpt>
      <trkpt lat="-50.94153" lon="-72.94096">
        <ele>629.25</ele>
      </trkpt>
      <trkpt lat="-50.94153" lon="-72.94097">
        <ele>629.57</ele>
      </trkpt>
      <trkpt lat="-50.94146" lon="-72.94123">
        <ele>631.9</ele>
      </trkpt>
      <trkpt lat="-50.94146" lon="-72.94132">
        <ele>634.0</ele>
      </trkpt>
      <trkpt lat="-50.94146" lon="-72.94139">
        <ele>635.63</ele>
      </trkpt>
      <trkpt lat="-50.94147" lon="-72.94146">
        <ele>637.54</ele>
      </trkpt>
      <trkpt lat="-50.94149" lon="-72.94154">
        <ele>640.27</ele>
      </trkpt>
      <trkpt lat="-50.94149" lon="-72.94163">
        <ele>641.89</ele>
      </trkpt>
      <trkpt lat="-50.94149" lon="-72.9417">
        <ele>643.15</ele>
      </trkpt>
      <trkpt lat="-50.94148" lon="-72.94177">
        <ele>643.76</ele>
      </trkpt>
      <trkpt lat="-50.94148" lon="-72.94185">
        <ele>645.2</ele>
      </trkpt>
      <trkpt lat="-50.94149" lon="-72.94193">
        <ele>647.29</ele>
      </trkpt>
      <trkpt lat="-50.9415" lon="-72.94199">
        <ele>649.68</ele>
      </trkpt>
      <trkpt lat="-50.94146" lon="-72.9423">
        <ele>657.71</ele>
      </trkpt>
      <trkpt lat="-50.94146" lon="-72.94238">
        <ele>660.16</ele>
      </trkpt>
      <trkpt lat="-50.94147" lon="-72.94245">
        <ele>662.83</ele>
      </trkpt>
      <trkpt lat="-50.94145" lon="-72.94253">
        <ele>663.83</ele>
      </trkpt>
      <trkpt lat="-50.94143" lon="-72.9426">
        <ele>664.11</ele>
      </trkpt>
      <trkpt lat="-50.94142" lon="-72.94268">
        <ele>665.21</ele>
      </trkpt>
      <trkpt lat="-50.94143" lon="-72.94276">
        <ele>667.14</ele>
      </trkpt>
      <trkpt lat="-50.94146" lon="-72.94283">
        <ele>668.89</ele>
      </trkpt>
      <trkpt lat="-50.94146" lon="-72.94284">
        <ele>668.96</ele>
      </trkpt>
      <trkpt lat="-50.94146" lon="-72.94285">
        <ele>669.02</ele>
      </trkpt>
      <trkpt lat="-50.94156" lon="-72.94313">
        <ele>675.81</ele>
      </trkpt>
      <trkpt lat="-50.94164" lon="-72.94325">
        <ele>680.85</ele>
      </trkpt>
      <trkpt lat="-50.94177" lon="-72.94342">
        <ele>691.04</ele>
      </trkpt>
      <trkpt lat="-50.94189" lon="-72.9436">
        <ele>702.51</ele>
      </trkpt>
      <trkpt lat="-50.94191" lon="-72.94362">
        <ele>704.38</ele>
      </trkpt>
      <trkpt lat="-50.94196" lon="-72.94367">
        <ele>707.92</ele>
      </trkpt>
      <trkpt lat="-50.94212" lon="-72.94375">
        <ele>712.61</ele>
      </trkpt>
      <trkpt lat="-50.94224" lon="-72.9439">
        <ele>719.74</ele>
      </trkpt>
      <trkpt lat="-50.94228" lon="-72.94394">
        <ele>721.47</ele>
      </trkpt>
      <trkpt lat="-50.94232" lon="-72.94398">
        <ele>723.2</ele>
      </trkpt>
      <trkpt lat="-50.94234" lon="-72.94406">
        <ele>724.28</ele>
      </trkpt>
      <trkpt lat="-50.94234" lon="-72.94413">
        <ele>724.53</ele>
      </trkpt>
      <trkpt lat="-50.94235" lon="-72.94421">
        <ele>725.13</ele>
      </trkpt>
      <trkpt lat="-50.94239" lon="-72.94426">
        <ele>726.85</ele>
      </trkpt>
      <trkpt lat="-50.94244" lon="-72.94429">
        <ele>728.97</ele>
      </trkpt>
      <trkpt lat="-50.94248" lon="-72.94432">
        <ele>730.72</ele>
      </trkpt>
      <trkpt lat="-50.94252" lon="-72.94437">
        <ele>733.26</ele>
      </trkpt>
      <trkpt lat="-50.94256" lon="-72.94441">
        <ele>736.55</ele>
      </trkpt>
      <trkpt lat="-50.94258" lon="-72.94448">
        <ele>739.16</ele>
      </trkpt>
      <trkpt lat="-50.94261" lon="-72.94455">
        <ele>742.78</ele>
      </trkpt>
      <trkpt lat="-50.94265" lon="-72.94459">
        <ele>746.05</ele>
      </trkpt>
      <trkpt lat="-50.94269" lon="-72.9446">
        <ele>748.64</ele>
      </trkpt>
      <trkpt lat="-50.94274" lon="-72.94457">
        <ele>751.56</ele>
      </trkpt>
      <trkpt lat="-50.94276" lon="-72.94451">
        <ele>752.73</ele>
      </trkpt>
      <trkpt lat="-50.94277" lon="-72.94443">
        <ele>753.18</ele>
      </trkpt>
      <trkpt lat="-50.94276" lon="-72.94435">
        <ele>751.3</ele>
      </trkpt>
      <trkpt lat="-50.94277" lon="-72.94428">
        <ele>751.07</ele>
      </trkpt>
      <trkpt lat="-50.9428" lon="-72.94424">
        <ele>752.68</ele>
      </trkpt>
      <trkpt lat="-50.94284" lon="-72.94428">
        <ele>755.87</ele>
      </trkpt>
      <trkpt lat="-50.94288" lon="-72.94432">
        <ele>758.64</ele>
      </trkpt>
      <trkpt lat="-50.94293" lon="-72.9443">
        <ele>761.89</ele>
      </trkpt>
      <trkpt lat="-50.94295" lon="-72.94424">
        <ele>763.68</ele>
      </trkpt>
      <trkpt lat="-50.94295" lon="-72.94417">
        <ele>764.23</ele>
      </trkpt>
      <trkpt lat="-50.94295" lon="-72.9441">
        <ele>764.14</ele>
      </trkpt>
      <trkpt lat="-50.94298" lon="-72.94404">
        <ele>766.7</ele>
      </trkpt>
      <trkpt lat="-50.94302" lon="-72.944">
        <ele>770.35</ele>
      </trkpt>
      <trkpt lat="-50.94302" lon="-72.944">
        <ele>770.35</ele>
      </trkpt>
      <trkpt lat="-50.94322" lon="-72.9441">
        <ele>783.59</ele>
      </trkpt>
      <trkpt lat="-50.94326" lon="-72.94416">
        <ele>785.57</ele>
      </trkpt>
      <trkpt lat="-50.94329" lon="-72.94421">
        <ele>786.68</ele>
      </trkpt>
      <trkpt lat="-50.94332" lon="-72.94426">
        <ele>787.81</ele>
      </trkpt>
      <trkpt lat="-50.94335" lon="-72.94432">
        <ele>788.66</ele>
      </trkpt>
      <trkpt lat="-50.94337" lon="-72.94439">
        <ele>788.66</ele>
      </trkpt>
      <trkpt lat="-50.94339" lon="-72.94447">
        <ele>788.73</ele>
      </trkpt>
      <trkpt lat="-50.94342" lon="-72.94453">
        <ele>790.04</ele>
      </trkpt>
      <trkpt lat="-50.94345" lon="-72.9446">
        <ele>791.47</ele>
      </trkpt>
      <trkpt lat="-50.94346" lon="-72.94464">
        <ele>791.94</ele>
      </trkpt>
      <trkpt lat="-50.94355" lon="-72.94491">
        <ele>794.33</ele>
      </trkpt>
      <trkpt lat="-50.94358" lon="-72.94496">
        <ele>795.1</ele>
      </trkpt>
      <trkpt lat="-50.94362" lon="-72.945">
        <ele>796.58</ele>
      </trkpt>
      <trkpt lat="-50.94367" lon="-72.94504">
        <ele>799.72</ele>
      </trkpt>
      <trkpt lat="-50.94371" lon="-72.94509">
        <ele>802.06</ele>
      </trkpt>
      <trkpt lat="-50.94374" lon="-72.94514">
        <ele>803.65</ele>
      </trkpt>
      <trkpt lat="-50.94377" lon="-72.94521">
        <ele>805.0</ele>
      </trkpt>
      <trkpt lat="-50.9438" lon="-72.94526">
        <ele>806.33</ele>
      </trkpt>
      <trkpt lat="-50.94384" lon="-72.94532">
        <ele>808.92</ele>
      </trkpt>
      <trkpt lat="-50.94388" lon="-72.94537">
        <ele>811.56</ele>
      </trkpt>
      <trkpt lat="-50.94392" lon="-72.94541">
        <ele>814.0</ele>
      </trkpt>
      <trkpt lat="-50.94395" lon="-72.94545">
        <ele>815.89</ele>
      </trkpt>
      <trkpt lat="-50.94399" lon="-72.9455">
        <ele>818.28</ele>
      </trkpt>
      <trkpt lat="-50.94403" lon="-72.94554">
        <ele>820.49</ele>
      </trkpt>
      <trkpt lat="-50.94406" lon="-72.94559">
        <ele>822.48</ele>
      </trkpt>
      <trkpt lat="-50.9441" lon="-72.94565">
        <ele>825.06</ele>
      </trkpt>
      <trkpt lat="-50.94412" lon="-72.94571">
        <ele>826.67</ele>
      </trkpt>
      <trkpt lat="-50.94414" lon="-72.94579">
        <ele>828.45</ele>
      </trkpt>
      <trkpt lat="-50.94414" lon="-72.94586">
        <ele>829.77</ele>
      </trkpt>
      <trkpt lat="-50.94411" lon="-72.94592">
        <ele>830.31</ele>
      </trkpt>
      <trkpt lat="-50.94407" lon="-72.94597">
        <ele>829.92</ele>
      </trkpt>
      <trkpt lat="-50.94405" lon="-72.94604">
        <ele>830.83</ele>
      </trkpt>
      <trkpt lat="-50.94408" lon="-72.9461">
        <ele>834.01</ele>
      </trkpt>
      <trkpt lat="-50.94412" lon="-72.94613">
        <ele>836.72</ele>
      </trkpt>
      <trkpt lat="-50.94415" lon="-72.94615">
        <ele>838.55</ele>
      </trkpt>
      <trkpt lat="-50.94418" lon="-72.94627">
        <ele>841.05</ele>
      </trkpt>
      <trkpt lat="-50.94418" lon="-72.94635">
        <ele>841.92</ele>
      </trkpt>
      <trkpt lat="-50.94417" lon="-72.94642">
        <ele>842.42</ele>
      </trkpt>
      <trkpt lat="-50.94417" lon="-72.94649">
        <ele>843.17</ele>
      </trkpt>
      <trkpt lat="-50.94418" lon="-72.94657">
        <ele>844.23</ele>
      </trkpt>
      <trkpt lat="-50.94421" lon="-72.94663">
        <ele>845.43</ele>
      </trkpt>
      <trkpt lat="-50.94422" lon="-72.9467">
        <ele>846.44</ele>
      </trkpt>
      <trkpt lat="-50.94422" lon="-72.94677">
        <ele>847.45</ele>
      </trkpt>
      <trkpt lat="-50.94422" lon="-72.94678">
        <ele>847.59</ele>
      </trkpt>
      <trkpt lat="-50.94414" lon="-72.947">
        <ele>849.67</ele>
      </trkpt>
      <trkpt lat="-50.94414" lon="-72.947">
        <ele>849.67</ele>
      </trkpt>
      <trkpt lat="-50.94399" lon="-72.94716">
        <ele>851.82</ele>
      </trkpt>
      <trkpt lat="-50.94399" lon="-72.94716">
        <ele>851.82</ele>
      </trkpt>
      <trkpt lat="-50.94372" lon="-72.9472">
        <ele>849.32</ele>
      </trkpt>
      <trkpt lat="-50.94372" lon="-72.9472">
        <ele>849.32</ele>
      </trkpt>
      <trkpt lat="-50.9436" lon="-72.94732">
        <ele>853.56</ele>
      </trkpt>
      <trkpt lat="-50.9436" lon="-72.94732">
        <ele>853.56</ele>
      </trkpt>
      <trkpt lat="-50.94346" lon="-72.94739">
        <ele>856.02</ele>
      </trkpt>
      <trkpt lat="-50.94346" lon="-72.94739">
        <ele>856.02</ele>
      </trkpt>
      <trkpt lat="-50.94332" lon="-72.94756">
        <ele>860.51</ele>
      </trkpt>
      <trkpt lat="-50.94332" lon="-72.94756">
        <ele>860.51</ele>
      </trkpt>
      <trkpt lat="-50.94323" lon="-72.94782">
        <ele>865.38</ele>
      </trkpt>
      <trkpt lat="-50.94323" lon="-72.94789">
        <ele>866.58</ele>
      </trkpt>
      <trkpt lat="-50.94323" lon="-72.94798">
        <ele>868.12</ele>
      </trkpt>
      <trkpt lat="-50.94326" lon="-72.94805">
        <ele>870.93</ele>
      </trkpt>
      <trkpt lat="-50.94328" lon="-72.94812">
        <ele>871.92</ele>
      </trkpt>
      <trkpt lat="-50.9433" lon="-72.94819">
        <ele>872.58</ele>
      </trkpt>
      <trkpt lat="-50.94332" lon="-72.94826">
        <ele>873.02</ele>
      </trkpt>
      <trkpt lat="-50.94333" lon="-72.94834">
        <ele>872.99</ele>
      </trkpt>
      <trkpt lat="-50.94331" lon="-72.94841">
        <ele>873.3</ele>
      </trkpt>
      <trkpt lat="-50.94329" lon="-72.94843">
        <ele>872.88</ele>
      </trkpt>
      <trkpt lat="-50.94311" lon="-72.94845">
        <ele>866.77</ele>
      </trkpt>
      <trkpt lat="-50.94311" lon="-72.94845">
        <ele>866.77</ele>
      </trkpt>
      <trkpt lat="-50.94296" lon="-72.94838">
        <ele>860.44</ele>
      </trkpt>
      <trkpt lat="-50.94296" lon="-72.94838">
        <ele>860.44</ele>
      </trkpt>
      <trkpt lat="-50.94277" lon="-72.94838">
        <ele>852.81</ele>
      </trkpt>
      <trkpt lat="-50.94272" lon="-72.94838">
        <ele>851.55</ele>
      </trkpt>
      <trkpt lat="-50.94267" lon="-72.94838">
        <ele>850.29</ele>
      </trkpt>
      <trkpt lat="-50.94262" lon="-72.94839">
        <ele>849.25</ele>
      </trkpt>
      <trkpt lat="-50.94258" lon="-72.94841">
        <ele>848.67</ele>
      </trkpt>
      <trkpt lat="-50.94253" lon="-72.94844">
        <ele>848.06</ele>
      </trkpt>
      <trkpt lat="-50.94249" lon="-72.94847">
        <ele>847.75</ele>
      </trkpt>
      <trkpt lat="-50.94244" lon="-72.94849">
        <ele>847.15</ele>
      </trkpt>
      <trkpt lat="-50.9424" lon="-72.9485">
        <ele>846.51</ele>
      </trkpt>
      <trkpt lat="-50.94237" lon="-72.94856">
        <ele>846.88</ele>
      </trkpt>
      <trkpt lat="-50.94234" lon="-72.94862">
        <ele>847.08</ele>
      </trkpt>
      <trkpt lat="-50.94234" lon="-72.9487">
        <ele>848.11</ele>
      </trkpt>
      <trkpt lat="-50.94236" lon="-72.94877">
        <ele>849.48</ele>
      </trkpt>
      <trkpt lat="-50.94238" lon="-72.94884">
        <ele>850.8</ele>
      </trkpt>
      <trkpt lat="-50.94239" lon="-72.9489">
        <ele>851.66</ele>
      </trkpt>
      <trkpt lat="-50.94238" lon="-72.94912">
        <ele>852.37</ele>
      </trkpt>
      <trkpt lat="-50.94239" lon="-72.9492">
        <ele>852.53</ele>
      </trkpt>
      <trkpt lat="-50.94242" lon="-72.94926">
        <ele>852.47</ele>
      </trkpt>
      <trkpt lat="-50.94245" lon="-72.94931">
        <ele>852.4</ele>
      </trkpt>
      <trkpt lat="-50.94249" lon="-72.94935">
        <ele>852.33</ele>
      </trkpt>
      <trkpt lat="-50.94254" lon="-72.94938">
        <ele>852.84</ele>
      </trkpt>
      <trkpt lat="-50.94258" lon="-72.94941">
        <ele>853.31</ele>
      </trkpt>
      <trkpt lat="-50.94262" lon="-72.94943">
        <ele>853.8</ele>
      </trkpt>
      <trkpt lat="-50.94267" lon="-72.94946">
        <ele>854.31</ele>
      </trkpt>
      <trkpt lat="-50.94272" lon="-72.94949">
        <ele>854.81</ele>
      </trkpt>
      <trkpt lat="-50.94276" lon="-72.94951">
        <ele>855.26</ele>
      </trkpt>
      <trkpt lat="-50.9428" lon="-72.94953">
        <ele>855.7</ele>
      </trkpt>
      <trkpt lat="-50.94301" lon="-72.94976">
        <ele>856.89</ele>
      </trkpt>
      <trkpt lat="-50.94301" lon="-72.94976">
        <ele>856.89</ele>
      </trkpt>
      <trkpt lat="-50.94313" lon="-72.94998">
        <ele>856.59</ele>
      </trkpt>
      <trkpt lat="-50.94313" lon="-72.94998">
        <ele>856.59</ele>
      </trkpt>
      <trkpt lat="-50.94314" lon="-72.95014">
        <ele>853.85</ele>
      </trkpt>
      <trkpt lat="-50.94314" lon="-72.95014">
        <ele>853.85</ele>
      </trkpt>
      <trkpt lat="-50.94314" lon="-72.95014">
        <ele>853.85</ele>
      </trkpt>
      <trkpt lat="-50.94313" lon="-72.94998">
        <ele>856.59</ele>
      </trkpt>
      <trkpt lat="-50.94313" lon="-72.94998">
        <ele>856.59</ele>
      </trkpt>
      <trkpt lat="-50.94312" lon="-72.94995">
        <ele>856.78</ele>
      </trkpt>
      <trkpt lat="-50.94301" lon="-72.94976">
        <ele>856.89</ele>
      </trkpt>
      <trkpt lat="-50.94301" lon="-72.94976">
        <ele>856.89</ele>
      </trkpt>
      <trkpt lat="-50.9428" lon="-72.94953">
        <ele>855.7</ele>
      </trkpt>
      <trkpt lat="-50.94276" lon="-72.94951">
        <ele>855.26</ele>
      </trkpt>
      <trkpt lat="-50.94272" lon="-72.94949">
        <ele>854.81</ele>
      </trkpt>
      <trkpt lat="-50.94267" lon="-72.94946">
        <ele>854.31</ele>
      </trkpt>
      <trkpt lat="-50.94262" lon="-72.94943">
        <ele>853.8</ele>
      </trkpt>
      <trkpt lat="-50.94258" lon="-72.94941">
        <ele>853.31</ele>
      </trkpt>
      <trkpt lat="-50.94254" lon="-72.94938">
        <ele>852.84</ele>
      </trkpt>
      <trkpt lat="-50.94249" lon="-72.94935">
        <ele>852.33</ele>
      </trkpt>
      <trkpt lat="-50.94245" lon="-72.94931">
        <ele>852.4</ele>
      </trkpt>
      <trkpt lat="-50.94242" lon="-72.94926">
        <ele>852.47</ele>
      </trkpt>
      <trkpt lat="-50.94239" lon="-72.9492">
        <ele>852.53</ele>
      </trkpt>
      <trkpt lat="-50.94238" lon="-72.94912">
        <ele>852.37</ele>
      </trkpt>
      <trkpt lat="-50.94239" lon="-72.9489">
        <ele>851.66</ele>
      </trkpt>
      <trkpt lat="-50.94238" lon="-72.94884">
        <ele>850.8</ele>
      </trkpt>
      <trkpt lat="-50.94236" lon="-72.94877">
        <ele>849.48</ele>
      </trkpt>
      <trkpt lat="-50.94234" lon="-72.9487">
        <ele>848.11</ele>
      </trkpt>
      <trkpt lat="-50.94234" lon="-72.94862">
        <ele>847.08</ele>
      </trkpt>
      <trkpt lat="-50.94237" lon="-72.94856">
        <ele>846.88</ele>
      </trkpt>
      <trkpt lat="-50.9424" lon="-72.9485">
        <ele>846.51</ele>
      </trkpt>
      <trkpt lat="-50.94244" lon="-72.94849">
        <ele>847.15</ele>
      </trkpt>
      <trkpt lat="-50.94249" lon="-72.94847">
        <ele>847.75</ele>
      </trkpt>
      <trkpt lat="-50.94253" lon="-72.94844">
        <ele>848.06</ele>
      </trkpt>
      <trkpt lat="-50.94258" lon="-72.94841">
        <ele>848.67</ele>
      </trkpt>
      <trkpt lat="-50.94262" lon="-72.94839">
        <ele>849.25</ele>
      </trkpt>
      <trkpt lat="-50.94267" lon="-72.94838">
        <ele>850.29</ele>
      </trkpt>
      <trkpt lat="-50.94272" lon="-72.94838">
        <ele>851.55</ele>
      </trkpt>
      <trkpt lat="-50.94277" lon="-72.94838">
        <ele>852.81</ele>
      </trkpt>
      <trkpt lat="-50.94296" lon="-72.94838">
        <ele>860.44</ele>
      </trkpt>
      <trkpt lat="-50.94296" lon="-72.94838">
        <ele>860.44</ele>
      </trkpt>
      <trkpt lat="-50.94311" lon="-72.94845">
        <ele>866.77</ele>
      </trkpt>
      <trkpt lat="-50.94311" lon="-72.94845">
        <ele>866.77</ele>
      </trkpt>
      <trkpt lat="-50.94329" lon="-72.94843">
        <ele>872.88</ele>
      </trkpt>
      <trkpt lat="-50.94331" lon="-72.94841">
        <ele>873.3</ele>
      </trkpt>
      <trkpt lat="-50.94333" lon="-72.94834">
        <ele>872.99</ele>
      </trkpt>
      <trkpt lat="-50.94332" lon="-72.94826">
        <ele>873.02</ele>
      </trkpt>
      <trkpt lat="-50.9433" lon="-72.94819">
        <ele>872.58</ele>
      </trkpt>
      <trkpt lat="-50.94328" lon="-72.94812">
        <ele>871.92</ele>
      </trkpt>
      <trkpt lat="-50.94326" lon="-72.94805">
        <ele>870.93</ele>
      </trkpt>
      <trkpt lat="-50.94323" lon="-72.94798">
        <ele>868.12</ele>
      </trkpt>
      <trkpt lat="-50.94323" lon="-72.94789">
        <ele>866.58</ele>
      </trkpt>
      <trkpt lat="-50.94323" lon="-72.94782">
        <ele>865.38</ele>
      </trkpt>
      <trkpt lat="-50.94332" lon="-72.94756">
        <ele>860.51</ele>
      </trkpt>
      <trkpt lat="-50.94332" lon="-72.94756">
        <ele>860.51</ele>
      </trkpt>
      <trkpt lat="-50.94346" lon="-72.94739">
        <ele>856.02</ele>
      </trkpt>
      <trkpt lat="-50.94346" lon="-72.94739">
        <ele>856.02</ele>
      </trkpt>
      <trkpt lat="-50.9436" lon="-72.94732">
        <ele>853.56</ele>
      </trkpt>
      <trkpt lat="-50.9436" lon="-72.94732">
        <ele>853.56</ele>
      </trkpt>
      <trkpt lat="-50.94372" lon="-72.9472">
        <ele>849.32</ele>
      </trkpt>
      <trkpt lat="-50.94372" lon="-72.9472">
        <ele>849.32</ele>
      </trkpt>
      <trkpt lat="-50.94399" lon="-72.94716">
        <ele>851.82</ele>
      </trkpt>
      <trkpt lat="-50.94399" lon="-72.94716">
        <ele>851.82</ele>
      </trkpt>
      <trkpt lat="-50.94414" lon="-72.947">
        <ele>849.67</ele>
      </trkpt>
      <trkpt lat="-50.94414" lon="-72.947">
        <ele>849.67</ele>
      </trkpt>
      <trkpt lat="-50.94422" lon="-72.94678">
        <ele>847.59</ele>
      </trkpt>
      <trkpt lat="-50.94422" lon="-72.94677">
        <ele>847.45</ele>
      </trkpt>
      <trkpt lat="-50.94422" lon="-72.9467">
        <ele>846.44</ele>
      </trkpt>
      <trkpt lat="-50.94421" lon="-72.94663">
        <ele>845.43</ele>
      </trkpt>
      <trkpt lat="-50.94418" lon="-72.94657">
        <ele>844.23</ele>
      </trkpt>
      <trkpt lat="-50.94417" lon="-72.94649">
        <ele>843.17</ele>
      </trkpt>
      <trkpt lat="-50.94417" lon="-72.94642">
        <ele>842.42</ele>
      </trkpt>
      <trkpt lat="-50.94418" lon="-72.94635">
        <ele>841.92</ele>
      </trkpt>
      <trkpt lat="-50.94418" lon="-72.94627">
        <ele>841.05</ele>
      </trkpt>
      <trkpt lat="-50.94415" lon="-72.94615">
        <ele>838.55</ele>
      </trkpt>
      <trkpt lat="-50.94412" lon="-72.94613">
        <ele>836.72</ele>
      </trkpt>
      <trkpt lat="-50.94408" lon="-72.9461">
        <ele>834.01</ele>
      </trkpt>
      <trkpt lat="-50.94405" lon="-72.94604">
        <ele>830.83</ele>
      </trkpt>
      <trkpt lat="-50.94407" lon="-72.94597">
        <ele>829.92</ele>
      </trkpt>
      <trkpt lat="-50.94411" lon="-72.94592">
        <ele>830.31</ele>
      </trkpt>
      <trkpt lat="-50.94414" lon="-72.94586">
        <ele>829.77</ele>
      </trkpt>
      <trkpt lat="-50.94414" lon="-72.94579">
        <ele>828.45</ele>
      </trkpt>
      <trkpt lat="-50.94412" lon="-72.94571">
        <ele>826.67</ele>
      </trkpt>
      <trkpt lat="-50.9441" lon="-72.94565">
        <ele>825.06</ele>
      </trkpt>
      <trkpt lat="-50.94406" lon="-72.94559">
        <ele>822.48</ele>
      </trkpt>
      <trkpt lat="-50.94403" lon="-72.94554">
        <ele>820.49</ele>
      </trkpt>
      <trkpt lat="-50.94399" lon="-72.9455">
        <ele>818.28</ele>
      </trkpt>
      <trkpt lat="-50.94395" lon="-72.94545">
        <ele>815.89</ele>
      </trkpt>
      <trkpt lat="-50.94392" lon="-72.94541">
        <ele>814.0</ele>
      </trkpt>
      <trkpt lat="-50.94388" lon="-72.94537">
        <ele>811.56</ele>
      </trkpt>
      <trkpt lat="-50.94384" lon="-72.94532">
        <ele>808.92</ele>
      </trkpt>
      <trkpt lat="-50.9438" lon="-72.94526">
        <ele>806.33</ele>
      </trkpt>
      <trkpt lat="-50.94377" lon="-72.94521">
        <ele>805.0</ele>
      </trkpt>
      <trkpt lat="-50.94374" lon="-72.94514">
        <ele>803.65</ele>
      </trkpt>
      <trkpt lat="-50.94371" lon="-72.94509">
        <ele>802.06</ele>
      </trkpt>
      <trkpt lat="-50.94367" lon="-72.94504">
        <ele>799.72</ele>
      </trkpt>
      <trkpt lat="-50.94362" lon="-72.945">
        <ele>796.58</ele>
      </trkpt>
      <trkpt lat="-50.94358" lon="-72.94496">
        <ele>795.1</ele>
      </trkpt>
      <trkpt lat="-50.94355" lon="-72.94491">
        <ele>794.33</ele>
      </trkpt>
      <trkpt lat="-50.94346" lon="-72.94464">
        <ele>791.94</ele>
      </trkpt>
      <trkpt lat="-50.94345" lon="-72.9446">
        <ele>791.47</ele>
      </trkpt>
      <trkpt lat="-50.94342" lon="-72.94453">
        <ele>790.04</ele>
      </trkpt>
      <trkpt lat="-50.94339" lon="-72.94447">
        <ele>788.73</ele>
      </trkpt>
      <trkpt lat="-50.94337" lon="-72.94439">
        <ele>788.66</ele>
      </trkpt>
      <trkpt lat="-50.94335" lon="-72.94432">
        <ele>788.66</ele>
      </trkpt>
      <trkpt lat="-50.94332" lon="-72.94426">
        <ele>787.81</ele>
      </trkpt>
      <trkpt lat="-50.94329" lon="-72.94421">
        <ele>786.68</ele>
      </trkpt>
      <trkpt lat="-50.94326" lon="-72.94416">
        <ele>785.57</ele>
      </trkpt>
      <trkpt lat="-50.94322" lon="-72.9441">
        <ele>783.59</ele>
      </trkpt>
      <trkpt lat="-50.94302" lon="-72.944">
        <ele>770.35</ele>
      </trkpt>
      <trkpt lat="-50.94302" lon="-72.944">
        <ele>770.35</ele>
      </trkpt>
      <trkpt lat="-50.94298" lon="-72.94404">
        <ele>766.7</ele>
      </trkpt>
      <trkpt lat="-50.94295" lon="-72.9441">
        <ele>764.14</ele>
      </trkpt>
      <trkpt lat="-50.94295" lon="-72.94417">
        <ele>764.23</ele>
      </trkpt>
      <trkpt lat="-50.94295" lon="-72.94424">
        <ele>763.68</ele>
      </trkpt>
      <trkpt lat="-50.94293" lon="-72.9443">
        <ele>761.89</ele>
      </trkpt>
      <trkpt lat="-50.94288" lon="-72.94432">
        <ele>758.64</ele>
      </trkpt>
      <trkpt lat="-50.94284" lon="-72.94428">
        <ele>755.87</ele>
      </trkpt>
      <trkpt lat="-50.9428" lon="-72.94424">
        <ele>752.68</ele>
      </trkpt>
      <trkpt lat="-50.94277" lon="-72.94428">
        <ele>751.07</ele>
      </trkpt>
      <trkpt lat="-50.94276" lon="-72.94435">
        <ele>751.3</ele>
      </trkpt>
      <trkpt lat="-50.94277" lon="-72.94443">
        <ele>753.18</ele>
      </trkpt>
      <trkpt lat="-50.94276" lon="-72.94451">
        <ele>752.73</ele>
      </trkpt>
      <trkpt lat="-50.94274" lon="-72.94457">
        <ele>751.56</ele>
      </trkpt>
      <trkpt lat="-50.94269" lon="-72.9446">
        <ele>748.64</ele>
      </trkpt>
      <trkpt lat="-50.94265" lon="-72.94459">
        <ele>746.05</ele>
      </trkpt>
      <trkpt lat="-50.94261" lon="-72.94455">
        <ele>742.78</ele>
      </trkpt>
      <trkpt lat="-50.94258" lon="-72.94448">
        <ele>739.16</ele>
      </trkpt>
      <trkpt lat="-50.94256" lon="-72.94441">
        <ele>736.55</ele>
      </trkpt>
      <trkpt lat="-50.94252" lon="-72.94437">
        <ele>733.26</ele>
      </trkpt>
      <trkpt lat="-50.94248" lon="-72.94432">
        <ele>730.72</ele>
      </trkpt>
      <trkpt lat="-50.94244" lon="-72.94429">
        <ele>728.97</ele>
      </trkpt>
      <trkpt lat="-50.94239" lon="-72.94426">
        <ele>726.85</ele>
      </trkpt>
      <trkpt lat="-50.94235" lon="-72.94421">
        <ele>725.13</ele>
      </trkpt>
      <trkpt lat="-50.94234" lon="-72.94413">
        <ele>724.53</ele>
      </trkpt>
      <trkpt lat="-50.94234" lon="-72.94406">
        <ele>724.28</ele>
      </trkpt>
      <trkpt lat="-50.94232" lon="-72.94398">
        <ele>723.2</ele>
      </trkpt>
      <trkpt lat="-50.94228" lon="-72.94394">
        <ele>721.47</ele>
      </trkpt>
      <trkpt lat="-50.94224" lon="-72.9439">
        <ele>719.74</ele>
      </trkpt>
      <trkpt lat="-50.94212" lon="-72.94375">
        <ele>712.61</ele>
      </trkpt>
      <trkpt lat="-50.94196" lon="-72.94367">
        <ele>707.92</ele>
      </trkpt>
      <trkpt lat="-50.94191" lon="-72.94362">
        <ele>704.38</ele>
      </trkpt>
      <trkpt lat="-50.94189" lon="-72.9436">
        <ele>702.51</ele>
      </trkpt>
      <trkpt lat="-50.94177" lon="-72.94342">
        <ele>691.04</ele>
      </trkpt>
      <trkpt lat="-50.94164" lon="-72.94325">
        <ele>680.85</ele>
      </trkpt>
      <trkpt lat="-50.94156" lon="-72.94313">
        <ele>675.81</ele>
      </trkpt>
      <trkpt lat="-50.94146" lon="-72.94285">
        <ele>669.02</ele>
      </trkpt>
      <trkpt lat="-50.94146" lon="-72.94284">
        <ele>668.96</ele>
      </trkpt>
      <trkpt lat="-50.94146" lon="-72.94283">
        <ele>668.89</ele>
      </trkpt>
      <trkpt lat="-50.94143" lon="-72.94276">
        <ele>667.14</ele>
      </trkpt>
      <trkpt lat="-50.94142" lon="-72.94268">
        <ele>665.21</ele>
      </trkpt>
      <trkpt lat="-50.94143" lon="-72.9426">
        <ele>664.11</ele>
      </trkpt>
      <trkpt lat="-50.94145" lon="-72.94253">
        <ele>663.83</ele>
      </trkpt>
      <trkpt lat="-50.94147" lon="-72.94245">
        <ele>662.83</ele>
      </trkpt>
      <trkpt lat="-50.94146" lon="-72.94238">
        <ele>660.16</ele>
      </trkpt>
      <trkpt lat="-50.94146" lon="-72.9423">
        <ele>657.71</ele>
      </trkpt>
      <trkpt lat="-50.9415" lon="-72.94199">
        <ele>649.68</ele>
      </trkpt>
      <trkpt lat="-50.94149" lon="-72.94193">
        <ele>647.29</ele>
      </trkpt>
      <trkpt lat="-50.94148" lon="-72.94185">
        <ele>645.2</ele>
      </trkpt>
      <trkpt lat="-50.94148" lon="-72.94177">
        <ele>643.76</ele>
      </trkpt>
      <trkpt lat="-50.94149" lon="-72.9417">
        <ele>643.15</ele>
      </trkpt>
      <trkpt lat="-50.94149" lon="-72.94163">
        <ele>641.89</ele>
      </trkpt>
      <trkpt lat="-50.94149" lon="-72.94154">
        <ele>640.27</ele>
      </trkpt>
      <trkpt lat="-50.94147" lon="-72.94146">
        <ele>637.54</ele>
      </trkpt>
      <trkpt lat="-50.94146" lon="-72.94139">
        <ele>635.63</ele>
      </trkpt>
      <trkpt lat="-50.94146" lon="-72.94132">
        <ele>634.0</ele>
      </trkpt>
      <trkpt lat="-50.94146" lon="-72.94123">
        <ele>631.9</ele>
      </trkpt>
      <trkpt lat="-50.94153" lon="-72.94097">
        <ele>629.57</ele>
      </trkpt>
      <trkpt lat="-50.94153" lon="-72.94096">
        <ele>629.25</ele>
      </trkpt>
      <trkpt lat="-50.94154" lon="-72.94089">
        <ele>627.58</ele>
      </trkpt>
      <trkpt lat="-50.94156" lon="-72.94082">
        <ele>626.49</ele>
      </trkpt>
      <trkpt lat="-50.94158" lon="-72.94075">
        <ele>625.57</ele>
      </trkpt>
      <trkpt lat="-50.94159" lon="-72.94067">
        <ele>623.68</ele>
      </trkpt>
      <trkpt lat="-50.9416" lon="-72.94059">
        <ele>621.66</ele>
      </trkpt>
      <trkpt lat="-50.9416" lon="-72.94051">
        <ele>619.07</ele>
      </trkpt>
      <trkpt lat="-50.94162" lon="-72.94043">
        <ele>616.88</ele>
      </trkpt>
      <trkpt lat="-50.94165" lon="-72.94036">
        <ele>614.95</ele>
      </trkpt>
      <trkpt lat="-50.94168" lon="-72.9403">
        <ele>614.0</ele>
      </trkpt>
      <trkpt lat="-50.9417" lon="-72.94023">
        <ele>613.24</ele>
      </trkpt>
      <trkpt lat="-50.94173" lon="-72.94017">
        <ele>613.52</ele>
      </trkpt>
      <trkpt lat="-50.94173" lon="-72.94009">
        <ele>610.76</ele>
      </trkpt>
      <trkpt lat="-50.94174" lon="-72.94001">
        <ele>608.58</ele>
      </trkpt>
      <trkpt lat="-50.94175" lon="-72.93994">
        <ele>606.9</ele>
      </trkpt>
      <trkpt lat="-50.94186" lon="-72.93968">
        <ele>602.98</ele>
      </trkpt>
      <trkpt lat="-50.94186" lon="-72.93968">
        <ele>602.98</ele>
      </trkpt>
      <trkpt lat="-50.94197" lon="-72.93918">
        <ele>596.67</ele>
      </trkpt>
      <trkpt lat="-50.94197" lon="-72.93915">
        <ele>596.38</ele>
      </trkpt>
      <trkpt lat="-50.94198" lon="-72.93906">
        <ele>596.37</ele>
      </trkpt>
      <trkpt lat="-50.94199" lon="-72.93897">
        <ele>596.22</ele>
      </trkpt>
      <trkpt lat="-50.942" lon="-72.9389">
        <ele>596.09</ele>
      </trkpt>
      <trkpt lat="-50.94202" lon="-72.93883">
        <ele>595.33</ele>
      </trkpt>
      <trkpt lat="-50.94203" lon="-72.93875">
        <ele>593.77</ele>
      </trkpt>
      <trkpt lat="-50.94211" lon="-72.9384">
        <ele>586.85</ele>
      </trkpt>
      <trkpt lat="-50.94211" lon="-72.93836">
        <ele>585.73</ele>
      </trkpt>
      <trkpt lat="-50.94212" lon="-72.93828">
        <ele>583.69</ele>
      </trkpt>
      <trkpt lat="-50.94213" lon="-72.93821">
        <ele>581.94</ele>
      </trkpt>
      <trkpt lat="-50.94213" lon="-72.93813">
        <ele>579.73</ele>
      </trkpt>
      <trkpt lat="-50.94215" lon="-72.93805">
        <ele>577.85</ele>
      </trkpt>
      <trkpt lat="-50.94217" lon="-72.93798">
        <ele>576.72</ele>
      </trkpt>
      <trkpt lat="-50.9422" lon="-72.93791">
        <ele>575.62</ele>
      </trkpt>
      <trkpt lat="-50.94222" lon="-72.93785">
        <ele>574.54</ele>
      </trkpt>
      <trkpt lat="-50.94225" lon="-72.93779">
        <ele>574.37</ele>
      </trkpt>
      <trkpt lat="-50.94227" lon="-72.93772">
        <ele>574.06</ele>
      </trkpt>
      <trkpt lat="-50.94229" lon="-72.93763">
        <ele>573.56</ele>
      </trkpt>
      <trkpt lat="-50.94231" lon="-72.93755">
        <ele>573.2</ele>
      </trkpt>
      <trkpt lat="-50.94232" lon="-72.93748">
        <ele>572.68</ele>
      </trkpt>
      <trkpt lat="-50.94234" lon="-72.93741">
        <ele>572.74</ele>
      </trkpt>
      <trkpt lat="-50.94234" lon="-72.93733">
        <ele>571.92</ele>
      </trkpt>
      <trkpt lat="-50.94235" lon="-72.93725">
        <ele>571.43</ele>
      </trkpt>
      <trkpt lat="-50.94235" lon="-72.93717">
        <ele>570.58</ele>
      </trkpt>
      <trkpt lat="-50.94229" lon="-72.93665">
        <ele>567.77</ele>
      </trkpt>
      <trkpt lat="-50.94229" lon="-72.9366">
        <ele>567.95</ele>
      </trkpt>
      <trkpt lat="-50.9423" lon="-72.93652">
        <ele>568.49</ele>
      </trkpt>
      <trkpt lat="-50.94231" lon="-72.93645">
        <ele>568.99</ele>
      </trkpt>
      <trkpt lat="-50.94231" lon="-72.93638">
        <ele>569.22</ele>
      </trkpt>
      <trkpt lat="-50.94247" lon="-72.9362">
        <ele>573.85</ele>
      </trkpt>
      <trkpt lat="-50.94248" lon="-72.9362">
        <ele>574.13</ele>
      </trkpt>
      <trkpt lat="-50.94252" lon="-72.93615">
        <ele>575.68</ele>
      </trkpt>
      <trkpt lat="-50.94256" lon="-72.93611">
        <ele>577.37</ele>
      </trkpt>
      <trkpt lat="-50.94261" lon="-72.93607">
        <ele>579.18</ele>
      </trkpt>
      <trkpt lat="-50.94264" lon="-72.93602">
        <ele>580.05</ele>
      </trkpt>
      <trkpt lat="-50.94267" lon="-72.93596">
        <ele>580.73</ele>
      </trkpt>
      <trkpt lat="-50.9427" lon="-72.93589">
        <ele>581.2</ele>
      </trkpt>
      <trkpt lat="-50.94272" lon="-72.93582">
        <ele>581.16</ele>
      </trkpt>
      <trkpt lat="-50.94274" lon="-72.93576">
        <ele>580.93</ele>
      </trkpt>
      <trkpt lat="-50.94276" lon="-72.9357">
        <ele>580.63</ele>
      </trkpt>
      <trkpt lat="-50.9428" lon="-72.93564">
        <ele>580.57</ele>
      </trkpt>
      <trkpt lat="-50.94283" lon="-72.93559">
        <ele>580.51</ele>
      </trkpt>
      <trkpt lat="-50.94287" lon="-72.93555">
        <ele>580.94</ele>
      </trkpt>
      <trkpt lat="-50.94319" lon="-72.93537">
        <ele>578.41</ele>
      </trkpt>
      <trkpt lat="-50.94319" lon="-72.93537">
        <ele>578.41</ele>
      </trkpt>
      <trkpt lat="-50.94343" lon="-72.9354">
        <ele>573.67</ele>
      </trkpt>
      <trkpt lat="-50.94344" lon="-72.93541">
        <ele>573.59</ele>
      </trkpt>
      <trkpt lat="-50.94348" lon="-72.93545">
        <ele>573.16</ele>
      </trkpt>
      <trkpt lat="-50.94352" lon="-72.9355">
        <ele>572.68</ele>
      </trkpt>
      <trkpt lat="-50.94355" lon="-72.93556">
        <ele>572.49</ele>
      </trkpt>
      <trkpt lat="-50.94357" lon="-72.93562">
        <ele>572.81</ele>
      </trkpt>
      <trkpt lat="-50.94359" lon="-72.9357">
        <ele>573.72</ele>
      </trkpt>
      <trkpt lat="-50.9436" lon="-72.93578">
        <ele>575.09</ele>
      </trkpt>
      <trkpt lat="-50.94361" lon="-72.93585">
        <ele>575.9</ele>
      </trkpt>
      <trkpt lat="-50.9437" lon="-72.93606">
        <ele>574.07</ele>
      </trkpt>
      <trkpt lat="-50.9437" lon="-72.93609">
        <ele>574.03</ele>
      </trkpt>
      <trkpt lat="-50.94373" lon="-72.93614">
        <ele>574.27</ele>
      </trkpt>
      <trkpt lat="-50.94377" lon="-72.93618">
        <ele>574.35</ele>
      </trkpt>
      <trkpt lat="-50.94381" lon="-72.93624">
        <ele>574.13</ele>
      </trkpt>
      <trkpt lat="-50.94385" lon="-72.93627">
        <ele>573.5</ele>
      </trkpt>
      <trkpt lat="-50.94401" lon="-72.93623">
        <ele>574.51</ele>
      </trkpt>
      <trkpt lat="-50.94404" lon="-72.93621">
        <ele>574.8</ele>
      </trkpt>
      <trkpt lat="-50.94409" lon="-72.93618">
        <ele>575.13</ele>
      </trkpt>
      <trkpt lat="-50.94414" lon="-72.93615">
        <ele>575.26</ele>
      </trkpt>
      <trkpt lat="-50.94419" lon="-72.93614">
        <ele>575.3</ele>
      </trkpt>
      <trkpt lat="-50.94431" lon="-72.93593">
        <ele>569.88</ele>
      </trkpt>
      <trkpt lat="-50.94431" lon="-72.93592">
        <ele>569.62</ele>
      </trkpt>
      <trkpt lat="-50.94434" lon="-72.93586">
        <ele>567.6</ele>
      </trkpt>
      <trkpt lat="-50.94436" lon="-72.93579">
        <ele>565.65</ele>
      </trkpt>
      <trkpt lat="-50.94437" lon="-72.93571">
        <ele>563.88</ele>
      </trkpt>
      <trkpt lat="-50.94438" lon="-72.93563">
        <ele>562.16</ele>
      </trkpt>
      <trkpt lat="-50.9444" lon="-72.93557">
        <ele>560.76</ele>
      </trkpt>
      <trkpt lat="-50.94443" lon="-72.93551">
        <ele>559.98</ele>
      </trkpt>
      <trkpt lat="-50.94447" lon="-72.93546">
        <ele>559.9</ele>
      </trkpt>
      <trkpt lat="-50.94451" lon="-72.93542">
        <ele>560.1</ele>
      </trkpt>
      <trkpt lat="-50.94455" lon="-72.93539">
        <ele>560.32</ele>
      </trkpt>
      <trkpt lat="-50.94459" lon="-72.93534">
        <ele>560.39</ele>
      </trkpt>
      <trkpt lat="-50.9446" lon="-72.93527">
        <ele>560.06</ele>
      </trkpt>
      <trkpt lat="-50.94461" lon="-72.93519">
        <ele>559.44</ele>
      </trkpt>
      <trkpt lat="-50.94469" lon="-72.93507">
        <ele>558.12</ele>
      </trkpt>
      <trkpt lat="-50.94469" lon="-72.93507">
        <ele>558.12</ele>
      </trkpt>
      <trkpt lat="-50.94485" lon="-72.93495">
        <ele>558.76</ele>
      </trkpt>
      <trkpt lat="-50.94485" lon="-72.93495">
        <ele>558.76</ele>
      </trkpt>
      <trkpt lat="-50.94508" lon="-72.93487">
        <ele>562.96</ele>
      </trkpt>
      <trkpt lat="-50.94509" lon="-72.93487">
        <ele>563.25</ele>
      </trkpt>
      <trkpt lat="-50.94514" lon="-72.93483">
        <ele>563.97</ele>
      </trkpt>
      <trkpt lat="-50.94519" lon="-72.93482">
        <ele>565.23</ele>
      </trkpt>
      <trkpt lat="-50.94523" lon="-72.93478">
        <ele>565.66</ele>
      </trkpt>
      <trkpt lat="-50.94526" lon="-72.93473">
        <ele>565.63</ele>
      </trkpt>
      <trkpt lat="-50.94528" lon="-72.93465">
        <ele>564.74</ele>
      </trkpt>
      <trkpt lat="-50.9453" lon="-72.9344">
        <ele>560.54</ele>
      </trkpt>
      <trkpt lat="-50.94531" lon="-72.93433">
        <ele>559.29</ele>
      </trkpt>
      <trkpt lat="-50.94534" lon="-72.93427">
        <ele>557.84</ele>
      </trkpt>
      <trkpt lat="-50.94537" lon="-72.93421">
        <ele>555.87</ele>
      </trkpt>
      <trkpt lat="-50.94539" lon="-72.93415">
        <ele>553.75</ele>
      </trkpt>
      <trkpt lat="-50.94543" lon="-72.9341">
        <ele>551.84</ele>
      </trkpt>
      <trkpt lat="-50.94547" lon="-72.93404">
        <ele>550.3</ele>
      </trkpt>
      <trkpt lat="-50.94549" lon="-72.93397">
        <ele>549.27</ele>
      </trkpt>
      <trkpt lat="-50.94557" lon="-72.9338">
        <ele>548.4</ele>
      </trkpt>
      <trkpt lat="-50.94557" lon="-72.9338">
        <ele>548.4</ele>
      </trkpt>
      <trkpt lat="-50.94559" lon="-72.93372">
        <ele>547.83</ele>
      </trkpt>
      <trkpt lat="-50.94561" lon="-72.93366">
        <ele>547.39</ele>
      </trkpt>
      <trkpt lat="-50.94562" lon="-72.93358">
        <ele>546.53</ele>
      </trkpt>
      <trkpt lat="-50.94564" lon="-72.93351">
        <ele>545.43</ele>
      </trkpt>
      <trkpt lat="-50.94566" lon="-72.93345">
        <ele>544.46</ele>
      </trkpt>
      <trkpt lat="-50.9457" lon="-72.93338">
        <ele>543.24</ele>
      </trkpt>
      <trkpt lat="-50.94574" lon="-72.93334">
        <ele>542.45</ele>
      </trkpt>
      <trkpt lat="-50.94579" lon="-72.93333">
        <ele>542.29</ele>
      </trkpt>
      <trkpt lat="-50.94584" lon="-72.93331">
        <ele>543.26</ele>
      </trkpt>
      <trkpt lat="-50.94588" lon="-72.93331">
        <ele>544.27</ele>
      </trkpt>
      <trkpt lat="-50.94593" lon="-72.93329">
        <ele>546.16</ele>
      </trkpt>
      <trkpt lat="-50.94597" lon="-72.93325">
        <ele>548.06</ele>
      </trkpt>
      <trkpt lat="-50.946" lon="-72.93318">
        <ele>550.0</ele>
      </trkpt>
      <trkpt lat="-50.94601" lon="-72.93315">
        <ele>550.63</ele>
      </trkpt>
      <trkpt lat="-50.94606" lon="-72.93311">
        <ele>551.11</ele>
      </trkpt>
      <trkpt lat="-50.9461" lon="-72.93309">
        <ele>550.98</ele>
      </trkpt>
      <trkpt lat="-50.94623" lon="-72.93303">
        <ele>550.43</ele>
      </trkpt>
      <trkpt lat="-50.94627" lon="-72.93302">
        <ele>550.25</ele>
      </trkpt>
      <trkpt lat="-50.94631" lon="-72.93302">
        <ele>550.12</ele>
      </trkpt>
      <trkpt lat="-50.94636" lon="-72.93303">
        <ele>550.0</ele>
      </trkpt>
      <trkpt lat="-50.94641" lon="-72.93302">
        <ele>550.48</ele>
      </trkpt>
      <trkpt lat="-50.94646" lon="-72.93301">
        <ele>551.8</ele>
      </trkpt>
      <trkpt lat="-50.94649" lon="-72.93295">
        <ele>551.79</ele>
      </trkpt>
      <trkpt lat="-50.94652" lon="-72.9329">
        <ele>551.57</ele>
      </trkpt>
      <trkpt lat="-50.94655" lon="-72.93285">
        <ele>551.05</ele>
      </trkpt>
      <trkpt lat="-50.94657" lon="-72.93278">
        <ele>549.7</ele>
      </trkpt>
      <trkpt lat="-50.94657" lon="-72.9327">
        <ele>548.53</ele>
      </trkpt>
      <trkpt lat="-50.94659" lon="-72.93263">
        <ele>547.6</ele>
      </trkpt>
      <trkpt lat="-50.94662" lon="-72.93257">
        <ele>546.84</ele>
      </trkpt>
      <trkpt lat="-50.94665" lon="-72.9325">
        <ele>545.94</ele>
      </trkpt>
      <trkpt lat="-50.94683" lon="-72.93212">
        <ele>541.27</ele>
      </trkpt>
      <trkpt lat="-50.94683" lon="-72.93212">
        <ele>541.27</ele>
      </trkpt>
      <trkpt lat="-50.94698" lon="-72.93195">
        <ele>539.34</ele>
      </trkpt>
      <trkpt lat="-50.94699" lon="-72.93194">
        <ele>539.66</ele>
      </trkpt>
      <trkpt lat="-50.94702" lon="-72.93188">
        <ele>539.68</ele>
      </trkpt>
      <trkpt lat="-50.94705" lon="-72.93183">
        <ele>539.79</ele>
      </trkpt>
      <trkpt lat="-50.94709" lon="-72.93178">
        <ele>540.21</ele>
      </trkpt>
      <trkpt lat="-50.94713" lon="-72.93174">
        <ele>540.75</ele>
      </trkpt>
      <trkpt lat="-50.94716" lon="-72.93168">
        <ele>539.83</ele>
      </trkpt>
      <trkpt lat="-50.94716" lon="-72.93161">
        <ele>536.57</ele>
      </trkpt>
      <trkpt lat="-50.94717" lon="-72.93154">
        <ele>533.5</ele>
      </trkpt>
      <trkpt lat="-50.94718" lon="-72.93146">
        <ele>529.81</ele>
      </trkpt>
      <trkpt lat="-50.94718" lon="-72.93139">
        <ele>526.3</ele>
      </trkpt>
      <trkpt lat="-50.9472" lon="-72.93132">
        <ele>525.34</ele>
      </trkpt>
      <trkpt lat="-50.94724" lon="-72.93127">
        <ele>525.72</ele>
      </trkpt>
      <trkpt lat="-50.94738" lon="-72.93116">
        <ele>530.73</ele>
      </trkpt>
      <trkpt lat="-50.94739" lon="-72.93114">
        <ele>530.91</ele>
      </trkpt>
      <trkpt lat="-50.94743" lon="-72.9311">
        <ele>532.22</ele>
      </trkpt>
      <trkpt lat="-50.94746" lon="-72.93105">
        <ele>532.63</ele>
      </trkpt>
      <trkpt lat="-50.94749" lon="-72.93099">
        <ele>532.86</ele>
      </trkpt>
      <trkpt lat="-50.94751" lon="-72.93092">
        <ele>532.45</ele>
      </trkpt>
      <trkpt lat="-50.94753" lon="-72.93085">
        <ele>532.09</ele>
      </trkpt>
      <trkpt lat="-50.94756" lon="-72.93078">
        <ele>531.65</ele>
      </trkpt>
      <trkpt lat="-50.94758" lon="-72.9307">
        <ele>530.01</ele>
      </trkpt>
      <trkpt lat="-50.9476" lon="-72.93063">
        <ele>528.64</ele>
      </trkpt>
      <trkpt lat="-50.94762" lon="-72.93055">
        <ele>526.87</ele>
      </trkpt>
      <trkpt lat="-50.94769" lon="-72.93024">
        <ele>520.89</ele>
      </trkpt>
      <trkpt lat="-50.94769" lon="-72.93024">
        <ele>520.89</ele>
      </trkpt>
      <trkpt lat="-50.94777" lon="-72.93003">
        <ele>520.33</ele>
      </trkpt>
      <trkpt lat="-50.94777" lon="-72.93003">
        <ele>520.33</ele>
      </trkpt>
      <trkpt lat="-50.94795" lon="-72.92968">
        <ele>525.2</ele>
      </trkpt>
      <trkpt lat="-50.94795" lon="-72.92968">
        <ele>525.2</ele>
      </trkpt>
      <trkpt lat="-50.94806" lon="-72.9296">
        <ele>529.22</ele>
      </trkpt>
      <trkpt lat="-50.94806" lon="-72.9296">
        <ele>529.22</ele>
      </trkpt>
      <trkpt lat="-50.94826" lon="-72.92955">
        <ele>536.5</ele>
      </trkpt>
      <trkpt lat="-50.9483" lon="-72.92953">
        <ele>538.07</ele>
      </trkpt>
      <trkpt lat="-50.94835" lon="-72.92951">
        <ele>539.46</ele>
      </trkpt>
      <trkpt lat="-50.94837" lon="-72.92944">
        <ele>538.32</ele>
      </trkpt>
      <trkpt lat="-50.94835" lon="-72.92933">
        <ele>531.26</ele>
      </trkpt>
      <trkpt lat="-50.94834" lon="-72.92927">
        <ele>527.16</ele>
      </trkpt>
      <trkpt lat="-50.94836" lon="-72.92919">
        <ele>522.28</ele>
      </trkpt>
      <trkpt lat="-50.94838" lon="-72.92912">
        <ele>520.39</ele>
      </trkpt>
      <trkpt lat="-50.9484" lon="-72.92905">
        <ele>519.6</ele>
      </trkpt>
      <trkpt lat="-50.94844" lon="-72.92899">
        <ele>519.74</ele>
      </trkpt>
      <trkpt lat="-50.94846" lon="-72.92893">
        <ele>519.31</ele>
      </trkpt>
      <trkpt lat="-50.94849" lon="-72.92887">
        <ele>519.17</ele>
      </trkpt>
      <trkpt lat="-50.94856" lon="-72.92867">
        <ele>517.14</ele>
      </trkpt>
      <trkpt lat="-50.94857" lon="-72.92864">
        <ele>516.88</ele>
      </trkpt>
      <trkpt lat="-50.9486" lon="-72.92858">
        <ele>516.74</ele>
      </trkpt>
      <trkpt lat="-50.94863" lon="-72.92852">
        <ele>516.31</ele>
      </trkpt>
      <trkpt lat="-50.94867" lon="-72.92848">
        <ele>516.69</ele>
      </trkpt>
      <trkpt lat="-50.94872" lon="-72.92845">
        <ele>517.76</ele>
      </trkpt>
      <trkpt lat="-50.94876" lon="-72.92841">
        <ele>518.38</ele>
      </trkpt>
      <trkpt lat="-50.9488" lon="-72.92837">
        <ele>519.13</ele>
      </trkpt>
      <trkpt lat="-50.94883" lon="-72.92832">
        <ele>519.41</ele>
      </trkpt>
      <trkpt lat="-50.94886" lon="-72.92826">
        <ele>519.48</ele>
      </trkpt>
      <trkpt lat="-50.94888" lon="-72.92817">
        <ele>518.67</ele>
      </trkpt>
      <trkpt lat="-50.94892" lon="-72.92802">
        <ele>517.59</ele>
      </trkpt>
      <trkpt lat="-50.94892" lon="-72.92797">
        <ele>516.37</ele>
      </trkpt>
      <trkpt lat="-50.94893" lon="-72.92788">
        <ele>514.69</ele>
      </trkpt>
      <trkpt lat="-50.94893" lon="-72.92779">
        <ele>512.51</ele>
      </trkpt>
      <trkpt lat="-50.94906" lon="-72.92747">
        <ele>510.67</ele>
      </trkpt>
      <trkpt lat="-50.94908" lon="-72.92745">
        <ele>511.3</ele>
      </trkpt>
      <trkpt lat="-50.9491" lon="-72.92738">
        <ele>510.45</ele>
      </trkpt>
      <trkpt lat="-50.94912" lon="-72.92731">
        <ele>509.45</ele>
      </trkpt>
      <trkpt lat="-50.94915" lon="-72.92724">
        <ele>508.78</ele>
      </trkpt>
      <trkpt lat="-50.94917" lon="-72.92718">
        <ele>508.37</ele>
      </trkpt>
      <trkpt lat="-50.94918" lon="-72.9271">
        <ele>507.35</ele>
      </trkpt>
      <trkpt lat="-50.9492" lon="-72.92703">
        <ele>506.94</ele>
      </trkpt>
      <trkpt lat="-50.94921" lon="-72.92696">
        <ele>506.14</ele>
      </trkpt>
      <trkpt lat="-50.94924" lon="-72.92689">
        <ele>506.92</ele>
      </trkpt>
      <trkpt lat="-50.94927" lon="-72.92684">
        <ele>507.95</ele>
      </trkpt>
      <trkpt lat="-50.94931" lon="-72.92678">
        <ele>509.29</ele>
      </trkpt>
      <trkpt lat="-50.94933" lon="-72.92672">
        <ele>509.77</ele>
      </trkpt>
      <trkpt lat="-50.9495" lon="-72.92648">
        <ele>512.72</ele>
      </trkpt>
      <trkpt lat="-50.9495" lon="-72.92648">
        <ele>512.72</ele>
      </trkpt>
      <trkpt lat="-50.94967" lon="-72.92642">
        <ele>512.31</ele>
      </trkpt>
      <trkpt lat="-50.9497" lon="-72.92639">
        <ele>512.01</ele>
      </trkpt>
      <trkpt lat="-50.94975" lon="-72.92637">
        <ele>511.93</ele>
      </trkpt>
      <trkpt lat="-50.9498" lon="-72.92633">
        <ele>511.71</ele>
      </trkpt>
      <trkpt lat="-50.94984" lon="-72.92629">
        <ele>511.42</ele>
      </trkpt>
      <trkpt lat="-50.94986" lon="-72.92623">
        <ele>510.7</ele>
      </trkpt>
      <trkpt lat="-50.9499" lon="-72.92618">
        <ele>510.27</ele>
      </trkpt>
      <trkpt lat="-50.94995" lon="-72.92617">
        <ele>510.49</ele>
      </trkpt>
      <trkpt lat="-50.94999" lon="-72.92618">
        <ele>510.92</ele>
      </trkpt>
      <trkpt lat="-50.95017" lon="-72.92614">
        <ele>512.86</ele>
      </trkpt>
      <trkpt lat="-50.95017" lon="-72.92614">
        <ele>512.86</ele>
      </trkpt>
      <trkpt lat="-50.95028" lon="-72.92595">
        <ele>509.33</ele>
      </trkpt>
      <trkpt lat="-50.95028" lon="-72.92595">
        <ele>509.33</ele>
      </trkpt>
      <trkpt lat="-50.95042" lon="-72.92583">
        <ele>504.38</ele>
      </trkpt>
      <trkpt lat="-50.95043" lon="-72.92582">
        <ele>504.02</ele>
      </trkpt>
      <trkpt lat="-50.95047" lon="-72.92579">
        <ele>502.89</ele>
      </trkpt>
      <trkpt lat="-50.95052" lon="-72.92574">
        <ele>501.28</ele>
      </trkpt>
      <trkpt lat="-50.95055" lon="-72.92568">
        <ele>499.73</ele>
      </trkpt>
      <trkpt lat="-50.95058" lon="-72.92561">
        <ele>498.14</ele>
      </trkpt>
      <trkpt lat="-50.95068" lon="-72.92539">
        <ele>495.21</ele>
      </trkpt>
      <trkpt lat="-50.9507" lon="-72.92536">
        <ele>494.89</ele>
      </trkpt>
      <trkpt lat="-50.95073" lon="-72.9253">
        <ele>494.24</ele>
      </trkpt>
      <trkpt lat="-50.95075" lon="-72.92522">
        <ele>494.08</ele>
      </trkpt>
      <trkpt lat="-50.95076" lon="-72.92514">
        <ele>494.23</ele>
      </trkpt>
      <trkpt lat="-50.95077" lon="-72.92507">
        <ele>494.41</ele>
      </trkpt>
      <trkpt lat="-50.95077" lon="-72.92499">
        <ele>494.58</ele>
      </trkpt>
      <trkpt lat="-50.95079" lon="-72.92492">
        <ele>494.98</ele>
      </trkpt>
      <trkpt lat="-50.95081" lon="-72.92484">
        <ele>495.41</ele>
      </trkpt>
      <trkpt lat="-50.95083" lon="-72.92477">
        <ele>495.8</ele>
      </trkpt>
      <trkpt lat="-50.95085" lon="-72.92471">
        <ele>496.12</ele>
      </trkpt>
      <trkpt lat="-50.95087" lon="-72.92464">
        <ele>496.26</ele>
      </trkpt>
      <trkpt lat="-50.95089" lon="-72.92457">
        <ele>496.41</ele>
      </trkpt>
      <trkpt lat="-50.95096" lon="-72.92433">
        <ele>494.63</ele>
      </trkpt>
      <trkpt lat="-50.95096" lon="-72.92433">
        <ele>494.63</ele>
      </trkpt>
      <trkpt lat="-50.95111" lon="-72.92425">
        <ele>494.49</ele>
      </trkpt>
      <trkpt lat="-50.95111" lon="-72.92425">
        <ele>494.49</ele>
      </trkpt>
      <trkpt lat="-50.95131" lon="-72.92433">
        <ele>497.25</ele>
      </trkpt>
      <trkpt lat="-50.95133" lon="-72.92433">
        <ele>497.38</ele>
      </trkpt>
      <trkpt lat="-50.95138" lon="-72.92433">
        <ele>497.71</ele>
      </trkpt>
      <trkpt lat="-50.95142" lon="-72.9243">
        <ele>497.9</ele>
      </trkpt>
      <trkpt lat="-50.95142" lon="-72.92422">
        <ele>497.16</ele>
      </trkpt>
      <trkpt lat="-50.95141" lon="-72.92415">
        <ele>496.06</ele>
      </trkpt>
      <trkpt lat="-50.95138" lon="-72.92409">
        <ele>493.97</ele>
      </trkpt>
      <trkpt lat="-50.95135" lon="-72.92403">
        <ele>492.14</ele>
      </trkpt>
      <trkpt lat="-50.95132" lon="-72.92396">
        <ele>490.05</ele>
      </trkpt>
      <trkpt lat="-50.95132" lon="-72.92388">
        <ele>488.38</ele>
      </trkpt>
      <trkpt lat="-50.95132" lon="-72.92381">
        <ele>489.33</ele>
      </trkpt>
      <trkpt lat="-50.95133" lon="-72.92374">
        <ele>490.56</ele>
      </trkpt>
      <trkpt lat="-50.95136" lon="-72.92367">
        <ele>492.68</ele>
      </trkpt>
      <trkpt lat="-50.95139" lon="-72.92361">
        <ele>495.05</ele>
      </trkpt>
      <trkpt lat="-50.95143" lon="-72.92356">
        <ele>496.55</ele>
      </trkpt>
      <trkpt lat="-50.95148" lon="-72.92353">
        <ele>497.32</ele>
      </trkpt>
      <trkpt lat="-50.95167" lon="-72.92348">
        <ele>497.3</ele>
      </trkpt>
      <trkpt lat="-50.95167" lon="-72.92348">
        <ele>497.3</ele>
      </trkpt>
      <trkpt lat="-50.95175" lon="-72.92337">
        <ele>494.58</ele>
      </trkpt>
      <trkpt lat="-50.95175" lon="-72.92337">
        <ele>494.58</ele>
      </trkpt>
      <trkpt lat="-50.9519" lon="-72.92304">
        <ele>483.49</ele>
      </trkpt>
      <trkpt lat="-50.9519" lon="-72.92304">
        <ele>483.49</ele>
      </trkpt>
      <trkpt lat="-50.95199" lon="-72.92278">
        <ele>478.7</ele>
      </trkpt>
      <trkpt lat="-50.95199" lon="-72.92278">
        <ele>478.7</ele>
      </trkpt>
      <trkpt lat="-50.952" lon="-72.92271">
        <ele>477.28</ele>
      </trkpt>
      <trkpt lat="-50.95203" lon="-72.92264">
        <ele>475.6</ele>
      </trkpt>
      <trkpt lat="-50.95207" lon="-72.92258">
        <ele>473.89</ele>
      </trkpt>
      <trkpt lat="-50.9521" lon="-72.92252">
        <ele>472.2</ele>
      </trkpt>
      <trkpt lat="-50.95213" lon="-72.92245">
        <ele>470.25</ele>
      </trkpt>
      <trkpt lat="-50.95214" lon="-72.92237">
        <ele>468.38</ele>
      </trkpt>
      <trkpt lat="-50.95229" lon="-72.92223">
        <ele>464.4</ele>
      </trkpt>
      <trkpt lat="-50.95231" lon="-72.92226">
        <ele>465.05</ele>
      </trkpt>
      <trkpt lat="-50.95234" lon="-72.92233">
        <ele>466.42</ele>
      </trkpt>
      <trkpt lat="-50.95235" lon="-72.9224">
        <ele>467.71</ele>
      </trkpt>
      <trkpt lat="-50.95237" lon="-72.92247">
        <ele>468.93</ele>
      </trkpt>
      <trkpt lat="-50.95238" lon="-72.92255">
        <ele>470.9</ele>
      </trkpt>
      <trkpt lat="-50.9524" lon="-72.92263">
        <ele>473.24</ele>
      </trkpt>
      <trkpt lat="-50.95242" lon="-72.92269">
        <ele>475.05</ele>
      </trkpt>
      <trkpt lat="-50.95246" lon="-72.92275">
        <ele>476.98</ele>
      </trkpt>
      <trkpt lat="-50.9525" lon="-72.92279">
        <ele>478.92</ele>
      </trkpt>
      <trkpt lat="-50.95254" lon="-72.92282">
        <ele>483.21</ele>
      </trkpt>
      <trkpt lat="-50.95259" lon="-72.92285">
        <ele>488.0</ele>
      </trkpt>
      <trkpt lat="-50.95264" lon="-72.92288">
        <ele>492.78</ele>
      </trkpt>
      <trkpt lat="-50.95269" lon="-72.92289">
        <ele>496.06</ele>
      </trkpt>
      <trkpt lat="-50.95273" lon="-72.92288">
        <ele>497.32</ele>
      </trkpt>
      <trkpt lat="-50.95278" lon="-72.92287">
        <ele>499.08</ele>
      </trkpt>
      <trkpt lat="-50.95283" lon="-72.92285">
        <ele>500.26</ele>
      </trkpt>
      <trkpt lat="-50.95286" lon="-72.9228">
        <ele>498.72</ele>
      </trkpt>
      <trkpt lat="-50.95288" lon="-72.92272">
        <ele>497.11</ele>
      </trkpt>
      <trkpt lat="-50.95287" lon="-72.92265">
        <ele>494.6</ele>
      </trkpt>
      <trkpt lat="-50.95285" lon="-72.92257">
        <ele>491.08</ele>
      </trkpt>
      <trkpt lat="-50.95284" lon="-72.9225">
        <ele>488.48</ele>
      </trkpt>
      <trkpt lat="-50.95281" lon="-72.92243">
        <ele>483.3</ele>
      </trkpt>
      <trkpt lat="-50.95279" lon="-72.92236">
        <ele>478.83</ele>
      </trkpt>
      <trkpt lat="-50.95277" lon="-72.92229">
        <ele>474.68</ele>
      </trkpt>
      <trkpt lat="-50.95275" lon="-72.92223">
        <ele>471.61</ele>
      </trkpt>
      <trkpt lat="-50.95274" lon="-72.92215">
        <ele>470.34</ele>
      </trkpt>
      <trkpt lat="-50.95274" lon="-72.92207">
        <ele>469.55</ele>
      </trkpt>
      <trkpt lat="-50.95275" lon="-72.92199">
        <ele>468.96</ele>
      </trkpt>
      <trkpt lat="-50.95276" lon="-72.92192">
        <ele>468.34</ele>
      </trkpt>
      <trkpt lat="-50.95276" lon="-72.92184">
        <ele>467.22</ele>
      </trkpt>
      <trkpt lat="-50.95276" lon="-72.92177">
        <ele>466.25</ele>
      </trkpt>
      <trkpt lat="-50.95275" lon="-72.9217">
        <ele>465.16</ele>
      </trkpt>
      <trkpt lat="-50.95274" lon="-72.92162">
        <ele>463.44</ele>
      </trkpt>
      <trkpt lat="-50.95279" lon="-72.92134">
        <ele>457.77</ele>
      </trkpt>
      <trkpt lat="-50.95281" lon="-72.92127">
        <ele>457.55</ele>
      </trkpt>
      <trkpt lat="-50.95282" lon="-72.92107">
        <ele>454.62</ele>
      </trkpt>
      <trkpt lat="-50.95295" lon="-72.92071">
        <ele>457.33</ele>
      </trkpt>
      <trkpt lat="-50.95307" lon="-72.92037">
        <ele>457.22</ele>
      </trkpt>
      <trkpt lat="-50.95325" lon="-72.92005">
        <ele>463.22</ele>
      </trkpt>
      <trkpt lat="-50.9533" lon="-72.91978">
        <ele>452.95</ele>
      </trkpt>
      <trkpt lat="-50.95339" lon="-72.91956">
        <ele>450.15</ele>
      </trkpt>
      <trkpt lat="-50.95348" lon="-72.91939">
        <ele>452.49</ele>
      </trkpt>
      <trkpt lat="-50.95358" lon="-72.91924">
        <ele>457.0</ele>
      </trkpt>
      <trkpt lat="-50.95357" lon="-72.91916">
        <ele>454.66</ele>
      </trkpt>
      <trkpt lat="-50.9536" lon="-72.91906">
        <ele>453.09</ele>
      </trkpt>
      <trkpt lat="-50.9536" lon="-72.91899">
        <ele>450.42</ele>
      </trkpt>
      <trkpt lat="-50.9536" lon="-72.91899">
        <ele>450.42</ele>
      </trkpt>
      <trkpt lat="-50.95361" lon="-72.91891">
        <ele>447.79</ele>
      </trkpt>
      <trkpt lat="-50.95365" lon="-72.91871">
        <ele>445.6</ele>
      </trkpt>
      <trkpt lat="-50.95368" lon="-72.91843">
        <ele>444.73</ele>
      </trkpt>
      <trkpt lat="-50.95375" lon="-72.91807">
        <ele>446.71</ele>
      </trkpt>
      <trkpt lat="-50.95371" lon="-72.91786">
        <ele>445.61</ele>
      </trkpt>
      <trkpt lat="-50.95371" lon="-72.91767">
        <ele>445.26</ele>
      </trkpt>
      <trkpt lat="-50.95371" lon="-72.91739">
        <ele>443.61</ele>
      </trkpt>
      <trkpt lat="-50.95365" lon="-72.91722">
        <ele>439.94</ele>
      </trkpt>
      <trkpt lat="-50.95372" lon="-72.91692">
        <ele>434.95</ele>
      </trkpt>
      <trkpt lat="-50.95379" lon="-72.91681">
        <ele>434.83</ele>
      </trkpt>
      <trkpt lat="-50.95378" lon="-72.91665">
        <ele>435.3</ele>
      </trkpt>
      <trkpt lat="-50.95372" lon="-72.91657">
        <ele>438.72</ele>
      </trkpt>
      <trkpt lat="-50.95375" lon="-72.91639">
        <ele>446.45</ele>
      </trkpt>
      <trkpt lat="-50.95381" lon="-72.91636">
        <ele>446.49</ele>
      </trkpt>
      <trkpt lat="-50.95391" lon="-72.91622">
        <ele>447.86</ele>
      </trkpt>
      <trkpt lat="-50.95391" lon="-72.91602">
        <ele>451.74</ele>
      </trkpt>
      <trkpt lat="-50.95393" lon="-72.91596">
        <ele>452.91</ele>
      </trkpt>
      <trkpt lat="-50.95398" lon="-72.91593">
        <ele>453.24</ele>
      </trkpt>
      <trkpt lat="-50.95413" lon="-72.91596">
        <ele>451.21</ele>
      </trkpt>
      <trkpt lat="-50.95443" lon="-72.91565">
        <ele>446.65</ele>
      </trkpt>
      <trkpt lat="-50.95449" lon="-72.91549">
        <ele>446.67</ele>
      </trkpt>
      <trkpt lat="-50.95468" lon="-72.91514">
        <ele>444.17</ele>
      </trkpt>
      <trkpt lat="-50.95509" lon="-72.91459">
        <ele>429.71</ele>
      </trkpt>
      <trkpt lat="-50.95511" lon="-72.91457">
        <ele>428.71</ele>
      </trkpt>
      <trkpt lat="-50.95511" lon="-72.91457">
        <ele>428.71</ele>
      </trkpt>
      <trkpt lat="-50.95519" lon="-72.91438">
        <ele>425.12</ele>
      </trkpt>
      <trkpt lat="-50.95527" lon="-72.91412">
        <ele>423.29</ele>
      </trkpt>
      <trkpt lat="-50.9554" lon="-72.91395">
        <ele>421.58</ele>
      </trkpt>
      <trkpt lat="-50.95557" lon="-72.9135">
        <ele>423.81</ele>
      </trkpt>
      <trkpt lat="-50.95561" lon="-72.91317">
        <ele>434.45</ele>
      </trkpt>
      <trkpt lat="-50.95568" lon="-72.91298">
        <ele>436.81</ele>
      </trkpt>
      <trkpt lat="-50.9559" lon="-72.91266">
        <ele>425.21</ele>
      </trkpt>
      <trkpt lat="-50.95599" lon="-72.91247">
        <ele>422.72</ele>
      </trkpt>
      <trkpt lat="-50.95605" lon="-72.91244">
        <ele>420.13</ele>
      </trkpt>
      <trkpt lat="-50.95605" lon="-72.91244">
        <ele>420.13</ele>
      </trkpt>
      <trkpt lat="-50.95618" lon="-72.91237">
        <ele>414.93</ele>
      </trkpt>
      <trkpt lat="-50.95628" lon="-72.91231">
        <ele>411.8</ele>
      </trkpt>
      <trkpt lat="-50.95639" lon="-72.91227">
        <ele>408.81</ele>
      </trkpt>
      <trkpt lat="-50.95655" lon="-72.91193">
        <ele>406.95</ele>
      </trkpt>
      <trkpt lat="-50.95659" lon="-72.9117">
        <ele>410.9</ele>
      </trkpt>
      <trkpt lat="-50.95668" lon="-72.91138">
        <ele>419.37</ele>
      </trkpt>
      <trkpt lat="-50.95678" lon="-72.91123">
        <ele>423.3</ele>
      </trkpt>
      <trkpt lat="-50.95678" lon="-72.91123">
        <ele>423.3</ele>
      </trkpt>
      <trkpt lat="-50.95681" lon="-72.91119">
        <ele>423.53</ele>
      </trkpt>
      <trkpt lat="-50.95706" lon="-72.911">
        <ele>419.44</ele>
      </trkpt>
      <trkpt lat="-50.95727" lon="-72.9108">
        <ele>414.09</ele>
      </trkpt>
      <trkpt lat="-50.95743" lon="-72.9105">
        <ele>418.51</ele>
      </trkpt>
      <trkpt lat="-50.95746" lon="-72.91049">
        <ele>418.28</ele>
      </trkpt>
      <trkpt lat="-50.95763" lon="-72.91059">
        <ele>413.27</ele>
      </trkpt>
      <trkpt lat="-50.95767" lon="-72.91064">
        <ele>412.92</ele>
      </trkpt>
      <trkpt lat="-50.95768" lon="-72.91065">
        <ele>412.87</ele>
      </trkpt>
      <trkpt lat="-50.95774" lon="-72.9108">
        <ele>412.66</ele>
      </trkpt>
      <trkpt lat="-50.95774" lon="-72.91083">
        <ele>412.6</ele>
      </trkpt>
      <trkpt lat="-50.95777" lon="-72.91089">
        <ele>412.93</ele>
      </trkpt>
      <trkpt lat="-50.95781" lon="-72.91088">
        <ele>412.9</ele>
      </trkpt>
      <trkpt lat="-50.95783" lon="-72.91085">
        <ele>412.82</ele>
      </trkpt>
      <trkpt lat="-50.95784" lon="-72.91081">
        <ele>412.76</ele>
      </trkpt>
      <trkpt lat="-50.95784" lon="-72.91081">
        <ele>412.76</ele>
      </trkpt>
      <trkpt lat="-50.95786" lon="-72.91075">
        <ele>412.62</ele>
      </trkpt>
      <trkpt lat="-50.95788" lon="-72.91066">
        <ele>412.4</ele>
      </trkpt>
      <trkpt lat="-50.95791" lon="-72.91053">
        <ele>411.91</ele>
      </trkpt>
      <trkpt lat="-50.95798" lon="-72.9105">
        <ele>411.29</ele>
      </trkpt>
      <trkpt lat="-50.95806" lon="-72.91049">
        <ele>410.73</ele>
      </trkpt>
      <trkpt lat="-50.9581" lon="-72.91046">
        <ele>410.34</ele>
      </trkpt>
      <trkpt lat="-50.95813" lon="-72.91038">
        <ele>409.83</ele>
      </trkpt>
      <trkpt lat="-50.95818" lon="-72.91039">
        <ele>409.51</ele>
      </trkpt>
      <trkpt lat="-50.95825" lon="-72.9104">
        <ele>409.04</ele>
      </trkpt>
      <trkpt lat="-50.95834" lon="-72.91036">
        <ele>408.27</ele>
      </trkpt>
      <trkpt lat="-50.95851" lon="-72.91028">
        <ele>406.75</ele>
      </trkpt>
      <trkpt lat="-50.95863" lon="-72.91022">
        <ele>405.87</ele>
      </trkpt>
      <trkpt lat="-50.95875" lon="-72.91019">
        <ele>407.24</ele>
      </trkpt>
      <trkpt lat="-50.95888" lon="-72.91027">
        <ele>410.68</ele>
      </trkpt>
      <trkpt lat="-50.95896" lon="-72.91032">
        <ele>412.92</ele>
      </trkpt>
      <trkpt lat="-50.95898" lon="-72.9103">
        <ele>412.4</ele>
      </trkpt>
      <trkpt lat="-50.95902" lon="-72.91027">
        <ele>411.82</ele>
      </trkpt>
      <trkpt lat="-50.95906" lon="-72.91015">
        <ele>410.32</ele>
      </trkpt>
      <trkpt lat="-50.95916" lon="-72.91008">
        <ele>410.76</ele>
      </trkpt>
      <trkpt lat="-50.95926" lon="-72.90994">
        <ele>412.04</ele>
      </trkpt>
      <trkpt lat="-50.95938" lon="-72.90995">
        <ele>415.37</ele>
      </trkpt>
      <trkpt lat="-50.95951" lon="-72.90994">
        <ele>420.39</ele>
      </trkpt>
      <trkpt lat="-50.95958" lon="-72.90997">
        <ele>424.95</ele>
      </trkpt>
      <trkpt lat="-50.95963" lon="-72.90997">
        <ele>427.72</ele>
      </trkpt>
      <trkpt lat="-50.95969" lon="-72.91">
        <ele>432.14</ele>
      </trkpt>
      <trkpt lat="-50.95978" lon="-72.90998">
        <ele>435.42</ele>
      </trkpt>
      <trkpt lat="-50.95981" lon="-72.90994">
        <ele>435.4</ele>
      </trkpt>
      <trkpt lat="-50.95987" lon="-72.90989">
        <ele>436.86</ele>
      </trkpt>
      <trkpt lat="-50.9599" lon="-72.90984">
        <ele>437.38</ele>
      </trkpt>
      <trkpt lat="-50.95996" lon="-72.90974">
        <ele>439.47</ele>
      </trkpt>
      <trkpt lat="-50.9601" lon="-72.9097">
        <ele>442.05</ele>
      </trkpt>
      <trkpt lat="-50.96024" lon="-72.90959">
        <ele>439.92</ele>
      </trkpt>
      <trkpt lat="-50.96027" lon="-72.90945">
        <ele>435.93</ele>
      </trkpt>
      <trkpt lat="-50.96027" lon="-72.90945">
        <ele>435.93</ele>
      </trkpt>
      <trkpt lat="-50.9603" lon="-72.90932">
        <ele>434.06</ele>
      </trkpt>
      <trkpt lat="-50.96026" lon="-72.90926">
        <ele>430.07</ele>
      </trkpt>
      <trkpt lat="-50.96025" lon="-72.90919">
        <ele>427.68</ele>
      </trkpt>
      <trkpt lat="-50.9603" lon="-72.90903">
        <ele>425.96</ele>
      </trkpt>
      <trkpt lat="-50.96038" lon="-72.9088">
        <ele>424.21</ele>
      </trkpt>
      <trkpt lat="-50.96057" lon="-72.90867">
        <ele>427.81</ele>
      </trkpt>
      <trkpt lat="-50.96067" lon="-72.90859">
        <ele>427.14</ele>
      </trkpt>
      <trkpt lat="-50.9607" lon="-72.90852">
        <ele>425.35</ele>
      </trkpt>
      <trkpt lat="-50.96072" lon="-72.90841">
        <ele>421.77</ele>
      </trkpt>
      <trkpt lat="-50.96072" lon="-72.90831">
        <ele>418.01</ele>
      </trkpt>
      <trkpt lat="-50.96078" lon="-72.90823">
        <ele>415.49</ele>
      </trkpt>
      <trkpt lat="-50.96103" lon="-72.90806">
        <ele>412.43</ele>
      </trkpt>
      <trkpt lat="-50.9612" lon="-72.90782">
        <ele>409.04</ele>
      </trkpt>
      <trkpt lat="-50.96126" lon="-72.90766">
        <ele>407.05</ele>
      </trkpt>
      <trkpt lat="-50.96134" lon="-72.90756">
        <ele>409.61</ele>
      </trkpt>
      <trkpt lat="-50.96141" lon="-72.90754">
        <ele>413.07</ele>
      </trkpt>
      <trkpt lat="-50.96144" lon="-72.90754">
        <ele>413.98</ele>
      </trkpt>
      <trkpt lat="-50.96148" lon="-72.90755">
        <ele>415.34</ele>
      </trkpt>
      <trkpt lat="-50.96153" lon="-72.90749">
        <ele>415.71</ele>
      </trkpt>
      <trkpt lat="-50.96157" lon="-72.90739">
        <ele>413.5</ele>
      </trkpt>
      <trkpt lat="-50.96162" lon="-72.90729">
        <ele>412.1</ele>
      </trkpt>
      <trkpt lat="-50.96168" lon="-72.9072">
        <ele>411.91</ele>
      </trkpt>
      <trkpt lat="-50.96175" lon="-72.9071">
        <ele>412.2</ele>
      </trkpt>
      <trkpt lat="-50.96179" lon="-72.90695">
        <ele>409.82</ele>
      </trkpt>
      <trkpt lat="-50.96183" lon="-72.90688">
        <ele>409.64</ele>
      </trkpt>
      <trkpt lat="-50.96191" lon="-72.90676">
        <ele>410.08</ele>
      </trkpt>
      <trkpt lat="-50.96205" lon="-72.90657">
        <ele>415.1</ele>
      </trkpt>
      <trkpt lat="-50.96225" lon="-72.90625">
        <ele>426.2</ele>
      </trkpt>
      <trkpt lat="-50.9623" lon="-72.90601">
        <ele>426.45</ele>
      </trkpt>
      <trkpt lat="-50.9623" lon="-72.90601">
        <ele>426.45</ele>
      </trkpt>
      <trkpt lat="-50.96236" lon="-72.90571">
        <ele>429.68</ele>
      </trkpt>
      <trkpt lat="-50.96246" lon="-72.90532">
        <ele>436.81</ele>
      </trkpt>
      <trkpt lat="-50.96256" lon="-72.90499">
        <ele>439.04</ele>
      </trkpt>
      <trkpt lat="-50.96265" lon="-72.90473">
        <ele>436.13</ele>
      </trkpt>
      <trkpt lat="-50.96279" lon="-72.90431">
        <ele>428.82</ele>
      </trkpt>
      <trkpt lat="-50.9631" lon="-72.90388">
        <ele>449.77</ele>
      </trkpt>
      <trkpt lat="-50.96321" lon="-72.90359">
        <ele>449.68</ele>
      </trkpt>
      <trkpt lat="-50.96334" lon="-72.90341">
        <ele>456.69</ele>
      </trkpt>
      <trkpt lat="-50.96342" lon="-72.9032">
        <ele>458.93</ele>
      </trkpt>
      <trkpt lat="-50.96346" lon="-72.90297">
        <ele>457.77</ele>
      </trkpt>
      <trkpt lat="-50.96343" lon="-72.90272">
        <ele>450.97</ele>
      </trkpt>
      <trkpt lat="-50.96346" lon="-72.90258">
        <ele>447.34</ele>
      </trkpt>
      <trkpt lat="-50.96352" lon="-72.90248">
        <ele>447.83</ele>
      </trkpt>
      <trkpt lat="-50.96372" lon="-72.90212">
        <ele>449.41</ele>
      </trkpt>
      <trkpt lat="-50.9639" lon="-72.902">
        <ele>454.36</ele>
      </trkpt>
      <trkpt lat="-50.96408" lon="-72.90171">
        <ele>453.6</ele>
      </trkpt>
      <trkpt lat="-50.96415" lon="-72.90153">
        <ele>451.37</ele>
      </trkpt>
      <trkpt lat="-50.96435" lon="-72.90127">
        <ele>449.47</ele>
      </trkpt>
      <trkpt lat="-50.96447" lon="-72.90113">
        <ele>449.79</ele>
      </trkpt>
      <trkpt lat="-50.96447" lon="-72.90113">
        <ele>449.79</ele>
      </trkpt>
      <trkpt lat="-50.96454" lon="-72.90105">
        <ele>447.89</ele>
      </trkpt>
      <trkpt lat="-50.96477" lon="-72.90094">
        <ele>449.92</ele>
      </trkpt>
      <trkpt lat="-50.9649" lon="-72.90087">
        <ele>452.62</ele>
      </trkpt>
      <trkpt lat="-50.96501" lon="-72.90077">
        <ele>452.89</ele>
      </trkpt>
      <trkpt lat="-50.96531" lon="-72.90043">
        <ele>445.38</ele>
      </trkpt>
      <trkpt lat="-50.96548" lon="-72.90014">
        <ele>436.27</ele>
      </trkpt>
      <trkpt lat="-50.96556" lon="-72.89999">
        <ele>431.78</ele>
      </trkpt>
      <trkpt lat="-50.96568" lon="-72.89992">
        <ele>432.13</ele>
      </trkpt>
      <trkpt lat="-50.96568" lon="-72.89992">
        <ele>432.13</ele>
      </trkpt>
      <trkpt lat="-50.96584" lon="-72.89982">
        <ele>434.11</ele>
      </trkpt>
      <trkpt lat="-50.9659" lon="-72.89981">
        <ele>434.5</ele>
      </trkpt>
      <trkpt lat="-50.96598" lon="-72.89975">
        <ele>434.41</ele>
      </trkpt>
      <trkpt lat="-50.96604" lon="-72.89968">
        <ele>433.05</ele>
      </trkpt>
      <trkpt lat="-50.96604" lon="-72.89968">
        <ele>433.05</ele>
      </trkpt>
      <trkpt lat="-50.96598" lon="-72.89975">
        <ele>434.41</ele>
      </trkpt>
      <trkpt lat="-50.9659" lon="-72.89981">
        <ele>434.5</ele>
      </trkpt>
      <trkpt lat="-50.96584" lon="-72.89982">
        <ele>434.11</ele>
      </trkpt>
      <trkpt lat="-50.96593" lon="-72.89986">
        <ele>435.36</ele>
      </trkpt>
      <trkpt lat="-50.96605" lon="-72.8998">
        <ele>435.62</ele>
      </trkpt>
      <trkpt lat="-50.96618" lon="-72.89978">
        <ele>434.89</ele>
      </trkpt>
      <trkpt lat="-50.96632" lon="-72.89964">
        <ele>429.7</ele>
      </trkpt>
      <trkpt lat="-50.96658" lon="-72.8995">
        <ele>427.05</ele>
      </trkpt>
      <trkpt lat="-50.96672" lon="-72.89947">
        <ele>427.42</ele>
      </trkpt>
      <trkpt lat="-50.96689" lon="-72.89936">
        <ele>425.0</ele>
      </trkpt>
      <trkpt lat="-50.9671" lon="-72.89925">
        <ele>422.11</ele>
      </trkpt>
      <trkpt lat="-50.96729" lon="-72.89919">
        <ele>419.5</ele>
      </trkpt>
      <trkpt lat="-50.96737" lon="-72.89922">
        <ele>419.12</ele>
      </trkpt>
      <trkpt lat="-50.96747" lon="-72.89924">
        <ele>418.02</ele>
      </trkpt>
      <trkpt lat="-50.9676" lon="-72.89923">
        <ele>416.41</ele>
      </trkpt>
      <trkpt lat="-50.96782" lon="-72.89921">
        <ele>411.62</ele>
      </trkpt>
      <trkpt lat="-50.9682" lon="-72.89923">
        <ele>395.67</ele>
      </trkpt>
      <trkpt lat="-50.9683" lon="-72.89928">
        <ele>396.27</ele>
      </trkpt>
      <trkpt lat="-50.96839" lon="-72.89928">
        <ele>395.49</ele>
      </trkpt>
      <trkpt lat="-50.96849" lon="-72.89921">
        <ele>392.72</ele>
      </trkpt>
      <trkpt lat="-50.9686" lon="-72.89924">
        <ele>393.9</ele>
      </trkpt>
      <trkpt lat="-50.96878" lon="-72.89914">
        <ele>391.65</ele>
      </trkpt>
      <trkpt lat="-50.96893" lon="-72.89905">
        <ele>388.66</ele>
      </trkpt>
      <trkpt lat="-50.969" lon="-72.89906">
        <ele>389.32</ele>
      </trkpt>
      <trkpt lat="-50.96909" lon="-72.89904">
        <ele>388.73</ele>
      </trkpt>
      <trkpt lat="-50.96919" lon="-72.899">
        <ele>387.25</ele>
      </trkpt>
      <trkpt lat="-50.96926" lon="-72.89896">
        <ele>385.55</ele>
      </trkpt>
      <trkpt lat="-50.9694" lon="-72.89893">
        <ele>384.6</ele>
      </trkpt>
      <trkpt lat="-50.96944" lon="-72.89888">
        <ele>383.92</ele>
      </trkpt>
      <trkpt lat="-50.96948" lon="-72.89886">
        <ele>383.69</ele>
      </trkpt>
      <trkpt lat="-50.96957" lon="-72.89886">
        <ele>383.43</ele>
      </trkpt>
      <trkpt lat="-50.96971" lon="-72.89885">
        <ele>383.03</ele>
      </trkpt>
      <trkpt lat="-50.96986" lon="-72.89886">
        <ele>378.77</ele>
      </trkpt>
      <trkpt lat="-50.96991" lon="-72.89889">
        <ele>377.61</ele>
      </trkpt>
      <trkpt lat="-50.96998" lon="-72.8989">
        <ele>375.77</ele>
      </trkpt>
      <trkpt lat="-50.97006" lon="-72.89884">
        <ele>374.04</ele>
      </trkpt>
      <trkpt lat="-50.97012" lon="-72.8988">
        <ele>373.12</ele>
      </trkpt>
      <trkpt lat="-50.9703" lon="-72.89875">
        <ele>370.82</ele>
      </trkpt>
      <trkpt lat="-50.97055" lon="-72.89876">
        <ele>363.53</ele>
      </trkpt>
      <trkpt lat="-50.97086" lon="-72.89859">
        <ele>348.09</ele>
      </trkpt>
      <trkpt lat="-50.971" lon="-72.89855">
        <ele>341.78</ele>
      </trkpt>
      <trkpt lat="-50.97123" lon="-72.89859">
        <ele>339.82</ele>
      </trkpt>
      <trkpt lat="-50.97147" lon="-72.89858">
        <ele>338.37</ele>
      </trkpt>
      <trkpt lat="-50.97155" lon="-72.89852">
        <ele>336.15</ele>
      </trkpt>
      <trkpt lat="-50.97169" lon="-72.89837">
        <ele>331.47</ele>
      </trkpt>
      <trkpt lat="-50.9718" lon="-72.89829">
        <ele>329.04</ele>
      </trkpt>
      <trkpt lat="-50.97209" lon="-72.89819">
        <ele>319.96</ele>
      </trkpt>
      <trkpt lat="-50.97226" lon="-72.89816">
        <ele>315.01</ele>
      </trkpt>
      <trkpt lat="-50.9725" lon="-72.89825">
        <ele>313.5</ele>
      </trkpt>
      <trkpt lat="-50.97282" lon="-72.89825">
        <ele>309.0</ele>
      </trkpt>
      <trkpt lat="-50.97302" lon="-72.8983">
        <ele>309.3</ele>
      </trkpt>
      <trkpt lat="-50.97317" lon="-72.89829">
        <ele>307.61</ele>
      </trkpt>
      <trkpt lat="-50.97331" lon="-72.89833">
        <ele>307.16</ele>
      </trkpt>
      <trkpt lat="-50.97346" lon="-72.89843">
        <ele>308.31</ele>
      </trkpt>
      <trkpt lat="-50.97346" lon="-72.89844">
        <ele>308.63</ele>
      </trkpt>
      <trkpt lat="-50.97352" lon="-72.89848">
        <ele>309.06</ele>
      </trkpt>
      <trkpt lat="-50.97363" lon="-72.89852">
        <ele>308.87</ele>
      </trkpt>
      <trkpt lat="-50.97394" lon="-72.89846">
        <ele>304.11</ele>
      </trkpt>
      <trkpt lat="-50.97405" lon="-72.8985">
        <ele>303.94</ele>
      </trkpt>
      <trkpt lat="-50.97437" lon="-72.89871">
        <ele>302.11</ele>
      </trkpt>
      <trkpt lat="-50.97474" lon="-72.89883">
        <ele>293.91</ele>
      </trkpt>
      <trkpt lat="-50.97492" lon="-72.89893">
        <ele>292.93</ele>
      </trkpt>
      <trkpt lat="-50.97529" lon="-72.89941">
        <ele>293.62</ele>
      </trkpt>
      <trkpt lat="-50.97566" lon="-72.89973">
        <ele>297.49</ele>
      </trkpt>
      <trkpt lat="-50.97583" lon="-72.89976">
        <ele>293.5</ele>
      </trkpt>
      <trkpt lat="-50.97619" lon="-72.89985">
        <ele>286.19</ele>
      </trkpt>
      <trkpt lat="-50.97632" lon="-72.89991">
        <ele>286.55</ele>
      </trkpt>
      <trkpt lat="-50.97659" lon="-72.90005">
        <ele>283.9</ele>
      </trkpt>
      <trkpt lat="-50.97696" lon="-72.90031">
        <ele>276.23</ele>
      </trkpt>
      <trkpt lat="-50.97704" lon="-72.90033">
        <ele>276.62</ele>
      </trkpt>
      <trkpt lat="-50.97737" lon="-72.90022">
        <ele>272.13</ele>
      </trkpt>
      <trkpt lat="-50.97751" lon="-72.90025">
        <ele>269.79</ele>
      </trkpt>
      <trkpt lat="-50.97769" lon="-72.90022">
        <ele>267.6</ele>
      </trkpt>
      <trkpt lat="-50.97778" lon="-72.90023">
        <ele>266.66</ele>
      </trkpt>
      <trkpt lat="-50.97792" lon="-72.90033">
        <ele>267.89</ele>
      </trkpt>
      <trkpt lat="-50.97838" lon="-72.90082">
        <ele>270.14</ele>
      </trkpt>
      <trkpt lat="-50.97879" lon="-72.90108">
        <ele>271.63</ele>
      </trkpt>
      <trkpt lat="-50.97897" lon="-72.90124">
        <ele>270.11</ele>
      </trkpt>
      <trkpt lat="-50.97935" lon="-72.90147">
        <ele>272.03</ele>
      </trkpt>
      <trkpt lat="-50.97941" lon="-72.90153">
        <ele>273.04</ele>
      </trkpt>
      <trkpt lat="-50.97956" lon="-72.90177">
        <ele>273.09</ele>
      </trkpt>
      <trkpt lat="-50.97977" lon="-72.90194">
        <ele>271.11</ele>
      </trkpt>
      <trkpt lat="-50.98" lon="-72.902">
        <ele>272.8</ele>
      </trkpt>
      <trkpt lat="-50.98013" lon="-72.90209">
        <ele>273.36</ele>
      </trkpt>
      <trkpt lat="-50.98026" lon="-72.90221">
        <ele>273.14</ele>
      </trkpt>
      <trkpt lat="-50.98061" lon="-72.90241">
        <ele>270.24</ele>
      </trkpt>
      <trkpt lat="-50.98079" lon="-72.90249">
        <ele>265.27</ele>
      </trkpt>
      <trkpt lat="-50.98096" lon="-72.90251">
        <ele>263.14</ele>
      </trkpt>
      <trkpt lat="-50.98114" lon="-72.90259">
        <ele>262.53</ele>
      </trkpt>
      <trkpt lat="-50.9815" lon="-72.90259">
        <ele>263.25</ele>
      </trkpt>
      <trkpt lat="-50.9816" lon="-72.90258">
        <ele>262.23</ele>
      </trkpt>
      <trkpt lat="-50.98176" lon="-72.90248">
        <ele>262.1</ele>
      </trkpt>
      <trkpt lat="-50.98188" lon="-72.90246">
        <ele>263.53</ele>
      </trkpt>
      <trkpt lat="-50.98213" lon="-72.90246">
        <ele>265.47</ele>
      </trkpt>
      <trkpt lat="-50.98232" lon="-72.90242">
        <ele>264.28</ele>
      </trkpt>
      <trkpt lat="-50.98245" lon="-72.90242">
        <ele>263.34</ele>
      </trkpt>
      <trkpt lat="-50.98275" lon="-72.90248">
        <ele>261.09</ele>
      </trkpt>
      <trkpt lat="-50.98317" lon="-72.90265">
        <ele>259.43</ele>
      </trkpt>
      <trkpt lat="-50.98328" lon="-72.90265">
        <ele>258.74</ele>
      </trkpt>
      <trkpt lat="-50.98345" lon="-72.90259">
        <ele>256.51</ele>
      </trkpt>
      <trkpt lat="-50.98365" lon="-72.90259">
        <ele>256.33</ele>
      </trkpt>
      <trkpt lat="-50.98391" lon="-72.90267">
        <ele>255.09</ele>
      </trkpt>
      <trkpt lat="-50.98407" lon="-72.90278">
        <ele>254.48</ele>
      </trkpt>
      <trkpt lat="-50.98417" lon="-72.9028">
        <ele>252.27</ele>
      </trkpt>
      <trkpt lat="-50.98488" lon="-72.9028">
        <ele>243.59</ele>
      </trkpt>
      <trkpt lat="-50.98533" lon="-72.90269">
        <ele>231.55</ele>
      </trkpt>
      <trkpt lat="-50.9856" lon="-72.90252">
        <ele>228.13</ele>
      </trkpt>
      <trkpt lat="-50.98599" lon="-72.90245">
        <ele>225.21</ele>
      </trkpt>
      <trkpt lat="-50.98623" lon="-72.90238">
        <ele>218.74</ele>
      </trkpt>
      <trkpt lat="-50.98642" lon="-72.90237">
        <ele>212.51</ele>
      </trkpt>
      <trkpt lat="-50.98655" lon="-72.9024">
        <ele>210.29</ele>
      </trkpt>
      <trkpt lat="-50.9868" lon="-72.90249">
        <ele>208.89</ele>
      </trkpt>
      <trkpt lat="-50.98746" lon="-72.90257">
        <ele>206.68</ele>
      </trkpt>
      <trkpt lat="-50.98783" lon="-72.90277">
        <ele>210.11</ele>
      </trkpt>
      <trkpt lat="-50.98808" lon="-72.90278">
        <ele>215.37</ele>
      </trkpt>
      <trkpt lat="-50.98827" lon="-72.90284">
        <ele>218.36</ele>
      </trkpt>
      <trkpt lat="-50.98845" lon="-72.90284">
        <ele>217.36</ele>
      </trkpt>
      <trkpt lat="-50.98851" lon="-72.90281">
        <ele>216.42</ele>
      </trkpt>
      <trkpt lat="-50.98851" lon="-72.90281">
        <ele>216.42</ele>
      </trkpt>
      <trkpt lat="-50.98859" lon="-72.90277">
        <ele>215.22</ele>
      </trkpt>
      <trkpt lat="-50.98867" lon="-72.90276">
        <ele>212.93</ele>
      </trkpt>
      <trkpt lat="-50.98899" lon="-72.90278">
        <ele>207.48</ele>
      </trkpt>
      <trkpt lat="-50.98933" lon="-72.90293">
        <ele>211.04</ele>
      </trkpt>
      <trkpt lat="-50.98993" lon="-72.90335">
        <ele>206.63</ele>
      </trkpt>
      <trkpt lat="-50.9901" lon="-72.90345">
        <ele>204.25</ele>
      </trkpt>
      <trkpt lat="-50.99017" lon="-72.90352">
        <ele>203.48</ele>
      </trkpt>
      <trkpt lat="-50.99035" lon="-72.90376">
        <ele>204.4</ele>
      </trkpt>
      <trkpt lat="-50.9906" lon="-72.90398">
        <ele>209.41</ele>
      </trkpt>
      <trkpt lat="-50.99073" lon="-72.90414">
        <ele>212.31</ele>
      </trkpt>
      <trkpt lat="-50.99077" lon="-72.90423">
        <ele>212.96</ele>
      </trkpt>
      <trkpt lat="-50.99087" lon="-72.90476">
        <ele>216.87</ele>
      </trkpt>
      <trkpt lat="-50.99101" lon="-72.90515">
        <ele>216.92</ele>
      </trkpt>
      <trkpt lat="-50.99107" lon="-72.90523">
        <ele>216.42</ele>
      </trkpt>
      <trkpt lat="-50.99119" lon="-72.90531">
        <ele>217.62</ele>
      </trkpt>
      <trkpt lat="-50.99131" lon="-72.90536">
        <ele>219.96</ele>
      </trkpt>
      <trkpt lat="-50.99144" lon="-72.90544">
        <ele>222.32</ele>
      </trkpt>
      <trkpt lat="-50.99176" lon="-72.90577">
        <ele>227.03</ele>
      </trkpt>
      <trkpt lat="-50.99182" lon="-72.90592">
        <ele>227.18</ele>
      </trkpt>
      <trkpt lat="-50.99185" lon="-72.90606">
        <ele>227.23</ele>
      </trkpt>
      <trkpt lat="-50.99189" lon="-72.90663">
        <ele>227.67</ele>
      </trkpt>
      <trkpt lat="-50.99196" lon="-72.90732">
        <ele>227.98</ele>
      </trkpt>
      <trkpt lat="-50.99199" lon="-72.90745">
        <ele>228.16</ele>
      </trkpt>
      <trkpt lat="-50.99207" lon="-72.90757">
        <ele>229.71</ele>
      </trkpt>
      <trkpt lat="-50.99219" lon="-72.90765">
        <ele>232.3</ele>
      </trkpt>
      <trkpt lat="-50.99237" lon="-72.90773">
        <ele>233.37</ele>
      </trkpt>
      <trkpt lat="-50.99244" lon="-72.90781">
        <ele>232.88</ele>
      </trkpt>
      <trkpt lat="-50.99252" lon="-72.90802">
        <ele>232.41</ele>
      </trkpt>
      <trkpt lat="-50.99257" lon="-72.90812">
        <ele>233.18</ele>
      </trkpt>
      <trkpt lat="-50.99268" lon="-72.90825">
        <ele>234.84</ele>
      </trkpt>
      <trkpt lat="-50.99287" lon="-72.90859">
        <ele>232.18</ele>
      </trkpt>
      <trkpt lat="-50.99295" lon="-72.90868">
        <ele>231.2</ele>
      </trkpt>
      <trkpt lat="-50.99302" lon="-72.90873">
        <ele>230.7</ele>
      </trkpt>
      <trkpt lat="-50.99332" lon="-72.90882">
        <ele>225.03</ele>
      </trkpt>
      <trkpt lat="-50.99345" lon="-72.90879">
        <ele>221.86</ele>
      </trkpt>
      <trkpt lat="-50.99384" lon="-72.90865">
        <ele>214.61</ele>
      </trkpt>
      <trkpt lat="-50.99396" lon="-72.90869">
        <ele>212.49</ele>
      </trkpt>
      <trkpt lat="-50.99408" lon="-72.90865">
        <ele>212.01</ele>
      </trkpt>
      <trkpt lat="-50.9941" lon="-72.90874">
        <ele>210.38</ele>
      </trkpt>
      <trkpt lat="-50.9941" lon="-72.90888">
        <ele>208.1</ele>
      </trkpt>
      <trkpt lat="-50.99409" lon="-72.90896">
        <ele>207.29</ele>
      </trkpt>
      <trkpt lat="-50.99416" lon="-72.90899">
        <ele>205.67</ele>
      </trkpt>
      <trkpt lat="-50.99432" lon="-72.90897">
        <ele>205.44</ele>
      </trkpt>
      <trkpt lat="-50.99439" lon="-72.909">
        <ele>204.92</ele>
      </trkpt>
      <trkpt lat="-50.99447" lon="-72.909">
        <ele>204.14</ele>
      </trkpt>
      <trkpt lat="-50.99453" lon="-72.90898">
        <ele>202.75</ele>
      </trkpt>
      <trkpt lat="-50.99464" lon="-72.90898">
        <ele>199.85</ele>
      </trkpt>
      <trkpt lat="-50.99463" lon="-72.90907">
        <ele>199.57</ele>
      </trkpt>
      <trkpt lat="-50.99459" lon="-72.90914">
        <ele>200.04</ele>
      </trkpt>
      <trkpt lat="-50.9947" lon="-72.90926">
        <ele>197.76</ele>
      </trkpt>
      <trkpt lat="-50.99487" lon="-72.90948">
        <ele>196.53</ele>
      </trkpt>
      <trkpt lat="-50.99498" lon="-72.90974">
        <ele>196.3</ele>
      </trkpt>
      <trkpt lat="-50.99501" lon="-72.90995">
        <ele>196.82</ele>
      </trkpt>
      <trkpt lat="-50.99505" lon="-72.91008">
        <ele>197.29</ele>
      </trkpt>
      <trkpt lat="-50.99523" lon="-72.91042">
        <ele>199.38</ele>
      </trkpt>
      <trkpt lat="-50.99527" lon="-72.91055">
        <ele>200.07</ele>
      </trkpt>
      <trkpt lat="-50.99532" lon="-72.91066">
        <ele>200.33</ele>
      </trkpt>
      <trkpt lat="-50.99545" lon="-72.91086">
        <ele>199.9</ele>
      </trkpt>
      <trkpt lat="-50.99546" lon="-72.91097">
        <ele>201.34</ele>
      </trkpt>
      <trkpt lat="-50.99547" lon="-72.91108">
        <ele>202.78</ele>
      </trkpt>
      <trkpt lat="-50.99547" lon="-72.91109">
        <ele>202.93</ele>
      </trkpt>
      <trkpt lat="-50.99554" lon="-72.91123">
        <ele>201.51</ele>
      </trkpt>
      <trkpt lat="-50.99558" lon="-72.9113">
        <ele>200.06</ele>
      </trkpt>
      <trkpt lat="-50.99559" lon="-72.91138">
        <ele>199.31</ele>
      </trkpt>
      <trkpt lat="-50.99563" lon="-72.91161">
        <ele>197.97</ele>
      </trkpt>
      <trkpt lat="-50.99566" lon="-72.91177">
        <ele>198.57</ele>
      </trkpt>
      <trkpt lat="-50.9957" lon="-72.91197">
        <ele>200.35</ele>
      </trkpt>
      <trkpt lat="-50.99576" lon="-72.91206">
        <ele>199.94</ele>
      </trkpt>
      <trkpt lat="-50.99578" lon="-72.91219">
        <ele>201.68</ele>
      </trkpt>
      <trkpt lat="-50.99584" lon="-72.91232">
        <ele>201.89</ele>
      </trkpt>
      <trkpt lat="-50.99589" lon="-72.91237">
        <ele>201.13</ele>
      </trkpt>
      <trkpt lat="-50.99593" lon="-72.91237">
        <ele>199.67</ele>
      </trkpt>
      <trkpt lat="-50.99599" lon="-72.91246">
        <ele>198.69</ele>
      </trkpt>
      <trkpt lat="-50.99607" lon="-72.91261">
        <ele>197.48</ele>
      </trkpt>
      <trkpt lat="-50.99613" lon="-72.91268">
        <ele>196.23</ele>
      </trkpt>
      <trkpt lat="-50.99618" lon="-72.9127">
        <ele>195.57</ele>
      </trkpt>
      <trkpt lat="-50.9963" lon="-72.91284">
        <ele>196.54</ele>
      </trkpt>
      <trkpt lat="-50.9964" lon="-72.91294">
        <ele>197.66</ele>
      </trkpt>
      <trkpt lat="-50.99648" lon="-72.913">
        <ele>199.01</ele>
      </trkpt>
      <trkpt lat="-50.99661" lon="-72.91309">
        <ele>199.81</ele>
      </trkpt>
      <trkpt lat="-50.99666" lon="-72.91309">
        <ele>199.31</ele>
      </trkpt>
      <trkpt lat="-50.99673" lon="-72.91316">
        <ele>198.33</ele>
      </trkpt>
      <trkpt lat="-50.99684" lon="-72.91326">
        <ele>197.02</ele>
      </trkpt>
      <trkpt lat="-50.99697" lon="-72.91338">
        <ele>197.09</ele>
      </trkpt>
      <trkpt lat="-50.99706" lon="-72.91335">
        <ele>197.5</ele>
      </trkpt>
      <trkpt lat="-50.99714" lon="-72.9134">
        <ele>198.97</ele>
      </trkpt>
      <trkpt lat="-50.99721" lon="-72.91342">
        <ele>199.83</ele>
      </trkpt>
      <trkpt lat="-50.9973" lon="-72.91344">
        <ele>200.54</ele>
      </trkpt>
      <trkpt lat="-50.99736" lon="-72.91346">
        <ele>201.09</ele>
      </trkpt>
      <trkpt lat="-50.99738" lon="-72.91347">
        <ele>201.32</ele>
      </trkpt>
      <trkpt lat="-50.99744" lon="-72.91345">
        <ele>201.37</ele>
      </trkpt>
      <trkpt lat="-50.99751" lon="-72.91346">
        <ele>201.84</ele>
      </trkpt>
      <trkpt lat="-50.99763" lon="-72.91352">
        <ele>202.84</ele>
      </trkpt>
      <trkpt lat="-50.99779" lon="-72.91355">
        <ele>203.07</ele>
      </trkpt>
      <trkpt lat="-50.99785" lon="-72.9136">
        <ele>202.31</ele>
      </trkpt>
      <trkpt lat="-50.99792" lon="-72.91367">
        <ele>201.88</ele>
      </trkpt>
      <trkpt lat="-50.99798" lon="-72.91376">
        <ele>202.17</ele>
      </trkpt>
      <trkpt lat="-50.99804" lon="-72.91383">
        <ele>202.23</ele>
      </trkpt>
      <trkpt lat="-50.99808" lon="-72.91397">
        <ele>202.61</ele>
      </trkpt>
      <trkpt lat="-50.99816" lon="-72.91412">
        <ele>201.09</ele>
      </trkpt>
      <trkpt lat="-50.99823" lon="-72.91418">
        <ele>199.49</ele>
      </trkpt>
      <trkpt lat="-50.99835" lon="-72.9142">
        <ele>195.31</ele>
      </trkpt>
      <trkpt lat="-50.99842" lon="-72.9143">
        <ele>192.42</ele>
      </trkpt>
      <trkpt lat="-50.9985" lon="-72.91443">
        <ele>190.32</ele>
      </trkpt>
      <trkpt lat="-50.99859" lon="-72.91458">
        <ele>186.25</ele>
      </trkpt>
      <trkpt lat="-50.99869" lon="-72.91484">
        <ele>182.91</ele>
      </trkpt>
      <trkpt lat="-50.99878" lon="-72.91497">
        <ele>179.9</ele>
      </trkpt>
      <trkpt lat="-50.99888" lon="-72.91505">
        <ele>175.96</ele>
      </trkpt>
      <trkpt lat="-50.99894" lon="-72.91523">
        <ele>176.72</ele>
      </trkpt>
      <trkpt lat="-50.99898" lon="-72.91551">
        <ele>181.43</ele>
      </trkpt>
      <trkpt lat="-50.99903" lon="-72.91571">
        <ele>184.52</ele>
      </trkpt>
      <trkpt lat="-50.9991" lon="-72.9159">
        <ele>186.37</ele>
      </trkpt>
      <trkpt lat="-50.99917" lon="-72.91606">
        <ele>185.67</ele>
      </trkpt>
      <trkpt lat="-50.99918" lon="-72.91617">
        <ele>186.28</ele>
      </trkpt>
      <trkpt lat="-50.99926" lon="-72.91626">
        <ele>184.29</ele>
      </trkpt>
      <trkpt lat="-50.9993" lon="-72.91635">
        <ele>184.09</ele>
      </trkpt>
      <trkpt lat="-50.99933" lon="-72.91646">
        <ele>184.09</ele>
      </trkpt>
      <trkpt lat="-50.99933" lon="-72.91658">
        <ele>185.03</ele>
      </trkpt>
      <trkpt lat="-50.99937" lon="-72.91669">
        <ele>184.27</ele>
      </trkpt>
      <trkpt lat="-50.99941" lon="-72.91681">
        <ele>182.15</ele>
      </trkpt>
      <trkpt lat="-50.99945" lon="-72.91703">
        <ele>179.6</ele>
      </trkpt>
      <trkpt lat="-50.99952" lon="-72.91735">
        <ele>178.12</ele>
      </trkpt>
      <trkpt lat="-50.99952" lon="-72.91751">
        <ele>178.38</ele>
      </trkpt>
      <trkpt lat="-50.99953" lon="-72.91765">
        <ele>178.32</ele>
      </trkpt>
      <trkpt lat="-50.99956" lon="-72.91783">
        <ele>178.31</ele>
      </trkpt>
      <trkpt lat="-50.99959" lon="-72.91797">
        <ele>179.19</ele>
      </trkpt>
      <trkpt lat="-50.99958" lon="-72.91815">
        <ele>180.69</ele>
      </trkpt>
      <trkpt lat="-50.99959" lon="-72.91824">
        <ele>181.3</ele>
      </trkpt>
      <trkpt lat="-50.99962" lon="-72.91836">
        <ele>181.81</ele>
      </trkpt>
      <trkpt lat="-50.99966" lon="-72.91842">
        <ele>181.59</ele>
      </trkpt>
      <trkpt lat="-50.9997" lon="-72.91847">
        <ele>181.24</ele>
      </trkpt>
      <trkpt lat="-50.99974" lon="-72.91861">
        <ele>180.68</ele>
      </trkpt>
      <trkpt lat="-50.99972" lon="-72.91878">
        <ele>182.88</ele>
      </trkpt>
      <trkpt lat="-50.9997" lon="-72.91884">
        <ele>184.06</ele>
      </trkpt>
      <trkpt lat="-50.9997" lon="-72.91889">
        <ele>184.66</ele>
      </trkpt>
      <trkpt lat="-50.99971" lon="-72.91896">
        <ele>185.38</ele>
      </trkpt>
      <trkpt lat="-50.99973" lon="-72.91904">
        <ele>186.05</ele>
      </trkpt>
      <trkpt lat="-50.99976" lon="-72.91917">
        <ele>187.36</ele>
      </trkpt>
      <trkpt lat="-50.9998" lon="-72.91929">
        <ele>188.13</ele>
      </trkpt>
      <trkpt lat="-50.99987" lon="-72.91939">
        <ele>187.7</ele>
      </trkpt>
      <trkpt lat="-50.99993" lon="-72.9195">
        <ele>187.26</ele>
      </trkpt>
      <trkpt lat="-50.99996" lon="-72.91961">
        <ele>187.37</ele>
      </trkpt>
      <trkpt lat="-51.00001" lon="-72.91972">
        <ele>186.77</ele>
      </trkpt>
      <trkpt lat="-51.00007" lon="-72.91989">
        <ele>186.84</ele>
      </trkpt>
      <trkpt lat="-51.00015" lon="-72.92017">
        <ele>187.64</ele>
      </trkpt>
      <trkpt lat="-51.00024" lon="-72.9205">
        <ele>191.32</ele>
      </trkpt>
      <trkpt lat="-51.00028" lon="-72.92067">
        <ele>192.8</ele>
      </trkpt>
      <trkpt lat="-51.00035" lon="-72.92087">
        <ele>193.65</ele>
      </trkpt>
      <trkpt lat="-51.00039" lon="-72.92092">
        <ele>193.63</ele>
      </trkpt>
      <trkpt lat="-51.00043" lon="-72.92103">
        <ele>194.0</ele>
      </trkpt>
      <trkpt lat="-51.00047" lon="-72.92118">
        <ele>194.96</ele>
      </trkpt>
      <trkpt lat="-51.00049" lon="-72.92138">
        <ele>196.63</ele>
      </trkpt>
      <trkpt lat="-51.00054" lon="-72.92159">
        <ele>198.54</ele>
      </trkpt>
      <trkpt lat="-51.00062" lon="-72.92181">
        <ele>198.42</ele>
      </trkpt>
      <trkpt lat="-51.0007" lon="-72.92198">
        <ele>198.29</ele>
      </trkpt>
      <trkpt lat="-51.00075" lon="-72.92204">
        <ele>198.67</ele>
      </trkpt>
      <trkpt lat="-51.00079" lon="-72.92206">
        <ele>198.78</ele>
      </trkpt>
      <trkpt lat="-51.00082" lon="-72.9222">
        <ele>200.64</ele>
      </trkpt>
      <trkpt lat="-51.00088" lon="-72.92227">
        <ele>199.97</ele>
      </trkpt>
      <trkpt lat="-51.00092" lon="-72.92238">
        <ele>199.21</ele>
      </trkpt>
      <trkpt lat="-51.00095" lon="-72.9225">
        <ele>198.64</ele>
      </trkpt>
      <trkpt lat="-51.00097" lon="-72.92269">
        <ele>198.4</ele>
      </trkpt>
      <trkpt lat="-51.00101" lon="-72.92279">
        <ele>197.69</ele>
      </trkpt>
      <trkpt lat="-51.00108" lon="-72.9231">
        <ele>200.48</ele>
      </trkpt>
      <trkpt lat="-51.00111" lon="-72.92323">
        <ele>202.78</ele>
      </trkpt>
      <trkpt lat="-51.00117" lon="-72.92335">
        <ele>203.72</ele>
      </trkpt>
      <trkpt lat="-51.00122" lon="-72.9234">
        <ele>203.69</ele>
      </trkpt>
      <trkpt lat="-51.00128" lon="-72.9235">
        <ele>204.17</ele>
      </trkpt>
      <trkpt lat="-51.00133" lon="-72.92357">
        <ele>203.43</ele>
      </trkpt>
      <trkpt lat="-51.00134" lon="-72.92367">
        <ele>207.82</ele>
      </trkpt>
      <trkpt lat="-51.00136" lon="-72.92375">
        <ele>212.54</ele>
      </trkpt>
      <trkpt lat="-51.00139" lon="-72.9238">
        <ele>215.22</ele>
      </trkpt>
      <trkpt lat="-51.00144" lon="-72.92384">
        <ele>215.23</ele>
      </trkpt>
      <trkpt lat="-51.00147" lon="-72.92391">
        <ele>216.29</ele>
      </trkpt>
      <trkpt lat="-51.00152" lon="-72.92402">
        <ele>212.28</ele>
      </trkpt>
      <trkpt lat="-51.00155" lon="-72.92412">
        <ele>209.93</ele>
      </trkpt>
      <trkpt lat="-51.00158" lon="-72.92415">
        <ele>208.05</ele>
      </trkpt>
      <trkpt lat="-51.00166" lon="-72.92423">
        <ele>204.24</ele>
      </trkpt>
      <trkpt lat="-51.00169" lon="-72.92433">
        <ele>204.1</ele>
      </trkpt>
      <trkpt lat="-51.00172" lon="-72.92448">
        <ele>204.14</ele>
      </trkpt>
      <trkpt lat="-51.00174" lon="-72.92455">
        <ele>203.75</ele>
      </trkpt>
      <trkpt lat="-51.00177" lon="-72.92458">
        <ele>202.32</ele>
      </trkpt>
      <trkpt lat="-51.00183" lon="-72.92465">
        <ele>199.66</ele>
      </trkpt>
      <trkpt lat="-51.00186" lon="-72.92477">
        <ele>199.69</ele>
      </trkpt>
      <trkpt lat="-51.00194" lon="-72.92488">
        <ele>197.63</ele>
      </trkpt>
      <trkpt lat="-51.00197" lon="-72.92499">
        <ele>198.87</ele>
      </trkpt>
      <trkpt lat="-51.00206" lon="-72.92512">
        <ele>194.11</ele>
      </trkpt>
      <trkpt lat="-51.00215" lon="-72.92521">
        <ele>189.58</ele>
      </trkpt>
      <trkpt lat="-51.00231" lon="-72.92545">
        <ele>186.62</ele>
      </trkpt>
      <trkpt lat="-51.00238" lon="-72.92556">
        <ele>186.95</ele>
      </trkpt>
      <trkpt lat="-51.0024" lon="-72.92566">
        <ele>185.66</ele>
      </trkpt>
      <trkpt lat="-51.00252" lon="-72.92588">
        <ele>182.12</ele>
      </trkpt>
      <trkpt lat="-51.00272" lon="-72.92624">
        <ele>179.38</ele>
      </trkpt>
      <trkpt lat="-51.00278" lon="-72.92647">
        <ele>178.28</ele>
      </trkpt>
      <trkpt lat="-51.00288" lon="-72.92673">
        <ele>178.72</ele>
      </trkpt>
      <trkpt lat="-51.00295" lon="-72.92686">
        <ele>179.15</ele>
      </trkpt>
      <trkpt lat="-51.00306" lon="-72.92697">
        <ele>179.18</ele>
      </trkpt>
      <trkpt lat="-51.00319" lon="-72.92712">
        <ele>179.35</ele>
      </trkpt>
      <trkpt lat="-51.0034" lon="-72.92722">
        <ele>178.01</ele>
      </trkpt>
      <trkpt lat="-51.0036" lon="-72.92739">
        <ele>177.93</ele>
      </trkpt>
      <trkpt lat="-51.00371" lon="-72.92746">
        <ele>177.54</ele>
      </trkpt>
      <trkpt lat="-51.00383" lon="-72.92762">
        <ele>176.87</ele>
      </trkpt>
      <trkpt lat="-51.00389" lon="-72.92776">
        <ele>176.04</ele>
      </trkpt>
      <trkpt lat="-51.00397" lon="-72.92788">
        <ele>175.17</ele>
      </trkpt>
      <trkpt lat="-51.00409" lon="-72.92797">
        <ele>173.26</ele>
      </trkpt>
      <trkpt lat="-51.00416" lon="-72.928">
        <ele>171.94</ele>
      </trkpt>
      <trkpt lat="-51.00421" lon="-72.92806">
        <ele>170.76</ele>
      </trkpt>
      <trkpt lat="-51.00427" lon="-72.92813">
        <ele>169.32</ele>
      </trkpt>
      <trkpt lat="-51.00432" lon="-72.92821">
        <ele>168.5</ele>
      </trkpt>
      <trkpt lat="-51.00435" lon="-72.92829">
        <ele>168.39</ele>
      </trkpt>
      <trkpt lat="-51.0044" lon="-72.9285">
        <ele>166.79</ele>
      </trkpt>
      <trkpt lat="-51.00444" lon="-72.92857">
        <ele>165.4</ele>
      </trkpt>
      <trkpt lat="-51.00457" lon="-72.92876">
        <ele>163.32</ele>
      </trkpt>
      <trkpt lat="-51.00459" lon="-72.92885">
        <ele>162.64</ele>
      </trkpt>
      <trkpt lat="-51.00464" lon="-72.92891">
        <ele>161.94</ele>
      </trkpt>
      <trkpt lat="-51.00471" lon="-72.92899">
        <ele>161.48</ele>
      </trkpt>
      <trkpt lat="-51.00484" lon="-72.92916">
        <ele>160.7</ele>
      </trkpt>
      <trkpt lat="-51.0049" lon="-72.92924">
        <ele>160.61</ele>
      </trkpt>
      <trkpt lat="-51.00501" lon="-72.92938">
        <ele>160.38</ele>
      </trkpt>
      <trkpt lat="-51.00516" lon="-72.92955">
        <ele>159.62</ele>
      </trkpt>
      <trkpt lat="-51.0052" lon="-72.92964">
        <ele>159.73</ele>
      </trkpt>
      <trkpt lat="-51.00523" lon="-72.92971">
        <ele>159.76</ele>
      </trkpt>
      <trkpt lat="-51.00522" lon="-72.92976">
        <ele>160.2</ele>
      </trkpt>
      <trkpt lat="-51.00516" lon="-72.92986">
        <ele>161.83</ele>
      </trkpt>
      <trkpt lat="-51.00518" lon="-72.92994">
        <ele>161.82</ele>
      </trkpt>
      <trkpt lat="-51.00521" lon="-72.93003">
        <ele>161.55</ele>
      </trkpt>
      <trkpt lat="-51.00529" lon="-72.93004">
        <ele>159.92</ele>
      </trkpt>
      <trkpt lat="-51.00547" lon="-72.93019">
        <ele>156.75</ele>
      </trkpt>
      <trkpt lat="-51.00556" lon="-72.93028">
        <ele>154.96</ele>
      </trkpt>
      <trkpt lat="-51.0056" lon="-72.93028">
        <ele>154.53</ele>
      </trkpt>
      <trkpt lat="-51.00568" lon="-72.93024">
        <ele>153.66</ele>
      </trkpt>
      <trkpt lat="-51.00573" lon="-72.93029">
        <ele>153.19</ele>
      </trkpt>
      <trkpt lat="-51.00578" lon="-72.93035">
        <ele>153.05</ele>
      </trkpt>
      <trkpt lat="-51.00586" lon="-72.93046">
        <ele>152.96</ele>
      </trkpt>
      <trkpt lat="-51.00597" lon="-72.93068">
        <ele>152.27</ele>
      </trkpt>
      <trkpt lat="-51.00602" lon="-72.93074">
        <ele>151.3</ele>
      </trkpt>
      <trkpt lat="-51.00617" lon="-72.931">
        <ele>147.94</ele>
      </trkpt>
      <trkpt lat="-51.00627" lon="-72.93121">
        <ele>147.21</ele>
      </trkpt>
      <trkpt lat="-51.00633" lon="-72.93134">
        <ele>147.53</ele>
      </trkpt>
      <trkpt lat="-51.00637" lon="-72.93137">
        <ele>147.14</ele>
      </trkpt>
      <trkpt lat="-51.00661" lon="-72.93186">
        <ele>150.31</ele>
      </trkpt>
      <trkpt lat="-51.00673" lon="-72.93204">
        <ele>152.26</ele>
      </trkpt>
      <trkpt lat="-51.00683" lon="-72.93221">
        <ele>153.51</ele>
      </trkpt>
      <trkpt lat="-51.00692" lon="-72.93227">
        <ele>152.4</ele>
      </trkpt>
      <trkpt lat="-51.00692" lon="-72.93227">
        <ele>152.4</ele>
      </trkpt>
      <trkpt lat="-51.00692" lon="-72.93228">
        <ele>152.41</ele>
      </trkpt>
      <trkpt lat="-51.00696" lon="-72.93243">
        <ele>151.87</ele>
      </trkpt>
      <trkpt lat="-51.00703" lon="-72.93253">
        <ele>151.7</ele>
      </trkpt>
      <trkpt lat="-51.00708" lon="-72.93256">
        <ele>151.77</ele>
      </trkpt>
      <trkpt lat="-51.00713" lon="-72.93266">
        <ele>152.97</ele>
      </trkpt>
      <trkpt lat="-51.0072" lon="-72.93273">
        <ele>154.1</ele>
      </trkpt>
      <trkpt lat="-51.00733" lon="-72.93281">
        <ele>152.16</ele>
      </trkpt>
      <trkpt lat="-51.00744" lon="-72.93287">
        <ele>149.68</ele>
      </trkpt>
      <trkpt lat="-51.00758" lon="-72.93292">
        <ele>147.11</ele>
      </trkpt>
      <trkpt lat="-51.00769" lon="-72.9329">
        <ele>144.86</ele>
      </trkpt>
      <trkpt lat="-51.00778" lon="-72.93292">
        <ele>143.52</ele>
      </trkpt>
      <trkpt lat="-51.008" lon="-72.93294">
        <ele>142.02</ele>
      </trkpt>
      <trkpt lat="-51.0081" lon="-72.93297">
        <ele>141.75</ele>
      </trkpt>
      <trkpt lat="-51.00818" lon="-72.93303">
        <ele>142.27</ele>
      </trkpt>
      <trkpt lat="-51.00822" lon="-72.93305">
        <ele>142.55</ele>
      </trkpt>
      <trkpt lat="-51.00828" lon="-72.93307">
        <ele>143.09</ele>
      </trkpt>
      <trkpt lat="-51.00831" lon="-72.9331">
        <ele>143.74</ele>
      </trkpt>
      <trkpt lat="-51.0084" lon="-72.9332">
        <ele>145.84</ele>
      </trkpt>
      <trkpt lat="-51.00846" lon="-72.93329">
        <ele>147.68</ele>
      </trkpt>
      <trkpt lat="-51.00851" lon="-72.9335">
        <ele>151.69</ele>
      </trkpt>
      <trkpt lat="-51.00855" lon="-72.93362">
        <ele>153.59</ele>
      </trkpt>
      <trkpt lat="-51.00858" lon="-72.93377">
        <ele>155.7</ele>
      </trkpt>
      <trkpt lat="-51.00867" lon="-72.9339">
        <ele>156.51</ele>
      </trkpt>
      <trkpt lat="-51.00867" lon="-72.934">
        <ele>157.79</ele>
      </trkpt>
      <trkpt lat="-51.00863" lon="-72.93409">
        <ele>159.59</ele>
      </trkpt>
      <trkpt lat="-51.00865" lon="-72.93429">
        <ele>161.83</ele>
      </trkpt>
      <trkpt lat="-51.00887" lon="-72.93433">
        <ele>156.5</ele>
      </trkpt>
      <trkpt lat="-51.00888" lon="-72.93422">
        <ele>156.18</ele>
      </trkpt>
      <trkpt lat="-51.0089" lon="-72.93417">
        <ele>155.92</ele>
      </trkpt>
      <trkpt lat="-51.00895" lon="-72.93419">
        <ele>155.67</ele>
      </trkpt>
      <trkpt lat="-51.00895" lon="-72.93426">
        <ele>156.0</ele>
      </trkpt>
      <trkpt lat="-51.00895" lon="-72.93436">
        <ele>156.48</ele>
      </trkpt>
      <trkpt lat="-51.00898" lon="-72.93436">
        <ele>156.71</ele>
      </trkpt>
      <trkpt lat="-51.00899" lon="-72.93443">
        <ele>157.34</ele>
      </trkpt>
      <trkpt lat="-51.00901" lon="-72.93446">
        <ele>157.96</ele>
      </trkpt>
      <trkpt lat="-51.00902" lon="-72.93452">
        <ele>158.96</ele>
      </trkpt>
      <trkpt lat="-51.00903" lon="-72.93463">
        <ele>160.71</ele>
      </trkpt>
      <trkpt lat="-51.00905" lon="-72.93474">
        <ele>162.84</ele>
      </trkpt>
      <trkpt lat="-51.00909" lon="-72.93479">
        <ele>164.74</ele>
      </trkpt>
      <trkpt lat="-51.00908" lon="-72.93488">
        <ele>166.36</ele>
      </trkpt>
      <trkpt lat="-51.00913" lon="-72.93493">
        <ele>168.6</ele>
      </trkpt>
      <trkpt lat="-51.00924" lon="-72.93499">
        <ele>167.7</ele>
      </trkpt>
      <trkpt lat="-51.00942" lon="-72.93503">
        <ele>160.08</ele>
      </trkpt>
      <trkpt lat="-51.00956" lon="-72.93498">
        <ele>155.41</ele>
      </trkpt>
      <trkpt lat="-51.00973" lon="-72.93519">
        <ele>152.65</ele>
      </trkpt>
      <trkpt lat="-51.00984" lon="-72.93511">
        <ele>150.66</ele>
      </trkpt>
      <trkpt lat="-51.00989" lon="-72.93511">
        <ele>150.26</ele>
      </trkpt>
      <trkpt lat="-51.00999" lon="-72.93515">
        <ele>149.63</ele>
      </trkpt>
      <trkpt lat="-51.01002" lon="-72.93522">
        <ele>149.58</ele>
      </trkpt>
      <trkpt lat="-51.01001" lon="-72.93528">
        <ele>149.93</ele>
      </trkpt>
      <trkpt lat="-51.01" lon="-72.93545">
        <ele>153.1</ele>
      </trkpt>
      <trkpt lat="-51.00997" lon="-72.93565">
        <ele>157.42</ele>
      </trkpt>
      <trkpt lat="-51.01" lon="-72.93579">
        <ele>159.22</ele>
      </trkpt>
      <trkpt lat="-51.00999" lon="-72.9359">
        <ele>161.93</ele>
      </trkpt>
      <trkpt lat="-51.01004" lon="-72.93597">
        <ele>162.44</ele>
      </trkpt>
      <trkpt lat="-51.01009" lon="-72.936">
        <ele>161.93</ele>
      </trkpt>
      <trkpt lat="-51.01013" lon="-72.936">
        <ele>160.92</ele>
      </trkpt>
      <trkpt lat="-51.01014" lon="-72.93602">
        <ele>161.18</ele>
      </trkpt>
      <trkpt lat="-51.01014" lon="-72.93602">
        <ele>161.18</ele>
      </trkpt>
      <trkpt lat="-51.0102" lon="-72.93613">
        <ele>162.26</ele>
      </trkpt>
      <trkpt lat="-51.01024" lon="-72.93615">
        <ele>161.61</ele>
      </trkpt>
      <trkpt lat="-51.01027" lon="-72.93623">
        <ele>162.31</ele>
      </trkpt>
      <trkpt lat="-51.01028" lon="-72.93631">
        <ele>163.55</ele>
      </trkpt>
      <trkpt lat="-51.01031" lon="-72.93634">
        <ele>163.64</ele>
      </trkpt>
      <trkpt lat="-51.01041" lon="-72.93647">
        <ele>164.25</ele>
      </trkpt>
      <trkpt lat="-51.01048" lon="-72.93654">
        <ele>164.51</ele>
      </trkpt>
      <trkpt lat="-51.01059" lon="-72.9367">
        <ele>165.37</ele>
      </trkpt>
      <trkpt lat="-51.01065" lon="-72.93685">
        <ele>165.26</ele>
      </trkpt>
      <trkpt lat="-51.0107" lon="-72.93697">
        <ele>164.97</ele>
      </trkpt>
      <trkpt lat="-51.01079" lon="-72.93709">
        <ele>162.49</ele>
      </trkpt>
      <trkpt lat="-51.01082" lon="-72.93715">
        <ele>161.49</ele>
      </trkpt>
      <trkpt lat="-51.01083" lon="-72.93722">
        <ele>161.13</ele>
      </trkpt>
      <trkpt lat="-51.01084" lon="-72.93732">
        <ele>162.09</ele>
      </trkpt>
      <trkpt lat="-51.01088" lon="-72.9374">
        <ele>163.2</ele>
      </trkpt>
      <trkpt lat="-51.01096" lon="-72.93748">
        <ele>164.66</ele>
      </trkpt>
      <trkpt lat="-51.01106" lon="-72.93762">
        <ele>167.68</ele>
      </trkpt>
      <trkpt lat="-51.01111" lon="-72.93774">
        <ele>169.46</ele>
      </trkpt>
      <trkpt lat="-51.01118" lon="-72.93797">
        <ele>172.92</ele>
      </trkpt>
      <trkpt lat="-51.01123" lon="-72.93808">
        <ele>173.56</ele>
      </trkpt>
      <trkpt lat="-51.01127" lon="-72.93812">
        <ele>172.85</ele>
      </trkpt>
      <trkpt lat="-51.01128" lon="-72.93828">
        <ele>174.9</ele>
      </trkpt>
      <trkpt lat="-51.01129" lon="-72.93834">
        <ele>175.3</ele>
      </trkpt>
      <trkpt lat="-51.01133" lon="-72.93852">
        <ele>173.97</ele>
      </trkpt>
      <trkpt lat="-51.01138" lon="-72.93863">
        <ele>171.82</ele>
      </trkpt>
      <trkpt lat="-51.01142" lon="-72.93868">
        <ele>171.09</ele>
      </trkpt>
      <trkpt lat="-51.0115" lon="-72.93869">
        <ele>168.36</ele>
      </trkpt>
      <trkpt lat="-51.0116" lon="-72.93878">
        <ele>167.07</ele>
      </trkpt>
      <trkpt lat="-51.01169" lon="-72.93889">
        <ele>167.37</ele>
      </trkpt>
      <trkpt lat="-51.01182" lon="-72.93915">
        <ele>172.47</ele>
      </trkpt>
      <trkpt lat="-51.01192" lon="-72.93924">
        <ele>172.6</ele>
      </trkpt>
      <trkpt lat="-51.01202" lon="-72.93929">
        <ele>172.49</ele>
      </trkpt>
      <trkpt lat="-51.01217" lon="-72.93938">
        <ele>173.82</ele>
      </trkpt>
      <trkpt lat="-51.01234" lon="-72.9395">
        <ele>172.93</ele>
      </trkpt>
      <trkpt lat="-51.01243" lon="-72.93952">
        <ele>170.29</ele>
      </trkpt>
      <trkpt lat="-51.0125" lon="-72.93961">
        <ele>170.17</ele>
      </trkpt>
      <trkpt lat="-51.01265" lon="-72.93972">
        <ele>164.28</ele>
      </trkpt>
      <trkpt lat="-51.01282" lon="-72.93988">
        <ele>162.06</ele>
      </trkpt>
      <trkpt lat="-51.01291" lon="-72.93999">
        <ele>161.51</ele>
      </trkpt>
      <trkpt lat="-51.01314" lon="-72.94018">
        <ele>156.5</ele>
      </trkpt>
      <trkpt lat="-51.0134" lon="-72.94046">
        <ele>153.02</ele>
      </trkpt>
      <trkpt lat="-51.01355" lon="-72.94061">
        <ele>151.78</ele>
      </trkpt>
      <trkpt lat="-51.0136" lon="-72.94071">
        <ele>152.12</ele>
      </trkpt>
      <trkpt lat="-51.01364" lon="-72.94078">
        <ele>152.0</ele>
      </trkpt>
      <trkpt lat="-51.01368" lon="-72.94087">
        <ele>152.84</ele>
      </trkpt>
      <trkpt lat="-51.01372" lon="-72.941">
        <ele>156.42</ele>
      </trkpt>
      <trkpt lat="-51.01383" lon="-72.9412">
        <ele>160.53</ele>
      </trkpt>
      <trkpt lat="-51.0139" lon="-72.94133">
        <ele>161.48</ele>
      </trkpt>
      <trkpt lat="-51.01398" lon="-72.94149">
        <ele>161.32</ele>
      </trkpt>
      <trkpt lat="-51.01397" lon="-72.94159">
        <ele>162.28</ele>
      </trkpt>
      <trkpt lat="-51.01398" lon="-72.94172">
        <ele>163.16</ele>
      </trkpt>
      <trkpt lat="-51.01401" lon="-72.94181">
        <ele>163.11</ele>
      </trkpt>
      <trkpt lat="-51.01405" lon="-72.9419">
        <ele>162.36</ele>
      </trkpt>
      <trkpt lat="-51.01411" lon="-72.94203">
        <ele>162.19</ele>
      </trkpt>
      <trkpt lat="-51.01418" lon="-72.94212">
        <ele>161.82</ele>
      </trkpt>
      <trkpt lat="-51.01419" lon="-72.94225">
        <ele>165.48</ele>
      </trkpt>
      <trkpt lat="-51.01422" lon="-72.94237">
        <ele>168.83</ele>
      </trkpt>
      <trkpt lat="-51.01431" lon="-72.9425">
        <ele>171.42</ele>
      </trkpt>
      <trkpt lat="-51.01438" lon="-72.94266">
        <ele>172.86</ele>
      </trkpt>
      <trkpt lat="-51.01447" lon="-72.94282">
        <ele>173.52</ele>
      </trkpt>
      <trkpt lat="-51.01451" lon="-72.94294">
        <ele>175.1</ele>
      </trkpt>
      <trkpt lat="-51.01459" lon="-72.94304">
        <ele>176.25</ele>
      </trkpt>
      <trkpt lat="-51.01461" lon="-72.94313">
        <ele>178.12</ele>
      </trkpt>
      <trkpt lat="-51.01463" lon="-72.94324">
        <ele>180.54</ele>
      </trkpt>
      <trkpt lat="-51.01466" lon="-72.94334">
        <ele>182.58</ele>
      </trkpt>
      <trkpt lat="-51.01467" lon="-72.94376">
        <ele>192.04</ele>
      </trkpt>
      <trkpt lat="-51.01471" lon="-72.94384">
        <ele>193.77</ele>
      </trkpt>
      <trkpt lat="-51.01475" lon="-72.94393">
        <ele>195.78</ele>
      </trkpt>
      <trkpt lat="-51.01482" lon="-72.94407">
        <ele>199.06</ele>
      </trkpt>
      <trkpt lat="-51.01499" lon="-72.94434">
        <ele>201.39</ele>
      </trkpt>
      <trkpt lat="-51.01503" lon="-72.94448">
        <ele>203.3</ele>
      </trkpt>
      <trkpt lat="-51.0151" lon="-72.94469">
        <ele>208.21</ele>
      </trkpt>
      <trkpt lat="-51.0151" lon="-72.94477">
        <ele>210.69</ele>
      </trkpt>
      <trkpt lat="-51.01512" lon="-72.94491">
        <ele>215.67</ele>
      </trkpt>
      <trkpt lat="-51.01519" lon="-72.94494">
        <ele>217.64</ele>
      </trkpt>
      <trkpt lat="-51.01522" lon="-72.94503">
        <ele>220.8</ele>
      </trkpt>
      <trkpt lat="-51.01526" lon="-72.94518">
        <ele>224.15</ele>
      </trkpt>
      <trkpt lat="-51.01531" lon="-72.94522">
        <ele>225.47</ele>
      </trkpt>
      <trkpt lat="-51.01538" lon="-72.94528">
        <ele>227.51</ele>
      </trkpt>
      <trkpt lat="-51.01546" lon="-72.9454">
        <ele>230.26</ele>
      </trkpt>
      <trkpt lat="-51.01554" lon="-72.94557">
        <ele>232.21</ele>
      </trkpt>
      <trkpt lat="-51.01562" lon="-72.94573">
        <ele>234.14</ele>
      </trkpt>
      <trkpt lat="-51.01571" lon="-72.94587">
        <ele>235.26</ele>
      </trkpt>
      <trkpt lat="-51.01574" lon="-72.94592">
        <ele>235.62</ele>
      </trkpt>
      <trkpt lat="-51.01587" lon="-72.94625">
        <ele>236.44</ele>
      </trkpt>
      <trkpt lat="-51.01594" lon="-72.94643">
        <ele>235.08</ele>
      </trkpt>
      <trkpt lat="-51.01598" lon="-72.9465">
        <ele>234.18</ele>
      </trkpt>
      <trkpt lat="-51.01606" lon="-72.94652">
        <ele>231.94</ele>
      </trkpt>
      <trkpt lat="-51.0161" lon="-72.94657">
        <ele>230.97</ele>
      </trkpt>
      <trkpt lat="-51.01622" lon="-72.94657">
        <ele>229.36</ele>
      </trkpt>
      <trkpt lat="-51.01627" lon="-72.94671">
        <ele>228.36</ele>
      </trkpt>
      <trkpt lat="-51.01636" lon="-72.94691">
        <ele>224.28</ele>
      </trkpt>
      <trkpt lat="-51.01646" lon="-72.9471">
        <ele>220.36</ele>
      </trkpt>
      <trkpt lat="-51.01658" lon="-72.94729">
        <ele>216.3</ele>
      </trkpt>
      <trkpt lat="-51.01669" lon="-72.94737">
        <ele>213.56</ele>
      </trkpt>
      <trkpt lat="-51.01669" lon="-72.94738">
        <ele>213.63</ele>
      </trkpt>
      <trkpt lat="-51.01671" lon="-72.94743">
        <ele>213.56</ele>
      </trkpt>
      <trkpt lat="-51.01676" lon="-72.94751">
        <ele>213.08</ele>
      </trkpt>
      <trkpt lat="-51.0168" lon="-72.94763">
        <ele>213.51</ele>
      </trkpt>
      <trkpt lat="-51.01684" lon="-72.94775">
        <ele>214.18</ele>
      </trkpt>
      <trkpt lat="-51.01686" lon="-72.94784">
        <ele>214.6</ele>
      </trkpt>
      <trkpt lat="-51.0169" lon="-72.94802">
        <ele>215.24</ele>
      </trkpt>
      <trkpt lat="-51.01692" lon="-72.94819">
        <ele>216.27</ele>
      </trkpt>
      <trkpt lat="-51.01695" lon="-72.94828">
        <ele>216.52</ele>
      </trkpt>
      <trkpt lat="-51.01696" lon="-72.94843">
        <ele>217.74</ele>
      </trkpt>
      <trkpt lat="-51.01697" lon="-72.94852">
        <ele>218.49</ele>
      </trkpt>
      <trkpt lat="-51.01703" lon="-72.94863">
        <ele>218.18</ele>
      </trkpt>
      <trkpt lat="-51.01702" lon="-72.94881">
        <ele>218.69</ele>
      </trkpt>
      <trkpt lat="-51.01705" lon="-72.94894">
        <ele>217.82</ele>
      </trkpt>
      <trkpt lat="-51.01718" lon="-72.94909">
        <ele>212.99</ele>
      </trkpt>
      <trkpt lat="-51.01719" lon="-72.94911">
        <ele>212.52</ele>
      </trkpt>
      <trkpt lat="-51.01722" lon="-72.94922">
        <ele>210.89</ele>
      </trkpt>
      <trkpt lat="-51.01709" lon="-72.94919">
        <ele>215.72</ele>
      </trkpt>
      <trkpt lat="-51.01712" lon="-72.94928">
        <ele>214.42</ele>
      </trkpt>
      <trkpt lat="-51.0172" lon="-72.94944">
        <ele>210.89</ele>
      </trkpt>
      <trkpt lat="-51.01725" lon="-72.94957">
        <ele>210.86</ele>
      </trkpt>
      <trkpt lat="-51.01734" lon="-72.94979">
        <ele>211.83</ele>
      </trkpt>
      <trkpt lat="-51.01745" lon="-72.9499">
        <ele>210.12</ele>
      </trkpt>
      <trkpt lat="-51.0176" lon="-72.95003">
        <ele>206.08</ele>
      </trkpt>
      <trkpt lat="-51.01768" lon="-72.95013">
        <ele>203.51</ele>
      </trkpt>
      <trkpt lat="-51.0177" lon="-72.95017">
        <ele>202.8</ele>
      </trkpt>
      <trkpt lat="-51.01786" lon="-72.95038">
        <ele>199.64</ele>
      </trkpt>
      <trkpt lat="-51.01796" lon="-72.95051">
        <ele>197.99</ele>
      </trkpt>
      <trkpt lat="-51.01803" lon="-72.95063">
        <ele>197.34</ele>
      </trkpt>
      <trkpt lat="-51.01813" lon="-72.95084">
        <ele>196.68</ele>
      </trkpt>
      <trkpt lat="-51.01822" lon="-72.95099">
        <ele>195.59</ele>
      </trkpt>
      <trkpt lat="-51.01828" lon="-72.95112">
        <ele>195.17</ele>
      </trkpt>
      <trkpt lat="-51.0184" lon="-72.95134">
        <ele>198.8</ele>
      </trkpt>
      <trkpt lat="-51.01858" lon="-72.95164">
        <ele>203.28</ele>
      </trkpt>
      <trkpt lat="-51.01862" lon="-72.95169">
        <ele>203.12</ele>
      </trkpt>
      <trkpt lat="-51.01867" lon="-72.95182">
        <ele>203.69</ele>
      </trkpt>
      <trkpt lat="-51.01875" lon="-72.95201">
        <ele>204.56</ele>
      </trkpt>
      <trkpt lat="-51.01884" lon="-72.95212">
        <ele>204.11</ele>
      </trkpt>
      <trkpt lat="-51.01892" lon="-72.95225">
        <ele>204.88</ele>
      </trkpt>
      <trkpt lat="-51.01899" lon="-72.95234">
        <ele>207.29</ele>
      </trkpt>
      <trkpt lat="-51.01902" lon="-72.95243">
        <ele>209.4</ele>
      </trkpt>
      <trkpt lat="-51.01907" lon="-72.95254">
        <ele>211.14</ele>
      </trkpt>
      <trkpt lat="-51.01914" lon="-72.95273">
        <ele>211.5</ele>
      </trkpt>
      <trkpt lat="-51.01936" lon="-72.95316">
        <ele>211.75</ele>
      </trkpt>
      <trkpt lat="-51.01944" lon="-72.95321">
        <ele>210.34</ele>
      </trkpt>
      <trkpt lat="-51.01951" lon="-72.95334">
        <ele>210.97</ele>
      </trkpt>
      <trkpt lat="-51.01954" lon="-72.95346">
        <ele>212.84</ele>
      </trkpt>
      <trkpt lat="-51.0196" lon="-72.95354">
        <ele>212.74</ele>
      </trkpt>
      <trkpt lat="-51.01969" lon="-72.95362">
        <ele>210.95</ele>
      </trkpt>
      <trkpt lat="-51.01977" lon="-72.95364">
        <ele>196.73</ele>
      </trkpt>
      <trkpt lat="-51.01982" lon="-72.95374">
        <ele>184.63</ele>
      </trkpt>
      <trkpt lat="-51.01992" lon="-72.95394">
        <ele>173.58</ele>
      </trkpt>
      <trkpt lat="-51.02004" lon="-72.95419">
        <ele>194.65</ele>
      </trkpt>
      <trkpt lat="-51.02008" lon="-72.95426">
        <ele>195.72</ele>
      </trkpt>
      <trkpt lat="-51.02015" lon="-72.95436">
        <ele>203.79</ele>
      </trkpt>
      <trkpt lat="-51.02019" lon="-72.95451">
        <ele>217.93</ele>
      </trkpt>
      <trkpt lat="-51.02025" lon="-72.95463">
        <ele>218.33</ele>
      </trkpt>
      <trkpt lat="-51.02034" lon="-72.95487">
        <ele>222.27</ele>
      </trkpt>
      <trkpt lat="-51.02034" lon="-72.95499">
        <ele>224.28</ele>
      </trkpt>
      <trkpt lat="-51.02043" lon="-72.95515">
        <ele>225.04</ele>
      </trkpt>
      <trkpt lat="-51.02051" lon="-72.9553">
        <ele>225.07</ele>
      </trkpt>
      <trkpt lat="-51.02059" lon="-72.95541">
        <ele>225.22</ele>
      </trkpt>
      <trkpt lat="-51.02061" lon="-72.9555">
        <ele>225.98</ele>
      </trkpt>
      <trkpt lat="-51.02065" lon="-72.95559">
        <ele>227.54</ele>
      </trkpt>
      <trkpt lat="-51.02071" lon="-72.95572">
        <ele>229.02</ele>
      </trkpt>
      <trkpt lat="-51.02076" lon="-72.95587">
        <ele>230.04</ele>
      </trkpt>
      <trkpt lat="-51.0208" lon="-72.95591">
        <ele>230.75</ele>
      </trkpt>
      <trkpt lat="-51.02085" lon="-72.95595">
        <ele>230.72</ele>
      </trkpt>
      <trkpt lat="-51.02088" lon="-72.956">
        <ele>231.06</ele>
      </trkpt>
      <trkpt lat="-51.02095" lon="-72.95607">
        <ele>233.46</ele>
      </trkpt>
      <trkpt lat="-51.02101" lon="-72.95618">
        <ele>236.03</ele>
      </trkpt>
      <trkpt lat="-51.02104" lon="-72.95626">
        <ele>235.47</ele>
      </trkpt>
      <trkpt lat="-51.0211" lon="-72.95641">
        <ele>233.89</ele>
      </trkpt>
      <trkpt lat="-51.02118" lon="-72.95657">
        <ele>234.19</ele>
      </trkpt>
      <trkpt lat="-51.02122" lon="-72.95665">
        <ele>233.94</ele>
      </trkpt>
      <trkpt lat="-51.02126" lon="-72.95669">
        <ele>234.17</ele>
      </trkpt>
      <trkpt lat="-51.02132" lon="-72.95672">
        <ele>234.36</ele>
      </trkpt>
      <trkpt lat="-51.02136" lon="-72.95678">
        <ele>233.95</ele>
      </trkpt>
      <trkpt lat="-51.0214" lon="-72.95691">
        <ele>231.86</ele>
      </trkpt>
      <trkpt lat="-51.0214" lon="-72.95701">
        <ele>232.81</ele>
      </trkpt>
      <trkpt lat="-51.02141" lon="-72.95711">
        <ele>234.07</ele>
      </trkpt>
      <trkpt lat="-51.02146" lon="-72.95722">
        <ele>234.69</ele>
      </trkpt>
      <trkpt lat="-51.02151" lon="-72.95733">
        <ele>234.16</ele>
      </trkpt>
      <trkpt lat="-51.02155" lon="-72.95742">
        <ele>233.93</ele>
      </trkpt>
      <trkpt lat="-51.0216" lon="-72.95748">
        <ele>233.61</ele>
      </trkpt>
      <trkpt lat="-51.02168" lon="-72.95755">
        <ele>231.86</ele>
      </trkpt>
      <trkpt lat="-51.02173" lon="-72.95767">
        <ele>230.86</ele>
      </trkpt>
      <trkpt lat="-51.02177" lon="-72.95775">
        <ele>233.39</ele>
      </trkpt>
      <trkpt lat="-51.02187" lon="-72.95781">
        <ele>235.84</ele>
      </trkpt>
      <trkpt lat="-51.02197" lon="-72.95796">
        <ele>237.39</ele>
      </trkpt>
      <trkpt lat="-51.02202" lon="-72.95806">
        <ele>241.23</ele>
      </trkpt>
      <trkpt lat="-51.02209" lon="-72.95819">
        <ele>241.63</ele>
      </trkpt>
      <trkpt lat="-51.02212" lon="-72.95828">
        <ele>242.02</ele>
      </trkpt>
      <trkpt lat="-51.02215" lon="-72.95839">
        <ele>242.29</ele>
      </trkpt>
      <trkpt lat="-51.02221" lon="-72.95847">
        <ele>242.1</ele>
      </trkpt>
      <trkpt lat="-51.02224" lon="-72.9586">
        <ele>231.92</ele>
      </trkpt>
      <trkpt lat="-51.02231" lon="-72.95875">
        <ele>204.55</ele>
      </trkpt>
      <trkpt lat="-51.02233" lon="-72.95888">
        <ele>214.52</ele>
      </trkpt>
      <trkpt lat="-51.02233" lon="-72.95901">
        <ele>224.86</ele>
      </trkpt>
      <trkpt lat="-51.02234" lon="-72.95914">
        <ele>234.35</ele>
      </trkpt>
      <trkpt lat="-51.02235" lon="-72.95926">
        <ele>235.59</ele>
      </trkpt>
      <trkpt lat="-51.02235" lon="-72.95934">
        <ele>234.77</ele>
      </trkpt>
      <trkpt lat="-51.02238" lon="-72.95945">
        <ele>233.25</ele>
      </trkpt>
      <trkpt lat="-51.02243" lon="-72.95951">
        <ele>233.5</ele>
      </trkpt>
      <trkpt lat="-51.02247" lon="-72.95965">
        <ele>235.74</ele>
      </trkpt>
      <trkpt lat="-51.0225" lon="-72.95968">
        <ele>236.09</ele>
      </trkpt>
      <trkpt lat="-51.02259" lon="-72.95991">
        <ele>235.05</ele>
      </trkpt>
      <trkpt lat="-51.02264" lon="-72.96006">
        <ele>233.47</ele>
      </trkpt>
      <trkpt lat="-51.02275" lon="-72.96028">
        <ele>229.92</ele>
      </trkpt>
      <trkpt lat="-51.02283" lon="-72.96041">
        <ele>229.33</ele>
      </trkpt>
      <trkpt lat="-51.02294" lon="-72.96058">
        <ele>226.19</ele>
      </trkpt>
      <trkpt lat="-51.02295" lon="-72.96066">
        <ele>225.43</ele>
      </trkpt>
      <trkpt lat="-51.02298" lon="-72.96087">
        <ele>223.66</ele>
      </trkpt>
      <trkpt lat="-51.02299" lon="-72.96107">
        <ele>224.67</ele>
      </trkpt>
      <trkpt lat="-51.02301" lon="-72.96143">
        <ele>220.91</ele>
      </trkpt>
      <trkpt lat="-51.02301" lon="-72.9616">
        <ele>219.99</ele>
      </trkpt>
      <trkpt lat="-51.02298" lon="-72.96193">
        <ele>220.58</ele>
      </trkpt>
      <trkpt lat="-51.02291" lon="-72.9621">
        <ele>223.97</ele>
      </trkpt>
      <trkpt lat="-51.02279" lon="-72.96231">
        <ele>225.88</ele>
      </trkpt>
      <trkpt lat="-51.0227" lon="-72.96251">
        <ele>226.51</ele>
      </trkpt>
      <trkpt lat="-51.0227" lon="-72.96263">
        <ele>225.96</ele>
      </trkpt>
      <trkpt lat="-51.02272" lon="-72.96271">
        <ele>225.5</ele>
      </trkpt>
      <trkpt lat="-51.02272" lon="-72.96273">
        <ele>225.42</ele>
      </trkpt>
      <trkpt lat="-51.0228" lon="-72.96293">
        <ele>223.44</ele>
      </trkpt>
      <trkpt lat="-51.02286" lon="-72.96301">
        <ele>222.79</ele>
      </trkpt>
      <trkpt lat="-51.02294" lon="-72.96303">
        <ele>222.86</ele>
      </trkpt>
      <trkpt lat="-51.02307" lon="-72.96313">
        <ele>221.56</ele>
      </trkpt>
      <trkpt lat="-51.02316" lon="-72.96324">
        <ele>217.71</ele>
      </trkpt>
      <trkpt lat="-51.02318" lon="-72.96336">
        <ele>215.67</ele>
      </trkpt>
      <trkpt lat="-51.02325" lon="-72.9635">
        <ele>212.9</ele>
      </trkpt>
      <trkpt lat="-51.02335" lon="-72.96366">
        <ele>209.57</ele>
      </trkpt>
      <trkpt lat="-51.02343" lon="-72.96382">
        <ele>207.01</ele>
      </trkpt>
      <trkpt lat="-51.02361" lon="-72.96402">
        <ele>200.99</ele>
      </trkpt>
      <trkpt lat="-51.02373" lon="-72.9642">
        <ele>200.89</ele>
      </trkpt>
      <trkpt lat="-51.02379" lon="-72.96432">
        <ele>202.18</ele>
      </trkpt>
      <trkpt lat="-51.02384" lon="-72.96457">
        <ele>206.12</ele>
      </trkpt>
      <trkpt lat="-51.02384" lon="-72.96473">
        <ele>209.28</ele>
      </trkpt>
      <trkpt lat="-51.0239" lon="-72.9649">
        <ele>211.97</ele>
      </trkpt>
      <trkpt lat="-51.02395" lon="-72.9651">
        <ele>212.18</ele>
      </trkpt>
      <trkpt lat="-51.02398" lon="-72.96538">
        <ele>214.45</ele>
      </trkpt>
      <trkpt lat="-51.02406" lon="-72.96585">
        <ele>211.84</ele>
      </trkpt>
      <trkpt lat="-51.02413" lon="-72.96628">
        <ele>206.95</ele>
      </trkpt>
      <trkpt lat="-51.02415" lon="-72.96649">
        <ele>202.2</ele>
      </trkpt>
      <trkpt lat="-51.02419" lon="-72.96657">
        <ele>197.43</ele>
      </trkpt>
      <trkpt lat="-51.02423" lon="-72.96674">
        <ele>192.23</ele>
      </trkpt>
      <trkpt lat="-51.02428" lon="-72.96705">
        <ele>184.87</ele>
      </trkpt>
      <trkpt lat="-51.02431" lon="-72.96728">
        <ele>179.43</ele>
      </trkpt>
      <trkpt lat="-51.02433" lon="-72.96756">
        <ele>175.92</ele>
      </trkpt>
      <trkpt lat="-51.02436" lon="-72.96791">
        <ele>167.3</ele>
      </trkpt>
      <trkpt lat="-51.02436" lon="-72.96814">
        <ele>162.65</ele>
      </trkpt>
      <trkpt lat="-51.02441" lon="-72.96856">
        <ele>157.35</ele>
      </trkpt>
      <trkpt lat="-51.02442" lon="-72.96866">
        <ele>156.57</ele>
      </trkpt>
      <trkpt lat="-51.02442" lon="-72.96884">
        <ele>156.51</ele>
      </trkpt>
      <trkpt lat="-51.02443" lon="-72.969">
        <ele>155.13</ele>
      </trkpt>
      <trkpt lat="-51.0244" lon="-72.96925">
        <ele>155.74</ele>
      </trkpt>
      <trkpt lat="-51.02441" lon="-72.96952">
        <ele>153.98</ele>
      </trkpt>
      <trkpt lat="-51.02443" lon="-72.96971">
        <ele>151.88</ele>
      </trkpt>
      <trkpt lat="-51.02439" lon="-72.9699">
        <ele>156.19</ele>
      </trkpt>
      <trkpt lat="-51.02441" lon="-72.97008">
        <ele>156.16</ele>
      </trkpt>
      <trkpt lat="-51.02451" lon="-72.97031">
        <ele>151.56</ele>
      </trkpt>
      <trkpt lat="-51.02457" lon="-72.97059">
        <ele>147.14</ele>
      </trkpt>
      <trkpt lat="-51.02467" lon="-72.97089">
        <ele>142.3</ele>
      </trkpt>
      <trkpt lat="-51.02468" lon="-72.97103">
        <ele>141.51</ele>
      </trkpt>
      <trkpt lat="-51.02472" lon="-72.97111">
        <ele>140.07</ele>
      </trkpt>
      <trkpt lat="-51.0247" lon="-72.9713">
        <ele>139.91</ele>
      </trkpt>
      <trkpt lat="-51.02469" lon="-72.9715">
        <ele>140.3</ele>
      </trkpt>
      <trkpt lat="-51.02468" lon="-72.9717">
        <ele>141.52</ele>
      </trkpt>
      <trkpt lat="-51.0247" lon="-72.97185">
        <ele>141.49</ele>
      </trkpt>
      <trkpt lat="-51.0247" lon="-72.9722">
        <ele>137.43</ele>
      </trkpt>
      <trkpt lat="-51.02474" lon="-72.97254">
        <ele>127.94</ele>
      </trkpt>
      <trkpt lat="-51.02473" lon="-72.97277">
        <ele>125.83</ele>
      </trkpt>
      <trkpt lat="-51.02472" lon="-72.9732">
        <ele>128.11</ele>
      </trkpt>
      <trkpt lat="-51.02472" lon="-72.9737">
        <ele>130.4</ele>
      </trkpt>
      <trkpt lat="-51.02472" lon="-72.97391">
        <ele>131.55</ele>
      </trkpt>
      <trkpt lat="-51.02475" lon="-72.97407">
        <ele>133.78</ele>
      </trkpt>
      <trkpt lat="-51.0248" lon="-72.97428">
        <ele>137.38</ele>
      </trkpt>
      <trkpt lat="-51.02485" lon="-72.97444">
        <ele>139.96</ele>
      </trkpt>
      <trkpt lat="-51.02494" lon="-72.97454">
        <ele>138.26</ele>
      </trkpt>
      <trkpt lat="-51.02504" lon="-72.97467">
        <ele>136.79</ele>
      </trkpt>
      <trkpt lat="-51.0251" lon="-72.97481">
        <ele>138.96</ele>
      </trkpt>
      <trkpt lat="-51.02518" lon="-72.97493">
        <ele>137.49</ele>
      </trkpt>
      <trkpt lat="-51.0252" lon="-72.97507">
        <ele>139.41</ele>
      </trkpt>
      <trkpt lat="-51.02523" lon="-72.97519">
        <ele>139.5</ele>
      </trkpt>
      <trkpt lat="-51.02528" lon="-72.97541">
        <ele>142.61</ele>
      </trkpt>
      <trkpt lat="-51.02532" lon="-72.97569">
        <ele>143.5</ele>
      </trkpt>
      <trkpt lat="-51.02531" lon="-72.97593">
        <ele>142.09</ele>
      </trkpt>
      <trkpt lat="-51.02531" lon="-72.97608">
        <ele>139.52</ele>
      </trkpt>
      <trkpt lat="-51.02528" lon="-72.97625">
        <ele>140.8</ele>
      </trkpt>
      <trkpt lat="-51.02528" lon="-72.97639">
        <ele>139.8</ele>
      </trkpt>
      <trkpt lat="-51.02532" lon="-72.97652">
        <ele>136.24</ele>
      </trkpt>
      <trkpt lat="-51.02527" lon="-72.9766">
        <ele>140.91</ele>
      </trkpt>
      <trkpt lat="-51.02523" lon="-72.97671">
        <ele>141.7</ele>
      </trkpt>
      <trkpt lat="-51.02518" lon="-72.97683">
        <ele>142.17</ele>
      </trkpt>
      <trkpt lat="-51.02518" lon="-72.97698">
        <ele>140.92</ele>
      </trkpt>
      <trkpt lat="-51.02519" lon="-72.97711">
        <ele>137.53</ele>
      </trkpt>
      <trkpt lat="-51.02518" lon="-72.97722">
        <ele>135.28</ele>
      </trkpt>
      <trkpt lat="-51.02519" lon="-72.97736">
        <ele>133.62</ele>
      </trkpt>
      <trkpt lat="-51.02516" lon="-72.97751">
        <ele>133.76</ele>
      </trkpt>
      <trkpt lat="-51.02514" lon="-72.97767">
        <ele>131.89</ele>
      </trkpt>
      <trkpt lat="-51.02508" lon="-72.97784">
        <ele>130.91</ele>
      </trkpt>
      <trkpt lat="-51.02503" lon="-72.97797">
        <ele>129.79</ele>
      </trkpt>
      <trkpt lat="-51.02496" lon="-72.97806">
        <ele>130.48</ele>
      </trkpt>
      <trkpt lat="-51.02489" lon="-72.9781">
        <ele>132.36</ele>
      </trkpt>
      <trkpt lat="-51.02486" lon="-72.97819">
        <ele>131.64</ele>
      </trkpt>
      <trkpt lat="-51.02486" lon="-72.9783">
        <ele>129.27</ele>
      </trkpt>
      <trkpt lat="-51.02486" lon="-72.97848">
        <ele>123.03</ele>
      </trkpt>
      <trkpt lat="-51.02488" lon="-72.97857">
        <ele>118.15</ele>
      </trkpt>
      <trkpt lat="-51.02488" lon="-72.97867">
        <ele>114.68</ele>
      </trkpt>
      <trkpt lat="-51.0249" lon="-72.97882">
        <ele>109.14</ele>
      </trkpt>
      <trkpt lat="-51.02489" lon="-72.97903">
        <ele>104.92</ele>
      </trkpt>
      <trkpt lat="-51.02492" lon="-72.9791">
        <ele>102.47</ele>
      </trkpt>
      <trkpt lat="-51.02494" lon="-72.97918">
        <ele>100.01</ele>
      </trkpt>
      <trkpt lat="-51.02497" lon="-72.9792">
        <ele>98.19</ele>
      </trkpt>
      <trkpt lat="-51.02495" lon="-72.97932">
        <ele>95.61</ele>
      </trkpt>
      <trkpt lat="-51.02496" lon="-72.97947">
        <ele>91.45</ele>
      </trkpt>
      <trkpt lat="-51.02496" lon="-72.97962">
        <ele>91.45</ele>
      </trkpt>
      <trkpt lat="-51.02497" lon="-72.97983">
        <ele>90.45</ele>
      </trkpt>
      <trkpt lat="-51.02499" lon="-72.97997">
        <ele>88.72</ele>
      </trkpt>
      <trkpt lat="-51.02504" lon="-72.9801">
        <ele>87.02</ele>
      </trkpt>
      <trkpt lat="-51.02507" lon="-72.98029">
        <ele>86.18</ele>
      </trkpt>
      <trkpt lat="-51.0251" lon="-72.98057">
        <ele>84.62</ele>
      </trkpt>
      <trkpt lat="-51.02513" lon="-72.98076">
        <ele>83.89</ele>
      </trkpt>
      <trkpt lat="-51.02513" lon="-72.98109">
        <ele>97.19</ele>
      </trkpt>
      <trkpt lat="-51.02515" lon="-72.98122">
        <ele>98.04</ele>
      </trkpt>
      <trkpt lat="-51.02516" lon="-72.98134">
        <ele>98.77</ele>
      </trkpt>
      <trkpt lat="-51.02511" lon="-72.98146">
        <ele>104.52</ele>
      </trkpt>
      <trkpt lat="-51.02512" lon="-72.98159">
        <ele>103.85</ele>
      </trkpt>
      <trkpt lat="-51.02512" lon="-72.98172">
        <ele>103.66</ele>
      </trkpt>
      <trkpt lat="-51.02511" lon="-72.98185">
        <ele>103.8</ele>
      </trkpt>
      <trkpt lat="-51.02511" lon="-72.98199">
        <ele>102.53</ele>
      </trkpt>
      <trkpt lat="-51.02507" lon="-72.98214">
        <ele>104.8</ele>
      </trkpt>
      <trkpt lat="-51.02503" lon="-72.98225">
        <ele>107.51</ele>
      </trkpt>
      <trkpt lat="-51.02506" lon="-72.98233">
        <ele>103.52</ele>
      </trkpt>
      <trkpt lat="-51.02505" lon="-72.98242">
        <ele>103.44</ele>
      </trkpt>
      <trkpt lat="-51.02503" lon="-72.98259">
        <ele>102.78</ele>
      </trkpt>
      <trkpt lat="-51.025" lon="-72.98277">
        <ele>102.14</ele>
      </trkpt>
      <trkpt lat="-51.02498" lon="-72.98296">
        <ele>98.69</ele>
      </trkpt>
      <trkpt lat="-51.02496" lon="-72.98305">
        <ele>97.28</ele>
      </trkpt>
      <trkpt lat="-51.02488" lon="-72.98316">
        <ele>93.98</ele>
      </trkpt>
      <trkpt lat="-51.02477" lon="-72.98334">
        <ele>88.41</ele>
      </trkpt>
      <trkpt lat="-51.0247" lon="-72.98341">
        <ele>90.42</ele>
      </trkpt>
      <trkpt lat="-51.02467" lon="-72.98353">
        <ele>89.73</ele>
      </trkpt>
      <trkpt lat="-51.02466" lon="-72.98368">
        <ele>87.7</ele>
      </trkpt>
      <trkpt lat="-51.02469" lon="-72.98376">
        <ele>86.62</ele>
      </trkpt>
      <trkpt lat="-51.02464" lon="-72.98377">
        <ele>86.88</ele>
      </trkpt>
      <trkpt lat="-51.02453" lon="-72.98379">
        <ele>87.45</ele>
      </trkpt>
      <trkpt lat="-51.02447" lon="-72.98384">
        <ele>87.34</ele>
      </trkpt>
      <trkpt lat="-51.0244" lon="-72.98374">
        <ele>89.75</ele>
      </trkpt>
      <trkpt lat="-51.02437" lon="-72.98371">
        <ele>90.96</ele>
      </trkpt>
      <trkpt lat="-51.02428" lon="-72.98375">
        <ele>92.64</ele>
      </trkpt>
      <trkpt lat="-51.02418" lon="-72.98388">
        <ele>91.98</ele>
      </trkpt>
      <trkpt lat="-51.02408" lon="-72.98379">
        <ele>95.61</ele>
      </trkpt>
      <trkpt lat="-51.02398" lon="-72.98379">
        <ele>96.9</ele>
      </trkpt>
      <trkpt lat="-51.0239" lon="-72.98389">
        <ele>96.78</ele>
      </trkpt>
      <trkpt lat="-51.02381" lon="-72.98397">
        <ele>94.49</ele>
      </trkpt>
      <trkpt lat="-51.02379" lon="-72.98421">
        <ele>89.34</ele>
      </trkpt>
      <trkpt lat="-51.02383" lon="-72.98437">
        <ele>83.36</ele>
      </trkpt>
      <trkpt lat="-51.02377" lon="-72.98448">
        <ele>79.8</ele>
      </trkpt>
      <trkpt lat="-51.0237" lon="-72.98465">
        <ele>75.97</ele>
      </trkpt>
      <trkpt lat="-51.02374" lon="-72.98485">
        <ele>71.56</ele>
      </trkpt>
      <trkpt lat="-51.02376" lon="-72.98503">
        <ele>69.23</ele>
      </trkpt>
      <trkpt lat="-51.02372" lon="-72.98519">
        <ele>68.72</ele>
      </trkpt>
      <trkpt lat="-51.02372" lon="-72.98526">
        <ele>68.32</ele>
      </trkpt>
      <trkpt lat="-51.02371" lon="-72.98529">
        <ele>68.29</ele>
      </trkpt>
      <trkpt lat="-51.02386" lon="-72.98553">
        <ele>67.21</ele>
      </trkpt>
      <trkpt lat="-51.02386" lon="-72.98564">
        <ele>67.85</ele>
      </trkpt>
      <trkpt lat="-51.02383" lon="-72.9857">
        <ele>68.57</ele>
      </trkpt>
      <trkpt lat="-51.02381" lon="-72.98578">
        <ele>69.41</ele>
      </trkpt>
      <trkpt lat="-51.0238" lon="-72.98585">
        <ele>70.0</ele>
      </trkpt>
      <trkpt lat="-51.0238" lon="-72.98595">
        <ele>70.25</ele>
      </trkpt>
      <trkpt lat="-51.02381" lon="-72.9861">
        <ele>70.54</ele>
      </trkpt>
      <trkpt lat="-51.02384" lon="-72.98621">
        <ele>71.88</ele>
      </trkpt>
      <trkpt lat="-51.02382" lon="-72.98661">
        <ele>75.1</ele>
      </trkpt>
      <trkpt lat="-51.02378" lon="-72.9867">
        <ele>75.49</ele>
      </trkpt>
      <trkpt lat="-51.02379" lon="-72.98674">
        <ele>75.54</ele>
      </trkpt>
      <trkpt lat="-51.02385" lon="-72.98686">
        <ele>75.33</ele>
      </trkpt>
      <trkpt lat="-51.02387" lon="-72.98688">
        <ele>75.17</ele>
      </trkpt>
      <trkpt lat="-51.02391" lon="-72.98688">
        <ele>74.66</ele>
      </trkpt>
      <trkpt lat="-51.02392" lon="-72.98693">
        <ele>74.45</ele>
      </trkpt>
      <trkpt lat="-51.02399" lon="-72.98706">
        <ele>72.92</ele>
      </trkpt>
      <trkpt lat="-51.02404" lon="-72.98709">
        <ele>72.04</ele>
      </trkpt>
      <trkpt lat="-51.02408" lon="-72.98718">
        <ele>71.3</ele>
      </trkpt>
      <trkpt lat="-51.02409" lon="-72.98727">
        <ele>70.93</ele>
      </trkpt>
      <trkpt lat="-51.02411" lon="-72.98735">
        <ele>70.36</ele>
      </trkpt>
      <trkpt lat="-51.02412" lon="-72.98744">
        <ele>69.89</ele>
      </trkpt>
      <trkpt lat="-51.0241" lon="-72.98751">
        <ele>69.95</ele>
      </trkpt>
      <trkpt lat="-51.02408" lon="-72.98755">
        <ele>70.28</ele>
      </trkpt>
      <trkpt lat="-51.02403" lon="-72.98764">
        <ele>71.7</ele>
      </trkpt>
      <trkpt lat="-51.02404" lon="-72.9877">
        <ele>71.68</ele>
      </trkpt>
      <trkpt lat="-51.02404" lon="-72.98777">
        <ele>71.98</ele>
      </trkpt>
      <trkpt lat="-51.02402" lon="-72.98783">
        <ele>72.58</ele>
      </trkpt>
      <trkpt lat="-51.02397" lon="-72.98791">
        <ele>73.52</ele>
      </trkpt>
      <trkpt lat="-51.02395" lon="-72.98799">
        <ele>73.1</ele>
      </trkpt>
      <trkpt lat="-51.02395" lon="-72.98806">
        <ele>72.36</ele>
      </trkpt>
      <trkpt lat="-51.02397" lon="-72.98809">
        <ele>72.25</ele>
      </trkpt>
      <trkpt lat="-51.02396" lon="-72.98821">
        <ele>72.79</ele>
      </trkpt>
      <trkpt lat="-51.02396" lon="-72.98827">
        <ele>73.0</ele>
      </trkpt>
      <trkpt lat="-51.02395" lon="-72.98833">
        <ele>73.33</ele>
      </trkpt>
      <trkpt lat="-51.02394" lon="-72.98834">
        <ele>73.43</ele>
      </trkpt>
      <trkpt lat="-51.02391" lon="-72.98837">
        <ele>73.65</ele>
      </trkpt>
      <trkpt lat="-51.02391" lon="-72.98842">
        <ele>73.48</ele>
      </trkpt>
      <trkpt lat="-51.02391" lon="-72.98847">
        <ele>73.32</ele>
      </trkpt>
      <trkpt lat="-51.0239" lon="-72.98852">
        <ele>73.23</ele>
      </trkpt>
      <trkpt lat="-51.02385" lon="-72.98856">
        <ele>74.58</ele>
      </trkpt>
      <trkpt lat="-51.02379" lon="-72.9886">
        <ele>76.6</ele>
      </trkpt>
      <trkpt lat="-51.02376" lon="-72.98864">
        <ele>77.49</ele>
      </trkpt>
      <trkpt lat="-51.02373" lon="-72.98874">
        <ele>77.99</ele>
      </trkpt>
      <trkpt lat="-51.02373" lon="-72.98879">
        <ele>77.71</ele>
      </trkpt>
      <trkpt lat="-51.02371" lon="-72.98888">
        <ele>77.85</ele>
      </trkpt>
      <trkpt lat="-51.02368" lon="-72.98901">
        <ele>78.98</ele>
      </trkpt>
      <trkpt lat="-51.02367" lon="-72.98912">
        <ele>79.44</ele>
      </trkpt>
      <trkpt lat="-51.02367" lon="-72.98924">
        <ele>79.21</ele>
      </trkpt>
      <trkpt lat="-51.02363" lon="-72.98942">
        <ele>78.95</ele>
      </trkpt>
      <trkpt lat="-51.02359" lon="-72.98962">
        <ele>80.97</ele>
      </trkpt>
      <trkpt lat="-51.02361" lon="-72.98986">
        <ele>78.56</ele>
      </trkpt>
      <trkpt lat="-51.02363" lon="-72.99009">
        <ele>76.26</ele>
      </trkpt>
      <trkpt lat="-51.02365" lon="-72.99032">
        <ele>76.78</ele>
      </trkpt>
      <trkpt lat="-51.02367" lon="-72.99055">
        <ele>75.18</ele>
      </trkpt>
      <trkpt lat="-51.0237" lon="-72.99062">
        <ele>74.4</ele>
      </trkpt>
      <trkpt lat="-51.0237" lon="-72.99077">
        <ele>73.67</ele>
      </trkpt>
      <trkpt lat="-51.02364" lon="-72.99098">
        <ele>72.79</ele>
      </trkpt>
      <trkpt lat="-51.02358" lon="-72.99113">
        <ele>72.36</ele>
      </trkpt>
      <trkpt lat="-51.02359" lon="-72.99189">
        <ele>77.05</ele>
      </trkpt>
      <trkpt lat="-51.02361" lon="-72.99204">
        <ele>78.98</ele>
      </trkpt>
      <trkpt lat="-51.02366" lon="-72.99223">
        <ele>79.0</ele>
      </trkpt>
      <trkpt lat="-51.02368" lon="-72.9924">
        <ele>79.0</ele>
      </trkpt>
      <trkpt lat="-51.02382" lon="-72.99271">
        <ele>79.0</ele>
      </trkpt>
      <trkpt lat="-51.02389" lon="-72.9928">
        <ele>79.0</ele>
      </trkpt>
      <trkpt lat="-51.02394" lon="-72.99293">
        <ele>79.0</ele>
      </trkpt>
      <trkpt lat="-51.02398" lon="-72.99323">
        <ele>79.0</ele>
      </trkpt>
      <trkpt lat="-51.024" lon="-72.99333">
        <ele>79.0</ele>
      </trkpt>
      <trkpt lat="-51.02404" lon="-72.99336">
        <ele>79.0</ele>
      </trkpt>
      <trkpt lat="-51.02406" lon="-72.99343">
        <ele>79.0</ele>
      </trkpt>
      <trkpt lat="-51.02408" lon="-72.99364">
        <ele>78.71</ele>
      </trkpt>
      <trkpt lat="-51.02412" lon="-72.99388">
        <ele>77.54</ele>
      </trkpt>
      <trkpt lat="-51.02413" lon="-72.994">
        <ele>77.92</ele>
      </trkpt>
      <trkpt lat="-51.02419" lon="-72.99406">
        <ele>79.0</ele>
      </trkpt>
      <trkpt lat="-51.02421" lon="-72.99417">
        <ele>78.9</ele>
      </trkpt>
      <trkpt lat="-51.02423" lon="-72.99428">
        <ele>75.7</ele>
      </trkpt>
      <trkpt lat="-51.02427" lon="-72.99432">
        <ele>74.85</ele>
      </trkpt>
      <trkpt lat="-51.02431" lon="-72.99443">
        <ele>72.42</ele>
      </trkpt>
      <trkpt lat="-51.02439" lon="-72.99448">
        <ele>72.81</ele>
      </trkpt>
      <trkpt lat="-51.02444" lon="-72.99464">
        <ele>71.81</ele>
      </trkpt>
      <trkpt lat="-51.02449" lon="-72.99475">
        <ele>71.08</ele>
      </trkpt>
      <trkpt lat="-51.02453" lon="-72.99492">
        <ele>71.49</ele>
      </trkpt>
      <trkpt lat="-51.02455" lon="-72.99511">
        <ele>69.81</ele>
      </trkpt>
      <trkpt lat="-51.02455" lon="-72.99534">
        <ele>67.09</ele>
      </trkpt>
      <trkpt lat="-51.02456" lon="-72.99548">
        <ele>67.45</ele>
      </trkpt>
      <trkpt lat="-51.02456" lon="-72.9957">
        <ele>67.8</ele>
      </trkpt>
      <trkpt lat="-51.02459" lon="-72.99578">
        <ele>68.53</ele>
      </trkpt>
      <trkpt lat="-51.02463" lon="-72.99582">
        <ele>69.32</ele>
      </trkpt>
      <trkpt lat="-51.02464" lon="-72.996">
        <ele>69.1</ele>
      </trkpt>
      <trkpt lat="-51.02459" lon="-72.99627">
        <ele>70.33</ele>
      </trkpt>
      <trkpt lat="-51.02463" lon="-72.99635">
        <ele>71.53</ele>
      </trkpt>
      <trkpt lat="-51.02466" lon="-72.99637">
        <ele>71.8</ele>
      </trkpt>
      <trkpt lat="-51.02467" lon="-72.99652">
        <ele>73.0</ele>
      </trkpt>
      <trkpt lat="-51.02469" lon="-72.99661">
        <ele>73.35</ele>
      </trkpt>
      <trkpt lat="-51.02471" lon="-72.99665">
        <ele>73.19</ele>
      </trkpt>
      <trkpt lat="-51.02473" lon="-72.99678">
        <ele>76.34</ele>
      </trkpt>
      <trkpt lat="-51.02474" lon="-72.99738">
        <ele>79.0</ele>
      </trkpt>
      <trkpt lat="-51.02474" lon="-72.99758">
        <ele>79.0</ele>
      </trkpt>
      <trkpt lat="-51.02477" lon="-72.99765">
        <ele>79.0</ele>
      </trkpt>
      <trkpt lat="-51.02477" lon="-72.99778">
        <ele>79.0</ele>
      </trkpt>
      <trkpt lat="-51.02478" lon="-72.99802">
        <ele>79.0</ele>
      </trkpt>
      <trkpt lat="-51.02476" lon="-72.99829">
        <ele>79.0</ele>
      </trkpt>
      <trkpt lat="-51.02471" lon="-72.99855">
        <ele>79.0</ele>
      </trkpt>
      <trkpt lat="-51.02469" lon="-72.99878">
        <ele>79.0</ele>
      </trkpt>
      <trkpt lat="-51.02468" lon="-72.99899">
        <ele>79.0</ele>
      </trkpt>
      <trkpt lat="-51.02467" lon="-72.9992">
        <ele>79.0</ele>
      </trkpt>
      <trkpt lat="-51.02468" lon="-72.99943">
        <ele>79.0</ele>
      </trkpt>
      <trkpt lat="-51.02466" lon="-72.9996">
        <ele>79.0</ele>
      </trkpt>
      <trkpt lat="-51.02461" lon="-72.99993">
        <ele>79.0</ele>
      </trkpt>
      <trkpt lat="-51.02457" lon="-73.0001">
        <ele>79.0</ele>
      </trkpt>
      <trkpt lat="-51.02451" lon="-73.00025">
        <ele>79.0</ele>
      </trkpt>
      <trkpt lat="-51.02444" lon="-73.00036">
        <ele>78.98</ele>
      </trkpt>
      <trkpt lat="-51.02439" lon="-73.00038">
        <ele>78.73</ele>
      </trkpt>
      <trkpt lat="-51.02438" lon="-73.00045">
        <ele>78.62</ele>
      </trkpt>
      <trkpt lat="-51.02436" lon="-73.00063">
        <ele>78.47</ele>
      </trkpt>
      <trkpt lat="-51.02432" lon="-73.00078">
        <ele>78.47</ele>
      </trkpt>
      <trkpt lat="-51.02426" lon="-73.00081">
        <ele>78.28</ele>
      </trkpt>
      <trkpt lat="-51.02424" lon="-73.00087">
        <ele>78.36</ele>
      </trkpt>
      <trkpt lat="-51.02404" lon="-73.00144">
        <ele>78.33</ele>
      </trkpt>
      <trkpt lat="-51.02389" lon="-73.00177">
        <ele>71.03</ele>
      </trkpt>
      <trkpt lat="-51.02374" lon="-73.00226">
        <ele>71.0</ele>
      </trkpt>
      <trkpt lat="-51.02367" lon="-73.00255">
        <ele>71.0</ele>
      </trkpt>
      <trkpt lat="-51.02314" lon="-73.00432">
        <ele>71.0</ele>
      </trkpt>
      <trkpt lat="-51.02307" lon="-73.00476">
        <ele>71.0</ele>
      </trkpt>
      <trkpt lat="-51.02305" lon="-73.00512">
        <ele>71.0</ele>
      </trkpt>
      <trkpt lat="-51.02301" lon="-73.00543">
        <ele>71.45</ele>
      </trkpt>
      <trkpt lat="-51.02294" lon="-73.00574">
        <ele>78.22</ele>
      </trkpt>
      <trkpt lat="-51.02294" lon="-73.0058">
        <ele>79.89</ele>
      </trkpt>
      <trkpt lat="-51.02305" lon="-73.00588">
        <ele>76.28</ele>
      </trkpt>
      <trkpt lat="-51.02308" lon="-73.0059">
        <ele>75.96</ele>
      </trkpt>
      <trkpt lat="-51.02306" lon="-73.00597">
        <ele>77.84</ele>
      </trkpt>
      <trkpt lat="-51.02305" lon="-73.00601">
        <ele>79.08</ele>
      </trkpt>
      <trkpt lat="-51.02303" lon="-73.00609">
        <ele>81.75</ele>
      </trkpt>
      <trkpt lat="-51.02301" lon="-73.0062">
        <ele>86.55</ele>
      </trkpt>
      <trkpt lat="-51.02303" lon="-73.00629">
        <ele>89.45</ele>
      </trkpt>
      <trkpt lat="-51.02307" lon="-73.0063">
        <ele>88.46</ele>
      </trkpt>
      <trkpt lat="-51.02314" lon="-73.0063">
        <ele>85.09</ele>
      </trkpt>
      <trkpt lat="-51.02319" lon="-73.00628">
        <ele>81.98</ele>
      </trkpt>
      <trkpt lat="-51.02332" lon="-73.00627">
        <ele>75.62</ele>
      </trkpt>
      <trkpt lat="-51.02337" lon="-73.00629">
        <ele>74.91</ele>
      </trkpt>
      <trkpt lat="-51.0234" lon="-73.00633">
        <ele>75.19</ele>
      </trkpt>
      <trkpt lat="-51.02344" lon="-73.00638">
        <ele>75.17</ele>
      </trkpt>
      <trkpt lat="-51.02348" lon="-73.00642">
        <ele>75.51</ele>
      </trkpt>
      <trkpt lat="-51.02352" lon="-73.00648">
        <ele>76.45</ele>
      </trkpt>
      <trkpt lat="-51.02355" lon="-73.00654">
        <ele>77.31</ele>
      </trkpt>
      <trkpt lat="-51.02357" lon="-73.00661">
        <ele>78.55</ele>
      </trkpt>
      <trkpt lat="-51.0236" lon="-73.00667">
        <ele>78.72</ele>
      </trkpt>
      <trkpt lat="-51.02363" lon="-73.00674">
        <ele>80.09</ele>
      </trkpt>
      <trkpt lat="-51.02365" lon="-73.00681">
        <ele>81.89</ele>
      </trkpt>
      <trkpt lat="-51.02368" lon="-73.00689">
        <ele>83.51</ele>
      </trkpt>
      <trkpt lat="-51.0237" lon="-73.00696">
        <ele>84.67</ele>
      </trkpt>
      <trkpt lat="-51.02372" lon="-73.00702">
        <ele>84.61</ele>
      </trkpt>
      <trkpt lat="-51.02376" lon="-73.00708">
        <ele>83.83</ele>
      </trkpt>
      <trkpt lat="-51.02379" lon="-73.00714">
        <ele>83.48</ele>
      </trkpt>
      <trkpt lat="-51.02383" lon="-73.0072">
        <ele>82.82</ele>
      </trkpt>
      <trkpt lat="-51.02385" lon="-73.00727">
        <ele>83.24</ele>
      </trkpt>
      <trkpt lat="-51.02387" lon="-73.00733">
        <ele>83.59</ele>
      </trkpt>
      <trkpt lat="-51.02388" lon="-73.00741">
        <ele>84.68</ele>
      </trkpt>
      <trkpt lat="-51.02391" lon="-73.00748">
        <ele>84.99</ele>
      </trkpt>
      <trkpt lat="-51.02394" lon="-73.00754">
        <ele>84.84</ele>
      </trkpt>
      <trkpt lat="-51.02398" lon="-73.00759">
        <ele>84.03</ele>
      </trkpt>
      <trkpt lat="-51.02402" lon="-73.00762">
        <ele>82.87</ele>
      </trkpt>
      <trkpt lat="-51.02406" lon="-73.00766">
        <ele>81.7</ele>
      </trkpt>
      <trkpt lat="-51.0241" lon="-73.00771">
        <ele>80.46</ele>
      </trkpt>
      <trkpt lat="-51.02412" lon="-73.00772">
        <ele>79.7</ele>
      </trkpt>
      <trkpt lat="-51.02414" lon="-73.0079">
        <ele>80.07</ele>
      </trkpt>
      <trkpt lat="-51.02415" lon="-73.00797">
        <ele>80.15</ele>
      </trkpt>
      <trkpt lat="-51.02416" lon="-73.00805">
        <ele>80.27</ele>
      </trkpt>
      <trkpt lat="-51.02417" lon="-73.00813">
        <ele>82.29</ele>
      </trkpt>
      <trkpt lat="-51.02419" lon="-73.0082">
        <ele>83.79</ele>
      </trkpt>
      <trkpt lat="-51.0242" lon="-73.00828">
        <ele>85.9</ele>
      </trkpt>
      <trkpt lat="-51.02423" lon="-73.00836">
        <ele>86.55</ele>
      </trkpt>
      <trkpt lat="-51.02424" lon="-73.00844">
        <ele>86.98</ele>
      </trkpt>
      <trkpt lat="-51.02426" lon="-73.0085">
        <ele>86.77</ele>
      </trkpt>
      <trkpt lat="-51.02429" lon="-73.00856">
        <ele>86.12</ele>
      </trkpt>
      <trkpt lat="-51.02433" lon="-73.00861">
        <ele>84.93</ele>
      </trkpt>
      <trkpt lat="-51.02437" lon="-73.00866">
        <ele>83.92</ele>
      </trkpt>
      <trkpt lat="-51.0244" lon="-73.00872">
        <ele>83.49</ele>
      </trkpt>
      <trkpt lat="-51.02442" lon="-73.00879">
        <ele>83.63</ele>
      </trkpt>
      <trkpt lat="-51.02444" lon="-73.00886">
        <ele>83.78</ele>
      </trkpt>
      <trkpt lat="-51.02446" lon="-73.00892">
        <ele>83.89</ele>
      </trkpt>
      <trkpt lat="-51.02449" lon="-73.00897">
        <ele>83.56</ele>
      </trkpt>
      <trkpt lat="-51.02454" lon="-73.00923">
        <ele>84.78</ele>
      </trkpt>
      <trkpt lat="-51.02454" lon="-73.0093">
        <ele>85.36</ele>
      </trkpt>
      <trkpt lat="-51.02454" lon="-73.00937">
        <ele>85.94</ele>
      </trkpt>
      <trkpt lat="-51.02455" lon="-73.00945">
        <ele>86.25</ele>
      </trkpt>
      <trkpt lat="-51.02455" lon="-73.00953">
        <ele>87.01</ele>
      </trkpt>
      <trkpt lat="-51.02456" lon="-73.0096">
        <ele>87.29</ele>
      </trkpt>
      <trkpt lat="-51.02456" lon="-73.00968">
        <ele>88.03</ele>
      </trkpt>
      <trkpt lat="-51.02457" lon="-73.00976">
        <ele>88.25</ele>
      </trkpt>
      <trkpt lat="-51.02458" lon="-73.00983">
        <ele>88.23</ele>
      </trkpt>
      <trkpt lat="-51.02458" lon="-73.0099">
        <ele>88.62</ele>
      </trkpt>
      <trkpt lat="-51.02457" lon="-73.00998">
        <ele>89.55</ele>
      </trkpt>
      <trkpt lat="-51.02457" lon="-73.01005">
        <ele>89.85</ele>
      </trkpt>
      <trkpt lat="-51.02456" lon="-73.01006">
        <ele>90.39</ele>
      </trkpt>
      <trkpt lat="-51.02454" lon="-73.0103">
        <ele>92.24</ele>
      </trkpt>
      <trkpt lat="-51.02454" lon="-73.0103">
        <ele>92.24</ele>
      </trkpt>
      <trkpt lat="-51.02455" lon="-73.01072">
        <ele>92.36</ele>
      </trkpt>
      <trkpt lat="-51.02457" lon="-73.0108">
        <ele>91.26</ele>
      </trkpt>
      <trkpt lat="-51.02458" lon="-73.01087">
        <ele>90.81</ele>
      </trkpt>
      <trkpt lat="-51.0246" lon="-73.01096">
        <ele>90.06</ele>
      </trkpt>
      <trkpt lat="-51.02461" lon="-73.01104">
        <ele>89.8</ele>
      </trkpt>
      <trkpt lat="-51.02463" lon="-73.01111">
        <ele>88.98</ele>
      </trkpt>
      <trkpt lat="-51.02465" lon="-73.01119">
        <ele>88.18</ele>
      </trkpt>
      <trkpt lat="-51.02466" lon="-73.01126">
        <ele>87.9</ele>
      </trkpt>
      <trkpt lat="-51.02467" lon="-73.01133">
        <ele>87.61</ele>
      </trkpt>
      <trkpt lat="-51.02467" lon="-73.0114">
        <ele>87.92</ele>
      </trkpt>
      <trkpt lat="-51.02468" lon="-73.01148">
        <ele>88.11</ele>
      </trkpt>
      <trkpt lat="-51.02468" lon="-73.01157">
        <ele>88.94</ele>
      </trkpt>
      <trkpt lat="-51.02468" lon="-73.01165">
        <ele>89.67</ele>
      </trkpt>
      <trkpt lat="-51.02469" lon="-73.01173">
        <ele>89.47</ele>
      </trkpt>
      <trkpt lat="-51.02469" lon="-73.01182">
        <ele>89.58</ele>
      </trkpt>
      <trkpt lat="-51.02468" lon="-73.0119">
        <ele>90.21</ele>
      </trkpt>
      <trkpt lat="-51.02468" lon="-73.01193">
        <ele>90.26</ele>
      </trkpt>
      <trkpt lat="-51.0247" lon="-73.01222">
        <ele>90.27</ele>
      </trkpt>
      <trkpt lat="-51.02468" lon="-73.0123">
        <ele>91.99</ele>
      </trkpt>
      <trkpt lat="-51.02465" lon="-73.01235">
        <ele>94.08</ele>
      </trkpt>
      <trkpt lat="-51.02462" lon="-73.01241">
        <ele>96.24</ele>
      </trkpt>
      <trkpt lat="-51.02459" lon="-73.01248">
        <ele>98.47</ele>
      </trkpt>
      <trkpt lat="-51.02458" lon="-73.01255">
        <ele>99.73</ele>
      </trkpt>
      <trkpt lat="-51.02458" lon="-73.01264">
        <ele>100.7</ele>
      </trkpt>
      <trkpt lat="-51.02457" lon="-73.01267">
        <ele>101.6</ele>
      </trkpt>
      <trkpt lat="-51.0245" lon="-73.0131">
        <ele>108.92</ele>
      </trkpt>
      <trkpt lat="-51.0245" lon="-73.0131">
        <ele>108.92</ele>
      </trkpt>
      <trkpt lat="-51.02448" lon="-73.0135">
        <ele>113.55</ele>
      </trkpt>
      <trkpt lat="-51.02448" lon="-73.01358">
        <ele>114.37</ele>
      </trkpt>
      <trkpt lat="-51.0245" lon="-73.01367">
        <ele>114.21</ele>
      </trkpt>
      <trkpt lat="-51.0245" lon="-73.01375">
        <ele>115.3</ele>
      </trkpt>
      <trkpt lat="-51.02452" lon="-73.01382">
        <ele>114.91</ele>
      </trkpt>
      <trkpt lat="-51.02453" lon="-73.0139">
        <ele>115.26</ele>
      </trkpt>
      <trkpt lat="-51.02454" lon="-73.01398">
        <ele>115.34</ele>
      </trkpt>
      <trkpt lat="-51.02456" lon="-73.01405">
        <ele>114.59</ele>
      </trkpt>
      <trkpt lat="-51.02459" lon="-73.01412">
        <ele>113.1</ele>
      </trkpt>
      <trkpt lat="-51.02461" lon="-73.01418">
        <ele>112.22</ele>
      </trkpt>
      <trkpt lat="-51.02461" lon="-73.01419">
        <ele>112.33</ele>
      </trkpt>
      <trkpt lat="-51.02462" lon="-73.01447">
        <ele>114.67</ele>
      </trkpt>
      <trkpt lat="-51.02462" lon="-73.01455">
        <ele>115.64</ele>
      </trkpt>
      <trkpt lat="-51.02464" lon="-73.01461">
        <ele>114.88</ele>
      </trkpt>
      <trkpt lat="-51.02466" lon="-73.01469">
        <ele>114.33</ele>
      </trkpt>
      <trkpt lat="-51.02468" lon="-73.01475">
        <ele>113.49</ele>
      </trkpt>
      <trkpt lat="-51.02469" lon="-73.01483">
        <ele>113.6</ele>
      </trkpt>
      <trkpt lat="-51.02469" lon="-73.01491">
        <ele>114.46</ele>
      </trkpt>
      <trkpt lat="-51.02469" lon="-73.01499">
        <ele>115.33</ele>
      </trkpt>
      <trkpt lat="-51.02469" lon="-73.01506">
        <ele>116.92</ele>
      </trkpt>
      <trkpt lat="-51.02469" lon="-73.01514">
        <ele>118.91</ele>
      </trkpt>
      <trkpt lat="-51.0247" lon="-73.01522">
        <ele>120.16</ele>
      </trkpt>
      <trkpt lat="-51.02471" lon="-73.01531">
        <ele>121.69</ele>
      </trkpt>
      <trkpt lat="-51.02473" lon="-73.01539">
        <ele>122.27</ele>
      </trkpt>
      <trkpt lat="-51.02475" lon="-73.01546">
        <ele>122.59</ele>
      </trkpt>
      <trkpt lat="-51.02478" lon="-73.01552">
        <ele>121.94</ele>
      </trkpt>
      <trkpt lat="-51.0248" lon="-73.01554">
        <ele>121.01</ele>
      </trkpt>
      <trkpt lat="-51.02503" lon="-73.01577">
        <ele>111.59</ele>
      </trkpt>
      <trkpt lat="-51.02507" lon="-73.01581">
        <ele>110.74</ele>
      </trkpt>
      <trkpt lat="-51.02511" lon="-73.01585">
        <ele>109.91</ele>
      </trkpt>
      <trkpt lat="-51.02515" lon="-73.01589">
        <ele>108.96</ele>
      </trkpt>
      <trkpt lat="-51.02519" lon="-73.01595">
        <ele>108.5</ele>
      </trkpt>
      <trkpt lat="-51.02521" lon="-73.016">
        <ele>108.76</ele>
      </trkpt>
      <trkpt lat="-51.02535" lon="-73.01617">
        <ele>105.27</ele>
      </trkpt>
      <trkpt lat="-51.02535" lon="-73.01626">
        <ele>107.45</ele>
      </trkpt>
      <trkpt lat="-51.02535" lon="-73.01634">
        <ele>109.39</ele>
      </trkpt>
      <trkpt lat="-51.02535" lon="-73.01642">
        <ele>111.33</ele>
      </trkpt>
      <trkpt lat="-51.02535" lon="-73.01649">
        <ele>113.03</ele>
      </trkpt>
      <trkpt lat="-51.02535" lon="-73.01657">
        <ele>114.97</ele>
      </trkpt>
      <trkpt lat="-51.02535" lon="-73.01665">
        <ele>116.92</ele>
      </trkpt>
      <trkpt lat="-51.02535" lon="-73.01673">
        <ele>114.63</ele>
      </trkpt>
      <trkpt lat="-51.02536" lon="-73.0168">
        <ele>110.97</ele>
      </trkpt>
      <trkpt lat="-51.02537" lon="-73.01687">
        <ele>107.24</ele>
      </trkpt>
      <trkpt lat="-51.02538" lon="-73.01695">
        <ele>103.15</ele>
      </trkpt>
      <trkpt lat="-51.02539" lon="-73.01704">
        <ele>100.45</ele>
      </trkpt>
      <trkpt lat="-51.02539" lon="-73.01707">
        <ele>99.8</ele>
      </trkpt>
      <trkpt lat="-51.02535" lon="-73.01739">
        <ele>98.94</ele>
      </trkpt>
      <trkpt lat="-51.02533" lon="-73.01748">
        <ele>100.12</ele>
      </trkpt>
      <trkpt lat="-51.02531" lon="-73.01754">
        <ele>101.56</ele>
      </trkpt>
      <trkpt lat="-51.02529" lon="-73.01762">
        <ele>103.08</ele>
      </trkpt>
      <trkpt lat="-51.02527" lon="-73.0177">
        <ele>105.16</ele>
      </trkpt>
      <trkpt lat="-51.02527" lon="-73.0177">
        <ele>105.16</ele>
      </trkpt>
      <trkpt lat="-51.02523" lon="-73.01799">
        <ele>112.12</ele>
      </trkpt>
      <trkpt lat="-51.02525" lon="-73.01807">
        <ele>109.45</ele>
      </trkpt>
      <trkpt lat="-51.02527" lon="-73.01816">
        <ele>107.32</ele>
      </trkpt>
      <trkpt lat="-51.02529" lon="-73.01824">
        <ele>106.07</ele>
      </trkpt>
      <trkpt lat="-51.02529" lon="-73.01829">
        <ele>106.58</ele>
      </trkpt>
      <trkpt lat="-51.02527" lon="-73.01834">
        <ele>109.3</ele>
      </trkpt>
      <trkpt lat="-51.0253" lon="-73.0184">
        <ele>107.52</ele>
      </trkpt>
      <trkpt lat="-51.02534" lon="-73.01844">
        <ele>105.34</ele>
      </trkpt>
      <trkpt lat="-51.02534" lon="-73.01851">
        <ele>106.82</ele>
      </trkpt>
      <trkpt lat="-51.02532" lon="-73.01857">
        <ele>109.43</ele>
      </trkpt>
      <trkpt lat="-51.0253" lon="-73.01863">
        <ele>111.96</ele>
      </trkpt>
      <trkpt lat="-51.02526" lon="-73.01868">
        <ele>117.48</ele>
      </trkpt>
      <trkpt lat="-51.02521" lon="-73.01867">
        <ele>125.65</ele>
      </trkpt>
      <trkpt lat="-51.02517" lon="-73.01863">
        <ele>131.34</ele>
      </trkpt>
      <trkpt lat="-51.02516" lon="-73.01863">
        <ele>133.0</ele>
      </trkpt>
      <trkpt lat="-51.02504" lon="-73.01854">
        <ele>150.22</ele>
      </trkpt>
      <trkpt lat="-51.02502" lon="-73.01861">
        <ele>155.65</ele>
      </trkpt>
      <trkpt lat="-51.025" lon="-73.01867">
        <ele>160.91</ele>
      </trkpt>
      <trkpt lat="-51.02496" lon="-73.0187">
        <ele>163.75</ele>
      </trkpt>
      <trkpt lat="-51.02496" lon="-73.01877">
        <ele>166.02</ele>
      </trkpt>
      <trkpt lat="-51.02498" lon="-73.01884">
        <ele>167.35</ele>
      </trkpt>
      <trkpt lat="-51.02494" lon="-73.01881">
        <ele>168.25</ele>
      </trkpt>
      <trkpt lat="-51.02491" lon="-73.01878">
        <ele>168.68</ele>
      </trkpt>
      <trkpt lat="-51.0248" lon="-73.01874">
        <ele>172.54</ele>
      </trkpt>
      <trkpt lat="-51.0248" lon="-73.01882">
        <ele>175.13</ele>
      </trkpt>
      <trkpt lat="-51.02483" lon="-73.01888">
        <ele>175.67</ele>
      </trkpt>
      <trkpt lat="-51.02485" lon="-73.01895">
        <ele>176.88</ele>
      </trkpt>
      <trkpt lat="-51.02487" lon="-73.01901">
        <ele>177.8</ele>
      </trkpt>
      <trkpt lat="-51.0249" lon="-73.01907">
        <ele>178.31</ele>
      </trkpt>
      <trkpt lat="-51.02472" lon="-73.01895">
        <ele>182.86</ele>
      </trkpt>
      <trkpt lat="-51.02472" lon="-73.01895">
        <ele>182.86</ele>
      </trkpt>
      <trkpt lat="-51.02478" lon="-73.01914">
        <ele>185.72</ele>
      </trkpt>
      <trkpt lat="-51.02478" lon="-73.01914">
        <ele>185.72</ele>
      </trkpt>
      <trkpt lat="-51.02482" lon="-73.01939">
        <ele>192.01</ele>
      </trkpt>
      <trkpt lat="-51.02482" lon="-73.01939">
        <ele>192.01</ele>
      </trkpt>
      <trkpt lat="-51.02499" lon="-73.01962">
        <ele>192.71</ele>
      </trkpt>
      <trkpt lat="-51.02499" lon="-73.01963">
        <ele>193.06</ele>
      </trkpt>
      <trkpt lat="-51.02505" lon="-73.01979">
        <ele>186.95</ele>
      </trkpt>
      <trkpt lat="-51.02505" lon="-73.01979">
        <ele>186.95</ele>
      </trkpt>
      <trkpt lat="-51.02512" lon="-73.01994">
        <ele>175.59</ele>
      </trkpt>
      <trkpt lat="-51.02512" lon="-73.01994">
        <ele>175.59</ele>
      </trkpt>
      <trkpt lat="-51.02514" lon="-73.02018">
        <ele>174.72</ele>
      </trkpt>
      <trkpt lat="-51.02517" lon="-73.02024">
        <ele>169.59</ele>
      </trkpt>
      <trkpt lat="-51.02521" lon="-73.02029">
        <ele>162.73</ele>
      </trkpt>
      <trkpt lat="-51.02524" lon="-73.02034">
        <ele>157.4</ele>
      </trkpt>
      <trkpt lat="-51.02527" lon="-73.02038">
        <ele>152.15</ele>
      </trkpt>
      <trkpt lat="-51.02529" lon="-73.02055">
        <ele>150.5</ele>
      </trkpt>
      <trkpt lat="-51.02532" lon="-73.02061">
        <ele>147.84</ele>
      </trkpt>
      <trkpt lat="-51.02535" lon="-73.02068">
        <ele>145.19</ele>
      </trkpt>
      <trkpt lat="-51.02536" lon="-73.02075">
        <ele>144.9</ele>
      </trkpt>
      <trkpt lat="-51.02536" lon="-73.02082">
        <ele>145.86</ele>
      </trkpt>
      <trkpt lat="-51.02537" lon="-73.0209">
        <ele>146.23</ele>
      </trkpt>
      <trkpt lat="-51.02538" lon="-73.02097">
        <ele>146.72</ele>
      </trkpt>
      <trkpt lat="-51.02538" lon="-73.02098">
        <ele>146.97</ele>
      </trkpt>
      <trkpt lat="-51.02536" lon="-73.02113">
        <ele>152.31</ele>
      </trkpt>
      <trkpt lat="-51.02537" lon="-73.0212">
        <ele>153.16</ele>
      </trkpt>
      <trkpt lat="-51.02538" lon="-73.02128">
        <ele>154.52</ele>
      </trkpt>
      <trkpt lat="-51.02538" lon="-73.02129">
        <ele>154.77</ele>
      </trkpt>
      <trkpt lat="-51.0253" lon="-73.02159">
        <ele>160.75</ele>
      </trkpt>
      <trkpt lat="-51.0253" lon="-73.02159">
        <ele>160.75</ele>
      </trkpt>
      <trkpt lat="-51.0253" lon="-73.02181">
        <ele>161.68</ele>
      </trkpt>
      <trkpt lat="-51.02533" lon="-73.02186">
        <ele>160.91</ele>
      </trkpt>
      <trkpt lat="-51.02536" lon="-73.02192">
        <ele>160.41</ele>
      </trkpt>
      <trkpt lat="-51.02539" lon="-73.02197">
        <ele>159.9</ele>
      </trkpt>
      <trkpt lat="-51.0254" lon="-73.02204">
        <ele>159.98</ele>
      </trkpt>
      <trkpt lat="-51.02544" lon="-73.02225">
        <ele>159.9</ele>
      </trkpt>
      <trkpt lat="-51.02544" lon="-73.02225">
        <ele>159.9</ele>
      </trkpt>
      <trkpt lat="-51.0255" lon="-73.02236">
        <ele>158.1</ele>
      </trkpt>
      <trkpt lat="-51.0255" lon="-73.02236">
        <ele>158.1</ele>
      </trkpt>
      <trkpt lat="-51.02557" lon="-73.02247">
        <ele>156.32</ele>
      </trkpt>
      <trkpt lat="-51.02557" lon="-73.02247">
        <ele>156.32</ele>
      </trkpt>
      <trkpt lat="-51.0256" lon="-73.0226">
        <ele>157.19</ele>
      </trkpt>
      <trkpt lat="-51.0256" lon="-73.0226">
        <ele>157.19</ele>
      </trkpt>
      <trkpt lat="-51.02566" lon="-73.02269">
        <ele>158.1</ele>
      </trkpt>
      <trkpt lat="-51.02566" lon="-73.02269">
        <ele>158.1</ele>
      </trkpt>
      <trkpt lat="-51.02566" lon="-73.02285">
        <ele>158.63</ele>
      </trkpt>
      <trkpt lat="-51.02566" lon="-73.02293">
        <ele>158.92</ele>
      </trkpt>
      <trkpt lat="-51.02567" lon="-73.02301">
        <ele>159.0</ele>
      </trkpt>
      <trkpt lat="-51.02568" lon="-73.02308">
        <ele>159.37</ele>
      </trkpt>
      <trkpt lat="-51.02569" lon="-73.02315">
        <ele>160.39</ele>
      </trkpt>
      <trkpt lat="-51.02568" lon="-73.02323">
        <ele>162.46</ele>
      </trkpt>
      <trkpt lat="-51.02567" lon="-73.0233">
        <ele>164.6</ele>
      </trkpt>
      <trkpt lat="-51.02565" lon="-73.02337">
        <ele>166.77</ele>
      </trkpt>
      <trkpt lat="-51.02565" lon="-73.02337">
        <ele>166.77</ele>
      </trkpt>
      <trkpt lat="-51.02557" lon="-73.02356">
        <ele>172.13</ele>
      </trkpt>
      <trkpt lat="-51.02557" lon="-73.02356">
        <ele>172.13</ele>
      </trkpt>
      <trkpt lat="-51.02552" lon="-73.02369">
        <ele>174.0</ele>
      </trkpt>
      <trkpt lat="-51.02551" lon="-73.02377">
        <ele>174.07</ele>
      </trkpt>
      <trkpt lat="-51.02552" lon="-73.02384">
        <ele>173.46</ele>
      </trkpt>
      <trkpt lat="-51.02555" lon="-73.02389">
        <ele>172.19</ele>
      </trkpt>
      <trkpt lat="-51.02557" lon="-73.02391">
        <ele>170.9</ele>
      </trkpt>
      <trkpt lat="-51.02559" lon="-73.02409">
        <ele>169.0</ele>
      </trkpt>
      <trkpt lat="-51.02559" lon="-73.02409">
        <ele>169.0</ele>
      </trkpt>
      <trkpt lat="-51.0256" lon="-73.02426">
        <ele>168.06</ele>
      </trkpt>
      <trkpt lat="-51.02561" lon="-73.02433">
        <ele>167.45</ele>
      </trkpt>
      <trkpt lat="-51.02565" lon="-73.02438">
        <ele>165.83</ele>
      </trkpt>
      <trkpt lat="-51.02567" lon="-73.02444">
        <ele>164.9</ele>
      </trkpt>
      <trkpt lat="-51.02568" lon="-73.02444">
        <ele>164.54</ele>
      </trkpt>
      <trkpt lat="-51.02571" lon="-73.0246">
        <ele>162.57</ele>
      </trkpt>
      <trkpt lat="-51.02571" lon="-73.0246">
        <ele>162.57</ele>
      </trkpt>
      <trkpt lat="-51.02575" lon="-73.02477">
        <ele>160.13</ele>
      </trkpt>
      <trkpt lat="-51.02575" lon="-73.02477">
        <ele>160.13</ele>
      </trkpt>
      <trkpt lat="-51.02578" lon="-73.02494">
        <ele>158.33</ele>
      </trkpt>
      <trkpt lat="-51.02578" lon="-73.02494">
        <ele>158.33</ele>
      </trkpt>
      <trkpt lat="-51.0258" lon="-73.0251">
        <ele>157.32</ele>
      </trkpt>
      <trkpt lat="-51.0258" lon="-73.0251">
        <ele>157.32</ele>
      </trkpt>
      <trkpt lat="-51.02578" lon="-73.02521">
        <ele>158.11</ele>
      </trkpt>
      <trkpt lat="-51.02581" lon="-73.02527">
        <ele>156.92</ele>
      </trkpt>
      <trkpt lat="-51.02584" lon="-73.02534">
        <ele>155.98</ele>
      </trkpt>
      <trkpt lat="-51.02586" lon="-73.02539">
        <ele>155.41</ele>
      </trkpt>
      <trkpt lat="-51.0259" lon="-73.02551">
        <ele>154.24</ele>
      </trkpt>
      <trkpt lat="-51.0259" lon="-73.02551">
        <ele>154.24</ele>
      </trkpt>
      <trkpt lat="-51.02589" lon="-73.02572">
        <ele>154.88</ele>
      </trkpt>
      <trkpt lat="-51.0259" lon="-73.0258">
        <ele>154.57</ele>
      </trkpt>
      <trkpt lat="-51.0259" lon="-73.02587">
        <ele>154.73</ele>
      </trkpt>
      <trkpt lat="-51.02591" lon="-73.02594">
        <ele>154.62</ele>
      </trkpt>
      <trkpt lat="-51.02592" lon="-73.02601">
        <ele>154.52</ele>
      </trkpt>
      <trkpt lat="-51.02592" lon="-73.02609">
        <ele>154.8</ele>
      </trkpt>
      <trkpt lat="-51.02591" lon="-73.02616">
        <ele>155.29</ele>
      </trkpt>
      <trkpt lat="-51.0259" lon="-73.02624">
        <ele>155.71</ele>
      </trkpt>
      <trkpt lat="-51.02591" lon="-73.02628">
        <ele>155.41</ele>
      </trkpt>
      <trkpt lat="-51.02599" lon="-73.02659">
        <ele>152.42</ele>
      </trkpt>
      <trkpt lat="-51.02599" lon="-73.02659">
        <ele>152.42</ele>
      </trkpt>
      <trkpt lat="-51.02595" lon="-73.02676">
        <ele>154.44</ele>
      </trkpt>
      <trkpt lat="-51.02595" lon="-73.02676">
        <ele>154.44</ele>
      </trkpt>
      <trkpt lat="-51.02602" lon="-73.02697">
        <ele>152.89</ele>
      </trkpt>
      <trkpt lat="-51.02602" lon="-73.02697">
        <ele>152.89</ele>
      </trkpt>
      <trkpt lat="-51.02606" lon="-73.02724">
        <ele>154.59</ele>
      </trkpt>
      <trkpt lat="-51.02608" lon="-73.02732">
        <ele>154.56</ele>
      </trkpt>
      <trkpt lat="-51.02611" lon="-73.02737">
        <ele>154.09</ele>
      </trkpt>
      <trkpt lat="-51.02611" lon="-73.02737">
        <ele>154.09</ele>
      </trkpt>
      <trkpt lat="-51.02623" lon="-73.02744">
        <ele>152.8</ele>
      </trkpt>
      <trkpt lat="-51.02628" lon="-73.02746">
        <ele>152.02</ele>
      </trkpt>
      <trkpt lat="-51.02632" lon="-73.02751">
        <ele>151.28</ele>
      </trkpt>
      <trkpt lat="-51.02634" lon="-73.02757">
        <ele>151.13</ele>
      </trkpt>
      <trkpt lat="-51.02633" lon="-73.02769">
        <ele>151.74</ele>
      </trkpt>
      <trkpt lat="-51.02633" lon="-73.02776">
        <ele>152.0</ele>
      </trkpt>
      <trkpt lat="-51.02633" lon="-73.02784">
        <ele>151.8</ele>
      </trkpt>
      <trkpt lat="-51.02633" lon="-73.02786">
        <ele>151.72</ele>
      </trkpt>
      <trkpt lat="-51.02637" lon="-73.02813">
        <ele>149.65</ele>
      </trkpt>
      <trkpt lat="-51.02638" lon="-73.02821">
        <ele>149.32</ele>
      </trkpt>
      <trkpt lat="-51.02639" lon="-73.02828">
        <ele>148.96</ele>
      </trkpt>
      <trkpt lat="-51.02641" lon="-73.02835">
        <ele>148.47</ele>
      </trkpt>
      <trkpt lat="-51.02644" lon="-73.02841">
        <ele>148.07</ele>
      </trkpt>
      <trkpt lat="-51.02647" lon="-73.02847">
        <ele>147.16</ele>
      </trkpt>
      <trkpt lat="-51.02649" lon="-73.02854">
        <ele>146.48</ele>
      </trkpt>
      <trkpt lat="-51.02652" lon="-73.0286">
        <ele>144.58</ele>
      </trkpt>
      <trkpt lat="-51.02653" lon="-73.02867">
        <ele>144.04</ele>
      </trkpt>
      <trkpt lat="-51.02653" lon="-73.02874">
        <ele>144.29</ele>
      </trkpt>
      <trkpt lat="-51.02652" lon="-73.02877">
        <ele>145.19</ele>
      </trkpt>
      <trkpt lat="-51.02653" lon="-73.02904">
        <ele>145.64</ele>
      </trkpt>
      <trkpt lat="-51.02654" lon="-73.02911">
        <ele>145.26</ele>
      </trkpt>
      <trkpt lat="-51.02655" lon="-73.02918">
        <ele>145.0</ele>
      </trkpt>
      <trkpt lat="-51.02657" lon="-73.02922">
        <ele>144.07</ele>
      </trkpt>
      <trkpt lat="-51.02659" lon="-73.0294">
        <ele>145.3</ele>
      </trkpt>
      <trkpt lat="-51.02659" lon="-73.0294">
        <ele>145.3</ele>
      </trkpt>
      <trkpt lat="-51.02664" lon="-73.0296">
        <ele>149.36</ele>
      </trkpt>
      <trkpt lat="-51.02664" lon="-73.0296">
        <ele>149.36</ele>
      </trkpt>
      <trkpt lat="-51.02669" lon="-73.02971">
        <ele>151.78</ele>
      </trkpt>
      <trkpt lat="-51.02669" lon="-73.02971">
        <ele>151.78</ele>
      </trkpt>
      <trkpt lat="-51.02673" lon="-73.02994">
        <ele>151.3</ele>
      </trkpt>
      <trkpt lat="-51.02673" lon="-73.02994">
        <ele>151.3</ele>
      </trkpt>
      <trkpt lat="-51.02673" lon="-73.03035">
        <ele>153.36</ele>
      </trkpt>
      <trkpt lat="-51.02673" lon="-73.03035">
        <ele>153.36</ele>
      </trkpt>
      <trkpt lat="-51.0267" lon="-73.03057">
        <ele>154.46</ele>
      </trkpt>
      <trkpt lat="-51.0267" lon="-73.03057">
        <ele>154.46</ele>
      </trkpt>
      <trkpt lat="-51.02679" lon="-73.0309">
        <ele>154.49</ele>
      </trkpt>
      <trkpt lat="-51.02679" lon="-73.03091">
        <ele>154.55</ele>
      </trkpt>
      <trkpt lat="-51.02681" lon="-73.03116">
        <ele>154.98</ele>
      </trkpt>
      <trkpt lat="-51.02681" lon="-73.03116">
        <ele>154.98</ele>
      </trkpt>
      <trkpt lat="-51.02685" lon="-73.03143">
        <ele>154.38</ele>
      </trkpt>
      <trkpt lat="-51.02685" lon="-73.03143">
        <ele>154.38</ele>
      </trkpt>
      <trkpt lat="-51.02694" lon="-73.03175">
        <ele>152.49</ele>
      </trkpt>
      <trkpt lat="-51.02694" lon="-73.03175">
        <ele>152.49</ele>
      </trkpt>
      <trkpt lat="-51.02698" lon="-73.03185">
        <ele>151.72</ele>
      </trkpt>
      <trkpt lat="-51.02699" lon="-73.03192">
        <ele>151.75</ele>
      </trkpt>
      <trkpt lat="-51.027" lon="-73.03199">
        <ele>152.03</ele>
      </trkpt>
      <trkpt lat="-51.02701" lon="-73.03207">
        <ele>152.49</ele>
      </trkpt>
      <trkpt lat="-51.02703" lon="-73.03215">
        <ele>152.61</ele>
      </trkpt>
      <trkpt lat="-51.02705" lon="-73.03221">
        <ele>152.48</ele>
      </trkpt>
      <trkpt lat="-51.02707" lon="-73.03224">
        <ele>152.04</ele>
      </trkpt>
      <trkpt lat="-51.02714" lon="-73.03254">
        <ele>153.62</ele>
      </trkpt>
      <trkpt lat="-51.02714" lon="-73.03254">
        <ele>153.62</ele>
      </trkpt>
      <trkpt lat="-51.02727" lon="-73.03279">
        <ele>156.99</ele>
      </trkpt>
      <trkpt lat="-51.02727" lon="-73.03286">
        <ele>158.07</ele>
      </trkpt>
      <trkpt lat="-51.02727" lon="-73.03294">
        <ele>159.31</ele>
      </trkpt>
      <trkpt lat="-51.02728" lon="-73.03301">
        <ele>160.03</ele>
      </trkpt>
      <trkpt lat="-51.02726" lon="-73.03303">
        <ele>161.09</ele>
      </trkpt>
      <trkpt lat="-51.02721" lon="-73.03304">
        <ele>162.76</ele>
      </trkpt>
      <trkpt lat="-51.02716" lon="-73.03304">
        <ele>162.93</ele>
      </trkpt>
      <trkpt lat="-51.02712" lon="-73.03301">
        <ele>162.49</ele>
      </trkpt>
      <trkpt lat="-51.02708" lon="-73.03298">
        <ele>162.01</ele>
      </trkpt>
      <trkpt lat="-51.02704" lon="-73.03303">
        <ele>163.14</ele>
      </trkpt>
      <trkpt lat="-51.02705" lon="-73.03311">
        <ele>163.4</ele>
      </trkpt>
      <trkpt lat="-51.02706" lon="-73.03318">
        <ele>163.02</ele>
      </trkpt>
      <trkpt lat="-51.02708" lon="-73.03324">
        <ele>162.54</ele>
      </trkpt>
      <trkpt lat="-51.02711" lon="-73.03344">
        <ele>161.7</ele>
      </trkpt>
      <trkpt lat="-51.02711" lon="-73.03344">
        <ele>161.7</ele>
      </trkpt>
      <trkpt lat="-51.02708" lon="-73.03356">
        <ele>162.49</ele>
      </trkpt>
      <trkpt lat="-51.02708" lon="-73.03363">
        <ele>162.62</ele>
      </trkpt>
      <trkpt lat="-51.02708" lon="-73.03371">
        <ele>162.76</ele>
      </trkpt>
      <trkpt lat="-51.02709" lon="-73.03378">
        <ele>162.65</ele>
      </trkpt>
      <trkpt lat="-51.0271" lon="-73.03386">
        <ele>162.58</ele>
      </trkpt>
      <trkpt lat="-51.02709" lon="-73.03393">
        <ele>162.86</ele>
      </trkpt>
      <trkpt lat="-51.02708" lon="-73.034">
        <ele>163.07</ele>
      </trkpt>
      <trkpt lat="-51.02707" lon="-73.03408">
        <ele>163.29</ele>
      </trkpt>
      <trkpt lat="-51.02705" lon="-73.03415">
        <ele>163.72</ele>
      </trkpt>
      <trkpt lat="-51.02705" lon="-73.0342">
        <ele>163.77</ele>
      </trkpt>
      <trkpt lat="-51.02713" lon="-73.03436">
        <ele>162.46</ele>
      </trkpt>
      <trkpt lat="-51.02713" lon="-73.03436">
        <ele>162.46</ele>
      </trkpt>
      <trkpt lat="-51.02728" lon="-73.03449">
        <ele>160.16</ele>
      </trkpt>
      <trkpt lat="-51.02728" lon="-73.03449">
        <ele>160.16</ele>
      </trkpt>
      <trkpt lat="-51.02737" lon="-73.03457">
        <ele>159.03</ele>
      </trkpt>
      <trkpt lat="-51.02739" lon="-73.03463">
        <ele>159.05</ele>
      </trkpt>
      <trkpt lat="-51.02742" lon="-73.03469">
        <ele>158.95</ele>
      </trkpt>
      <trkpt lat="-51.02744" lon="-73.03476">
        <ele>159.0</ele>
      </trkpt>
      <trkpt lat="-51.02748" lon="-73.03479">
        <ele>158.53</ele>
      </trkpt>
      <trkpt lat="-51.02753" lon="-73.03481">
        <ele>157.7</ele>
      </trkpt>
      <trkpt lat="-51.02757" lon="-73.03484">
        <ele>157.02</ele>
      </trkpt>
      <trkpt lat="-51.02762" lon="-73.03488">
        <ele>156.22</ele>
      </trkpt>
      <trkpt lat="-51.02765" lon="-73.03493">
        <ele>155.91</ele>
      </trkpt>
      <trkpt lat="-51.02768" lon="-73.03496">
        <ele>155.52</ele>
      </trkpt>
      <trkpt lat="-51.02776" lon="-73.03507">
        <ele>153.82</ele>
      </trkpt>
      <trkpt lat="-51.02776" lon="-73.03507">
        <ele>153.82</ele>
      </trkpt>
      <trkpt lat="-51.02778" lon="-73.03528">
        <ele>151.98</ele>
      </trkpt>
      <trkpt lat="-51.02777" lon="-73.03535">
        <ele>151.88</ele>
      </trkpt>
      <trkpt lat="-51.02773" lon="-73.0354">
        <ele>152.42</ele>
      </trkpt>
      <trkpt lat="-51.02769" lon="-73.03545">
        <ele>152.96</ele>
      </trkpt>
      <trkpt lat="-51.02766" lon="-73.0355">
        <ele>153.32</ele>
      </trkpt>
      <trkpt lat="-51.02766" lon="-73.03551">
        <ele>153.28</ele>
      </trkpt>
      <trkpt lat="-51.02756" lon="-73.03566">
        <ele>154.25</ele>
      </trkpt>
      <trkpt lat="-51.02756" lon="-73.03575">
        <ele>153.67</ele>
      </trkpt>
      <trkpt lat="-51.02756" lon="-73.03582">
        <ele>153.22</ele>
      </trkpt>
      <trkpt lat="-51.02756" lon="-73.0359">
        <ele>152.66</ele>
      </trkpt>
      <trkpt lat="-51.02756" lon="-73.03592">
        <ele>152.51</ele>
      </trkpt>
      <trkpt lat="-51.02751" lon="-73.03611">
        <ele>151.86</ele>
      </trkpt>
      <trkpt lat="-51.02749" lon="-73.03617">
        <ele>151.96</ele>
      </trkpt>
      <trkpt lat="-51.02745" lon="-73.03623">
        <ele>152.39</ele>
      </trkpt>
      <trkpt lat="-51.02743" lon="-73.03629">
        <ele>152.45</ele>
      </trkpt>
      <trkpt lat="-51.02741" lon="-73.03633">
        <ele>152.58</ele>
      </trkpt>
      <trkpt lat="-51.02751" lon="-73.03645">
        <ele>150.42</ele>
      </trkpt>
      <trkpt lat="-51.02751" lon="-73.03645">
        <ele>150.42</ele>
      </trkpt>
      <trkpt lat="-51.02766" lon="-73.03668">
        <ele>147.22</ele>
      </trkpt>
      <trkpt lat="-51.02766" lon="-73.03668">
        <ele>147.22</ele>
      </trkpt>
      <trkpt lat="-51.02778" lon="-73.03688">
        <ele>145.2</ele>
      </trkpt>
      <trkpt lat="-51.02778" lon="-73.03688">
        <ele>145.2</ele>
      </trkpt>
      <trkpt lat="-51.02777" lon="-73.03689">
        <ele>145.28</ele>
      </trkpt>
      <trkpt lat="-51.02785" lon="-73.0371">
        <ele>143.13</ele>
      </trkpt>
      <trkpt lat="-51.02795" lon="-73.03736">
        <ele>141.26</ele>
      </trkpt>
      <trkpt lat="-51.02799" lon="-73.0375">
        <ele>140.47</ele>
      </trkpt>
      <trkpt lat="-51.02803" lon="-73.03775">
        <ele>139.28</ele>
      </trkpt>
      <trkpt lat="-51.02801" lon="-73.03795">
        <ele>138.71</ele>
      </trkpt>
      <trkpt lat="-51.02794" lon="-73.03834">
        <ele>137.82</ele>
      </trkpt>
      <trkpt lat="-51.02785" lon="-73.03873">
        <ele>136.57</ele>
      </trkpt>
      <trkpt lat="-51.02778" lon="-73.03896">
        <ele>135.0</ele>
      </trkpt>
      <trkpt lat="-51.02778" lon="-73.03896">
        <ele>135.0</ele>
      </trkpt>
      <trkpt lat="-51.02776" lon="-73.0391">
        <ele>135.27</ele>
      </trkpt>
      <trkpt lat="-51.02773" lon="-73.03924">
        <ele>135.55</ele>
      </trkpt>
      <trkpt lat="-51.02761" lon="-73.03942">
        <ele>135.76</ele>
      </trkpt>
      <trkpt lat="-51.02736" lon="-73.03954">
        <ele>139.73</ele>
      </trkpt>
      <trkpt lat="-51.02729" lon="-73.03962">
        <ele>142.48</ele>
      </trkpt>
      <trkpt lat="-51.02719" lon="-73.03972">
        <ele>145.5</ele>
      </trkpt>
      <trkpt lat="-51.02719" lon="-73.03973">
        <ele>146.01</ele>
      </trkpt>
      <trkpt lat="-51.02713" lon="-73.03979">
        <ele>149.14</ele>
      </trkpt>
      <trkpt lat="-51.02718" lon="-73.04">
        <ele>162.46</ele>
      </trkpt>
      <trkpt lat="-51.02713" lon="-73.04005">
        <ele>166.89</ele>
      </trkpt>
      <trkpt lat="-51.02713" lon="-73.04005">
        <ele>166.89</ele>
      </trkpt>
      <trkpt lat="-51.02698" lon="-73.03984">
        <ele>151.88</ele>
      </trkpt>
      <trkpt lat="-51.02696" lon="-73.03984">
        <ele>151.81</ele>
      </trkpt>
      <trkpt lat="-51.02684" lon="-73.03987">
        <ele>155.21</ele>
      </trkpt>
      <trkpt lat="-51.0268" lon="-73.0399">
        <ele>158.24</ele>
      </trkpt>
      <trkpt lat="-51.0268" lon="-73.0399">
        <ele>158.24</ele>
      </trkpt>
      <trkpt lat="-51.02671" lon="-73.03996">
        <ele>164.7</ele>
      </trkpt>
      <trkpt lat="-51.02655" lon="-73.03998">
        <ele>167.22</ele>
      </trkpt>
      <trkpt lat="-51.02648" lon="-73.04003">
        <ele>172.13</ele>
      </trkpt>
      <trkpt lat="-51.02637" lon="-73.04006">
        <ele>174.98</ele>
      </trkpt>
      <trkpt lat="-51.02637" lon="-73.04006">
        <ele>174.98</ele>
      </trkpt>
      <trkpt lat="-51.02626" lon="-73.0401">
        <ele>175.64</ele>
      </trkpt>
      <trkpt lat="-51.02626" lon="-73.0401">
        <ele>175.64</ele>
      </trkpt>
      <trkpt lat="-51.0261" lon="-73.04008">
        <ele>169.15</ele>
      </trkpt>
      <trkpt lat="-51.0261" lon="-73.04008">
        <ele>169.15</ele>
      </trkpt>
      <trkpt lat="-51.02595" lon="-73.04009">
        <ele>165.36</ele>
      </trkpt>
      <trkpt lat="-51.0259" lon="-73.0401">
        <ele>164.36</ele>
      </trkpt>
      <trkpt lat="-51.02586" lon="-73.04012">
        <ele>164.05</ele>
      </trkpt>
      <trkpt lat="-51.02581" lon="-73.04016">
        <ele>164.48</ele>
      </trkpt>
      <trkpt lat="-51.02578" lon="-73.04021">
        <ele>166.01</ele>
      </trkpt>
      <trkpt lat="-51.02575" lon="-73.04026">
        <ele>167.47</ele>
      </trkpt>
      <trkpt lat="-51.0257" lon="-73.04031">
        <ele>169.68</ele>
      </trkpt>
      <trkpt lat="-51.02565" lon="-73.04033">
        <ele>170.06</ele>
      </trkpt>
      <trkpt lat="-51.02563" lon="-73.04034">
        <ele>170.33</ele>
      </trkpt>
      <trkpt lat="-51.02541" lon="-73.04033">
        <ele>162.88</ele>
      </trkpt>
      <trkpt lat="-51.02541" lon="-73.04033">
        <ele>162.88</ele>
      </trkpt>
      <trkpt lat="-51.02521" lon="-73.04045">
        <ele>162.62</ele>
      </trkpt>
      <trkpt lat="-51.02521" lon="-73.04045">
        <ele>162.62</ele>
      </trkpt>
      <trkpt lat="-51.02505" lon="-73.04055">
        <ele>159.16</ele>
      </trkpt>
      <trkpt lat="-51.02501" lon="-73.04059">
        <ele>159.65</ele>
      </trkpt>
      <trkpt lat="-51.02497" lon="-73.04064">
        <ele>162.77</ele>
      </trkpt>
      <trkpt lat="-51.02494" lon="-73.04069">
        <ele>166.16</ele>
      </trkpt>
      <trkpt lat="-51.0249" lon="-73.04074">
        <ele>169.44</ele>
      </trkpt>
      <trkpt lat="-51.02486" lon="-73.04078">
        <ele>171.93</ele>
      </trkpt>
      <trkpt lat="-51.02486" lon="-73.04079">
        <ele>172.51</ele>
      </trkpt>
      <trkpt lat="-51.02473" lon="-73.04092">
        <ele>179.0</ele>
      </trkpt>
      <trkpt lat="-51.02471" lon="-73.04098">
        <ele>181.32</ele>
      </trkpt>
      <trkpt lat="-51.02468" lon="-73.04103">
        <ele>182.34</ele>
      </trkpt>
      <trkpt lat="-51.02464" lon="-73.04106">
        <ele>182.0</ele>
      </trkpt>
      <trkpt lat="-51.02453" lon="-73.04119">
        <ele>180.37</ele>
      </trkpt>
      <trkpt lat="-51.02453" lon="-73.04119">
        <ele>180.37</ele>
      </trkpt>
      <trkpt lat="-51.0244" lon="-73.04127">
        <ele>174.77</ele>
      </trkpt>
      <trkpt lat="-51.02436" lon="-73.04124">
        <ele>171.99</ele>
      </trkpt>
      <trkpt lat="-51.02432" lon="-73.0412">
        <ele>169.38</ele>
      </trkpt>
      <trkpt lat="-51.02427" lon="-73.04121">
        <ele>166.31</ele>
      </trkpt>
      <trkpt lat="-51.02424" lon="-73.04126">
        <ele>164.2</ele>
      </trkpt>
      <trkpt lat="-51.02422" lon="-73.04133">
        <ele>162.42</ele>
      </trkpt>
      <trkpt lat="-51.02421" lon="-73.04141">
        <ele>162.51</ele>
      </trkpt>
      <trkpt lat="-51.02419" lon="-73.04147">
        <ele>164.75</ele>
      </trkpt>
      <trkpt lat="-51.02417" lon="-73.04153">
        <ele>167.33</ele>
      </trkpt>
      <trkpt lat="-51.02412" lon="-73.04155">
        <ele>166.97</ele>
      </trkpt>
      <trkpt lat="-51.02407" lon="-73.04153">
        <ele>164.65</ele>
      </trkpt>
      <trkpt lat="-51.02407" lon="-73.04153">
        <ele>164.65</ele>
      </trkpt>
      <trkpt lat="-51.02394" lon="-73.04159">
        <ele>161.3</ele>
      </trkpt>
      <trkpt lat="-51.02389" lon="-73.04159">
        <ele>159.15</ele>
      </trkpt>
      <trkpt lat="-51.02384" lon="-73.04161">
        <ele>159.48</ele>
      </trkpt>
      <trkpt lat="-51.0238" lon="-73.04163">
        <ele>159.77</ele>
      </trkpt>
      <trkpt lat="-51.02376" lon="-73.04167">
        <ele>160.0</ele>
      </trkpt>
      <trkpt lat="-51.02371" lon="-73.04169">
        <ele>161.26</ele>
      </trkpt>
      <trkpt lat="-51.0237" lon="-73.0417">
        <ele>161.61</ele>
      </trkpt>
      <trkpt lat="-51.02347" lon="-73.04175">
        <ele>164.18</ele>
      </trkpt>
      <trkpt lat="-51.02347" lon="-73.04175">
        <ele>164.18</ele>
      </trkpt>
      <trkpt lat="-51.02333" lon="-73.04198">
        <ele>168.72</ele>
      </trkpt>
      <trkpt lat="-51.0233" lon="-73.04204">
        <ele>173.54</ele>
      </trkpt>
      <trkpt lat="-51.02326" lon="-73.04209">
        <ele>177.66</ele>
      </trkpt>
      <trkpt lat="-51.02322" lon="-73.04213">
        <ele>180.98</ele>
      </trkpt>
      <trkpt lat="-51.02318" lon="-73.04217">
        <ele>184.26</ele>
      </trkpt>
      <trkpt lat="-51.02314" lon="-73.0422">
        <ele>186.77</ele>
      </trkpt>
      <trkpt lat="-51.0231" lon="-73.04223">
        <ele>189.02</ele>
      </trkpt>
      <trkpt lat="-51.02294" lon="-73.04231">
        <ele>193.49</ele>
      </trkpt>
      <trkpt lat="-51.02291" lon="-73.04236">
        <ele>195.74</ele>
      </trkpt>
      <trkpt lat="-51.02288" lon="-73.04241">
        <ele>197.95</ele>
      </trkpt>
      <trkpt lat="-51.02283" lon="-73.04245">
        <ele>199.8</ele>
      </trkpt>
      <trkpt lat="-51.02279" lon="-73.04247">
        <ele>200.76</ele>
      </trkpt>
      <trkpt lat="-51.02274" lon="-73.04248">
        <ele>201.89</ele>
      </trkpt>
      <trkpt lat="-51.02269" lon="-73.0425">
        <ele>203.58</ele>
      </trkpt>
      <trkpt lat="-51.02264" lon="-73.04253">
        <ele>204.59</ele>
      </trkpt>
      <trkpt lat="-51.02263" lon="-73.04254">
        <ele>204.79</ele>
      </trkpt>
      <trkpt lat="-51.02245" lon="-73.04265">
        <ele>207.08</ele>
      </trkpt>
      <trkpt lat="-51.0224" lon="-73.04269">
        <ele>207.51</ele>
      </trkpt>
      <trkpt lat="-51.02236" lon="-73.04272">
        <ele>207.82</ele>
      </trkpt>
      <trkpt lat="-51.02231" lon="-73.04274">
        <ele>208.28</ele>
      </trkpt>
      <trkpt lat="-51.02229" lon="-73.04276">
        <ele>208.38</ele>
      </trkpt>
      <trkpt lat="-51.02209" lon="-73.04297">
        <ele>206.15</ele>
      </trkpt>
      <trkpt lat="-51.02209" lon="-73.04297">
        <ele>206.15</ele>
      </trkpt>
      <trkpt lat="-51.02199" lon="-73.04319">
        <ele>204.28</ele>
      </trkpt>
      <trkpt lat="-51.02199" lon="-73.04319">
        <ele>204.28</ele>
      </trkpt>
      <trkpt lat="-51.02187" lon="-73.04335">
        <ele>202.29</ele>
      </trkpt>
      <trkpt lat="-51.02187" lon="-73.04335">
        <ele>202.29</ele>
      </trkpt>
      <trkpt lat="-51.02179" lon="-73.04346">
        <ele>202.3</ele>
      </trkpt>
      <trkpt lat="-51.02174" lon="-73.04351">
        <ele>202.36</ele>
      </trkpt>
      <trkpt lat="-51.0217" lon="-73.04354">
        <ele>202.41</ele>
      </trkpt>
      <trkpt lat="-51.02165" lon="-73.04356">
        <ele>202.55</ele>
      </trkpt>
      <trkpt lat="-51.02161" lon="-73.04356">
        <ele>202.8</ele>
      </trkpt>
      <trkpt lat="-51.02156" lon="-73.04356">
        <ele>203.11</ele>
      </trkpt>
      <trkpt lat="-51.02151" lon="-73.04357">
        <ele>203.45</ele>
      </trkpt>
      <trkpt lat="-51.02148" lon="-73.04358">
        <ele>203.64</ele>
      </trkpt>
      <trkpt lat="-51.02143" lon="-73.04368">
        <ele>204.17</ele>
      </trkpt>
      <trkpt lat="-51.02139" lon="-73.04372">
        <ele>204.39</ele>
      </trkpt>
      <trkpt lat="-51.02134" lon="-73.04373">
        <ele>205.31</ele>
      </trkpt>
      <trkpt lat="-51.0213" lon="-73.04376">
        <ele>206.14</ele>
      </trkpt>
      <trkpt lat="-51.02128" lon="-73.04379">
        <ele>206.6</ele>
      </trkpt>
      <trkpt lat="-51.0212" lon="-73.04407">
        <ele>208.14</ele>
      </trkpt>
      <trkpt lat="-51.0212" lon="-73.04407">
        <ele>208.14</ele>
      </trkpt>
      <trkpt lat="-51.02112" lon="-73.04431">
        <ele>207.55</ele>
      </trkpt>
      <trkpt lat="-51.02109" lon="-73.04437">
        <ele>208.39</ele>
      </trkpt>
      <trkpt lat="-51.02106" lon="-73.04443">
        <ele>209.8</ele>
      </trkpt>
      <trkpt lat="-51.02103" lon="-73.04449">
        <ele>212.01</ele>
      </trkpt>
      <trkpt lat="-51.021" lon="-73.04454">
        <ele>214.17</ele>
      </trkpt>
      <trkpt lat="-51.02096" lon="-73.04458">
        <ele>216.54</ele>
      </trkpt>
      <trkpt lat="-51.02091" lon="-73.04461">
        <ele>219.11</ele>
      </trkpt>
      <trkpt lat="-51.02087" lon="-73.04462">
        <ele>220.99</ele>
      </trkpt>
      <trkpt lat="-51.02057" lon="-73.04476">
        <ele>227.46</ele>
      </trkpt>
      <trkpt lat="-51.02053" lon="-73.04479">
        <ele>227.67</ele>
      </trkpt>
      <trkpt lat="-51.02049" lon="-73.04484">
        <ele>227.54</ele>
      </trkpt>
      <trkpt lat="-51.02046" lon="-73.0449">
        <ele>227.6</ele>
      </trkpt>
      <trkpt lat="-51.02042" lon="-73.04495">
        <ele>227.06</ele>
      </trkpt>
      <trkpt lat="-51.02038" lon="-73.045">
        <ele>226.31</ele>
      </trkpt>
      <trkpt lat="-51.02038" lon="-73.045">
        <ele>226.31</ele>
      </trkpt>
      <trkpt lat="-51.02029" lon="-73.04505">
        <ele>223.4</ele>
      </trkpt>
      <trkpt lat="-51.02026" lon="-73.0451">
        <ele>222.57</ele>
      </trkpt>
      <trkpt lat="-51.02022" lon="-73.04515">
        <ele>221.53</ele>
      </trkpt>
      <trkpt lat="-51.02018" lon="-73.04518">
        <ele>220.43</ele>
      </trkpt>
      <trkpt lat="-51.02016" lon="-73.04519">
        <ele>219.88</ele>
      </trkpt>
      <trkpt lat="-51.02003" lon="-73.04515">
        <ele>216.68</ele>
      </trkpt>
      <trkpt lat="-51.01998" lon="-73.04517">
        <ele>216.21</ele>
      </trkpt>
      <trkpt lat="-51.01994" lon="-73.04521">
        <ele>216.78</ele>
      </trkpt>
      <trkpt lat="-51.0199" lon="-73.04526">
        <ele>217.29</ele>
      </trkpt>
      <trkpt lat="-51.01987" lon="-73.04532">
        <ele>217.76</ele>
      </trkpt>
      <trkpt lat="-51.01984" lon="-73.04536">
        <ele>218.2</ele>
      </trkpt>
      <trkpt lat="-51.01954" lon="-73.04551">
        <ele>221.88</ele>
      </trkpt>
      <trkpt lat="-51.01954" lon="-73.04551">
        <ele>221.88</ele>
      </trkpt>
      <trkpt lat="-51.0192" lon="-73.04561">
        <ele>227.52</ele>
      </trkpt>
      <trkpt lat="-51.0192" lon="-73.04561">
        <ele>227.52</ele>
      </trkpt>
      <trkpt lat="-51.0191" lon="-73.04563">
        <ele>229.37</ele>
      </trkpt>
      <trkpt lat="-51.01906" lon="-73.04564">
        <ele>230.09</ele>
      </trkpt>
      <trkpt lat="-51.01901" lon="-73.04566">
        <ele>230.88</ele>
      </trkpt>
      <trkpt lat="-51.01898" lon="-73.0457">
        <ele>230.95</ele>
      </trkpt>
      <trkpt lat="-51.01893" lon="-73.04571">
        <ele>231.89</ele>
      </trkpt>
      <trkpt lat="-51.01888" lon="-73.04572">
        <ele>233.13</ele>
      </trkpt>
      <trkpt lat="-51.01886" lon="-73.04572">
        <ele>234.26</ele>
      </trkpt>
      <trkpt lat="-51.01874" lon="-73.04582">
        <ele>243.06</ele>
      </trkpt>
      <trkpt lat="-51.01869" lon="-73.04584">
        <ele>247.22</ele>
      </trkpt>
      <trkpt lat="-51.01867" lon="-73.0459">
        <ele>246.3</ele>
      </trkpt>
      <trkpt lat="-51.01862" lon="-73.04596">
        <ele>246.26</ele>
      </trkpt>
      <trkpt lat="-51.01859" lon="-73.04597">
        <ele>249.47</ele>
      </trkpt>
      <trkpt lat="-51.01838" lon="-73.04604">
        <ele>279.92</ele>
      </trkpt>
      <trkpt lat="-51.01838" lon="-73.04604">
        <ele>279.92</ele>
      </trkpt>
      <trkpt lat="-51.01817" lon="-73.04605">
        <ele>294.46</ele>
      </trkpt>
      <trkpt lat="-51.01817" lon="-73.04605">
        <ele>294.46</ele>
      </trkpt>
      <trkpt lat="-51.01806" lon="-73.04609">
        <ele>298.33</ele>
      </trkpt>
      <trkpt lat="-51.01802" lon="-73.04611">
        <ele>298.67</ele>
      </trkpt>
      <trkpt lat="-51.01798" lon="-73.04616">
        <ele>296.26</ele>
      </trkpt>
      <trkpt lat="-51.01794" lon="-73.0462">
        <ele>294.16</ele>
      </trkpt>
      <trkpt lat="-51.01789" lon="-73.04621">
        <ele>294.01</ele>
      </trkpt>
      <trkpt lat="-51.01785" lon="-73.04624">
        <ele>292.22</ele>
      </trkpt>
      <trkpt lat="-51.01781" lon="-73.04628">
        <ele>289.47</ele>
      </trkpt>
      <trkpt lat="-51.01778" lon="-73.04632">
        <ele>286.45</ele>
      </trkpt>
      <trkpt lat="-51.01769" lon="-73.04645">
        <ele>281.38</ele>
      </trkpt>
      <trkpt lat="-51.01765" lon="-73.04648">
        <ele>280.53</ele>
      </trkpt>
      <trkpt lat="-51.0176" lon="-73.0465">
        <ele>280.47</ele>
      </trkpt>
      <trkpt lat="-51.01755" lon="-73.0465">
        <ele>282.24</ele>
      </trkpt>
      <trkpt lat="-51.01754" lon="-73.0465">
        <ele>282.59</ele>
      </trkpt>
      <trkpt lat="-51.01734" lon="-73.0465">
        <ele>286.42</ele>
      </trkpt>
      <trkpt lat="-51.01734" lon="-73.0465">
        <ele>286.42</ele>
      </trkpt>
      <trkpt lat="-51.01708" lon="-73.04647">
        <ele>289.61</ele>
      </trkpt>
      <trkpt lat="-51.01708" lon="-73.04647">
        <ele>289.61</ele>
      </trkpt>
      <trkpt lat="-51.01694" lon="-73.0465">
        <ele>287.92</ele>
      </trkpt>
      <trkpt lat="-51.01691" lon="-73.04654">
        <ele>286.86</ele>
      </trkpt>
      <trkpt lat="-51.01686" lon="-73.04655">
        <ele>287.76</ele>
      </trkpt>
      <trkpt lat="-51.01682" lon="-73.04653">
        <ele>289.76</ele>
      </trkpt>
      <trkpt lat="-51.01677" lon="-73.04652">
        <ele>291.56</ele>
      </trkpt>
      <trkpt lat="-51.01672" lon="-73.04654">
        <ele>292.02</ele>
      </trkpt>
      <trkpt lat="-51.01668" lon="-73.04657">
        <ele>291.81</ele>
      </trkpt>
      <trkpt lat="-51.01668" lon="-73.04657">
        <ele>291.81</ele>
      </trkpt>
      <trkpt lat="-51.01662" lon="-73.04665">
        <ele>290.68</ele>
      </trkpt>
      <trkpt lat="-51.01657" lon="-73.04668">
        <ele>291.97</ele>
      </trkpt>
      <trkpt lat="-51.01653" lon="-73.04672">
        <ele>293.04</ele>
      </trkpt>
      <trkpt lat="-51.01649" lon="-73.04675">
        <ele>294.24</ele>
      </trkpt>
      <trkpt lat="-51.01646" lon="-73.04676">
        <ele>295.33</ele>
      </trkpt>
      <trkpt lat="-51.01639" lon="-73.0469">
        <ele>295.76</ele>
      </trkpt>
      <trkpt lat="-51.01637" lon="-73.04697">
        <ele>295.44</ele>
      </trkpt>
      <trkpt lat="-51.01634" lon="-73.04702">
        <ele>295.98</ele>
      </trkpt>
      <trkpt lat="-51.01631" lon="-73.04708">
        <ele>296.32</ele>
      </trkpt>
      <trkpt lat="-51.0163" lon="-73.04715">
        <ele>295.64</ele>
      </trkpt>
      <trkpt lat="-51.0163" lon="-73.04716">
        <ele>295.49</ele>
      </trkpt>
      <trkpt lat="-51.01621" lon="-73.04728">
        <ele>297.04</ele>
      </trkpt>
      <trkpt lat="-51.01621" lon="-73.04728">
        <ele>297.04</ele>
      </trkpt>
      <trkpt lat="-51.01612" lon="-73.04724">
        <ele>301.33</ele>
      </trkpt>
      <trkpt lat="-51.01608" lon="-73.04723">
        <ele>303.09</ele>
      </trkpt>
      <trkpt lat="-51.01603" lon="-73.04724">
        <ele>304.89</ele>
      </trkpt>
      <trkpt lat="-51.01598" lon="-73.04726">
        <ele>306.51</ele>
      </trkpt>
      <trkpt lat="-51.01594" lon="-73.04729">
        <ele>307.56</ele>
      </trkpt>
      <trkpt lat="-51.01589" lon="-73.04731">
        <ele>309.18</ele>
      </trkpt>
      <trkpt lat="-51.01589" lon="-73.04731">
        <ele>309.18</ele>
      </trkpt>
      <trkpt lat="-51.01564" lon="-73.04752">
        <ele>315.99</ele>
      </trkpt>
      <trkpt lat="-51.01564" lon="-73.04752">
        <ele>315.99</ele>
      </trkpt>
      <trkpt lat="-51.01545" lon="-73.04768">
        <ele>321.07</ele>
      </trkpt>
      <trkpt lat="-51.01545" lon="-73.04768">
        <ele>321.07</ele>
      </trkpt>
      <trkpt lat="-51.01529" lon="-73.04779">
        <ele>325.25</ele>
      </trkpt>
      <trkpt lat="-51.01529" lon="-73.04779">
        <ele>325.25</ele>
      </trkpt>
      <trkpt lat="-51.01517" lon="-73.04792">
        <ele>327.39</ele>
      </trkpt>
      <trkpt lat="-51.01513" lon="-73.04797">
        <ele>327.86</ele>
      </trkpt>
      <trkpt lat="-51.0151" lon="-73.04802">
        <ele>327.89</ele>
      </trkpt>
      <trkpt lat="-51.01507" lon="-73.04807">
        <ele>327.93</ele>
      </trkpt>
      <trkpt lat="-51.01503" lon="-73.04813">
        <ele>328.23</ele>
      </trkpt>
      <trkpt lat="-51.015" lon="-73.04819">
        <ele>328.1</ele>
      </trkpt>
      <trkpt lat="-51.01498" lon="-73.04822">
        <ele>328.31</ele>
      </trkpt>
      <trkpt lat="-51.01489" lon="-73.04831">
        <ele>330.26</ele>
      </trkpt>
      <trkpt lat="-51.01486" lon="-73.04837">
        <ele>330.52</ele>
      </trkpt>
      <trkpt lat="-51.01482" lon="-73.04843">
        <ele>331.38</ele>
      </trkpt>
      <trkpt lat="-51.01481" lon="-73.04845">
        <ele>331.53</ele>
      </trkpt>
      <trkpt lat="-51.01476" lon="-73.04853">
        <ele>332.54</ele>
      </trkpt>
      <trkpt lat="-51.01471" lon="-73.04856">
        <ele>334.26</ele>
      </trkpt>
      <trkpt lat="-51.01466" lon="-73.04858">
        <ele>336.14</ele>
      </trkpt>
      <trkpt lat="-51.01462" lon="-73.04854">
        <ele>338.44</ele>
      </trkpt>
      <trkpt lat="-51.01462" lon="-73.04854">
        <ele>338.44</ele>
      </trkpt>
      <trkpt lat="-51.01455" lon="-73.04846">
        <ele>342.62</ele>
      </trkpt>
      <trkpt lat="-51.01454" lon="-73.04846">
        <ele>343.05</ele>
      </trkpt>
      <trkpt lat="-51.01443" lon="-73.04843">
        <ele>348.21</ele>
      </trkpt>
      <trkpt lat="-51.01439" lon="-73.04846">
        <ele>349.44</ele>
      </trkpt>
      <trkpt lat="-51.01435" lon="-73.04851">
        <ele>350.32</ele>
      </trkpt>
      <trkpt lat="-51.01431" lon="-73.04856">
        <ele>351.15</ele>
      </trkpt>
      <trkpt lat="-51.01426" lon="-73.04859">
        <ele>352.66</ele>
      </trkpt>
      <trkpt lat="-51.01423" lon="-73.04863">
        <ele>353.2</ele>
      </trkpt>
      <trkpt lat="-51.0142" lon="-73.04869">
        <ele>353.51</ele>
      </trkpt>
      <trkpt lat="-51.0142" lon="-73.04871">
        <ele>353.21</ele>
      </trkpt>
      <trkpt lat="-51.01399" lon="-73.04891">
        <ele>358.62</ele>
      </trkpt>
      <trkpt lat="-51.01399" lon="-73.04891">
        <ele>358.62</ele>
      </trkpt>
      <trkpt lat="-51.01387" lon="-73.04908">
        <ele>360.38</ele>
      </trkpt>
      <trkpt lat="-51.01387" lon="-73.04908">
        <ele>360.38</ele>
      </trkpt>
      <trkpt lat="-51.01373" lon="-73.04921">
        <ele>364.08</ele>
      </trkpt>
      <trkpt lat="-51.01369" lon="-73.04926">
        <ele>364.91</ele>
      </trkpt>
      <trkpt lat="-51.01366" lon="-73.04932">
        <ele>365.13</ele>
      </trkpt>
      <trkpt lat="-51.01362" lon="-73.04937">
        <ele>365.96</ele>
      </trkpt>
      <trkpt lat="-51.01358" lon="-73.0494">
        <ele>367.03</ele>
      </trkpt>
      <trkpt lat="-51.01354" lon="-73.0494">
        <ele>368.62</ele>
      </trkpt>
      <trkpt lat="-51.01351" lon="-73.0494">
        <ele>369.8</ele>
      </trkpt>
      <trkpt lat="-51.01337" lon="-73.04953">
        <ele>372.7</ele>
      </trkpt>
      <trkpt lat="-51.01337" lon="-73.04953">
        <ele>372.7</ele>
      </trkpt>
      <trkpt lat="-51.01313" lon="-73.04971">
        <ele>376.82</ele>
      </trkpt>
      <trkpt lat="-51.01313" lon="-73.04971">
        <ele>376.82</ele>
      </trkpt>
      <trkpt lat="-51.01287" lon="-73.04995">
        <ele>380.91</ele>
      </trkpt>
      <trkpt lat="-51.01287" lon="-73.04995">
        <ele>380.91</ele>
      </trkpt>
      <trkpt lat="-51.01262" lon="-73.05021">
        <ele>384.33</ele>
      </trkpt>
      <trkpt lat="-51.01262" lon="-73.05021">
        <ele>384.33</ele>
      </trkpt>
      <trkpt lat="-51.01247" lon="-73.05034">
        <ele>386.96</ele>
      </trkpt>
      <trkpt lat="-51.01245" lon="-73.05041">
        <ele>386.42</ele>
      </trkpt>
      <trkpt lat="-51.01243" lon="-73.05049">
        <ele>385.7</ele>
      </trkpt>
      <trkpt lat="-51.01242" lon="-73.05056">
        <ele>384.8</ele>
      </trkpt>
      <trkpt lat="-51.0124" lon="-73.05062">
        <ele>384.44</ele>
      </trkpt>
      <trkpt lat="-51.01238" lon="-73.05069">
        <ele>383.9</ele>
      </trkpt>
      <trkpt lat="-51.01235" lon="-73.05076">
        <ele>383.72</ele>
      </trkpt>
      <trkpt lat="-51.01235" lon="-73.05076">
        <ele>383.72</ele>
      </trkpt>
      <trkpt lat="-51.01221" lon="-73.05097">
        <ele>384.94</ele>
      </trkpt>
      <trkpt lat="-51.01217" lon="-73.05102">
        <ele>385.33</ele>
      </trkpt>
      <trkpt lat="-51.01214" lon="-73.05108">
        <ele>385.22</ele>
      </trkpt>
      <trkpt lat="-51.01213" lon="-73.05114">
        <ele>384.4</ele>
      </trkpt>
      <trkpt lat="-51.01185" lon="-73.05132">
        <ele>390.38</ele>
      </trkpt>
      <trkpt lat="-51.01185" lon="-73.05132">
        <ele>390.38</ele>
      </trkpt>
      <trkpt lat="-51.01144" lon="-73.05141">
        <ele>403.53</ele>
      </trkpt>
      <trkpt lat="-51.01144" lon="-73.05141">
        <ele>403.53</ele>
      </trkpt>
      <trkpt lat="-51.01107" lon="-73.05162">
        <ele>413.34</ele>
      </trkpt>
      <trkpt lat="-51.01107" lon="-73.05162">
        <ele>413.34</ele>
      </trkpt>
      <trkpt lat="-51.01096" lon="-73.0517">
        <ele>416.56</ele>
      </trkpt>
      <trkpt lat="-51.01096" lon="-73.0517">
        <ele>416.56</ele>
      </trkpt>
      <trkpt lat="-51.01095" lon="-73.05183">
        <ele>417.39</ele>
      </trkpt>
      <trkpt lat="-51.01095" lon="-73.05183">
        <ele>417.39</ele>
      </trkpt>
      <trkpt lat="-51.01083" lon="-73.05183">
        <ele>421.67</ele>
      </trkpt>
      <trkpt lat="-51.01083" lon="-73.05183">
        <ele>421.67</ele>
      </trkpt>
      <trkpt lat="-51.01057" lon="-73.05191">
        <ele>428.51</ele>
      </trkpt>
      <trkpt lat="-51.01057" lon="-73.05191">
        <ele>428.51</ele>
      </trkpt>
      <trkpt lat="-51.01048" lon="-73.05192">
        <ele>430.59</ele>
      </trkpt>
      <trkpt lat="-51.01048" lon="-73.05192">
        <ele>430.59</ele>
      </trkpt>
      <trkpt lat="-51.01033" lon="-73.05206">
        <ele>433.87</ele>
      </trkpt>
      <trkpt lat="-51.01033" lon="-73.05206">
        <ele>433.87</ele>
      </trkpt>
      <trkpt lat="-51.01014" lon="-73.05206">
        <ele>438.06</ele>
      </trkpt>
      <trkpt lat="-51.01014" lon="-73.05206">
        <ele>438.06</ele>
      </trkpt>
      <trkpt lat="-51.00981" lon="-73.05203">
        <ele>446.17</ele>
      </trkpt>
      <trkpt lat="-51.00977" lon="-73.05205">
        <ele>447.04</ele>
      </trkpt>
      <trkpt lat="-51.00973" lon="-73.05209">
        <ele>447.76</ele>
      </trkpt>
      <trkpt lat="-51.00969" lon="-73.05213">
        <ele>448.55</ele>
      </trkpt>
      <trkpt lat="-51.00964" lon="-73.05217">
        <ele>449.69</ele>
      </trkpt>
      <trkpt lat="-51.00959" lon="-73.05217">
        <ele>451.09</ele>
      </trkpt>
      <trkpt lat="-51.00955" lon="-73.05217">
        <ele>452.22</ele>
      </trkpt>
      <trkpt lat="-51.0095" lon="-73.05218">
        <ele>453.58</ele>
      </trkpt>
      <trkpt lat="-51.0095" lon="-73.05218">
        <ele>453.58</ele>
      </trkpt>
      <trkpt lat="-51.00938" lon="-73.05222">
        <ele>456.63</ele>
      </trkpt>
      <trkpt lat="-51.00938" lon="-73.05222">
        <ele>456.63</ele>
      </trkpt>
      <trkpt lat="-51.00928" lon="-73.05235">
        <ele>458.22</ele>
      </trkpt>
      <trkpt lat="-51.00928" lon="-73.05235">
        <ele>458.22</ele>
      </trkpt>
      <trkpt lat="-51.00912" lon="-73.05245">
        <ele>461.67</ele>
      </trkpt>
      <trkpt lat="-51.00912" lon="-73.05245">
        <ele>461.67</ele>
      </trkpt>
      <trkpt lat="-51.00895" lon="-73.05257">
        <ele>465.15</ele>
      </trkpt>
      <trkpt lat="-51.00891" lon="-73.05258">
        <ele>466.02</ele>
      </trkpt>
      <trkpt lat="-51.00886" lon="-73.05261">
        <ele>466.15</ele>
      </trkpt>
      <trkpt lat="-51.00882" lon="-73.05264">
        <ele>465.73</ele>
      </trkpt>
      <trkpt lat="-51.00877" lon="-73.05267">
        <ele>465.27</ele>
      </trkpt>
      <trkpt lat="-51.00873" lon="-73.05267">
        <ele>465.38</ele>
      </trkpt>
      <trkpt lat="-51.00868" lon="-73.05267">
        <ele>465.52</ele>
      </trkpt>
      <trkpt lat="-51.00867" lon="-73.05266">
        <ele>465.79</ele>
      </trkpt>
      <trkpt lat="-51.00853" lon="-73.05269">
        <ele>468.88</ele>
      </trkpt>
      <trkpt lat="-51.00849" lon="-73.05275">
        <ele>470.5</ele>
      </trkpt>
      <trkpt lat="-51.00846" lon="-73.05281">
        <ele>471.98</ele>
      </trkpt>
      <trkpt lat="-51.0084" lon="-73.05286">
        <ele>474.71</ele>
      </trkpt>
      <trkpt lat="-51.00835" lon="-73.05288">
        <ele>476.95</ele>
      </trkpt>
      <trkpt lat="-51.00831" lon="-73.05291">
        <ele>477.3</ele>
      </trkpt>
      <trkpt lat="-51.0083" lon="-73.05291">
        <ele>477.37</ele>
      </trkpt>
      <trkpt lat="-51.00826" lon="-73.05312">
        <ele>475.1</ele>
      </trkpt>
      <trkpt lat="-51.00826" lon="-73.05313">
        <ele>475.07</ele>
      </trkpt>
      <trkpt lat="-51.00817" lon="-73.05323">
        <ele>477.16</ele>
      </trkpt>
      <trkpt lat="-51.00817" lon="-73.05323">
        <ele>477.16</ele>
      </trkpt>
      <trkpt lat="-51.0079" lon="-73.05324">
        <ele>482.19</ele>
      </trkpt>
      <trkpt lat="-51.0079" lon="-73.05324">
        <ele>482.19</ele>
      </trkpt>
      <trkpt lat="-51.00775" lon="-73.05327">
        <ele>485.59</ele>
      </trkpt>
      <trkpt lat="-51.00775" lon="-73.05327">
        <ele>485.59</ele>
      </trkpt>
      <trkpt lat="-51.00759" lon="-73.05329">
        <ele>495.17</ele>
      </trkpt>
      <trkpt lat="-51.00759" lon="-73.05329">
        <ele>495.17</ele>
      </trkpt>
      <trkpt lat="-51.00742" lon="-73.05324">
        <ele>498.84</ele>
      </trkpt>
      <trkpt lat="-51.00742" lon="-73.05324">
        <ele>498.84</ele>
      </trkpt>
      <trkpt lat="-51.00728" lon="-73.05329">
        <ele>501.9</ele>
      </trkpt>
      <trkpt lat="-51.00728" lon="-73.05329">
        <ele>501.9</ele>
      </trkpt>
      <trkpt lat="-51.00701" lon="-73.05307">
        <ele>508.4</ele>
      </trkpt>
      <trkpt lat="-51.00701" lon="-73.05307">
        <ele>508.4</ele>
      </trkpt>
      <trkpt lat="-51.0068" lon="-73.05302">
        <ele>512.47</ele>
      </trkpt>
      <trkpt lat="-51.00676" lon="-73.05306">
        <ele>511.87</ele>
      </trkpt>
      <trkpt lat="-51.00671" lon="-73.05308">
        <ele>511.81</ele>
      </trkpt>
      <trkpt lat="-51.00666" lon="-73.05307">
        <ele>512.52</ele>
      </trkpt>
      <trkpt lat="-51.00662" lon="-73.05303">
        <ele>513.71</ele>
      </trkpt>
      <trkpt lat="-51.00658" lon="-73.05301">
        <ele>514.17</ele>
      </trkpt>
      <trkpt lat="-51.00653" lon="-73.05301">
        <ele>513.91</ele>
      </trkpt>
      <trkpt lat="-51.0065" lon="-73.053">
        <ele>514.04</ele>
      </trkpt>
      <trkpt lat="-51.00633" lon="-73.05297">
        <ele>514.89</ele>
      </trkpt>
      <trkpt lat="-51.00633" lon="-73.05297">
        <ele>514.89</ele>
      </trkpt>
      <trkpt lat="-51.00624" lon="-73.05296">
        <ele>516.17</ele>
      </trkpt>
      <trkpt lat="-51.00624" lon="-73.05296">
        <ele>516.17</ele>
      </trkpt>
      <trkpt lat="-51.00617" lon="-73.05302">
        <ele>516.33</ele>
      </trkpt>
      <trkpt lat="-51.00613" lon="-73.05303">
        <ele>516.88</ele>
      </trkpt>
      <trkpt lat="-51.00608" lon="-73.05304">
        <ele>517.57</ele>
      </trkpt>
      <trkpt lat="-51.00604" lon="-73.05305">
        <ele>518.07</ele>
      </trkpt>
      <trkpt lat="-51.00604" lon="-73.05305">
        <ele>518.07</ele>
      </trkpt>
      <trkpt lat="-51.00576" lon="-73.05291">
        <ele>523.23</ele>
      </trkpt>
      <trkpt lat="-51.00571" lon="-73.05291">
        <ele>523.67</ele>
      </trkpt>
      <trkpt lat="-51.00567" lon="-73.05294">
        <ele>523.77</ele>
      </trkpt>
      <trkpt lat="-51.00564" lon="-73.053">
        <ele>523.55</ele>
      </trkpt>
      <trkpt lat="-51.0056" lon="-73.05303">
        <ele>523.72</ele>
      </trkpt>
      <trkpt lat="-51.00559" lon="-73.05304">
        <ele>523.75</ele>
      </trkpt>
      <trkpt lat="-51.00539" lon="-73.05298">
        <ele>525.74</ele>
      </trkpt>
      <trkpt lat="-51.00539" lon="-73.05298">
        <ele>525.74</ele>
      </trkpt>
      <trkpt lat="-51.00525" lon="-73.05294">
        <ele>527.03</ele>
      </trkpt>
      <trkpt lat="-51.00525" lon="-73.05294">
        <ele>527.03</ele>
      </trkpt>
      <trkpt lat="-51.00511" lon="-73.053">
        <ele>527.61</ele>
      </trkpt>
      <trkpt lat="-51.00511" lon="-73.053">
        <ele>527.61</ele>
      </trkpt>
      <trkpt lat="-51.005" lon="-73.05311">
        <ele>527.61</ele>
      </trkpt>
      <trkpt lat="-51.00495" lon="-73.05311">
        <ele>528.33</ele>
      </trkpt>
      <trkpt lat="-51.00491" lon="-73.0531">
        <ele>528.98</ele>
      </trkpt>
      <trkpt lat="-51.00486" lon="-73.05311">
        <ele>529.62</ele>
      </trkpt>
      <trkpt lat="-51.00482" lon="-73.05313">
        <ele>530.06</ele>
      </trkpt>
      <trkpt lat="-51.00477" lon="-73.05315">
        <ele>530.63</ele>
      </trkpt>
      <trkpt lat="-51.00472" lon="-73.05315">
        <ele>531.34</ele>
      </trkpt>
      <trkpt lat="-51.00468" lon="-73.05315">
        <ele>531.78</ele>
      </trkpt>
      <trkpt lat="-51.00467" lon="-73.05315">
        <ele>531.88</ele>
      </trkpt>
      <trkpt lat="-51.00432" lon="-73.05314">
        <ele>536.18</ele>
      </trkpt>
      <trkpt lat="-51.00432" lon="-73.05314">
        <ele>536.18</ele>
      </trkpt>
      <trkpt lat="-51.00417" lon="-73.05301">
        <ele>538.63</ele>
      </trkpt>
      <trkpt lat="-51.00413" lon="-73.05297">
        <ele>537.99</ele>
      </trkpt>
      <trkpt lat="-51.0041" lon="-73.05293">
        <ele>537.38</ele>
      </trkpt>
      <trkpt lat="-51.00406" lon="-73.05289">
        <ele>536.66</ele>
      </trkpt>
      <trkpt lat="-51.00401" lon="-73.05286">
        <ele>535.9</ele>
      </trkpt>
      <trkpt lat="-51.00397" lon="-73.05282">
        <ele>535.18</ele>
      </trkpt>
      <trkpt lat="-51.00394" lon="-73.05276">
        <ele>535.04</ele>
      </trkpt>
      <trkpt lat="-51.00393" lon="-73.05272">
        <ele>536.05</ele>
      </trkpt>
      <trkpt lat="-51.00375" lon="-73.05259">
        <ele>539.38</ele>
      </trkpt>
      <trkpt lat="-51.00375" lon="-73.05259">
        <ele>539.38</ele>
      </trkpt>
      <trkpt lat="-51.00364" lon="-73.05256">
        <ele>539.64</ele>
      </trkpt>
      <trkpt lat="-51.00364" lon="-73.05256">
        <ele>539.64</ele>
      </trkpt>
      <trkpt lat="-51.00353" lon="-73.05259">
        <ele>539.05</ele>
      </trkpt>
      <trkpt lat="-51.00349" lon="-73.05265">
        <ele>538.75</ele>
      </trkpt>
      <trkpt lat="-51.00345" lon="-73.0527">
        <ele>538.65</ele>
      </trkpt>
      <trkpt lat="-51.00343" lon="-73.05277">
        <ele>538.65</ele>
      </trkpt>
      <trkpt lat="-51.00342" lon="-73.05279">
        <ele>538.61</ele>
      </trkpt>
      <trkpt lat="-51.00331" lon="-73.05277">
        <ele>538.89</ele>
      </trkpt>
      <trkpt lat="-51.00326" lon="-73.05278">
        <ele>538.73</ele>
      </trkpt>
      <trkpt lat="-51.00321" lon="-73.05278">
        <ele>538.55</ele>
      </trkpt>
      <trkpt lat="-51.00317" lon="-73.05278">
        <ele>538.41</ele>
      </trkpt>
      <trkpt lat="-51.00312" lon="-73.05276">
        <ele>538.27</ele>
      </trkpt>
      <trkpt lat="-51.00306" lon="-73.05271">
        <ele>538.25</ele>
      </trkpt>
      <trkpt lat="-51.00303" lon="-73.05269">
        <ele>538.14</ele>
      </trkpt>
      <trkpt lat="-51.00281" lon="-73.05247">
        <ele>535.95</ele>
      </trkpt>
      <trkpt lat="-51.00281" lon="-73.05247">
        <ele>535.95</ele>
      </trkpt>
      <trkpt lat="-51.00264" lon="-73.05227">
        <ele>536.51</ele>
      </trkpt>
      <trkpt lat="-51.00264" lon="-73.05227">
        <ele>536.51</ele>
      </trkpt>
      <trkpt lat="-51.0026" lon="-73.05212">
        <ele>537.82</ele>
      </trkpt>
      <trkpt lat="-51.00258" lon="-73.05205">
        <ele>538.22</ele>
      </trkpt>
      <trkpt lat="-51.00255" lon="-73.05198">
        <ele>537.92</ele>
      </trkpt>
      <trkpt lat="-51.00251" lon="-73.05192">
        <ele>537.42</ele>
      </trkpt>
      <trkpt lat="-51.00247" lon="-73.05188">
        <ele>538.66</ele>
      </trkpt>
      <trkpt lat="-51.00244" lon="-73.05183">
        <ele>540.75</ele>
      </trkpt>
      <trkpt lat="-51.00243" lon="-73.05182">
        <ele>541.18</ele>
      </trkpt>
      <trkpt lat="-51.00219" lon="-73.05157">
        <ele>553.78</ele>
      </trkpt>
      <trkpt lat="-51.00219" lon="-73.05157">
        <ele>553.78</ele>
      </trkpt>
      <trkpt lat="-51.00202" lon="-73.05133">
        <ele>561.19</ele>
      </trkpt>
      <trkpt lat="-51.00202" lon="-73.05133">
        <ele>561.19</ele>
      </trkpt>
      <trkpt lat="-51.00186" lon="-73.05115">
        <ele>564.16</ele>
      </trkpt>
      <trkpt lat="-51.00181" lon="-73.05115">
        <ele>564.75</ele>
      </trkpt>
      <trkpt lat="-51.00176" lon="-73.05112">
        <ele>565.84</ele>
      </trkpt>
      <trkpt lat="-51.00171" lon="-73.05111">
        <ele>566.56</ele>
      </trkpt>
      <trkpt lat="-51.00166" lon="-73.05109">
        <ele>567.55</ele>
      </trkpt>
      <trkpt lat="-51.00161" lon="-73.05108">
        <ele>568.44</ele>
      </trkpt>
      <trkpt lat="-51.00157" lon="-73.05106">
        <ele>569.37</ele>
      </trkpt>
      <trkpt lat="-51.00156" lon="-73.05106">
        <ele>569.5</ele>
      </trkpt>
      <trkpt lat="-51.00148" lon="-73.05099">
        <ele>571.72</ele>
      </trkpt>
      <trkpt lat="-51.00148" lon="-73.05099">
        <ele>571.72</ele>
      </trkpt>
      <trkpt lat="-51.00141" lon="-73.05099">
        <ele>572.51</ele>
      </trkpt>
      <trkpt lat="-51.00141" lon="-73.05099">
        <ele>572.51</ele>
      </trkpt>
      <trkpt lat="-51.00138" lon="-73.05108">
        <ele>571.61</ele>
      </trkpt>
      <trkpt lat="-51.00134" lon="-73.05112">
        <ele>571.72</ele>
      </trkpt>
      <trkpt lat="-51.0013" lon="-73.05117">
        <ele>571.54</ele>
      </trkpt>
      <trkpt lat="-51.00127" lon="-73.05122">
        <ele>571.18</ele>
      </trkpt>
      <trkpt lat="-51.00126" lon="-73.05123">
        <ele>571.18</ele>
      </trkpt>
      <trkpt lat="-51.00114" lon="-73.05135">
        <ele>571.18</ele>
      </trkpt>
      <trkpt lat="-51.00114" lon="-73.05135">
        <ele>571.18</ele>
      </trkpt>
      <trkpt lat="-51.00099" lon="-73.05131">
        <ele>574.73</ele>
      </trkpt>
      <trkpt lat="-51.00099" lon="-73.05131">
        <ele>574.73</ele>
      </trkpt>
      <trkpt lat="-51.0009" lon="-73.05121">
        <ele>576.6</ele>
      </trkpt>
      <trkpt lat="-51.00086" lon="-73.05125">
        <ele>577.12</ele>
      </trkpt>
      <trkpt lat="-51.00082" lon="-73.05129">
        <ele>577.95</ele>
      </trkpt>
      <trkpt lat="-51.00078" lon="-73.05131">
        <ele>578.89</ele>
      </trkpt>
      <trkpt lat="-51.00073" lon="-73.05132">
        <ele>579.98</ele>
      </trkpt>
      <trkpt lat="-51.00069" lon="-73.05131">
        <ele>580.88</ele>
      </trkpt>
      <trkpt lat="-51.00061" lon="-73.05131">
        <ele>582.65</ele>
      </trkpt>
      <trkpt lat="-51.00061" lon="-73.05131">
        <ele>582.65</ele>
      </trkpt>
      <trkpt lat="-51.00048" lon="-73.05139">
        <ele>582.71</ele>
      </trkpt>
      <trkpt lat="-51.00048" lon="-73.05139">
        <ele>582.71</ele>
      </trkpt>
      <trkpt lat="-51.00038" lon="-73.0515">
        <ele>580.83</ele>
      </trkpt>
      <trkpt lat="-51.00036" lon="-73.05157">
        <ele>580.03</ele>
      </trkpt>
      <trkpt lat="-51.00034" lon="-73.05164">
        <ele>579.4</ele>
      </trkpt>
      <trkpt lat="-51.00031" lon="-73.05169">
        <ele>579.19</ele>
      </trkpt>
      <trkpt lat="-51.00026" lon="-73.05171">
        <ele>579.48</ele>
      </trkpt>
      <trkpt lat="-51.00024" lon="-73.05172">
        <ele>579.47</ele>
      </trkpt>
      <trkpt lat="-51.00013" lon="-73.05188">
        <ele>579.09</ele>
      </trkpt>
      <trkpt lat="-51.00013" lon="-73.05188">
        <ele>579.09</ele>
      </trkpt>
      <trkpt lat="-51.00009" lon="-73.05202">
        <ele>579.2</ele>
      </trkpt>
      <trkpt lat="-51.00008" lon="-73.0521">
        <ele>579.16</ele>
      </trkpt>
      <trkpt lat="-51.00006" lon="-73.05217">
        <ele>579.28</ele>
      </trkpt>
      <trkpt lat="-51.00004" lon="-73.05224">
        <ele>579.42</ele>
      </trkpt>
      <trkpt lat="-50.99999" lon="-73.05225">
        <ele>585.18</ele>
      </trkpt>
      <trkpt lat="-50.99995" lon="-73.05221">
        <ele>585.94</ele>
      </trkpt>
      <trkpt lat="-50.99991" lon="-73.05217">
        <ele>586.81</ele>
      </trkpt>
      <trkpt lat="-50.99988" lon="-73.05216">
        <ele>587.38</ele>
      </trkpt>
      <trkpt lat="-50.99979" lon="-73.05222">
        <ele>588.79</ele>
      </trkpt>
      <trkpt lat="-50.99976" lon="-73.05226">
        <ele>589.32</ele>
      </trkpt>
      <trkpt lat="-50.99974" lon="-73.05233">
        <ele>589.68</ele>
      </trkpt>
      <trkpt lat="-50.99972" lon="-73.05239">
        <ele>590.04</ele>
      </trkpt>
      <trkpt lat="-50.99968" lon="-73.05244">
        <ele>590.67</ele>
      </trkpt>
      <trkpt lat="-50.99965" lon="-73.05242">
        <ele>591.19</ele>
      </trkpt>
      <trkpt lat="-50.99954" lon="-73.0524">
        <ele>593.1</ele>
      </trkpt>
      <trkpt lat="-50.99953" lon="-73.05248">
        <ele>592.87</ele>
      </trkpt>
      <trkpt lat="-50.99952" lon="-73.05255">
        <ele>592.73</ele>
      </trkpt>
      <trkpt lat="-50.9995" lon="-73.05262">
        <ele>592.77</ele>
      </trkpt>
      <trkpt lat="-50.99944" lon="-73.05263">
        <ele>593.6</ele>
      </trkpt>
      <trkpt lat="-50.99939" lon="-73.05265">
        <ele>594.33</ele>
      </trkpt>
      <trkpt lat="-50.99938" lon="-73.05265">
        <ele>594.49</ele>
      </trkpt>
      <trkpt lat="-50.99928" lon="-73.05263">
        <ele>596.21</ele>
      </trkpt>
      <trkpt lat="-50.99928" lon="-73.05263">
        <ele>596.21</ele>
      </trkpt>
      <trkpt lat="-50.99908" lon="-73.05259">
        <ele>599.6</ele>
      </trkpt>
      <trkpt lat="-50.99904" lon="-73.05254">
        <ele>600.54</ele>
      </trkpt>
      <trkpt lat="-50.99899" lon="-73.05248">
        <ele>601.69</ele>
      </trkpt>
      <trkpt lat="-50.99896" lon="-73.05243">
        <ele>602.48</ele>
      </trkpt>
      <trkpt lat="-50.99891" lon="-73.05241">
        <ele>603.34</ele>
      </trkpt>
      <trkpt lat="-50.9989" lon="-73.05241">
        <ele>603.49</ele>
      </trkpt>
      <trkpt lat="-50.99878" lon="-73.05255">
        <ele>604.14</ele>
      </trkpt>
      <trkpt lat="-50.99878" lon="-73.05255">
        <ele>604.14</ele>
      </trkpt>
      <trkpt lat="-50.9986" lon="-73.05278">
        <ele>604.1</ele>
      </trkpt>
      <trkpt lat="-50.9986" lon="-73.05278">
        <ele>604.1</ele>
      </trkpt>
      <trkpt lat="-50.99852" lon="-73.05283">
        <ele>604.42</ele>
      </trkpt>
      <trkpt lat="-50.99848" lon="-73.05279">
        <ele>605.28</ele>
      </trkpt>
      <trkpt lat="-50.99844" lon="-73.05275">
        <ele>606.21</ele>
      </trkpt>
      <trkpt lat="-50.99839" lon="-73.05273">
        <ele>607.04</ele>
      </trkpt>
      <trkpt lat="-50.99835" lon="-73.05271">
        <ele>607.78</ele>
      </trkpt>
      <trkpt lat="-50.99835" lon="-73.05271">
        <ele>607.78</ele>
      </trkpt>
      <trkpt lat="-50.99807" lon="-73.05265">
        <ele>611.25</ele>
      </trkpt>
      <trkpt lat="-50.99807" lon="-73.05265">
        <ele>611.25</ele>
      </trkpt>
      <trkpt lat="-50.99782" lon="-73.05257">
        <ele>612.67</ele>
      </trkpt>
      <trkpt lat="-50.99782" lon="-73.05257">
        <ele>612.67</ele>
      </trkpt>
      <trkpt lat="-50.9976" lon="-73.05265">
        <ele>613.64</ele>
      </trkpt>
      <trkpt lat="-50.9976" lon="-73.05265">
        <ele>613.64</ele>
      </trkpt>
      <trkpt lat="-50.99749" lon="-73.05288">
        <ele>611.39</ele>
      </trkpt>
      <trkpt lat="-50.99749" lon="-73.05288">
        <ele>611.39</ele>
      </trkpt>
      <trkpt lat="-50.99722" lon="-73.05285">
        <ele>614.8</ele>
      </trkpt>
      <trkpt lat="-50.99718" lon="-73.05288">
        <ele>615.79</ele>
      </trkpt>
      <trkpt lat="-50.99713" lon="-73.05291">
        <ele>617.02</ele>
      </trkpt>
      <trkpt lat="-50.99708" lon="-73.05294">
        <ele>618.21</ele>
      </trkpt>
      <trkpt lat="-50.99704" lon="-73.05299">
        <ele>618.98</ele>
      </trkpt>
      <trkpt lat="-50.99702" lon="-73.05305">
        <ele>619.13</ele>
      </trkpt>
      <trkpt lat="-50.99704" lon="-73.05312">
        <ele>618.35</ele>
      </trkpt>
      <trkpt lat="-50.99707" lon="-73.05317">
        <ele>617.13</ele>
      </trkpt>
      <trkpt lat="-50.9971" lon="-73.05323">
        <ele>615.6</ele>
      </trkpt>
      <trkpt lat="-50.99713" lon="-73.05329">
        <ele>613.79</ele>
      </trkpt>
      <trkpt lat="-50.99716" lon="-73.05334">
        <ele>612.0</ele>
      </trkpt>
      <trkpt lat="-50.99718" lon="-73.0534">
        <ele>611.96</ele>
      </trkpt>
      <trkpt lat="-50.99718" lon="-73.05347">
        <ele>612.99</ele>
      </trkpt>
      <trkpt lat="-50.99714" lon="-73.05351">
        <ele>614.9</ele>
      </trkpt>
      <trkpt lat="-50.99711" lon="-73.05352">
        <ele>615.98</ele>
      </trkpt>
      <trkpt lat="-50.9968" lon="-73.05341">
        <ele>623.37</ele>
      </trkpt>
      <trkpt lat="-50.9968" lon="-73.05341">
        <ele>623.37</ele>
      </trkpt>
      <trkpt lat="-50.99667" lon="-73.05335">
        <ele>625.71</ele>
      </trkpt>
      <trkpt lat="-50.99667" lon="-73.05335">
        <ele>625.71</ele>
      </trkpt>
      <trkpt lat="-50.99637" lon="-73.05337">
        <ele>623.11</ele>
      </trkpt>
      <trkpt lat="-50.99638" lon="-73.05337">
        <ele>623.05</ele>
      </trkpt>
      <trkpt lat="-50.99617" lon="-73.05339">
        <ele>624.09</ele>
      </trkpt>
      <trkpt lat="-50.99617" lon="-73.05339">
        <ele>624.09</ele>
      </trkpt>
      <trkpt lat="-50.99587" lon="-73.05336">
        <ele>623.14</ele>
      </trkpt>
      <trkpt lat="-50.99587" lon="-73.05336">
        <ele>623.14</ele>
      </trkpt>
      <trkpt lat="-50.99564" lon="-73.05327">
        <ele>628.72</ele>
      </trkpt>
      <trkpt lat="-50.99564" lon="-73.05327">
        <ele>628.72</ele>
      </trkpt>
      <trkpt lat="-50.99538" lon="-73.05336">
        <ele>629.42</ele>
      </trkpt>
      <trkpt lat="-50.99538" lon="-73.05336">
        <ele>629.42</ele>
      </trkpt>
      <trkpt lat="-50.99518" lon="-73.0534">
        <ele>630.41</ele>
      </trkpt>
      <trkpt lat="-50.99518" lon="-73.0534">
        <ele>630.41</ele>
      </trkpt>
      <trkpt lat="-50.99511" lon="-73.05349">
        <ele>629.81</ele>
      </trkpt>
      <trkpt lat="-50.99511" lon="-73.05356">
        <ele>629.0</ele>
      </trkpt>
      <trkpt lat="-50.9951" lon="-73.05364">
        <ele>628.52</ele>
      </trkpt>
      <trkpt lat="-50.99509" lon="-73.05371">
        <ele>628.59</ele>
      </trkpt>
      <trkpt lat="-50.99508" lon="-73.05378">
        <ele>628.67</ele>
      </trkpt>
      <trkpt lat="-50.99507" lon="-73.05385">
        <ele>628.78</ele>
      </trkpt>
      <trkpt lat="-50.99505" lon="-73.05392">
        <ele>629.08</ele>
      </trkpt>
      <trkpt lat="-50.99502" lon="-73.05397">
        <ele>629.62</ele>
      </trkpt>
      <trkpt lat="-50.99498" lon="-73.054">
        <ele>630.46</ele>
      </trkpt>
      <trkpt lat="-50.99493" lon="-73.05403">
        <ele>631.64</ele>
      </trkpt>
      <trkpt lat="-50.99491" lon="-73.0541">
        <ele>632.19</ele>
      </trkpt>
      <trkpt lat="-50.99488" lon="-73.05414">
        <ele>632.98</ele>
      </trkpt>
      <trkpt lat="-50.99475" lon="-73.05424">
        <ele>635.61</ele>
      </trkpt>
      <trkpt lat="-50.99474" lon="-73.05431">
        <ele>635.14</ele>
      </trkpt>
      <trkpt lat="-50.99473" lon="-73.05438">
        <ele>634.59</ele>
      </trkpt>
      <trkpt lat="-50.99471" lon="-73.05443">
        <ele>634.16</ele>
      </trkpt>
      <trkpt lat="-50.99448" lon="-73.05445">
        <ele>633.94</ele>
      </trkpt>
      <trkpt lat="-50.99443" lon="-73.05447">
        <ele>633.83</ele>
      </trkpt>
      <trkpt lat="-50.9944" lon="-73.05452">
        <ele>633.55</ele>
      </trkpt>
      <trkpt lat="-50.99435" lon="-73.05455">
        <ele>633.67</ele>
      </trkpt>
      <trkpt lat="-50.9943" lon="-73.05456">
        <ele>634.01</ele>
      </trkpt>
      <trkpt lat="-50.99429" lon="-73.05457">
        <ele>634.01</ele>
      </trkpt>
      <trkpt lat="-50.99419" lon="-73.05466">
        <ele>634.21</ele>
      </trkpt>
      <trkpt lat="-50.99416" lon="-73.05472">
        <ele>634.11</ele>
      </trkpt>
      <trkpt lat="-50.99413" lon="-73.05477">
        <ele>634.21</ele>
      </trkpt>
      <trkpt lat="-50.99409" lon="-73.05481">
        <ele>634.56</ele>
      </trkpt>
      <trkpt lat="-50.99405" lon="-73.05485">
        <ele>634.95</ele>
      </trkpt>
      <trkpt lat="-50.99404" lon="-73.05492">
        <ele>634.72</ele>
      </trkpt>
      <trkpt lat="-50.99402" lon="-73.055">
        <ele>634.64</ele>
      </trkpt>
      <trkpt lat="-50.99401" lon="-73.05507">
        <ele>634.49</ele>
      </trkpt>
      <trkpt lat="-50.99401" lon="-73.05508">
        <ele>634.44</ele>
      </trkpt>
      <trkpt lat="-50.99387" lon="-73.05521">
        <ele>637.42</ele>
      </trkpt>
      <trkpt lat="-50.99387" lon="-73.0552">
        <ele>637.43</ele>
      </trkpt>
      <trkpt lat="-50.99365" lon="-73.05521">
        <ele>642.37</ele>
      </trkpt>
      <trkpt lat="-50.99361" lon="-73.05523">
        <ele>643.2</ele>
      </trkpt>
      <trkpt lat="-50.99357" lon="-73.05528">
        <ele>643.89</ele>
      </trkpt>
      <trkpt lat="-50.99355" lon="-73.05534">
        <ele>644.27</ele>
      </trkpt>
      <trkpt lat="-50.99352" lon="-73.0554">
        <ele>644.82</ele>
      </trkpt>
      <trkpt lat="-50.99349" lon="-73.05542">
        <ele>645.39</ele>
      </trkpt>
      <trkpt lat="-50.99319" lon="-73.05563">
        <ele>652.29</ele>
      </trkpt>
      <trkpt lat="-50.99319" lon="-73.05563">
        <ele>652.29</ele>
      </trkpt>
      <trkpt lat="-50.99296" lon="-73.05567">
        <ele>658.22</ele>
      </trkpt>
      <trkpt lat="-50.99296" lon="-73.05567">
        <ele>658.22</ele>
      </trkpt>
      <trkpt lat="-50.99285" lon="-73.05559">
        <ele>660.28</ele>
      </trkpt>
      <trkpt lat="-50.9928" lon="-73.05559">
        <ele>661.47</ele>
      </trkpt>
      <trkpt lat="-50.99275" lon="-73.0556">
        <ele>661.95</ele>
      </trkpt>
      <trkpt lat="-50.9927" lon="-73.05559">
        <ele>661.9</ele>
      </trkpt>
      <trkpt lat="-50.99265" lon="-73.05559">
        <ele>661.83</ele>
      </trkpt>
      <trkpt lat="-50.99261" lon="-73.0556">
        <ele>661.71</ele>
      </trkpt>
      <trkpt lat="-50.99256" lon="-73.05562">
        <ele>661.45</ele>
      </trkpt>
      <trkpt lat="-50.99251" lon="-73.05563">
        <ele>661.22</ele>
      </trkpt>
      <trkpt lat="-50.99251" lon="-73.05563">
        <ele>661.22</ele>
      </trkpt>
      <trkpt lat="-50.99241" lon="-73.05572">
        <ele>661.58</ele>
      </trkpt>
      <trkpt lat="-50.99236" lon="-73.05572">
        <ele>662.33</ele>
      </trkpt>
      <trkpt lat="-50.99231" lon="-73.05571">
        <ele>663.14</ele>
      </trkpt>
      <trkpt lat="-50.99227" lon="-73.05569">
        <ele>663.83</ele>
      </trkpt>
      <trkpt lat="-50.99227" lon="-73.05569">
        <ele>663.83</ele>
      </trkpt>
      <trkpt lat="-50.99201" lon="-73.05567">
        <ele>659.87</ele>
      </trkpt>
      <trkpt lat="-50.99196" lon="-73.05563">
        <ele>658.63</ele>
      </trkpt>
      <trkpt lat="-50.99192" lon="-73.05558">
        <ele>657.98</ele>
      </trkpt>
      <trkpt lat="-50.99188" lon="-73.05554">
        <ele>657.9</ele>
      </trkpt>
      <trkpt lat="-50.99184" lon="-73.05551">
        <ele>657.85</ele>
      </trkpt>
      <trkpt lat="-50.9918" lon="-73.05547">
        <ele>657.59</ele>
      </trkpt>
      <trkpt lat="-50.99176" lon="-73.05544">
        <ele>657.07</ele>
      </trkpt>
      <trkpt lat="-50.99173" lon="-73.05539">
        <ele>656.39</ele>
      </trkpt>
      <trkpt lat="-50.99172" lon="-73.05538">
        <ele>656.15</ele>
      </trkpt>
      <trkpt lat="-50.99161" lon="-73.05532">
        <ele>653.99</ele>
      </trkpt>
      <trkpt lat="-50.99161" lon="-73.05532">
        <ele>653.99</ele>
      </trkpt>
      <trkpt lat="-50.99142" lon="-73.05542">
        <ele>652.85</ele>
      </trkpt>
      <trkpt lat="-50.99142" lon="-73.05542">
        <ele>652.85</ele>
      </trkpt>
      <trkpt lat="-50.99125" lon="-73.05539">
        <ele>652.5</ele>
      </trkpt>
      <trkpt lat="-50.99121" lon="-73.05535">
        <ele>652.57</ele>
      </trkpt>
      <trkpt lat="-50.99118" lon="-73.05528">
        <ele>652.75</ele>
      </trkpt>
      <trkpt lat="-50.99116" lon="-73.05522">
        <ele>652.65</ele>
      </trkpt>
      <trkpt lat="-50.99114" lon="-73.05515">
        <ele>652.48</ele>
      </trkpt>
      <trkpt lat="-50.99113" lon="-73.05507">
        <ele>652.23</ele>
      </trkpt>
      <trkpt lat="-50.99113" lon="-73.055">
        <ele>652.0</ele>
      </trkpt>
      <trkpt lat="-50.99112" lon="-73.05497">
        <ele>652.22</ele>
      </trkpt>
      <trkpt lat="-50.99102" lon="-73.05479">
        <ele>654.17</ele>
      </trkpt>
      <trkpt lat="-50.99102" lon="-73.05479">
        <ele>654.17</ele>
      </trkpt>
      <trkpt lat="-50.99089" lon="-73.05465">
        <ele>657.15</ele>
      </trkpt>
      <trkpt lat="-50.99084" lon="-73.05465">
        <ele>657.51</ele>
      </trkpt>
      <trkpt lat="-50.99079" lon="-73.05463">
        <ele>658.3</ele>
      </trkpt>
      <trkpt lat="-50.99075" lon="-73.05459">
        <ele>659.33</ele>
      </trkpt>
      <trkpt lat="-50.99072" lon="-73.05454">
        <ele>660.36</ele>
      </trkpt>
      <trkpt lat="-50.9907" lon="-73.05447">
        <ele>661.58</ele>
      </trkpt>
      <trkpt lat="-50.99068" lon="-73.05439">
        <ele>662.98</ele>
      </trkpt>
      <trkpt lat="-50.99065" lon="-73.05433">
        <ele>664.06</ele>
      </trkpt>
      <trkpt lat="-50.99065" lon="-73.05432">
        <ele>664.24</ele>
      </trkpt>
      <trkpt lat="-50.99053" lon="-73.0541">
        <ele>667.33</ele>
      </trkpt>
      <trkpt lat="-50.99053" lon="-73.0541">
        <ele>667.33</ele>
      </trkpt>
      <trkpt lat="-50.99038" lon="-73.05401">
        <ele>668.2</ele>
      </trkpt>
      <trkpt lat="-50.99038" lon="-73.05401">
        <ele>668.2</ele>
      </trkpt>
      <trkpt lat="-50.99008" lon="-73.05407">
        <ele>669.28</ele>
      </trkpt>
      <trkpt lat="-50.99008" lon="-73.05407">
        <ele>669.28</ele>
      </trkpt>
      <trkpt lat="-50.98981" lon="-73.05422">
        <ele>669.18</ele>
      </trkpt>
      <trkpt lat="-50.98981" lon="-73.05422">
        <ele>669.18</ele>
      </trkpt>
      <trkpt lat="-50.98967" lon="-73.05428">
        <ele>668.66</ele>
      </trkpt>
      <trkpt lat="-50.98962" lon="-73.05426">
        <ele>668.91</ele>
      </trkpt>
      <trkpt lat="-50.98958" lon="-73.05421">
        <ele>669.55</ele>
      </trkpt>
      <trkpt lat="-50.98954" lon="-73.05417">
        <ele>670.27</ele>
      </trkpt>
      <trkpt lat="-50.9895" lon="-73.05414">
        <ele>671.16</ele>
      </trkpt>
      <trkpt lat="-50.9895" lon="-73.05414">
        <ele>671.16</ele>
      </trkpt>
      <trkpt lat="-50.98935" lon="-73.05424">
        <ele>670.18</ele>
      </trkpt>
      <trkpt lat="-50.98935" lon="-73.05424">
        <ele>670.18</ele>
      </trkpt>
      <trkpt lat="-50.98918" lon="-73.05421">
        <ele>671.83</ele>
      </trkpt>
      <trkpt lat="-50.98914" lon="-73.05416">
        <ele>673.0</ele>
      </trkpt>
      <trkpt lat="-50.9891" lon="-73.05413">
        <ele>673.58</ele>
      </trkpt>
      <trkpt lat="-50.98905" lon="-73.0541">
        <ele>674.08</ele>
      </trkpt>
      <trkpt lat="-50.989" lon="-73.05409">
        <ele>674.01</ele>
      </trkpt>
      <trkpt lat="-50.98895" lon="-73.05409">
        <ele>673.65</ele>
      </trkpt>
      <trkpt lat="-50.98892" lon="-73.0541">
        <ele>673.14</ele>
      </trkpt>
      <trkpt lat="-50.98869" lon="-73.05417">
        <ele>673.07</ele>
      </trkpt>
      <trkpt lat="-50.98868" lon="-73.05417">
        <ele>673.17</ele>
      </trkpt>
      <trkpt lat="-50.9885" lon="-73.05425">
        <ele>671.44</ele>
      </trkpt>
      <trkpt lat="-50.98846" lon="-73.05426">
        <ele>671.13</ele>
      </trkpt>
      <trkpt lat="-50.98841" lon="-73.05426">
        <ele>671.07</ele>
      </trkpt>
      <trkpt lat="-50.98837" lon="-73.0543">
        <ele>670.13</ele>
      </trkpt>
      <trkpt lat="-50.98833" lon="-73.05435">
        <ele>669.02</ele>
      </trkpt>
      <trkpt lat="-50.98832" lon="-73.05442">
        <ele>667.47</ele>
      </trkpt>
      <trkpt lat="-50.98831" lon="-73.05447">
        <ele>666.75</ele>
      </trkpt>
      <trkpt lat="-50.98822" lon="-73.05466">
        <ele>665.67</ele>
      </trkpt>
      <trkpt lat="-50.98822" lon="-73.05466">
        <ele>665.67</ele>
      </trkpt>
      <trkpt lat="-50.98806" lon="-73.05469">
        <ele>665.99</ele>
      </trkpt>
      <trkpt lat="-50.98806" lon="-73.05469">
        <ele>665.99</ele>
      </trkpt>
      <trkpt lat="-50.98793" lon="-73.05481">
        <ele>666.73</ele>
      </trkpt>
      <trkpt lat="-50.98793" lon="-73.05481">
        <ele>666.73</ele>
      </trkpt>
      <trkpt lat="-50.9877" lon="-73.05492">
        <ele>668.84</ele>
      </trkpt>
      <trkpt lat="-50.98769" lon="-73.05492">
        <ele>668.95</ele>
      </trkpt>
      <trkpt lat="-50.9875" lon="-73.05496">
        <ele>671.0</ele>
      </trkpt>
      <trkpt lat="-50.9875" lon="-73.05496">
        <ele>671.0</ele>
      </trkpt>
      <trkpt lat="-50.98744" lon="-73.05508">
        <ele>671.85</ele>
      </trkpt>
      <trkpt lat="-50.98739" lon="-73.0551">
        <ele>672.76</ele>
      </trkpt>
      <trkpt lat="-50.98735" lon="-73.05508">
        <ele>673.57</ele>
      </trkpt>
      <trkpt lat="-50.9873" lon="-73.05506">
        <ele>674.54</ele>
      </trkpt>
      <trkpt lat="-50.98727" lon="-73.05503">
        <ele>675.12</ele>
      </trkpt>
      <trkpt lat="-50.98707" lon="-73.05489">
        <ele>677.36</ele>
      </trkpt>
      <trkpt lat="-50.98707" lon="-73.05489">
        <ele>677.36</ele>
      </trkpt>
      <trkpt lat="-50.98677" lon="-73.05492">
        <ele>679.95</ele>
      </trkpt>
      <trkpt lat="-50.98677" lon="-73.05492">
        <ele>679.95</ele>
      </trkpt>
      <trkpt lat="-50.98638" lon="-73.05503">
        <ele>679.85</ele>
      </trkpt>
      <trkpt lat="-50.98638" lon="-73.05503">
        <ele>679.85</ele>
      </trkpt>
      <trkpt lat="-50.98616" lon="-73.05505">
        <ele>681.29</ele>
      </trkpt>
      <trkpt lat="-50.98613" lon="-73.05512">
        <ele>681.0</ele>
      </trkpt>
      <trkpt lat="-50.9861" lon="-73.05518">
        <ele>681.21</ele>
      </trkpt>
      <trkpt lat="-50.98606" lon="-73.05522">
        <ele>682.77</ele>
      </trkpt>
      <trkpt lat="-50.98603" lon="-73.05528">
        <ele>683.79</ele>
      </trkpt>
      <trkpt lat="-50.98602" lon="-73.05531">
        <ele>684.11</ele>
      </trkpt>
      <trkpt lat="-50.98579" lon="-73.05559">
        <ele>689.37</ele>
      </trkpt>
      <trkpt lat="-50.98579" lon="-73.05559">
        <ele>689.37</ele>
      </trkpt>
      <trkpt lat="-50.98566" lon="-73.05562">
        <ele>691.13</ele>
      </trkpt>
      <trkpt lat="-50.98561" lon="-73.05562">
        <ele>691.95</ele>
      </trkpt>
      <trkpt lat="-50.98557" lon="-73.05562">
        <ele>692.6</ele>
      </trkpt>
      <trkpt lat="-50.98552" lon="-73.05562">
        <ele>692.71</ele>
      </trkpt>
      <trkpt lat="-50.98547" lon="-73.05563">
        <ele>692.35</ele>
      </trkpt>
      <trkpt lat="-50.98543" lon="-73.05566">
        <ele>691.67</ele>
      </trkpt>
      <trkpt lat="-50.98539" lon="-73.05571">
        <ele>690.62</ele>
      </trkpt>
      <trkpt lat="-50.98536" lon="-73.05576">
        <ele>689.62</ele>
      </trkpt>
      <trkpt lat="-50.98531" lon="-73.0558">
        <ele>688.72</ele>
      </trkpt>
      <trkpt lat="-50.98528" lon="-73.05581">
        <ele>688.43</ele>
      </trkpt>
      <trkpt lat="-50.98509" lon="-73.05595">
        <ele>687.58</ele>
      </trkpt>
      <trkpt lat="-50.98509" lon="-73.05595">
        <ele>687.58</ele>
      </trkpt>
      <trkpt lat="-50.98481" lon="-73.05617">
        <ele>690.71</ele>
      </trkpt>
      <trkpt lat="-50.98481" lon="-73.05617">
        <ele>690.71</ele>
      </trkpt>
      <trkpt lat="-50.98467" lon="-73.05607">
        <ele>693.03</ele>
      </trkpt>
      <trkpt lat="-50.98462" lon="-73.05606">
        <ele>693.89</ele>
      </trkpt>
      <trkpt lat="-50.98458" lon="-73.05603">
        <ele>694.55</ele>
      </trkpt>
      <trkpt lat="-50.98454" lon="-73.05599">
        <ele>695.14</ele>
      </trkpt>
      <trkpt lat="-50.9845" lon="-73.05595">
        <ele>695.65</ele>
      </trkpt>
      <trkpt lat="-50.98445" lon="-73.05593">
        <ele>696.27</ele>
      </trkpt>
      <trkpt lat="-50.98441" lon="-73.0559">
        <ele>696.74</ele>
      </trkpt>
      <trkpt lat="-50.98441" lon="-73.0559">
        <ele>696.74</ele>
      </trkpt>
      <trkpt lat="-50.9842" lon="-73.05578">
        <ele>699.59</ele>
      </trkpt>
      <trkpt lat="-50.9842" lon="-73.05578">
        <ele>699.59</ele>
      </trkpt>
      <trkpt lat="-50.98403" lon="-73.05566">
        <ele>699.82</ele>
      </trkpt>
      <trkpt lat="-50.98403" lon="-73.05566">
        <ele>699.82</ele>
      </trkpt>
      <trkpt lat="-50.98382" lon="-73.05566">
        <ele>700.49</ele>
      </trkpt>
      <trkpt lat="-50.98382" lon="-73.05566">
        <ele>700.49</ele>
      </trkpt>
      <trkpt lat="-50.98367" lon="-73.05562">
        <ele>702.08</ele>
      </trkpt>
      <trkpt lat="-50.98363" lon="-73.0556">
        <ele>702.3</ele>
      </trkpt>
      <trkpt lat="-50.98359" lon="-73.05556">
        <ele>703.26</ele>
      </trkpt>
      <trkpt lat="-50.98355" lon="-73.05552">
        <ele>705.88</ele>
      </trkpt>
      <trkpt lat="-50.98351" lon="-73.05547">
        <ele>708.64</ele>
      </trkpt>
      <trkpt lat="-50.98348" lon="-73.05543">
        <ele>710.69</ele>
      </trkpt>
      <trkpt lat="-50.98342" lon="-73.0553">
        <ele>715.14</ele>
      </trkpt>
      <trkpt lat="-50.9834" lon="-73.05523">
        <ele>717.43</ele>
      </trkpt>
      <trkpt lat="-50.98336" lon="-73.05518">
        <ele>720.46</ele>
      </trkpt>
      <trkpt lat="-50.98335" lon="-73.05516">
        <ele>721.32</ele>
      </trkpt>
      <trkpt lat="-50.98327" lon="-73.05512">
        <ele>723.52</ele>
      </trkpt>
      <trkpt lat="-50.98322" lon="-73.05509">
        <ele>724.6</ele>
      </trkpt>
      <trkpt lat="-50.98321" lon="-73.05504">
        <ele>725.61</ele>
      </trkpt>
      <trkpt lat="-50.98317" lon="-73.05501">
        <ele>726.58</ele>
      </trkpt>
      <trkpt lat="-50.98317" lon="-73.05501">
        <ele>726.58</ele>
      </trkpt>
      <trkpt lat="-50.9832" lon="-73.05488">
        <ele>728.17</ele>
      </trkpt>
      <trkpt lat="-50.9832" lon="-73.05488">
        <ele>728.17</ele>
      </trkpt>
      <trkpt lat="-50.98321" lon="-73.05474">
        <ele>730.08</ele>
      </trkpt>
      <trkpt lat="-50.9832" lon="-73.05467">
        <ele>731.18</ele>
      </trkpt>
      <trkpt lat="-50.98318" lon="-73.0546">
        <ele>732.46</ele>
      </trkpt>
      <trkpt lat="-50.98317" lon="-73.05452">
        <ele>733.8</ele>
      </trkpt>
      <trkpt lat="-50.98317" lon="-73.05448">
        <ele>734.41</ele>
      </trkpt>
      <trkpt lat="-50.9831" lon="-73.05425">
        <ele>740.4</ele>
      </trkpt>
      <trkpt lat="-50.9831" lon="-73.05425">
        <ele>740.4</ele>
      </trkpt>
      <trkpt lat="-50.98303" lon="-73.05415">
        <ele>744.13</ele>
      </trkpt>
      <trkpt lat="-50.98303" lon="-73.05415">
        <ele>744.13</ele>
      </trkpt>
      <trkpt lat="-50.98291" lon="-73.05407">
        <ele>749.46</ele>
      </trkpt>
      <trkpt lat="-50.98289" lon="-73.054">
        <ele>751.36</ele>
      </trkpt>
      <trkpt lat="-50.98288" lon="-73.05393">
        <ele>752.95</ele>
      </trkpt>
      <trkpt lat="-50.98286" lon="-73.05386">
        <ele>754.83</ele>
      </trkpt>
      <trkpt lat="-50.98285" lon="-73.05379">
        <ele>756.35</ele>
      </trkpt>
      <trkpt lat="-50.9828" lon="-73.05377">
        <ele>758.39</ele>
      </trkpt>
      <trkpt lat="-50.98278" lon="-73.05377">
        <ele>759.06</ele>
      </trkpt>
      <trkpt lat="-50.9826" lon="-73.05381">
        <ele>760.25</ele>
      </trkpt>
      <trkpt lat="-50.9826" lon="-73.05381">
        <ele>760.25</ele>
      </trkpt>
      <trkpt lat="-50.9826" lon="-73.05381">
        <ele>760.25</ele>
      </trkpt>
      <trkpt lat="-50.9826" lon="-73.05381">
        <ele>760.25</ele>
      </trkpt>
      <trkpt lat="-50.98257" lon="-73.05383">
        <ele>760.42</ele>
      </trkpt>
      <trkpt lat="-50.9826" lon="-73.0538">
        <ele>760.34</ele>
      </trkpt>
      <trkpt lat="-50.98263" lon="-73.05378">
        <ele>760.25</ele>
      </trkpt>
      <trkpt lat="-50.98268" lon="-73.05375">
        <ele>760.2</ele>
      </trkpt>
      <trkpt lat="-50.9827" lon="-73.05375">
        <ele>760.06</ele>
      </trkpt>
      <trkpt lat="-50.98274" lon="-73.05375">
        <ele>759.77</ele>
      </trkpt>
      <trkpt lat="-50.98276" lon="-73.05375">
        <ele>759.63</ele>
      </trkpt>
      <trkpt lat="-50.9829" lon="-73.0541">
        <ele>749.24</ele>
      </trkpt>
      <trkpt lat="-50.98311" lon="-73.05427">
        <ele>739.79</ele>
      </trkpt>
      <trkpt lat="-50.98313" lon="-73.05455">
        <ele>733.96</ele>
      </trkpt>
      <trkpt lat="-50.9832" lon="-73.05476">
        <ele>729.9</ele>
      </trkpt>
      <trkpt lat="-50.98316" lon="-73.055">
        <ele>726.87</ele>
      </trkpt>
      <trkpt lat="-50.98334" lon="-73.05515">
        <ele>721.98</ele>
      </trkpt>
      <trkpt lat="-50.98343" lon="-73.0554">
        <ele>713.75</ele>
      </trkpt>
      <trkpt lat="-50.98357" lon="-73.05548">
        <ele>705.14</ele>
      </trkpt>
      <trkpt lat="-50.98385" lon="-73.05563">
        <ele>700.16</ele>
      </trkpt>
      <trkpt lat="-50.984" lon="-73.05572">
        <ele>699.64</ele>
      </trkpt>
      <trkpt lat="-50.98419" lon="-73.05583">
        <ele>699.67</ele>
      </trkpt>
      <trkpt lat="-50.98447" lon="-73.05605">
        <ele>696.36</ele>
      </trkpt>
      <trkpt lat="-50.9846" lon="-73.05609">
        <ele>694.21</ele>
      </trkpt>
      <trkpt lat="-50.98478" lon="-73.05615">
        <ele>691.18</ele>
      </trkpt>
      <trkpt lat="-50.98516" lon="-73.05587">
        <ele>687.87</ele>
      </trkpt>
      <trkpt lat="-50.98546" lon="-73.05561">
        <ele>692.68</ele>
      </trkpt>
      <trkpt lat="-50.98584" lon="-73.05547">
        <ele>689.99</ele>
      </trkpt>
      <trkpt lat="-50.98613" lon="-73.05512">
        <ele>681.0</ele>
      </trkpt>
      <trkpt lat="-50.98622" lon="-73.0551">
        <ele>680.5</ele>
      </trkpt>
      <trkpt lat="-50.98658" lon="-73.05501">
        <ele>679.24</ele>
      </trkpt>
      <trkpt lat="-50.98702" lon="-73.05488">
        <ele>677.85</ele>
      </trkpt>
      <trkpt lat="-50.98736" lon="-73.05508">
        <ele>673.38</ele>
      </trkpt>
      <trkpt lat="-50.98777" lon="-73.05498">
        <ele>668.08</ele>
      </trkpt>
      <trkpt lat="-50.98851" lon="-73.05431">
        <ele>669.88</ele>
      </trkpt>
      <trkpt lat="-50.98854" lon="-73.05427">
        <ele>670.96</ele>
      </trkpt>
      <trkpt lat="-50.98948" lon="-73.0542">
        <ele>670.21</ele>
      </trkpt>
      <trkpt lat="-50.98949" lon="-73.0542">
        <ele>670.15</ele>
      </trkpt>
      <trkpt lat="-50.99037" lon="-73.054">
        <ele>668.27</ele>
      </trkpt>
      <trkpt lat="-50.9904" lon="-73.05403">
        <ele>668.05</ele>
      </trkpt>
      <trkpt lat="-50.99065" lon="-73.05439">
        <ele>662.98</ele>
      </trkpt>
      <trkpt lat="-50.99085" lon="-73.05465">
        <ele>657.44</ele>
      </trkpt>
      <trkpt lat="-50.99108" lon="-73.05487">
        <ele>653.16</ele>
      </trkpt>
      <trkpt lat="-50.99112" lon="-73.05529">
        <ele>652.93</ele>
      </trkpt>
      <trkpt lat="-50.99138" lon="-73.05544">
        <ele>652.58</ele>
      </trkpt>
      <trkpt lat="-50.99161" lon="-73.05537">
        <ele>654.45</ele>
      </trkpt>
      <trkpt lat="-50.99179" lon="-73.05547">
        <ele>657.48</ele>
      </trkpt>
      <trkpt lat="-50.99206" lon="-73.05563">
        <ele>660.96</ele>
      </trkpt>
      <trkpt lat="-50.99234" lon="-73.05571">
        <ele>662.7</ele>
      </trkpt>
      <trkpt lat="-50.9926" lon="-73.0556">
        <ele>661.69</ele>
      </trkpt>
      <trkpt lat="-50.99292" lon="-73.05567">
        <ele>659.05</ele>
      </trkpt>
      <trkpt lat="-50.99321" lon="-73.0556">
        <ele>651.5</ele>
      </trkpt>
      <trkpt lat="-50.99345" lon="-73.05538">
        <ele>646.27</ele>
      </trkpt>
      <trkpt lat="-50.99369" lon="-73.05529">
        <ele>641.31</ele>
      </trkpt>
      <trkpt lat="-50.99392" lon="-73.0551">
        <ele>636.32</ele>
      </trkpt>
      <trkpt lat="-50.99416" lon="-73.05469">
        <ele>634.33</ele>
      </trkpt>
      <trkpt lat="-50.99446" lon="-73.05445">
        <ele>633.94</ele>
      </trkpt>
      <trkpt lat="-50.99477" lon="-73.05425">
        <ele>635.1</ele>
      </trkpt>
      <trkpt lat="-50.99499" lon="-73.05391">
        <ele>630.22</ele>
      </trkpt>
      <trkpt lat="-50.99508" lon="-73.05365">
        <ele>628.81</ele>
      </trkpt>
      <trkpt lat="-50.99517" lon="-73.05351">
        <ele>628.95</ele>
      </trkpt>
      <trkpt lat="-50.99518" lon="-73.05335">
        <ele>631.12</ele>
      </trkpt>
      <trkpt lat="-50.9955" lon="-73.05329">
        <ele>629.72</ele>
      </trkpt>
      <trkpt lat="-50.99604" lon="-73.05333">
        <ele>624.61</ele>
      </trkpt>
      <trkpt lat="-50.99658" lon="-73.05339">
        <ele>624.5</ele>
      </trkpt>
      <trkpt lat="-50.99689" lon="-73.05353">
        <ele>621.66</ele>
      </trkpt>
      <trkpt lat="-50.99708" lon="-73.05349">
        <ele>616.74</ele>
      </trkpt>
      <trkpt lat="-50.99716" lon="-73.05335">
        <ele>612.13</ele>
      </trkpt>
      <trkpt lat="-50.99712" lon="-73.05325">
        <ele>614.62</ele>
      </trkpt>
      <trkpt lat="-50.99697" lon="-73.05313">
        <ele>620.48</ele>
      </trkpt>
      <trkpt lat="-50.99692" lon="-73.05297">
        <ele>621.88</ele>
      </trkpt>
      <trkpt lat="-50.99697" lon="-73.0529">
        <ele>621.42</ele>
      </trkpt>
      <trkpt lat="-50.99703" lon="-73.05285">
        <ele>620.1</ele>
      </trkpt>
      <trkpt lat="-50.99721" lon="-73.05286">
        <ele>615.04</ele>
      </trkpt>
      <trkpt lat="-50.9974" lon="-73.05281">
        <ele>612.89</ele>
      </trkpt>
      <trkpt lat="-50.99748" lon="-73.05274">
        <ele>612.91</ele>
      </trkpt>
      <trkpt lat="-50.99763" lon="-73.0526">
        <ele>614.0</ele>
      </trkpt>
      <trkpt lat="-50.99784" lon="-73.05254">
        <ele>612.79</ele>
      </trkpt>
      <trkpt lat="-50.99845" lon="-73.05277">
        <ele>605.84</ele>
      </trkpt>
      <trkpt lat="-50.99889" lon="-73.05242">
        <ele>603.56</ele>
      </trkpt>
      <trkpt lat="-50.99908" lon="-73.05267">
        <ele>599.02</ele>
      </trkpt>
      <trkpt lat="-50.99949" lon="-73.05255">
        <ele>593.16</ele>
      </trkpt>
      <trkpt lat="-50.9997" lon="-73.05225">
        <ele>590.46</ele>
      </trkpt>
      <trkpt lat="-50.99978" lon="-73.05213">
        <ele>589.29</ele>
      </trkpt>
      <trkpt lat="-51.00002" lon="-73.05227">
        <ele>579.71</ele>
      </trkpt>
      <trkpt lat="-51.00028" lon="-73.05156">
        <ele>580.75</ele>
      </trkpt>
      <trkpt lat="-51.00056" lon="-73.05129">
        <ele>583.97</ele>
      </trkpt>
      <trkpt lat="-51.00085" lon="-73.05124">
        <ele>577.24</ele>
      </trkpt>
      <trkpt lat="-51.00096" lon="-73.05126">
        <ele>575.61</ele>
      </trkpt>
      <trkpt lat="-51.00113" lon="-73.05128">
        <ele>572.62</ele>
      </trkpt>
      <trkpt lat="-51.00141" lon="-73.05097">
        <ele>572.81</ele>
      </trkpt>
      <trkpt lat="-51.00155" lon="-73.05109">
        <ele>569.07</ele>
      </trkpt>
      <trkpt lat="-51.0018" lon="-73.05114">
        <ele>565.04</ele>
      </trkpt>
      <trkpt lat="-51.00195" lon="-73.05132">
        <ele>559.63</ele>
      </trkpt>
      <trkpt lat="-51.00245" lon="-73.05191">
        <ele>537.54</ele>
      </trkpt>
      <trkpt lat="-51.00253" lon="-73.05217">
        <ele>535.17</ele>
      </trkpt>
      <trkpt lat="-51.00268" lon="-73.05234">
        <ele>536.36</ele>
      </trkpt>
      <trkpt lat="-51.00279" lon="-73.05251">
        <ele>535.24</ele>
      </trkpt>
      <trkpt lat="-51.00315" lon="-73.05272">
        <ele>538.41</ele>
      </trkpt>
      <trkpt lat="-51.00338" lon="-73.05277">
        <ele>538.82</ele>
      </trkpt>
      <trkpt lat="-51.00346" lon="-73.05269">
        <ele>538.66</ele>
      </trkpt>
      <trkpt lat="-51.00355" lon="-73.05257">
        <ele>539.22</ele>
      </trkpt>
      <trkpt lat="-51.00381" lon="-73.0526">
        <ele>539.17</ele>
      </trkpt>
      <trkpt lat="-51.00421" lon="-73.05298">
        <ele>538.0</ele>
      </trkpt>
      <trkpt lat="-51.00441" lon="-73.05313">
        <ele>534.96</ele>
      </trkpt>
      <trkpt lat="-51.00469" lon="-73.05314">
        <ele>531.74</ele>
      </trkpt>
      <trkpt lat="-51.00494" lon="-73.05309">
        <ele>528.62</ele>
      </trkpt>
      <trkpt lat="-51.00518" lon="-73.053">
        <ele>527.1</ele>
      </trkpt>
      <trkpt lat="-51.00535" lon="-73.05301">
        <ele>525.81</ele>
      </trkpt>
      <trkpt lat="-51.00558" lon="-73.05307">
        <ele>523.58</ele>
      </trkpt>
      <trkpt lat="-51.00582" lon="-73.05292">
        <ele>522.58</ele>
      </trkpt>
      <trkpt lat="-51.00605" lon="-73.05306">
        <ele>517.84</ele>
      </trkpt>
      <trkpt lat="-51.00613" lon="-73.05304">
        <ele>516.79</ele>
      </trkpt>
      <trkpt lat="-51.00623" lon="-73.05301">
        <ele>515.54</ele>
      </trkpt>
      <trkpt lat="-51.00648" lon="-73.05296">
        <ele>515.07</ele>
      </trkpt>
      <trkpt lat="-51.00688" lon="-73.05308">
        <ele>510.24</ele>
      </trkpt>
      <trkpt lat="-51.00733" lon="-73.05333">
        <ele>502.32</ele>
      </trkpt>
      <trkpt lat="-51.00756" lon="-73.05333">
        <ele>498.94</ele>
      </trkpt>
      <trkpt lat="-51.00774" lon="-73.05329">
        <ele>486.55</ele>
      </trkpt>
      <trkpt lat="-51.00788" lon="-73.05329">
        <ele>483.02</ele>
      </trkpt>
      <trkpt lat="-51.00799" lon="-73.05328">
        <ele>481.47</ele>
      </trkpt>
      <trkpt lat="-51.00812" lon="-73.05322">
        <ele>478.47</ele>
      </trkpt>
      <trkpt lat="-51.00818" lon="-73.05303">
        <ele>477.01</ele>
      </trkpt>
      <trkpt lat="-51.00826" lon="-73.0529">
        <ele>477.79</ele>
      </trkpt>
      <trkpt lat="-51.00837" lon="-73.05276">
        <ele>477.43</ele>
      </trkpt>
      <trkpt lat="-51.0085" lon="-73.05271">
        <ele>470.14</ele>
      </trkpt>
      <trkpt lat="-51.00877" lon="-73.05262">
        <ele>466.33</ele>
      </trkpt>
      <trkpt lat="-51.00913" lon="-73.05245">
        <ele>461.39</ele>
      </trkpt>
      <trkpt lat="-51.00974" lon="-73.05209">
        <ele>447.5</ele>
      </trkpt>
      <trkpt lat="-51.01032" lon="-73.05207">
        <ele>434.09</ele>
      </trkpt>
      <trkpt lat="-51.01047" lon="-73.05189">
        <ele>430.77</ele>
      </trkpt>
      <trkpt lat="-51.01071" lon="-73.05185">
        <ele>424.77</ele>
      </trkpt>
      <trkpt lat="-51.01084" lon="-73.05189">
        <ele>421.56</ele>
      </trkpt>
      <trkpt lat="-51.01092" lon="-73.05186">
        <ele>418.58</ele>
      </trkpt>
      <trkpt lat="-51.01094" lon="-73.05162">
        <ele>418.1</ele>
      </trkpt>
      <trkpt lat="-51.01135" lon="-73.05136">
        <ele>407.93</ele>
      </trkpt>
      <trkpt lat="-51.01188" lon="-73.05129">
        <ele>389.95</ele>
      </trkpt>
      <trkpt lat="-51.01198" lon="-73.05148">
        <ele>383.08</ele>
      </trkpt>
      <trkpt lat="-51.01216" lon="-73.05135">
        <ele>379.05</ele>
      </trkpt>
      <trkpt lat="-51.01216" lon="-73.05096">
        <ele>386.74</ele>
      </trkpt>
      <trkpt lat="-51.01247" lon="-73.05035">
        <ele>386.78</ele>
      </trkpt>
      <trkpt lat="-51.01288" lon="-73.05011">
        <ele>377.71</ele>
      </trkpt>
      <trkpt lat="-51.01442" lon="-73.04844">
        <ele>348.49</ele>
      </trkpt>
      <trkpt lat="-51.01468" lon="-73.0486">
        <ele>334.98</ele>
      </trkpt>
      <trkpt lat="-51.01531" lon="-73.04768">
        <ele>326.8</ele>
      </trkpt>
      <trkpt lat="-51.01625" lon="-73.04709">
        <ele>298.64</ele>
      </trkpt>
      <trkpt lat="-51.0163" lon="-73.04695">
        <ele>298.75</ele>
      </trkpt>
      <trkpt lat="-51.01629" lon="-73.0468">
        <ele>301.69</ele>
      </trkpt>
      <trkpt lat="-51.01673" lon="-73.04647">
        <ele>294.83</ele>
      </trkpt>
      <trkpt lat="-51.01694" lon="-73.04644">
        <ele>290.72</ele>
      </trkpt>
      <trkpt lat="-51.01767" lon="-73.04645">
        <ele>282.32</ele>
      </trkpt>
      <trkpt lat="-51.01782" lon="-73.04625">
        <ele>291.7</ele>
      </trkpt>
      <trkpt lat="-51.01812" lon="-73.04604">
        <ele>296.95</ele>
      </trkpt>
      <trkpt lat="-51.01839" lon="-73.04598">
        <ele>280.71</ele>
      </trkpt>
      <trkpt lat="-51.01897" lon="-73.04566">
        <ele>231.74</ele>
      </trkpt>
      <trkpt lat="-51.01955" lon="-73.0455">
        <ele>221.82</ele>
      </trkpt>
      <trkpt lat="-51.01986" lon="-73.04533">
        <ele>217.93</ele>
      </trkpt>
      <trkpt lat="-51.01993" lon="-73.04515">
        <ele>217.43</ele>
      </trkpt>
      <trkpt lat="-51.02013" lon="-73.04516">
        <ele>219.2</ele>
      </trkpt>
      <trkpt lat="-51.0204" lon="-73.04497">
        <ele>226.66</ele>
      </trkpt>
      <trkpt lat="-51.02059" lon="-73.04478">
        <ele>227.49</ele>
      </trkpt>
      <trkpt lat="-51.0209" lon="-73.04463">
        <ele>219.71</ele>
      </trkpt>
      <trkpt lat="-51.02112" lon="-73.04423">
        <ele>207.8</ele>
      </trkpt>
      <trkpt lat="-51.02123" lon="-73.04377">
        <ele>207.43</ele>
      </trkpt>
      <trkpt lat="-51.02126" lon="-73.04373">
        <ele>206.75</ele>
      </trkpt>
      <trkpt lat="-51.02141" lon="-73.04354">
        <ele>204.1</ele>
      </trkpt>
      <trkpt lat="-51.02177" lon="-73.04344">
        <ele>201.98</ele>
      </trkpt>
      <trkpt lat="-51.02213" lon="-73.04287">
        <ele>207.23</ele>
      </trkpt>
      <trkpt lat="-51.02227" lon="-73.04281">
        <ele>208.12</ele>
      </trkpt>
      <trkpt lat="-51.02244" lon="-73.04275">
        <ele>206.77</ele>
      </trkpt>
      <trkpt lat="-51.02282" lon="-73.04245">
        <ele>199.84</ele>
      </trkpt>
      <trkpt lat="-51.02288" lon="-73.04238">
        <ele>196.72</ele>
      </trkpt>
      <trkpt lat="-51.02301" lon="-73.04228">
        <ele>191.79</ele>
      </trkpt>
      <trkpt lat="-51.02305" lon="-73.04224">
        <ele>189.81</ele>
      </trkpt>
      <trkpt lat="-51.02315" lon="-73.04208">
        <ele>177.91</ele>
      </trkpt>
      <trkpt lat="-51.0232" lon="-73.04205">
        <ele>175.24</ele>
      </trkpt>
      <trkpt lat="-51.02339" lon="-73.04191">
        <ele>165.36</ele>
      </trkpt>
      <trkpt lat="-51.02343" lon="-73.04188">
        <ele>164.88</ele>
      </trkpt>
      <trkpt lat="-51.02353" lon="-73.04178">
        <ele>163.46</ele>
      </trkpt>
      <trkpt lat="-51.02367" lon="-73.04169">
        <ele>161.59</ele>
      </trkpt>
      <trkpt lat="-51.02403" lon="-73.04151">
        <ele>163.1</ele>
      </trkpt>
      <trkpt lat="-51.02418" lon="-73.04146">
        <ele>163.48</ele>
      </trkpt>
      <trkpt lat="-51.02425" lon="-73.04125">
        <ele>164.9</ele>
      </trkpt>
      <trkpt lat="-51.0244" lon="-73.04124">
        <ele>174.55</ele>
      </trkpt>
      <trkpt lat="-51.02442" lon="-73.04122">
        <ele>175.65</ele>
      </trkpt>
      <trkpt lat="-51.02447" lon="-73.04118">
        <ele>177.8</ele>
      </trkpt>
      <trkpt lat="-51.02516" lon="-73.0405">
        <ele>162.67</ele>
      </trkpt>
      <trkpt lat="-51.02529" lon="-73.04042">
        <ele>163.17</ele>
      </trkpt>
      <trkpt lat="-51.02563" lon="-73.04029">
        <ele>166.54</ele>
      </trkpt>
      <trkpt lat="-51.02578" lon="-73.04015">
        <ele>163.5</ele>
      </trkpt>
      <trkpt lat="-51.02594" lon="-73.04012">
        <ele>166.65</ele>
      </trkpt>
      <trkpt lat="-51.02605" lon="-73.0401">
        <ele>168.97</ele>
      </trkpt>
      <trkpt lat="-51.02621" lon="-73.04012">
        <ele>175.68</ele>
      </trkpt>
      <trkpt lat="-51.02624" lon="-73.04013">
        <ele>177.6</ele>
      </trkpt>
      <trkpt lat="-51.02626" lon="-73.04013">
        <ele>178.33</ele>
      </trkpt>
      <trkpt lat="-51.02627" lon="-73.04014">
        <ele>179.61</ele>
      </trkpt>
      <trkpt lat="-51.02628" lon="-73.04018">
        <ele>183.69</ele>
      </trkpt>
      <trkpt lat="-51.02629" lon="-73.04022">
        <ele>187.88</ele>
      </trkpt>
      <trkpt lat="-51.02631" lon="-73.04025">
        <ele>191.77</ele>
      </trkpt>
      <trkpt lat="-51.02632" lon="-73.04028">
        <ele>195.04</ele>
      </trkpt>
      <trkpt lat="-51.02636" lon="-73.0403">
        <ele>197.19</ele>
      </trkpt>
      <trkpt lat="-51.0264" lon="-73.04029">
        <ele>198.72</ele>
      </trkpt>
      <trkpt lat="-51.02643" lon="-73.0402">
        <ele>190.28</ele>
      </trkpt>
      <trkpt lat="-51.02644" lon="-73.04014">
        <ele>183.84</ele>
      </trkpt>
      <trkpt lat="-51.02641" lon="-73.04008">
        <ele>177.57</ele>
      </trkpt>
      <trkpt lat="-51.02655" lon="-73.03998">
        <ele>167.22</ele>
      </trkpt>
      <trkpt lat="-51.02671" lon="-73.03996">
        <ele>164.7</ele>
      </trkpt>
      <trkpt lat="-51.02684" lon="-73.03987">
        <ele>155.21</ele>
      </trkpt>
      <trkpt lat="-51.02696" lon="-73.03984">
        <ele>151.81</ele>
      </trkpt>
      <trkpt lat="-51.02698" lon="-73.03984">
        <ele>151.88</ele>
      </trkpt>
      <trkpt lat="-51.02711" lon="-73.03981">
        <ele>150.33</ele>
      </trkpt>
      <trkpt lat="-51.02713" lon="-73.03979">
        <ele>149.14</ele>
      </trkpt>
      <trkpt lat="-51.02729" lon="-73.03962">
        <ele>142.48</ele>
      </trkpt>
      <trkpt lat="-51.02736" lon="-73.03954">
        <ele>139.73</ele>
      </trkpt>
      <trkpt lat="-51.02761" lon="-73.03942">
        <ele>135.76</ele>
      </trkpt>
      <trkpt lat="-51.02761" lon="-73.03942">
        <ele>135.76</ele>
      </trkpt>
      <trkpt lat="-51.02773" lon="-73.03924">
        <ele>135.55</ele>
      </trkpt>
      <trkpt lat="-51.02776" lon="-73.0391">
        <ele>135.27</ele>
      </trkpt>
      <trkpt lat="-51.02778" lon="-73.03896">
        <ele>135.0</ele>
      </trkpt>
      <trkpt lat="-51.02798" lon="-73.03877">
        <ele>135.97</ele>
      </trkpt>
      <trkpt lat="-51.02815" lon="-73.03892">
        <ele>136.09</ele>
      </trkpt>
      <trkpt lat="-51.02838" lon="-73.03885">
        <ele>138.43</ele>
      </trkpt>
      <trkpt lat="-51.02869" lon="-73.03891">
        <ele>141.39</ele>
      </trkpt>
      <trkpt lat="-51.0289" lon="-73.03903">
        <ele>145.63</ele>
      </trkpt>
      <trkpt lat="-51.02914" lon="-73.03886">
        <ele>147.91</ele>
      </trkpt>
      <trkpt lat="-51.02923" lon="-73.03898">
        <ele>149.05</ele>
      </trkpt>
      <trkpt lat="-51.02939" lon="-73.03899">
        <ele>150.1</ele>
      </trkpt>
      <trkpt lat="-51.02937" lon="-73.03931">
        <ele>149.12</ele>
      </trkpt>
      <trkpt lat="-51.02954" lon="-73.03992">
        <ele>149.52</ele>
      </trkpt>
      <trkpt lat="-51.02972" lon="-73.04008">
        <ele>152.97</ele>
      </trkpt>
      <trkpt lat="-51.0299" lon="-73.0404">
        <ele>160.88</ele>
      </trkpt>
      <trkpt lat="-51.03031" lon="-73.0408">
        <ele>167.4</ele>
      </trkpt>
      <trkpt lat="-51.03066" lon="-73.04135">
        <ele>151.44</ele>
      </trkpt>
      <trkpt lat="-51.03082" lon="-73.04144">
        <ele>150.4</ele>
      </trkpt>
      <trkpt lat="-51.03098" lon="-73.04177">
        <ele>147.67</ele>
      </trkpt>
      <trkpt lat="-51.03123" lon="-73.04215">
        <ele>145.7</ele>
      </trkpt>
      <trkpt lat="-51.03135" lon="-73.04224">
        <ele>143.14</ele>
      </trkpt>
      <trkpt lat="-51.03136" lon="-73.04236">
        <ele>140.37</ele>
      </trkpt>
      <trkpt lat="-51.03153" lon="-73.04258">
        <ele>132.28</ele>
      </trkpt>
      <trkpt lat="-51.03131" lon="-73.04305">
        <ele>132.49</ele>
      </trkpt>
      <trkpt lat="-51.03134" lon="-73.04318">
        <ele>130.7</ele>
      </trkpt>
      <trkpt lat="-51.03128" lon="-73.04336">
        <ele>127.06</ele>
      </trkpt>
      <trkpt lat="-51.03136" lon="-73.04372">
        <ele>122.04</ele>
      </trkpt>
      <trkpt lat="-51.03153" lon="-73.0442">
        <ele>112.94</ele>
      </trkpt>
      <trkpt lat="-51.03137" lon="-73.04446">
        <ele>113.71</ele>
      </trkpt>
      <trkpt lat="-51.0314" lon="-73.04461">
        <ele>115.11</ele>
      </trkpt>
      <trkpt lat="-51.03126" lon="-73.04479">
        <ele>113.32</ele>
      </trkpt>
      <trkpt lat="-51.0311" lon="-73.045">
        <ele>107.92</ele>
      </trkpt>
      <trkpt lat="-51.0311" lon="-73.04537">
        <ele>102.45</ele>
      </trkpt>
      <trkpt lat="-51.03106" lon="-73.04584">
        <ele>114.11</ele>
      </trkpt>
      <trkpt lat="-51.03097" lon="-73.04595">
        <ele>116.17</ele>
      </trkpt>
      <trkpt lat="-51.03094" lon="-73.04608">
        <ele>120.6</ele>
      </trkpt>
      <trkpt lat="-51.03095" lon="-73.04625">
        <ele>124.18</ele>
      </trkpt>
      <trkpt lat="-51.03097" lon="-73.04643">
        <ele>126.81</ele>
      </trkpt>
      <trkpt lat="-51.03101" lon="-73.04649">
        <ele>127.25</ele>
      </trkpt>
      <trkpt lat="-51.03102" lon="-73.04661">
        <ele>126.69</ele>
      </trkpt>
      <trkpt lat="-51.03109" lon="-73.04684">
        <ele>126.65</ele>
      </trkpt>
      <trkpt lat="-51.03125" lon="-73.04704">
        <ele>126.42</ele>
      </trkpt>
      <trkpt lat="-51.03116" lon="-73.04741">
        <ele>138.11</ele>
      </trkpt>
      <trkpt lat="-51.03123" lon="-73.04745">
        <ele>137.09</ele>
      </trkpt>
      <trkpt lat="-51.03123" lon="-73.04745">
        <ele>137.09</ele>
      </trkpt>
      <trkpt lat="-51.03128" lon="-73.04748">
        <ele>136.17</ele>
      </trkpt>
      <trkpt lat="-51.03133" lon="-73.04753">
        <ele>136.09</ele>
      </trkpt>
      <trkpt lat="-51.03139" lon="-73.04762">
        <ele>138.15</ele>
      </trkpt>
      <trkpt lat="-51.03148" lon="-73.04763">
        <ele>135.71</ele>
      </trkpt>
      <trkpt lat="-51.03157" lon="-73.04774">
        <ele>136.55</ele>
      </trkpt>
      <trkpt lat="-51.03172" lon="-73.04797">
        <ele>137.01</ele>
      </trkpt>
      <trkpt lat="-51.03182" lon="-73.04814">
        <ele>140.75</ele>
      </trkpt>
      <trkpt lat="-51.0319" lon="-73.04824">
        <ele>143.66</ele>
      </trkpt>
      <trkpt lat="-51.03193" lon="-73.04835">
        <ele>147.8</ele>
      </trkpt>
      <trkpt lat="-51.03209" lon="-73.04871">
        <ele>151.67</ele>
      </trkpt>
      <trkpt lat="-51.03214" lon="-73.0488">
        <ele>151.93</ele>
      </trkpt>
      <trkpt lat="-51.03218" lon="-73.04882">
        <ele>150.61</ele>
      </trkpt>
      <trkpt lat="-51.03224" lon="-73.04885">
        <ele>148.71</ele>
      </trkpt>
      <trkpt lat="-51.03262" lon="-73.049">
        <ele>133.51</ele>
      </trkpt>
      <trkpt lat="-51.03267" lon="-73.04904">
        <ele>131.83</ele>
      </trkpt>
      <trkpt lat="-51.03273" lon="-73.04906">
        <ele>129.4</ele>
      </trkpt>
      <trkpt lat="-51.03309" lon="-73.0495">
        <ele>125.65</ele>
      </trkpt>
      <trkpt lat="-51.03311" lon="-73.04959">
        <ele>128.04</ele>
      </trkpt>
      <trkpt lat="-51.03316" lon="-73.04966">
        <ele>130.66</ele>
      </trkpt>
      <trkpt lat="-51.03321" lon="-73.04969">
        <ele>132.45</ele>
      </trkpt>
      <trkpt lat="-51.03332" lon="-73.04987">
        <ele>137.59</ele>
      </trkpt>
      <trkpt lat="-51.03352" lon="-73.05011">
        <ele>137.64</ele>
      </trkpt>
      <trkpt lat="-51.03378" lon="-73.05049">
        <ele>125.11</ele>
      </trkpt>
      <trkpt lat="-51.03385" lon="-73.05057">
        <ele>119.14</ele>
      </trkpt>
      <trkpt lat="-51.03392" lon="-73.05061">
        <ele>115.79</ele>
      </trkpt>
      <trkpt lat="-51.03396" lon="-73.05066">
        <ele>115.54</ele>
      </trkpt>
      <trkpt lat="-51.03399" lon="-73.05075">
        <ele>115.75</ele>
      </trkpt>
      <trkpt lat="-51.03401" lon="-73.05083">
        <ele>116.11</ele>
      </trkpt>
      <trkpt lat="-51.03403" lon="-73.05093">
        <ele>119.44</ele>
      </trkpt>
      <trkpt lat="-51.03414" lon="-73.0511">
        <ele>120.91</ele>
      </trkpt>
      <trkpt lat="-51.03422" lon="-73.05125">
        <ele>119.0</ele>
      </trkpt>
      <trkpt lat="-51.03422" lon="-73.05128">
        <ele>119.29</ele>
      </trkpt>
      <trkpt lat="-51.03424" lon="-73.05147">
        <ele>120.67</ele>
      </trkpt>
      <trkpt lat="-51.03427" lon="-73.05158">
        <ele>120.64</ele>
      </trkpt>
      <trkpt lat="-51.03432" lon="-73.05164">
        <ele>118.2</ele>
      </trkpt>
      <trkpt lat="-51.03441" lon="-73.05175">
        <ele>113.33</ele>
      </trkpt>
      <trkpt lat="-51.03445" lon="-73.05186">
        <ele>112.06</ele>
      </trkpt>
      <trkpt lat="-51.03448" lon="-73.0519">
        <ele>112.24</ele>
      </trkpt>
      <trkpt lat="-51.03453" lon="-73.05201">
        <ele>114.47</ele>
      </trkpt>
      <trkpt lat="-51.03461" lon="-73.05207">
        <ele>113.33</ele>
      </trkpt>
      <trkpt lat="-51.03472" lon="-73.05205">
        <ele>108.94</ele>
      </trkpt>
      <trkpt lat="-51.03482" lon="-73.05206">
        <ele>109.66</ele>
      </trkpt>
      <trkpt lat="-51.0349" lon="-73.05215">
        <ele>109.23</ele>
      </trkpt>
      <trkpt lat="-51.03491" lon="-73.05221">
        <ele>108.51</ele>
      </trkpt>
      <trkpt lat="-51.03492" lon="-73.05234">
        <ele>115.76</ele>
      </trkpt>
      <trkpt lat="-51.03506" lon="-73.05263">
        <ele>129.07</ele>
      </trkpt>
      <trkpt lat="-51.03517" lon="-73.05305">
        <ele>143.34</ele>
      </trkpt>
      <trkpt lat="-51.03518" lon="-73.05312">
        <ele>143.4</ele>
      </trkpt>
      <trkpt lat="-51.03522" lon="-73.05321">
        <ele>143.04</ele>
      </trkpt>
      <trkpt lat="-51.03552" lon="-73.05342">
        <ele>141.9</ele>
      </trkpt>
      <trkpt lat="-51.03559" lon="-73.05353">
        <ele>140.34</ele>
      </trkpt>
      <trkpt lat="-51.03572" lon="-73.05379">
        <ele>139.25</ele>
      </trkpt>
      <trkpt lat="-51.0358" lon="-73.05397">
        <ele>141.38</ele>
      </trkpt>
      <trkpt lat="-51.03583" lon="-73.05406">
        <ele>140.53</ele>
      </trkpt>
      <trkpt lat="-51.03585" lon="-73.05418">
        <ele>138.57</ele>
      </trkpt>
      <trkpt lat="-51.03593" lon="-73.05429">
        <ele>136.55</ele>
      </trkpt>
      <trkpt lat="-51.03598" lon="-73.05432">
        <ele>135.87</ele>
      </trkpt>
      <trkpt lat="-51.03598" lon="-73.05442">
        <ele>135.55</ele>
      </trkpt>
      <trkpt lat="-51.03603" lon="-73.05454">
        <ele>133.77</ele>
      </trkpt>
      <trkpt lat="-51.03606" lon="-73.05458">
        <ele>132.92</ele>
      </trkpt>
      <trkpt lat="-51.03608" lon="-73.05465">
        <ele>131.58</ele>
      </trkpt>
      <trkpt lat="-51.03609" lon="-73.05474">
        <ele>130.1</ele>
      </trkpt>
      <trkpt lat="-51.03616" lon="-73.05485">
        <ele>128.44</ele>
      </trkpt>
      <trkpt lat="-51.03626" lon="-73.05488">
        <ele>127.1</ele>
      </trkpt>
      <trkpt lat="-51.03641" lon="-73.05505">
        <ele>125.11</ele>
      </trkpt>
      <trkpt lat="-51.03649" lon="-73.05517">
        <ele>123.76</ele>
      </trkpt>
      <trkpt lat="-51.03656" lon="-73.0554">
        <ele>121.35</ele>
      </trkpt>
      <trkpt lat="-51.0366" lon="-73.05551">
        <ele>117.97</ele>
      </trkpt>
      <trkpt lat="-51.03671" lon="-73.05567">
        <ele>113.46</ele>
      </trkpt>
      <trkpt lat="-51.03692" lon="-73.05611">
        <ele>105.54</ele>
      </trkpt>
      <trkpt lat="-51.03701" lon="-73.05644">
        <ele>110.2</ele>
      </trkpt>
      <trkpt lat="-51.03711" lon="-73.05671">
        <ele>114.88</ele>
      </trkpt>
      <trkpt lat="-51.0372" lon="-73.05676">
        <ele>115.31</ele>
      </trkpt>
      <trkpt lat="-51.0373" lon="-73.05688">
        <ele>113.64</ele>
      </trkpt>
      <trkpt lat="-51.03741" lon="-73.05712">
        <ele>109.92</ele>
      </trkpt>
      <trkpt lat="-51.03756" lon="-73.05733">
        <ele>111.9</ele>
      </trkpt>
      <trkpt lat="-51.03762" lon="-73.05758">
        <ele>117.82</ele>
      </trkpt>
      <trkpt lat="-51.03776" lon="-73.05783">
        <ele>113.08</ele>
      </trkpt>
      <trkpt lat="-51.03781" lon="-73.05804">
        <ele>111.89</ele>
      </trkpt>
      <trkpt lat="-51.03791" lon="-73.05818">
        <ele>110.51</ele>
      </trkpt>
      <trkpt lat="-51.03793" lon="-73.05842">
        <ele>112.83</ele>
      </trkpt>
      <trkpt lat="-51.03799" lon="-73.05857">
        <ele>112.03</ele>
      </trkpt>
      <trkpt lat="-51.03809" lon="-73.05872">
        <ele>110.39</ele>
      </trkpt>
      <trkpt lat="-51.03816" lon="-73.05889">
        <ele>110.12</ele>
      </trkpt>
      <trkpt lat="-51.03824" lon="-73.059">
        <ele>108.95</ele>
      </trkpt>
      <trkpt lat="-51.03839" lon="-73.0593">
        <ele>105.98</ele>
      </trkpt>
      <trkpt lat="-51.03843" lon="-73.05943">
        <ele>105.26</ele>
      </trkpt>
      <trkpt lat="-51.03846" lon="-73.05966">
        <ele>107.05</ele>
      </trkpt>
      <trkpt lat="-51.03845" lon="-73.0598">
        <ele>109.74</ele>
      </trkpt>
      <trkpt lat="-51.03849" lon="-73.05991">
        <ele>111.53</ele>
      </trkpt>
      <trkpt lat="-51.03857" lon="-73.05996">
        <ele>111.0</ele>
      </trkpt>
      <trkpt lat="-51.03887" lon="-73.06027">
        <ele>110.51</ele>
      </trkpt>
      <trkpt lat="-51.03891" lon="-73.06036">
        <ele>111.39</ele>
      </trkpt>
      <trkpt lat="-51.03898" lon="-73.06042">
        <ele>111.89</ele>
      </trkpt>
      <trkpt lat="-51.03917" lon="-73.06048">
        <ele>110.74</ele>
      </trkpt>
      <trkpt lat="-51.0394" lon="-73.06072">
        <ele>118.04</ele>
      </trkpt>
      <trkpt lat="-51.03946" lon="-73.0608">
        <ele>120.66</ele>
      </trkpt>
      <trkpt lat="-51.03946" lon="-73.06079">
        <ele>120.32</ele>
      </trkpt>
      <trkpt lat="-51.03955" lon="-73.0609">
        <ele>121.19</ele>
      </trkpt>
      <trkpt lat="-51.03967" lon="-73.06111">
        <ele>118.26</ele>
      </trkpt>
      <trkpt lat="-51.03998" lon="-73.06157">
        <ele>113.95</ele>
      </trkpt>
      <trkpt lat="-51.04009" lon="-73.06164">
        <ele>115.33</ele>
      </trkpt>
      <trkpt lat="-51.04049" lon="-73.06181">
        <ele>114.8</ele>
      </trkpt>
      <trkpt lat="-51.04064" lon="-73.06191">
        <ele>108.88</ele>
      </trkpt>
      <trkpt lat="-51.0407" lon="-73.06197">
        <ele>105.82</ele>
      </trkpt>
      <trkpt lat="-51.04092" lon="-73.06233">
        <ele>99.63</ele>
      </trkpt>
      <trkpt lat="-51.041" lon="-73.0625">
        <ele>97.6</ele>
      </trkpt>
      <trkpt lat="-51.04109" lon="-73.06289">
        <ele>91.54</ele>
      </trkpt>
      <trkpt lat="-51.0412" lon="-73.06316">
        <ele>91.28</ele>
      </trkpt>
      <trkpt lat="-51.04156" lon="-73.06389">
        <ele>97.59</ele>
      </trkpt>
      <trkpt lat="-51.04165" lon="-73.06406">
        <ele>92.22</ele>
      </trkpt>
      <trkpt lat="-51.04174" lon="-73.06412">
        <ele>85.94</ele>
      </trkpt>
      <trkpt lat="-51.04188" lon="-73.06447">
        <ele>72.0</ele>
      </trkpt>
      <trkpt lat="-51.04211" lon="-73.06493">
        <ele>72.0</ele>
      </trkpt>
      <trkpt lat="-51.04226" lon="-73.06533">
        <ele>72.0</ele>
      </trkpt>
      <trkpt lat="-51.04235" lon="-73.06551">
        <ele>72.0</ele>
      </trkpt>
      <trkpt lat="-51.04247" lon="-73.06566">
        <ele>72.0</ele>
      </trkpt>
      <trkpt lat="-51.04259" lon="-73.06577">
        <ele>72.0</ele>
      </trkpt>
      <trkpt lat="-51.04264" lon="-73.06591">
        <ele>72.0</ele>
      </trkpt>
      <trkpt lat="-51.04271" lon="-73.06603">
        <ele>72.0</ele>
      </trkpt>
      <trkpt lat="-51.04283" lon="-73.06623">
        <ele>72.0</ele>
      </trkpt>
      <trkpt lat="-51.04295" lon="-73.06633">
        <ele>72.0</ele>
      </trkpt>
      <trkpt lat="-51.04308" lon="-73.06642">
        <ele>72.0</ele>
      </trkpt>
      <trkpt lat="-51.04314" lon="-73.06652">
        <ele>72.0</ele>
      </trkpt>
      <trkpt lat="-51.04318" lon="-73.0666">
        <ele>72.0</ele>
      </trkpt>
      <trkpt lat="-51.04328" lon="-73.06671">
        <ele>72.0</ele>
      </trkpt>
      <trkpt lat="-51.04346" lon="-73.06682">
        <ele>72.0</ele>
      </trkpt>
      <trkpt lat="-51.04352" lon="-73.0669">
        <ele>72.0</ele>
      </trkpt>
      <trkpt lat="-51.0436" lon="-73.06708">
        <ele>72.0</ele>
      </trkpt>
      <trkpt lat="-51.04364" lon="-73.06719">
        <ele>72.0</ele>
      </trkpt>
      <trkpt lat="-51.04366" lon="-73.0673">
        <ele>72.0</ele>
      </trkpt>
      <trkpt lat="-51.04371" lon="-73.06759">
        <ele>72.0</ele>
      </trkpt>
      <trkpt lat="-51.04379" lon="-73.06772">
        <ele>72.0</ele>
      </trkpt>
      <trkpt lat="-51.04386" lon="-73.06784">
        <ele>72.0</ele>
      </trkpt>
      <trkpt lat="-51.04391" lon="-73.06802">
        <ele>72.0</ele>
      </trkpt>
      <trkpt lat="-51.04401" lon="-73.06827">
        <ele>72.0</ele>
      </trkpt>
      <trkpt lat="-51.04408" lon="-73.06836">
        <ele>72.0</ele>
      </trkpt>
      <trkpt lat="-51.04419" lon="-73.06854">
        <ele>72.0</ele>
      </trkpt>
      <trkpt lat="-51.04426" lon="-73.06865">
        <ele>72.0</ele>
      </trkpt>
      <trkpt lat="-51.04432" lon="-73.06866">
        <ele>72.0</ele>
      </trkpt>
      <trkpt lat="-51.04436" lon="-73.06878">
        <ele>72.0</ele>
      </trkpt>
      <trkpt lat="-51.04442" lon="-73.0688">
        <ele>72.0</ele>
      </trkpt>
      <trkpt lat="-51.04449" lon="-73.06893">
        <ele>72.0</ele>
      </trkpt>
      <trkpt lat="-51.04458" lon="-73.06906">
        <ele>72.0</ele>
      </trkpt>
      <trkpt lat="-51.04474" lon="-73.06917">
        <ele>72.0</ele>
      </trkpt>
      <trkpt lat="-51.04479" lon="-73.06925">
        <ele>72.0</ele>
      </trkpt>
      <trkpt lat="-51.04485" lon="-73.0693">
        <ele>72.0</ele>
      </trkpt>
      <trkpt lat="-51.04489" lon="-73.06948">
        <ele>72.0</ele>
      </trkpt>
      <trkpt lat="-51.04497" lon="-73.06956">
        <ele>72.0</ele>
      </trkpt>
      <trkpt lat="-51.04504" lon="-73.0697">
        <ele>72.0</ele>
      </trkpt>
      <trkpt lat="-51.04509" lon="-73.06971">
        <ele>72.0</ele>
      </trkpt>
      <trkpt lat="-51.04518" lon="-73.06973">
        <ele>72.0</ele>
      </trkpt>
      <trkpt lat="-51.04524" lon="-73.06989">
        <ele>72.0</ele>
      </trkpt>
      <trkpt lat="-51.0453" lon="-73.06998">
        <ele>72.0</ele>
      </trkpt>
      <trkpt lat="-51.04536" lon="-73.07001">
        <ele>72.0</ele>
      </trkpt>
      <trkpt lat="-51.04557" lon="-73.07022">
        <ele>72.0</ele>
      </trkpt>
      <trkpt lat="-51.04559" lon="-73.0703">
        <ele>72.0</ele>
      </trkpt>
      <trkpt lat="-51.04564" lon="-73.07036">
        <ele>72.0</ele>
      </trkpt>
      <trkpt lat="-51.04575" lon="-73.07034">
        <ele>72.0</ele>
      </trkpt>
      <trkpt lat="-51.04599" lon="-73.07037">
        <ele>72.0</ele>
      </trkpt>
      <trkpt lat="-51.04613" lon="-73.07044">
        <ele>72.0</ele>
      </trkpt>
      <trkpt lat="-51.04633" lon="-73.07054">
        <ele>72.0</ele>
      </trkpt>
      <trkpt lat="-51.04651" lon="-73.07069">
        <ele>72.0</ele>
      </trkpt>
      <trkpt lat="-51.04664" lon="-73.07076">
        <ele>72.0</ele>
      </trkpt>
      <trkpt lat="-51.04678" lon="-73.07085">
        <ele>72.0</ele>
      </trkpt>
      <trkpt lat="-51.0469" lon="-73.07089">
        <ele>72.0</ele>
      </trkpt>
      <trkpt lat="-51.04705" lon="-73.07097">
        <ele>72.0</ele>
      </trkpt>
      <trkpt lat="-51.04711" lon="-73.07109">
        <ele>72.0</ele>
      </trkpt>
      <trkpt lat="-51.04722" lon="-73.07128">
        <ele>72.0</ele>
      </trkpt>
      <trkpt lat="-51.04725" lon="-73.07132">
        <ele>72.0</ele>
      </trkpt>
      <trkpt lat="-51.04783" lon="-73.07198">
        <ele>72.0</ele>
      </trkpt>
      <trkpt lat="-51.0479" lon="-73.07208">
        <ele>72.0</ele>
      </trkpt>
      <trkpt lat="-51.04795" lon="-73.07224">
        <ele>72.0</ele>
      </trkpt>
      <trkpt lat="-51.04802" lon="-73.07244">
        <ele>72.0</ele>
      </trkpt>
      <trkpt lat="-51.0481" lon="-73.07262">
        <ele>72.0</ele>
      </trkpt>
      <trkpt lat="-51.04817" lon="-73.07274">
        <ele>72.0</ele>
      </trkpt>
      <trkpt lat="-51.04823" lon="-73.07283">
        <ele>72.0</ele>
      </trkpt>
      <trkpt lat="-51.04832" lon="-73.07299">
        <ele>72.0</ele>
      </trkpt>
      <trkpt lat="-51.04843" lon="-73.0731">
        <ele>72.0</ele>
      </trkpt>
      <trkpt lat="-51.04856" lon="-73.0732">
        <ele>72.0</ele>
      </trkpt>
      <trkpt lat="-51.04872" lon="-73.07329">
        <ele>72.0</ele>
      </trkpt>
      <trkpt lat="-51.04878" lon="-73.07334">
        <ele>72.0</ele>
      </trkpt>
      <trkpt lat="-51.04895" lon="-73.07341">
        <ele>72.0</ele>
      </trkpt>
      <trkpt lat="-51.04917" lon="-73.07345">
        <ele>72.0</ele>
      </trkpt>
      <trkpt lat="-51.04921" lon="-73.07344">
        <ele>72.0</ele>
      </trkpt>
      <trkpt lat="-51.04927" lon="-73.07349">
        <ele>72.0</ele>
      </trkpt>
      <trkpt lat="-51.04961" lon="-73.07363">
        <ele>72.0</ele>
      </trkpt>
      <trkpt lat="-51.04965" lon="-73.0738">
        <ele>72.0</ele>
      </trkpt>
      <trkpt lat="-51.04967" lon="-73.07389">
        <ele>72.0</ele>
      </trkpt>
      <trkpt lat="-51.04978" lon="-73.07399">
        <ele>72.0</ele>
      </trkpt>
      <trkpt lat="-51.04985" lon="-73.07405">
        <ele>72.0</ele>
      </trkpt>
      <trkpt lat="-51.04989" lon="-73.07413">
        <ele>72.0</ele>
      </trkpt>
      <trkpt lat="-51.04994" lon="-73.07421">
        <ele>75.95</ele>
      </trkpt>
      <trkpt lat="-51.05001" lon="-73.07421">
        <ele>76.64</ele>
      </trkpt>
      <trkpt lat="-51.05011" lon="-73.07428">
        <ele>90.8</ele>
      </trkpt>
      <trkpt lat="-51.05017" lon="-73.0743">
        <ele>97.08</ele>
      </trkpt>
      <trkpt lat="-51.05025" lon="-73.07437">
        <ele>107.7</ele>
      </trkpt>
      <trkpt lat="-51.05029" lon="-73.07434">
        <ele>108.5</ele>
      </trkpt>
      <trkpt lat="-51.05037" lon="-73.07435">
        <ele>112.43</ele>
      </trkpt>
      <trkpt lat="-51.05054" lon="-73.07435">
        <ele>119.57</ele>
      </trkpt>
      <trkpt lat="-51.051" lon="-73.07425">
        <ele>110.18</ele>
      </trkpt>
      <trkpt lat="-51.05106" lon="-73.0742">
        <ele>107.33</ele>
      </trkpt>
      <trkpt lat="-51.05113" lon="-73.07403">
        <ele>89.2</ele>
      </trkpt>
      <trkpt lat="-51.0512" lon="-73.074">
        <ele>85.34</ele>
      </trkpt>
      <trkpt lat="-51.05141" lon="-73.07392">
        <ele>75.54</ele>
      </trkpt>
      <trkpt lat="-51.05148" lon="-73.07384">
        <ele>72.0</ele>
      </trkpt>
      <trkpt lat="-51.05153" lon="-73.0738">
        <ele>72.0</ele>
      </trkpt>
      <trkpt lat="-51.05169" lon="-73.07371">
        <ele>72.75</ele>
      </trkpt>
      <trkpt lat="-51.05178" lon="-73.07369">
        <ele>74.9</ele>
      </trkpt>
      <trkpt lat="-51.05186" lon="-73.07375">
        <ele>80.7</ele>
      </trkpt>
      <trkpt lat="-51.05186" lon="-73.07375">
        <ele>80.7</ele>
      </trkpt>
      <trkpt lat="-51.05193" lon="-73.07376">
        <ele>84.7</ele>
      </trkpt>
      <trkpt lat="-51.05207" lon="-73.0737">
        <ele>85.84</ele>
      </trkpt>
      <trkpt lat="-51.05219" lon="-73.07358">
        <ele>86.91</ele>
      </trkpt>
      <trkpt lat="-51.05224" lon="-73.0735">
        <ele>83.21</ele>
      </trkpt>
      <trkpt lat="-51.0523" lon="-73.07352">
        <ele>83.73</ele>
      </trkpt>
      <trkpt lat="-51.05241" lon="-73.07349">
        <ele>80.93</ele>
      </trkpt>
      <trkpt lat="-51.05246" lon="-73.07349">
        <ele>80.46</ele>
      </trkpt>
      <trkpt lat="-51.05252" lon="-73.07354">
        <ele>82.32</ele>
      </trkpt>
      <trkpt lat="-51.05256" lon="-73.07354">
        <ele>83.57</ele>
      </trkpt>
      <trkpt lat="-51.05263" lon="-73.07359">
        <ele>88.47</ele>
      </trkpt>
      <trkpt lat="-51.0527" lon="-73.07357">
        <ele>89.92</ele>
      </trkpt>
      <trkpt lat="-51.05278" lon="-73.07362">
        <ele>96.19</ele>
      </trkpt>
      <trkpt lat="-51.05284" lon="-73.07364">
        <ele>95.9</ele>
      </trkpt>
      <trkpt lat="-51.053" lon="-73.07373">
        <ele>96.82</ele>
      </trkpt>
      <trkpt lat="-51.05315" lon="-73.07384">
        <ele>100.68</ele>
      </trkpt>
      <trkpt lat="-51.05324" lon="-73.07386">
        <ele>102.01</ele>
      </trkpt>
      <trkpt lat="-51.05334" lon="-73.07387">
        <ele>103.13</ele>
      </trkpt>
      <trkpt lat="-51.05343" lon="-73.07407">
        <ele>112.19</ele>
      </trkpt>
      <trkpt lat="-51.05435" lon="-73.07445">
        <ele>104.43</ele>
      </trkpt>
      <trkpt lat="-51.05455" lon="-73.07442">
        <ele>98.88</ele>
      </trkpt>
      <trkpt lat="-51.05468" lon="-73.07448">
        <ele>96.18</ele>
      </trkpt>
      <trkpt lat="-51.05479" lon="-73.07452">
        <ele>93.97</ele>
      </trkpt>
      <trkpt lat="-51.05486" lon="-73.07458">
        <ele>95.72</ele>
      </trkpt>
      <trkpt lat="-51.05494" lon="-73.07464">
        <ele>97.32</ele>
      </trkpt>
      <trkpt lat="-51.05504" lon="-73.07475">
        <ele>99.77</ele>
      </trkpt>
      <trkpt lat="-51.0551" lon="-73.07482">
        <ele>97.39</ele>
      </trkpt>
      <trkpt lat="-51.05517" lon="-73.07483">
        <ele>91.71</ele>
      </trkpt>
      <trkpt lat="-51.05523" lon="-73.07493">
        <ele>94.72</ele>
      </trkpt>
      <trkpt lat="-51.05531" lon="-73.07501">
        <ele>96.86</ele>
      </trkpt>
      <trkpt lat="-51.05539" lon="-73.07508">
        <ele>95.17</ele>
      </trkpt>
      <trkpt lat="-51.05544" lon="-73.07524">
        <ele>97.04</ele>
      </trkpt>
      <trkpt lat="-51.05553" lon="-73.07538">
        <ele>95.61</ele>
      </trkpt>
      <trkpt lat="-51.0556" lon="-73.07541">
        <ele>93.87</ele>
      </trkpt>
      <trkpt lat="-51.05564" lon="-73.07547">
        <ele>93.73</ele>
      </trkpt>
      <trkpt lat="-51.05572" lon="-73.07556">
        <ele>92.92</ele>
      </trkpt>
      <trkpt lat="-51.05577" lon="-73.0756">
        <ele>92.24</ele>
      </trkpt>
      <trkpt lat="-51.05585" lon="-73.07569">
        <ele>91.78</ele>
      </trkpt>
      <trkpt lat="-51.0559" lon="-73.07576">
        <ele>92.51</ele>
      </trkpt>
      <trkpt lat="-51.05599" lon="-73.07577">
        <ele>92.14</ele>
      </trkpt>
      <trkpt lat="-51.05606" lon="-73.07583">
        <ele>93.11</ele>
      </trkpt>
      <trkpt lat="-51.05621" lon="-73.07598">
        <ele>92.28</ele>
      </trkpt>
      <trkpt lat="-51.05631" lon="-73.07601">
        <ele>90.69</ele>
      </trkpt>
      <trkpt lat="-51.05636" lon="-73.07607">
        <ele>90.22</ele>
      </trkpt>
      <trkpt lat="-51.05636" lon="-73.07607">
        <ele>90.22</ele>
      </trkpt>
      <trkpt lat="-51.05655" lon="-73.07629">
        <ele>88.83</ele>
      </trkpt>
      <trkpt lat="-51.05663" lon="-73.07646">
        <ele>90.93</ele>
      </trkpt>
      <trkpt lat="-51.05671" lon="-73.07662">
        <ele>95.23</ele>
      </trkpt>
      <trkpt lat="-51.05684" lon="-73.07685">
        <ele>103.26</ele>
      </trkpt>
      <trkpt lat="-51.05694" lon="-73.077">
        <ele>108.04</ele>
      </trkpt>
      <trkpt lat="-51.05702" lon="-73.07706">
        <ele>108.91</ele>
      </trkpt>
      <trkpt lat="-51.05711" lon="-73.07726">
        <ele>114.4</ele>
      </trkpt>
      <trkpt lat="-51.05722" lon="-73.07732">
        <ele>114.49</ele>
      </trkpt>
      <trkpt lat="-51.05737" lon="-73.07744">
        <ele>115.82</ele>
      </trkpt>
      <trkpt lat="-51.05761" lon="-73.07755">
        <ele>113.59</ele>
      </trkpt>
      <trkpt lat="-51.05773" lon="-73.07768">
        <ele>113.72</ele>
      </trkpt>
      <trkpt lat="-51.05792" lon="-73.07795">
        <ele>118.08</ele>
      </trkpt>
      <trkpt lat="-51.05802" lon="-73.07819">
        <ele>117.37</ele>
      </trkpt>
      <trkpt lat="-51.05808" lon="-73.07829">
        <ele>116.26</ele>
      </trkpt>
      <trkpt lat="-51.05814" lon="-73.07852">
        <ele>112.3</ele>
      </trkpt>
      <trkpt lat="-51.05822" lon="-73.07858">
        <ele>110.61</ele>
      </trkpt>
      <trkpt lat="-51.05831" lon="-73.07868">
        <ele>108.71</ele>
      </trkpt>
      <trkpt lat="-51.05839" lon="-73.07888">
        <ele>106.03</ele>
      </trkpt>
      <trkpt lat="-51.05842" lon="-73.07903">
        <ele>104.55</ele>
      </trkpt>
      <trkpt lat="-51.0585" lon="-73.07911">
        <ele>103.52</ele>
      </trkpt>
      <trkpt lat="-51.05854" lon="-73.07913">
        <ele>103.26</ele>
      </trkpt>
      <trkpt lat="-51.05859" lon="-73.07904">
        <ele>102.76</ele>
      </trkpt>
      <trkpt lat="-51.05869" lon="-73.07891">
        <ele>102.34</ele>
      </trkpt>
      <trkpt lat="-51.05879" lon="-73.07885">
        <ele>102.46</ele>
      </trkpt>
      <trkpt lat="-51.05885" lon="-73.07886">
        <ele>102.68</ele>
      </trkpt>
      <trkpt lat="-51.05894" lon="-73.07897">
        <ele>102.84</ele>
      </trkpt>
      <trkpt lat="-51.05906" lon="-73.079">
        <ele>102.26</ele>
      </trkpt>
      <trkpt lat="-51.05911" lon="-73.07897">
        <ele>102.3</ele>
      </trkpt>
      <trkpt lat="-51.05917" lon="-73.07891">
        <ele>102.77</ele>
      </trkpt>
      <trkpt lat="-51.0592" lon="-73.07892">
        <ele>102.7</ele>
      </trkpt>
      <trkpt lat="-51.05923" lon="-73.07895">
        <ele>102.49</ele>
      </trkpt>
      <trkpt lat="-51.05932" lon="-73.07896">
        <ele>102.66</ele>
      </trkpt>
      <trkpt lat="-51.05936" lon="-73.07893">
        <ele>102.87</ele>
      </trkpt>
      <trkpt lat="-51.05942" lon="-73.07899">
        <ele>102.9</ele>
      </trkpt>
      <trkpt lat="-51.05948" lon="-73.079">
        <ele>103.67</ele>
      </trkpt>
      <trkpt lat="-51.05953" lon="-73.07891">
        <ele>104.8</ele>
      </trkpt>
      <trkpt lat="-51.05958" lon="-73.07888">
        <ele>106.04</ele>
      </trkpt>
      <trkpt lat="-51.05961" lon="-73.079">
        <ele>106.1</ele>
      </trkpt>
      <trkpt lat="-51.05961" lon="-73.079">
        <ele>106.1</ele>
      </trkpt>
      <trkpt lat="-51.05964" lon="-73.0791">
        <ele>106.15</ele>
      </trkpt>
      <trkpt lat="-51.0597" lon="-73.07911">
        <ele>107.06</ele>
      </trkpt>
      <trkpt lat="-51.06" lon="-73.07931">
        <ele>107.48</ele>
      </trkpt>
      <trkpt lat="-51.06039" lon="-73.07947">
        <ele>119.49</ele>
      </trkpt>
      <trkpt lat="-51.06061" lon="-73.07953">
        <ele>120.74</ele>
      </trkpt>
      <trkpt lat="-51.06065" lon="-73.07955">
        <ele>121.4</ele>
      </trkpt>
      <trkpt lat="-51.06065" lon="-73.0796">
        <ele>121.58</ele>
      </trkpt>
      <trkpt lat="-51.0606" lon="-73.07977">
        <ele>123.06</ele>
      </trkpt>
      <trkpt lat="-51.06063" lon="-73.07993">
        <ele>126.69</ele>
      </trkpt>
      <trkpt lat="-51.06055" lon="-73.08031">
        <ele>126.55</ele>
      </trkpt>
      <trkpt lat="-51.06055" lon="-73.08039">
        <ele>126.02</ele>
      </trkpt>
      <trkpt lat="-51.06055" lon="-73.08039">
        <ele>126.02</ele>
      </trkpt>
      <trkpt lat="-51.06055" lon="-73.08045">
        <ele>125.63</ele>
      </trkpt>
      <trkpt lat="-51.06059" lon="-73.08053">
        <ele>124.59</ele>
      </trkpt>
      <trkpt lat="-51.06066" lon="-73.08055">
        <ele>123.18</ele>
      </trkpt>
      <trkpt lat="-51.06081" lon="-73.08049">
        <ele>121.32</ele>
      </trkpt>
      <trkpt lat="-51.06092" lon="-73.0805">
        <ele>120.68</ele>
      </trkpt>
      <trkpt lat="-51.0614" lon="-73.08068">
        <ele>119.06</ele>
      </trkpt>
      <trkpt lat="-51.06161" lon="-73.08083">
        <ele>114.15</ele>
      </trkpt>
      <trkpt lat="-51.06172" lon="-73.08089">
        <ele>112.26</ele>
      </trkpt>
      <trkpt lat="-51.0619" lon="-73.08091">
        <ele>111.73</ele>
      </trkpt>
      <trkpt lat="-51.06212" lon="-73.0811">
        <ele>105.45</ele>
      </trkpt>
      <trkpt lat="-51.06226" lon="-73.08118">
        <ele>98.62</ele>
      </trkpt>
      <trkpt lat="-51.06234" lon="-73.08122">
        <ele>95.98</ele>
      </trkpt>
      <trkpt lat="-51.06239" lon="-73.0812">
        <ele>95.82</ele>
      </trkpt>
      <trkpt lat="-51.06245" lon="-73.08123">
        <ele>94.13</ele>
      </trkpt>
      <trkpt lat="-51.06254" lon="-73.08121">
        <ele>94.36</ele>
      </trkpt>
      <trkpt lat="-51.06263" lon="-73.08126">
        <ele>94.72</ele>
      </trkpt>
      <trkpt lat="-51.06271" lon="-73.08128">
        <ele>95.7</ele>
      </trkpt>
      <trkpt lat="-51.06284" lon="-73.0813">
        <ele>98.45</ele>
      </trkpt>
      <trkpt lat="-51.06296" lon="-73.08137">
        <ele>102.43</ele>
      </trkpt>
      <trkpt lat="-51.06309" lon="-73.08135">
        <ele>105.7</ele>
      </trkpt>
      <trkpt lat="-51.06317" lon="-73.08138">
        <ele>106.39</ele>
      </trkpt>
      <trkpt lat="-51.06323" lon="-73.08145">
        <ele>105.39</ele>
      </trkpt>
      <trkpt lat="-51.06327" lon="-73.08152">
        <ele>104.05</ele>
      </trkpt>
      <trkpt lat="-51.06336" lon="-73.08153">
        <ele>104.05</ele>
      </trkpt>
      <trkpt lat="-51.06346" lon="-73.08156">
        <ele>103.76</ele>
      </trkpt>
      <trkpt lat="-51.06355" lon="-73.08157">
        <ele>103.87</ele>
      </trkpt>
      <trkpt lat="-51.06362" lon="-73.08158">
        <ele>103.8</ele>
      </trkpt>
      <trkpt lat="-51.0637" lon="-73.08162">
        <ele>102.31</ele>
      </trkpt>
      <trkpt lat="-51.06375" lon="-73.08165">
        <ele>101.33</ele>
      </trkpt>
      <trkpt lat="-51.06382" lon="-73.08164">
        <ele>101.0</ele>
      </trkpt>
      <trkpt lat="-51.06392" lon="-73.08159">
        <ele>100.82</ele>
      </trkpt>
      <trkpt lat="-51.06403" lon="-73.08155">
        <ele>99.56</ele>
      </trkpt>
      <trkpt lat="-51.06415" lon="-73.08155">
        <ele>97.4</ele>
      </trkpt>
      <trkpt lat="-51.06415" lon="-73.08155">
        <ele>97.4</ele>
      </trkpt>
      <trkpt lat="-51.06418" lon="-73.08155">
        <ele>97.13</ele>
      </trkpt>
      <trkpt lat="-51.06431" lon="-73.08158">
        <ele>96.92</ele>
      </trkpt>
      <trkpt lat="-51.06444" lon="-73.08167">
        <ele>95.94</ele>
      </trkpt>
      <trkpt lat="-51.06455" lon="-73.08174">
        <ele>95.04</ele>
      </trkpt>
      <trkpt lat="-51.06468" lon="-73.08174">
        <ele>95.17</ele>
      </trkpt>
      <trkpt lat="-51.06481" lon="-73.08174">
        <ele>95.92</ele>
      </trkpt>
      <trkpt lat="-51.06493" lon="-73.08173">
        <ele>96.98</ele>
      </trkpt>
      <trkpt lat="-51.06501" lon="-73.08171">
        <ele>97.75</ele>
      </trkpt>
      <trkpt lat="-51.06511" lon="-73.08168">
        <ele>98.68</ele>
      </trkpt>
      <trkpt lat="-51.0652" lon="-73.08171">
        <ele>99.02</ele>
      </trkpt>
      <trkpt lat="-51.06528" lon="-73.08173">
        <ele>99.33</ele>
      </trkpt>
      <trkpt lat="-51.06539" lon="-73.08168">
        <ele>99.97</ele>
      </trkpt>
      <trkpt lat="-51.06554" lon="-73.08157">
        <ele>100.35</ele>
      </trkpt>
      <trkpt lat="-51.06559" lon="-73.08154">
        <ele>100.39</ele>
      </trkpt>
      <trkpt lat="-51.06566" lon="-73.08156">
        <ele>100.15</ele>
      </trkpt>
      <trkpt lat="-51.06578" lon="-73.08153">
        <ele>100.08</ele>
      </trkpt>
      <trkpt lat="-51.06583" lon="-73.08147">
        <ele>100.42</ele>
      </trkpt>
      <trkpt lat="-51.06589" lon="-73.08141">
        <ele>101.46</ele>
      </trkpt>
      <trkpt lat="-51.06595" lon="-73.08133">
        <ele>102.33</ele>
      </trkpt>
      <trkpt lat="-51.066" lon="-73.08129">
        <ele>102.66</ele>
      </trkpt>
      <trkpt lat="-51.06607" lon="-73.08128">
        <ele>103.0</ele>
      </trkpt>
      <trkpt lat="-51.06614" lon="-73.08129">
        <ele>103.05</ele>
      </trkpt>
      <trkpt lat="-51.06625" lon="-73.08137">
        <ele>102.43</ele>
      </trkpt>
      <trkpt lat="-51.06636" lon="-73.08143">
        <ele>101.15</ele>
      </trkpt>
      <trkpt lat="-51.06641" lon="-73.08147">
        <ele>100.4</ele>
      </trkpt>
      <trkpt lat="-51.06646" lon="-73.08151">
        <ele>99.54</ele>
      </trkpt>
      <trkpt lat="-51.06653" lon="-73.08152">
        <ele>98.5</ele>
      </trkpt>
      <trkpt lat="-51.06659" lon="-73.08153">
        <ele>97.6</ele>
      </trkpt>
      <trkpt lat="-51.06665" lon="-73.08149">
        <ele>96.88</ele>
      </trkpt>
      <trkpt lat="-51.06672" lon="-73.08147">
        <ele>95.8</ele>
      </trkpt>
      <trkpt lat="-51.06679" lon="-73.08143">
        <ele>95.13</ele>
      </trkpt>
      <trkpt lat="-51.06688" lon="-73.0815">
        <ele>92.45</ele>
      </trkpt>
      <trkpt lat="-51.06695" lon="-73.08151">
        <ele>90.98</ele>
      </trkpt>
      <trkpt lat="-51.06702" lon="-73.08151">
        <ele>91.35</ele>
      </trkpt>
      <trkpt lat="-51.0671" lon="-73.08149">
        <ele>91.96</ele>
      </trkpt>
      <trkpt lat="-51.06716" lon="-73.0815">
        <ele>92.13</ele>
      </trkpt>
      <trkpt lat="-51.06721" lon="-73.08148">
        <ele>92.3</ele>
      </trkpt>
      <trkpt lat="-51.06745" lon="-73.08138">
        <ele>94.58</ele>
      </trkpt>
      <trkpt lat="-51.0675" lon="-73.08141">
        <ele>94.77</ele>
      </trkpt>
      <trkpt lat="-51.06755" lon="-73.08143">
        <ele>93.64</ele>
      </trkpt>
      <trkpt lat="-51.0676" lon="-73.08145">
        <ele>92.66</ele>
      </trkpt>
      <trkpt lat="-51.06765" lon="-73.08147">
        <ele>91.83</ele>
      </trkpt>
      <trkpt lat="-51.0677" lon="-73.08149">
        <ele>91.16</ele>
      </trkpt>
      <trkpt lat="-51.06774" lon="-73.0815">
        <ele>90.69</ele>
      </trkpt>
      <trkpt lat="-51.06779" lon="-73.08152">
        <ele>90.36</ele>
      </trkpt>
      <trkpt lat="-51.06783" lon="-73.08155">
        <ele>90.35</ele>
      </trkpt>
      <trkpt lat="-51.06788" lon="-73.0816">
        <ele>90.06</ele>
      </trkpt>
      <trkpt lat="-51.06792" lon="-73.08164">
        <ele>89.5</ele>
      </trkpt>
      <trkpt lat="-51.06796" lon="-73.08167">
        <ele>88.69</ele>
      </trkpt>
      <trkpt lat="-51.06803" lon="-73.08174">
        <ele>86.91</ele>
      </trkpt>
      <trkpt lat="-51.06808" lon="-73.08178">
        <ele>86.46</ele>
      </trkpt>
      <trkpt lat="-51.06812" lon="-73.08181">
        <ele>86.66</ele>
      </trkpt>
      <trkpt lat="-51.06817" lon="-73.08184">
        <ele>86.89</ele>
      </trkpt>
      <trkpt lat="-51.06821" lon="-73.08187">
        <ele>86.95</ele>
      </trkpt>
      <trkpt lat="-51.06827" lon="-73.0819">
        <ele>87.11</ele>
      </trkpt>
      <trkpt lat="-51.06831" lon="-73.08192">
        <ele>87.17</ele>
      </trkpt>
      <trkpt lat="-51.06836" lon="-73.08194">
        <ele>86.87</ele>
      </trkpt>
      <trkpt lat="-51.06842" lon="-73.08195">
        <ele>86.32</ele>
      </trkpt>
      <trkpt lat="-51.06847" lon="-73.08196">
        <ele>85.79</ele>
      </trkpt>
      <trkpt lat="-51.06853" lon="-73.08197">
        <ele>85.1</ele>
      </trkpt>
      <trkpt lat="-51.06853" lon="-73.08197">
        <ele>85.1</ele>
      </trkpt>
      <trkpt lat="-51.06853" lon="-73.08196">
        <ele>85.29</ele>
      </trkpt>
      <trkpt lat="-51.06861" lon="-73.08194">
        <ele>85.04</ele>
      </trkpt>
      <trkpt lat="-51.06871" lon="-73.08193">
        <ele>83.32</ele>
      </trkpt>
      <trkpt lat="-51.06879" lon="-73.08198">
        <ele>81.46</ele>
      </trkpt>
      <trkpt lat="-51.06892" lon="-73.08203">
        <ele>80.31</ele>
      </trkpt>
      <trkpt lat="-51.06901" lon="-73.0821">
        <ele>80.77</ele>
      </trkpt>
      <trkpt lat="-51.06905" lon="-73.08213">
        <ele>80.77</ele>
      </trkpt>
      <trkpt lat="-51.06909" lon="-73.08215">
        <ele>80.75</ele>
      </trkpt>
      <trkpt lat="-51.06912" lon="-73.08216">
        <ele>80.75</ele>
      </trkpt>
      <trkpt lat="-51.06915" lon="-73.08215">
        <ele>80.98</ele>
      </trkpt>
      <trkpt lat="-51.06918" lon="-73.08214">
        <ele>81.24</ele>
      </trkpt>
      <trkpt lat="-51.06921" lon="-73.0821">
        <ele>82.03</ele>
      </trkpt>
      <trkpt lat="-51.06924" lon="-73.0821">
        <ele>82.22</ele>
      </trkpt>
      <trkpt lat="-51.06928" lon="-73.0821">
        <ele>82.48</ele>
      </trkpt>
      <trkpt lat="-51.06931" lon="-73.08212">
        <ele>82.23</ele>
      </trkpt>
      <trkpt lat="-51.06932" lon="-73.08213">
        <ele>82.06</ele>
      </trkpt>
      <trkpt lat="-51.06935" lon="-73.08214">
        <ele>81.97</ele>
      </trkpt>
      <trkpt lat="-51.06936" lon="-73.08214">
        <ele>82.01</ele>
      </trkpt>
      <trkpt lat="-51.06938" lon="-73.08215">
        <ele>81.84</ele>
      </trkpt>
      <trkpt lat="-51.06941" lon="-73.08218">
        <ele>81.14</ele>
      </trkpt>
      <trkpt lat="-51.06944" lon="-73.0822">
        <ele>80.63</ele>
      </trkpt>
      <trkpt lat="-51.06946" lon="-73.08222">
        <ele>80.06</ele>
      </trkpt>
      <trkpt lat="-51.06948" lon="-73.08224">
        <ele>79.87</ele>
      </trkpt>
      <trkpt lat="-51.0695" lon="-73.08225">
        <ele>79.8</ele>
      </trkpt>
      <trkpt lat="-51.06954" lon="-73.08226">
        <ele>79.73</ele>
      </trkpt>
      <trkpt lat="-51.06957" lon="-73.08227">
        <ele>79.66</ele>
      </trkpt>
      <trkpt lat="-51.06961" lon="-73.08229">
        <ele>79.51</ele>
      </trkpt>
      <trkpt lat="-51.06962" lon="-73.08236">
        <ele>79.01</ele>
      </trkpt>
      <trkpt lat="-51.06964" lon="-73.08243">
        <ele>78.5</ele>
      </trkpt>
      <trkpt lat="-51.06968" lon="-73.08246">
        <ele>78.29</ele>
      </trkpt>
      <trkpt lat="-51.06972" lon="-73.08255">
        <ele>78.18</ele>
      </trkpt>
      <trkpt lat="-51.06975" lon="-73.08266">
        <ele>78.27</ele>
      </trkpt>
      <trkpt lat="-51.06975" lon="-73.08274">
        <ele>78.36</ele>
      </trkpt>
      <trkpt lat="-51.06971" lon="-73.08296">
        <ele>77.73</ele>
      </trkpt>
      <trkpt lat="-51.06974" lon="-73.08306">
        <ele>76.69</ele>
      </trkpt>
      <trkpt lat="-51.06982" lon="-73.08322">
        <ele>75.62</ele>
      </trkpt>
      <trkpt lat="-51.06988" lon="-73.08331">
        <ele>74.56</ele>
      </trkpt>
      <trkpt lat="-51.06997" lon="-73.08338">
        <ele>72.97</ele>
      </trkpt>
      <trkpt lat="-51.07001" lon="-73.08344">
        <ele>72.35</ele>
      </trkpt>
      <trkpt lat="-51.07006" lon="-73.08352">
        <ele>70.6</ele>
      </trkpt>
      <trkpt lat="-51.07007" lon="-73.08369">
        <ele>70.05</ele>
      </trkpt>
      <trkpt lat="-51.07006" lon="-73.08381">
        <ele>69.85</ele>
      </trkpt>
      <trkpt lat="-51.07007" lon="-73.08392">
        <ele>68.81</ele>
      </trkpt>
      <trkpt lat="-51.0701" lon="-73.08401">
        <ele>66.93</ele>
      </trkpt>
      <trkpt lat="-51.07013" lon="-73.08408">
        <ele>65.05</ele>
      </trkpt>
      <trkpt lat="-51.0702" lon="-73.08411">
        <ele>61.42</ele>
      </trkpt>
      <trkpt lat="-51.07025" lon="-73.0842">
        <ele>58.28</ele>
      </trkpt>
      <trkpt lat="-51.07027" lon="-73.0843">
        <ele>56.91</ele>
      </trkpt>
      <trkpt lat="-51.07029" lon="-73.08439">
        <ele>55.77</ele>
      </trkpt>
      <trkpt lat="-51.07029" lon="-73.08453">
        <ele>56.18</ele>
      </trkpt>
      <trkpt lat="-51.07029" lon="-73.0846">
        <ele>56.68</ele>
      </trkpt>
      <trkpt lat="-51.07029" lon="-73.08475">
        <ele>57.2</ele>
      </trkpt>
      <trkpt lat="-51.07028" lon="-73.08486">
        <ele>55.97</ele>
      </trkpt>
      <trkpt lat="-51.07024" lon="-73.08499">
        <ele>56.97</ele>
      </trkpt>
      <trkpt lat="-51.07023" lon="-73.08508">
        <ele>57.74</ele>
      </trkpt>
      <trkpt lat="-51.07023" lon="-73.08515">
        <ele>57.86</ele>
      </trkpt>
      <trkpt lat="-51.07026" lon="-73.08518">
        <ele>56.27</ele>
      </trkpt>
      <trkpt lat="-51.07031" lon="-73.0852">
        <ele>53.32</ele>
      </trkpt>
      <trkpt lat="-51.07039" lon="-73.0852">
        <ele>48.05</ele>
      </trkpt>
      <trkpt lat="-51.07043" lon="-73.08521">
        <ele>45.02</ele>
      </trkpt>
      <trkpt lat="-51.07048" lon="-73.08524">
        <ele>39.9</ele>
      </trkpt>
      <trkpt lat="-51.07052" lon="-73.08533">
        <ele>34.22</ele>
      </trkpt>
      <trkpt lat="-51.07057" lon="-73.08542">
        <ele>31.0</ele>
      </trkpt>
      <trkpt lat="-51.07063" lon="-73.08549">
        <ele>31.0</ele>
      </trkpt>
      <trkpt lat="-51.07069" lon="-73.08556">
        <ele>31.0</ele>
      </trkpt>
      <trkpt lat="-51.07073" lon="-73.08562">
        <ele>31.0</ele>
      </trkpt>
      <trkpt lat="-51.07069" lon="-73.08574">
        <ele>31.0</ele>
      </trkpt>
      <trkpt lat="-51.07065" lon="-73.08582">
        <ele>31.0</ele>
      </trkpt>
      <trkpt lat="-51.07062" lon="-73.08592">
        <ele>31.0</ele>
      </trkpt>
      <trkpt lat="-51.07065" lon="-73.08603">
        <ele>31.0</ele>
      </trkpt>
      <trkpt lat="-51.0707" lon="-73.08613">
        <ele>31.0</ele>
      </trkpt>
      <trkpt lat="-51.07071" lon="-73.08623">
        <ele>31.0</ele>
      </trkpt>
      <trkpt lat="-51.0707" lon="-73.08634">
        <ele>31.0</ele>
      </trkpt>
      <trkpt lat="-51.07072" lon="-73.08641">
        <ele>31.0</ele>
      </trkpt>
      <trkpt lat="-51.07077" lon="-73.0865">
        <ele>31.0</ele>
      </trkpt>
      <trkpt lat="-51.07082" lon="-73.08662">
        <ele>31.0</ele>
      </trkpt>
      <trkpt lat="-51.07085" lon="-73.08674">
        <ele>31.0</ele>
      </trkpt>
      <trkpt lat="-51.07086" lon="-73.08685">
        <ele>31.0</ele>
      </trkpt>
      <trkpt lat="-51.07084" lon="-73.08706">
        <ele>31.0</ele>
      </trkpt>
      <trkpt lat="-51.07081" lon="-73.08731">
        <ele>31.0</ele>
      </trkpt>
      <trkpt lat="-51.07078" lon="-73.08743">
        <ele>31.0</ele>
      </trkpt>
      <trkpt lat="-51.07077" lon="-73.08755">
        <ele>31.0</ele>
      </trkpt>
      <trkpt lat="-51.07078" lon="-73.08774">
        <ele>31.0</ele>
      </trkpt>
      <trkpt lat="-51.07079" lon="-73.08787">
        <ele>31.0</ele>
      </trkpt>
      <trkpt lat="-51.07081" lon="-73.08798">
        <ele>31.0</ele>
      </trkpt>
      <trkpt lat="-51.07082" lon="-73.08803">
        <ele>31.0</ele>
      </trkpt>
      <trkpt lat="-51.07085" lon="-73.08808">
        <ele>31.0</ele>
      </trkpt>
      <trkpt lat="-51.07087" lon="-73.08815">
        <ele>31.0</ele>
      </trkpt>
      <trkpt lat="-51.07089" lon="-73.08855">
        <ele>31.0</ele>
      </trkpt>
      <trkpt lat="-51.07091" lon="-73.08864">
        <ele>31.0</ele>
      </trkpt>
      <trkpt lat="-51.07093" lon="-73.0887">
        <ele>31.0</ele>
      </trkpt>
      <trkpt lat="-51.07095" lon="-73.08877">
        <ele>31.0</ele>
      </trkpt>
      <trkpt lat="-51.07098" lon="-73.08884">
        <ele>31.0</ele>
      </trkpt>
      <trkpt lat="-51.07101" lon="-73.08889">
        <ele>31.0</ele>
      </trkpt>
      <trkpt lat="-51.07103" lon="-73.08897">
        <ele>31.0</ele>
      </trkpt>
      <trkpt lat="-51.07105" lon="-73.08904">
        <ele>31.0</ele>
      </trkpt>
      <trkpt lat="-51.07107" lon="-73.08912">
        <ele>31.0</ele>
      </trkpt>
      <trkpt lat="-51.07108" lon="-73.0892">
        <ele>31.0</ele>
      </trkpt>
      <trkpt lat="-51.0711" lon="-73.08927">
        <ele>31.0</ele>
      </trkpt>
      <trkpt lat="-51.07112" lon="-73.08934">
        <ele>31.0</ele>
      </trkpt>
      <trkpt lat="-51.07113" lon="-73.08941">
        <ele>31.0</ele>
      </trkpt>
      <trkpt lat="-51.07114" lon="-73.08941">
        <ele>31.0</ele>
      </trkpt>
      <trkpt lat="-51.07123" lon="-73.09004">
        <ele>31.0</ele>
      </trkpt>
      <trkpt lat="-51.07123" lon="-73.09004">
        <ele>31.0</ele>
      </trkpt>
      <trkpt lat="-51.07131" lon="-73.09074">
        <ele>31.0</ele>
      </trkpt>
      <trkpt lat="-51.07131" lon="-73.09074">
        <ele>31.0</ele>
      </trkpt>
      <trkpt lat="-51.07145" lon="-73.09203">
        <ele>31.0</ele>
      </trkpt>
      <trkpt lat="-51.07145" lon="-73.09203">
        <ele>31.0</ele>
      </trkpt>
      <trkpt lat="-51.07159" lon="-73.09221">
        <ele>31.0</ele>
      </trkpt>
      <trkpt lat="-51.07163" lon="-73.09223">
        <ele>31.0</ele>
      </trkpt>
      <trkpt lat="-51.07168" lon="-73.09228">
        <ele>31.0</ele>
      </trkpt>
      <trkpt lat="-51.07172" lon="-73.09233">
        <ele>31.0</ele>
      </trkpt>
      <trkpt lat="-51.07176" lon="-73.09238">
        <ele>31.0</ele>
      </trkpt>
      <trkpt lat="-51.0718" lon="-73.09242">
        <ele>31.0</ele>
      </trkpt>
      <trkpt lat="-51.07184" lon="-73.09247">
        <ele>31.0</ele>
      </trkpt>
      <trkpt lat="-51.07187" lon="-73.09253">
        <ele>31.0</ele>
      </trkpt>
      <trkpt lat="-51.07189" lon="-73.09259">
        <ele>31.0</ele>
      </trkpt>
      <trkpt lat="-51.0719" lon="-73.09267">
        <ele>31.0</ele>
      </trkpt>
      <trkpt lat="-51.07191" lon="-73.09274">
        <ele>31.0</ele>
      </trkpt>
      <trkpt lat="-51.07191" lon="-73.09282">
        <ele>31.49</ele>
      </trkpt>
      <trkpt lat="-51.07193" lon="-73.09289">
        <ele>32.25</ele>
      </trkpt>
      <trkpt lat="-51.07195" lon="-73.09295">
        <ele>32.82</ele>
      </trkpt>
      <trkpt lat="-51.07197" lon="-73.09302">
        <ele>33.38</ele>
      </trkpt>
      <trkpt lat="-51.072" lon="-73.09308">
        <ele>33.47</ele>
      </trkpt>
      <trkpt lat="-51.07203" lon="-73.09314">
        <ele>33.45</ele>
      </trkpt>
      <trkpt lat="-51.07206" lon="-73.0932">
        <ele>33.62</ele>
      </trkpt>
      <trkpt lat="-51.0721" lon="-73.09326">
        <ele>33.97</ele>
      </trkpt>
      <trkpt lat="-51.07213" lon="-73.09333">
        <ele>34.64</ele>
      </trkpt>
      <trkpt lat="-51.07216" lon="-73.0934">
        <ele>34.96</ele>
      </trkpt>
      <trkpt lat="-51.07217" lon="-73.09347">
        <ele>35.21</ele>
      </trkpt>
      <trkpt lat="-51.07219" lon="-73.09355">
        <ele>35.57</ele>
      </trkpt>
      <trkpt lat="-51.0722" lon="-73.09362">
        <ele>35.78</ele>
      </trkpt>
      <trkpt lat="-51.07222" lon="-73.0937">
        <ele>35.35</ele>
      </trkpt>
      <trkpt lat="-51.07225" lon="-73.09376">
        <ele>35.14</ele>
      </trkpt>
      <trkpt lat="-51.07228" lon="-73.09384">
        <ele>34.9</ele>
      </trkpt>
      <trkpt lat="-51.0723" lon="-73.0939">
        <ele>34.86</ele>
      </trkpt>
      <trkpt lat="-51.07233" lon="-73.09395">
        <ele>35.21</ele>
      </trkpt>
      <trkpt lat="-51.07238" lon="-73.094">
        <ele>35.65</ele>
      </trkpt>
      <trkpt lat="-51.07238" lon="-73.09402">
        <ele>35.64</ele>
      </trkpt>
      <trkpt lat="-51.07219" lon="-73.09358">
        <ele>35.67</ele>
      </trkpt>
      <trkpt lat="-51.07217" lon="-73.09351">
        <ele>35.33</ele>
      </trkpt>
      <trkpt lat="-51.07214" lon="-73.09345">
        <ele>35.0</ele>
      </trkpt>
      <trkpt lat="-51.07211" lon="-73.0934">
        <ele>34.74</ele>
      </trkpt>
      <trkpt lat="-51.07208" lon="-73.09333">
        <ele>34.46</ele>
      </trkpt>
      <trkpt lat="-51.07205" lon="-73.09325">
        <ele>33.92</ele>
      </trkpt>
      <trkpt lat="-51.07203" lon="-73.09319">
        <ele>33.67</ele>
      </trkpt>
      <trkpt lat="-51.072" lon="-73.09312">
        <ele>33.59</ele>
      </trkpt>
      <trkpt lat="-51.07197" lon="-73.09306">
        <ele>33.73</ele>
      </trkpt>
      <trkpt lat="-51.07195" lon="-73.09299">
        <ele>33.25</ele>
      </trkpt>
      <trkpt lat="-51.07194" lon="-73.0929">
        <ele>32.33</ele>
      </trkpt>
      <trkpt lat="-51.07191" lon="-73.09284">
        <ele>31.73</ele>
      </trkpt>
      <trkpt lat="-51.0719" lon="-73.09276">
        <ele>31.0</ele>
      </trkpt>
      <trkpt lat="-51.07189" lon="-73.09269">
        <ele>31.0</ele>
      </trkpt>
      <trkpt lat="-51.07187" lon="-73.09262">
        <ele>31.0</ele>
      </trkpt>
      <trkpt lat="-51.07184" lon="-73.09256">
        <ele>31.0</ele>
      </trkpt>
      <trkpt lat="-51.07181" lon="-73.0925">
        <ele>31.0</ele>
      </trkpt>
      <trkpt lat="-51.07178" lon="-73.09244">
        <ele>31.0</ele>
      </trkpt>
      <trkpt lat="-51.07175" lon="-73.09239">
        <ele>31.0</ele>
      </trkpt>
      <trkpt lat="-51.07172" lon="-73.09233">
        <ele>31.0</ele>
      </trkpt>
      <trkpt lat="-51.07168" lon="-73.09227">
        <ele>31.0</ele>
      </trkpt>
      <trkpt lat="-51.07163" lon="-73.09224">
        <ele>31.0</ele>
      </trkpt>
      <trkpt lat="-51.07159" lon="-73.09222">
        <ele>31.0</ele>
      </trkpt>
      <trkpt lat="-51.07155" lon="-73.09219">
        <ele>31.0</ele>
      </trkpt>
      <trkpt lat="-51.0715" lon="-73.09216">
        <ele>31.0</ele>
      </trkpt>
      <trkpt lat="-51.07146" lon="-73.09213">
        <ele>31.0</ele>
      </trkpt>
      <trkpt lat="-51.07142" lon="-73.0921">
        <ele>31.0</ele>
      </trkpt>
      <trkpt lat="-51.07137" lon="-73.09208">
        <ele>31.68</ele>
      </trkpt>
      <trkpt lat="-51.07132" lon="-73.09208">
        <ele>33.47</ele>
      </trkpt>
      <trkpt lat="-51.07127" lon="-73.09209">
        <ele>35.3</ele>
      </trkpt>
      <trkpt lat="-51.07123" lon="-73.09214">
        <ele>36.95</ele>
      </trkpt>
      <trkpt lat="-51.07119" lon="-73.09219">
        <ele>38.71</ele>
      </trkpt>
      <trkpt lat="-51.07117" lon="-73.09225">
        <ele>39.75</ele>
      </trkpt>
      <trkpt lat="-51.07114" lon="-73.09232">
        <ele>41.17</ele>
      </trkpt>
      <trkpt lat="-51.07112" lon="-73.09239">
        <ele>42.23</ele>
      </trkpt>
      <trkpt lat="-51.0711" lon="-73.09245">
        <ele>42.93</ele>
      </trkpt>
      <trkpt lat="-51.07108" lon="-73.09252">
        <ele>43.33</ele>
      </trkpt>
      <trkpt lat="-51.07106" lon="-73.09258">
        <ele>43.5</ele>
      </trkpt>
      <trkpt lat="-51.07103" lon="-73.09265">
        <ele>43.72</ele>
      </trkpt>
      <trkpt lat="-51.071" lon="-73.09272">
        <ele>43.88</ele>
      </trkpt>
      <trkpt lat="-51.07097" lon="-73.09278">
        <ele>44.02</ele>
      </trkpt>
      <trkpt lat="-51.07094" lon="-73.09285">
        <ele>44.33</ele>
      </trkpt>
      <trkpt lat="-51.07092" lon="-73.09291">
        <ele>44.52</ele>
      </trkpt>
      <trkpt lat="-51.07089" lon="-73.09299">
        <ele>44.75</ele>
      </trkpt>
      <trkpt lat="-51.07087" lon="-73.09306">
        <ele>44.86</ele>
      </trkpt>
      <trkpt lat="-51.07086" lon="-73.09307">
        <ele>44.89</ele>
      </trkpt>
      <trkpt lat="-51.07074" lon="-73.09317">
        <ele>44.13</ele>
      </trkpt>
      <trkpt lat="-51.07074" lon="-73.09317">
        <ele>44.13</ele>
      </trkpt>
      <trkpt lat="-51.07077" lon="-73.09312">
        <ele>44.37</ele>
      </trkpt>
      <trkpt lat="-51.07081" lon="-73.0932">
        <ele>44.79</ele>
      </trkpt>
      <trkpt lat="-51.07075" lon="-73.09327">
        <ele>44.33</ele>
      </trkpt>
      <trkpt lat="-51.07071" lon="-73.09331">
        <ele>44.07</ele>
      </trkpt>
      <trkpt lat="-51.07064" lon="-73.09335">
        <ele>43.55</ele>
      </trkpt>
      <trkpt lat="-51.0706" lon="-73.0934">
        <ele>43.2</ele>
      </trkpt>
      <trkpt lat="-51.07057" lon="-73.09345">
        <ele>43.04</ele>
      </trkpt>
      <trkpt lat="-51.07053" lon="-73.09357">
        <ele>42.95</ele>
      </trkpt>
      <trkpt lat="-51.07052" lon="-73.09363">
        <ele>43.02</ele>
      </trkpt>
      <trkpt lat="-51.07049" lon="-73.09374">
        <ele>43.22</ele>
      </trkpt>
      <trkpt lat="-51.07045" lon="-73.09387">
        <ele>43.71</ele>
      </trkpt>
      <trkpt lat="-51.07042" lon="-73.09394">
        <ele>44.34</ele>
      </trkpt>
      <trkpt lat="-51.07039" lon="-73.09402">
        <ele>45.32</ele>
      </trkpt>
      <trkpt lat="-51.07034" lon="-73.09411">
        <ele>47.02</ele>
      </trkpt>
      <trkpt lat="-51.07031" lon="-73.09419">
        <ele>48.58</ele>
      </trkpt>
      <trkpt lat="-51.07027" lon="-73.09426">
        <ele>49.87</ele>
      </trkpt>
      <trkpt lat="-51.07024" lon="-73.0943">
        <ele>49.76</ele>
      </trkpt>
      <trkpt lat="-51.07021" lon="-73.09436">
        <ele>49.87</ele>
      </trkpt>
      <trkpt lat="-51.07017" lon="-73.09442">
        <ele>49.8</ele>
      </trkpt>
      <trkpt lat="-51.07011" lon="-73.09452">
        <ele>48.87</ele>
      </trkpt>
      <trkpt lat="-51.07006" lon="-73.09459">
        <ele>47.97</ele>
      </trkpt>
      <trkpt lat="-51.07003" lon="-73.09466">
        <ele>47.46</ele>
      </trkpt>
      <trkpt lat="-51.06998" lon="-73.09494">
        <ele>45.99</ele>
      </trkpt>
      <trkpt lat="-51.06996" lon="-73.09502">
        <ele>45.94</ele>
      </trkpt>
      <trkpt lat="-51.06992" lon="-73.09516">
        <ele>47.32</ele>
      </trkpt>
      <trkpt lat="-51.06988" lon="-73.09524">
        <ele>48.1</ele>
      </trkpt>
      <trkpt lat="-51.06984" lon="-73.0953">
        <ele>48.71</ele>
      </trkpt>
      <trkpt lat="-51.06981" lon="-73.09535">
        <ele>49.27</ele>
      </trkpt>
      <trkpt lat="-51.06975" lon="-73.0954">
        <ele>49.82</ele>
      </trkpt>
      <trkpt lat="-51.0697" lon="-73.09544">
        <ele>50.45</ele>
      </trkpt>
      <trkpt lat="-51.06963" lon="-73.09548">
        <ele>51.33</ele>
      </trkpt>
      <trkpt lat="-51.0696" lon="-73.09551">
        <ele>51.86</ele>
      </trkpt>
      <trkpt lat="-51.06955" lon="-73.09555">
        <ele>52.55</ele>
      </trkpt>
      <trkpt lat="-51.06952" lon="-73.09559">
        <ele>52.73</ele>
      </trkpt>
      <trkpt lat="-51.06947" lon="-73.09567">
        <ele>52.91</ele>
      </trkpt>
      <trkpt lat="-51.06943" lon="-73.09574">
        <ele>53.02</ele>
      </trkpt>
      <trkpt lat="-51.0694" lon="-73.0958">
        <ele>53.02</ele>
      </trkpt>
      <trkpt lat="-51.06934" lon="-73.09585">
        <ele>53.02</ele>
      </trkpt>
      <trkpt lat="-51.06931" lon="-73.09591">
        <ele>53.13</ele>
      </trkpt>
      <trkpt lat="-51.06928" lon="-73.09599">
        <ele>53.33</ele>
      </trkpt>
      <trkpt lat="-51.06926" lon="-73.09607">
        <ele>53.57</ele>
      </trkpt>
      <trkpt lat="-51.0692" lon="-73.09616">
        <ele>54.01</ele>
      </trkpt>
      <trkpt lat="-51.06918" lon="-73.09619">
        <ele>54.21</ele>
      </trkpt>
      <trkpt lat="-51.06914" lon="-73.09626">
        <ele>54.96</ele>
      </trkpt>
      <trkpt lat="-51.06912" lon="-73.09631">
        <ele>55.36</ele>
      </trkpt>
      <trkpt lat="-51.06908" lon="-73.09635">
        <ele>55.93</ele>
      </trkpt>
      <trkpt lat="-51.06908" lon="-73.09643">
        <ele>55.89</ele>
      </trkpt>
      <trkpt lat="-51.06905" lon="-73.09653">
        <ele>56.05</ele>
      </trkpt>
      <trkpt lat="-51.06903" lon="-73.09662">
        <ele>56.07</ele>
      </trkpt>
      <trkpt lat="-51.06898" lon="-73.09668">
        <ele>56.31</ele>
      </trkpt>
      <trkpt lat="-51.06897" lon="-73.09673">
        <ele>56.28</ele>
      </trkpt>
      <trkpt lat="-51.06896" lon="-73.09679">
        <ele>56.26</ele>
      </trkpt>
      <trkpt lat="-51.06894" lon="-73.09683">
        <ele>56.42</ele>
      </trkpt>
      <trkpt lat="-51.0689" lon="-73.09691">
        <ele>56.85</ele>
      </trkpt>
      <trkpt lat="-51.06885" lon="-73.09699">
        <ele>57.52</ele>
      </trkpt>
      <trkpt lat="-51.06875" lon="-73.09714">
        <ele>58.15</ele>
      </trkpt>
      <trkpt lat="-51.0687" lon="-73.09725">
        <ele>58.0</ele>
      </trkpt>
      <trkpt lat="-51.06867" lon="-73.09734">
        <ele>58.0</ele>
      </trkpt>
      <trkpt lat="-51.0686" lon="-73.09749">
        <ele>58.13</ele>
      </trkpt>
      <trkpt lat="-51.06855" lon="-73.09757">
        <ele>58.75</ele>
      </trkpt>
      <trkpt lat="-51.06853" lon="-73.09766">
        <ele>58.95</ele>
      </trkpt>
      <trkpt lat="-51.0685" lon="-73.09775">
        <ele>59.02</ele>
      </trkpt>
      <trkpt lat="-51.06845" lon="-73.09784">
        <ele>59.26</ele>
      </trkpt>
      <trkpt lat="-51.06844" lon="-73.09785">
        <ele>59.32</ele>
      </trkpt>
      <trkpt lat="-51.06842" lon="-73.09791">
        <ele>59.65</ele>
      </trkpt>
      <trkpt lat="-51.06835" lon="-73.09802">
        <ele>60.64</ele>
      </trkpt>
      <trkpt lat="-51.0683" lon="-73.09811">
        <ele>61.61</ele>
      </trkpt>
      <trkpt lat="-51.06826" lon="-73.09822">
        <ele>62.18</ele>
      </trkpt>
      <trkpt lat="-51.06823" lon="-73.09825">
        <ele>62.41</ele>
      </trkpt>
      <trkpt lat="-51.06821" lon="-73.09833">
        <ele>62.45</ele>
      </trkpt>
      <trkpt lat="-51.06816" lon="-73.09842">
        <ele>62.62</ele>
      </trkpt>
      <trkpt lat="-51.0681" lon="-73.09854">
        <ele>62.84</ele>
      </trkpt>
      <trkpt lat="-51.068" lon="-73.09868">
        <ele>63.95</ele>
      </trkpt>
      <trkpt lat="-51.06789" lon="-73.09882">
        <ele>64.34</ele>
      </trkpt>
      <trkpt lat="-51.06775" lon="-73.09898">
        <ele>63.95</ele>
      </trkpt>
      <trkpt lat="-51.0677" lon="-73.0992">
        <ele>63.19</ele>
      </trkpt>
      <trkpt lat="-51.06768" lon="-73.09933">
        <ele>63.55</ele>
      </trkpt>
      <trkpt lat="-51.06763" lon="-73.09941">
        <ele>63.55</ele>
      </trkpt>
      <trkpt lat="-51.06759" lon="-73.09952">
        <ele>63.32</ele>
      </trkpt>
      <trkpt lat="-51.06755" lon="-73.09964">
        <ele>62.86</ele>
      </trkpt>
      <trkpt lat="-51.06749" lon="-73.09976">
        <ele>61.97</ele>
      </trkpt>
      <trkpt lat="-51.06747" lon="-73.09984">
        <ele>61.9</ele>
      </trkpt>
      <trkpt lat="-51.06745" lon="-73.09994">
        <ele>61.76</ele>
      </trkpt>
      <trkpt lat="-51.0674" lon="-73.10009">
        <ele>62.84</ele>
      </trkpt>
      <trkpt lat="-51.06736" lon="-73.10027">
        <ele>64.95</ele>
      </trkpt>
      <trkpt lat="-51.06732" lon="-73.10041">
        <ele>67.5</ele>
      </trkpt>
      <trkpt lat="-51.0673" lon="-73.10054">
        <ele>69.66</ele>
      </trkpt>
      <trkpt lat="-51.06731" lon="-73.10066">
        <ele>71.08</ele>
      </trkpt>
      <trkpt lat="-51.0672" lon="-73.10092">
        <ele>73.82</ele>
      </trkpt>
      <trkpt lat="-51.0672" lon="-73.101">
        <ele>74.06</ele>
      </trkpt>
      <trkpt lat="-51.0672" lon="-73.10108">
        <ele>74.31</ele>
      </trkpt>
      <trkpt lat="-51.0672" lon="-73.10115">
        <ele>74.13</ele>
      </trkpt>
      <trkpt lat="-51.0672" lon="-73.10123">
        <ele>73.58</ele>
      </trkpt>
      <trkpt lat="-51.0672" lon="-73.10131">
        <ele>73.03</ele>
      </trkpt>
      <trkpt lat="-51.0672" lon="-73.10138">
        <ele>72.54</ele>
      </trkpt>
      <trkpt lat="-51.0672" lon="-73.10147">
        <ele>71.34</ele>
      </trkpt>
      <trkpt lat="-51.0672" lon="-73.10155">
        <ele>70.21</ele>
      </trkpt>
      <trkpt lat="-51.0672" lon="-73.10162">
        <ele>69.22</ele>
      </trkpt>
      <trkpt lat="-51.06719" lon="-73.1017">
        <ele>68.98</ele>
      </trkpt>
      <trkpt lat="-51.06717" lon="-73.10178">
        <ele>69.75</ele>
      </trkpt>
      <trkpt lat="-51.06715" lon="-73.10184">
        <ele>70.26</ele>
      </trkpt>
      <trkpt lat="-51.06712" lon="-73.1019">
        <ele>70.71</ele>
      </trkpt>
      <trkpt lat="-51.06709" lon="-73.10195">
        <ele>71.2</ele>
      </trkpt>
      <trkpt lat="-51.06705" lon="-73.10202">
        <ele>73.42</ele>
      </trkpt>
      <trkpt lat="-51.06702" lon="-73.10207">
        <ele>73.67</ele>
      </trkpt>
      <trkpt lat="-51.06699" lon="-73.10213">
        <ele>72.85</ele>
      </trkpt>
      <trkpt lat="-51.06695" lon="-73.10219">
        <ele>69.82</ele>
      </trkpt>
      <trkpt lat="-51.06693" lon="-73.10226">
        <ele>69.03</ele>
      </trkpt>
      <trkpt lat="-51.0669" lon="-73.10232">
        <ele>69.2</ele>
      </trkpt>
      <trkpt lat="-51.06687" lon="-73.10238">
        <ele>69.32</ele>
      </trkpt>
      <trkpt lat="-51.06684" lon="-73.10243">
        <ele>69.48</ele>
      </trkpt>
      <trkpt lat="-51.06679" lon="-73.10249">
        <ele>69.87</ele>
      </trkpt>
      <trkpt lat="-51.06675" lon="-73.10253">
        <ele>70.38</ele>
      </trkpt>
      <trkpt lat="-51.06672" lon="-73.10257">
        <ele>70.68</ele>
      </trkpt>
      <trkpt lat="-51.06669" lon="-73.10264">
        <ele>70.7</ele>
      </trkpt>
      <trkpt lat="-51.06669" lon="-73.10264">
        <ele>70.7</ele>
      </trkpt>
      <trkpt lat="-51.06649" lon="-73.10327">
        <ele>72.55</ele>
      </trkpt>
      <trkpt lat="-51.06649" lon="-73.10327">
        <ele>72.55</ele>
      </trkpt>
      <trkpt lat="-51.06652" lon="-73.10331">
        <ele>72.49</ele>
      </trkpt>
      <trkpt lat="-51.06645" lon="-73.10362">
        <ele>73.45</ele>
      </trkpt>
      <trkpt lat="-51.06643" lon="-73.10378">
        <ele>73.48</ele>
      </trkpt>
      <trkpt lat="-51.0664" lon="-73.10391">
        <ele>73.09</ele>
      </trkpt>
      <trkpt lat="-51.06635" lon="-73.10408">
        <ele>72.5</ele>
      </trkpt>
      <trkpt lat="-51.06629" lon="-73.10422">
        <ele>72.34</ele>
      </trkpt>
      <trkpt lat="-51.06628" lon="-73.10432">
        <ele>72.29</ele>
      </trkpt>
      <trkpt lat="-51.06626" lon="-73.10442">
        <ele>72.11</ele>
      </trkpt>
      <trkpt lat="-51.06624" lon="-73.10451">
        <ele>72.27</ele>
      </trkpt>
      <trkpt lat="-51.06621" lon="-73.10465">
        <ele>72.72</ele>
      </trkpt>
      <trkpt lat="-51.0662" lon="-73.10483">
        <ele>73.35</ele>
      </trkpt>
      <trkpt lat="-51.06618" lon="-73.10502">
        <ele>73.73</ele>
      </trkpt>
      <trkpt lat="-51.06617" lon="-73.10519">
        <ele>73.49</ele>
      </trkpt>
      <trkpt lat="-51.06616" lon="-73.10547">
        <ele>74.17</ele>
      </trkpt>
      <trkpt lat="-51.06614" lon="-73.10566">
        <ele>74.35</ele>
      </trkpt>
      <trkpt lat="-51.06614" lon="-73.10583">
        <ele>74.41</ele>
      </trkpt>
      <trkpt lat="-51.06614" lon="-73.10597">
        <ele>73.53</ele>
      </trkpt>
      <trkpt lat="-51.06611" lon="-73.10618">
        <ele>71.76</ele>
      </trkpt>
      <trkpt lat="-51.06605" lon="-73.10651">
        <ele>71.88</ele>
      </trkpt>
      <trkpt lat="-51.06597" lon="-73.10677">
        <ele>74.5</ele>
      </trkpt>
      <trkpt lat="-51.06592" lon="-73.10702">
        <ele>77.9</ele>
      </trkpt>
      <trkpt lat="-51.06584" lon="-73.10749">
        <ele>80.06</ele>
      </trkpt>
      <trkpt lat="-51.06581" lon="-73.10765">
        <ele>80.42</ele>
      </trkpt>
      <trkpt lat="-51.06579" lon="-73.10783">
        <ele>80.75</ele>
      </trkpt>
      <trkpt lat="-51.06576" lon="-73.10808">
        <ele>81.16</ele>
      </trkpt>
      <trkpt lat="-51.06573" lon="-73.10833">
        <ele>82.36</ele>
      </trkpt>
      <trkpt lat="-51.06572" lon="-73.1085">
        <ele>84.07</ele>
      </trkpt>
      <trkpt lat="-51.06571" lon="-73.10862">
        <ele>85.19</ele>
      </trkpt>
      <trkpt lat="-51.06567" lon="-73.10884">
        <ele>86.96</ele>
      </trkpt>
      <trkpt lat="-51.06566" lon="-73.10896">
        <ele>88.34</ele>
      </trkpt>
      <trkpt lat="-51.06566" lon="-73.10914">
        <ele>90.77</ele>
      </trkpt>
      <trkpt lat="-51.06566" lon="-73.10928">
        <ele>92.71</ele>
      </trkpt>
      <trkpt lat="-51.06564" lon="-73.10939">
        <ele>93.74</ele>
      </trkpt>
      <trkpt lat="-51.06564" lon="-73.10958">
        <ele>97.66</ele>
      </trkpt>
      <trkpt lat="-51.06559" lon="-73.10975">
        <ele>100.12</ele>
      </trkpt>
      <trkpt lat="-51.06551" lon="-73.10984">
        <ele>101.7</ele>
      </trkpt>
      <trkpt lat="-51.06546" lon="-73.10996">
        <ele>104.87</ele>
      </trkpt>
      <trkpt lat="-51.0654" lon="-73.10994">
        <ele>103.86</ele>
      </trkpt>
      <trkpt lat="-51.06535" lon="-73.11002">
        <ele>105.25</ele>
      </trkpt>
      <trkpt lat="-51.06531" lon="-73.11004">
        <ele>105.25</ele>
      </trkpt>
      <trkpt lat="-51.06531" lon="-73.11009">
        <ele>106.37</ele>
      </trkpt>
      <trkpt lat="-51.06533" lon="-73.11014">
        <ele>107.78</ele>
      </trkpt>
      <trkpt lat="-51.06532" lon="-73.1102">
        <ele>108.99</ele>
      </trkpt>
      <trkpt lat="-51.06532" lon="-73.11025">
        <ele>110.13</ele>
      </trkpt>
      <trkpt lat="-51.06529" lon="-73.1103">
        <ele>110.61</ele>
      </trkpt>
      <trkpt lat="-51.06525" lon="-73.11034">
        <ele>110.88</ele>
      </trkpt>
      <trkpt lat="-51.06524" lon="-73.11037">
        <ele>111.3</ele>
      </trkpt>
      <trkpt lat="-51.06524" lon="-73.11042">
        <ele>112.15</ele>
      </trkpt>
      <trkpt lat="-51.06527" lon="-73.11053">
        <ele>114.43</ele>
      </trkpt>
      <trkpt lat="-51.06525" lon="-73.11065">
        <ele>115.59</ele>
      </trkpt>
      <trkpt lat="-51.06521" lon="-73.11076">
        <ele>116.05</ele>
      </trkpt>
      <trkpt lat="-51.06518" lon="-73.11088">
        <ele>116.73</ele>
      </trkpt>
      <trkpt lat="-51.06516" lon="-73.11095">
        <ele>117.03</ele>
      </trkpt>
      <trkpt lat="-51.06514" lon="-73.11104">
        <ele>117.39</ele>
      </trkpt>
      <trkpt lat="-51.06508" lon="-73.11114">
        <ele>116.62</ele>
      </trkpt>
      <trkpt lat="-51.06502" lon="-73.11131">
        <ele>116.72</ele>
      </trkpt>
      <trkpt lat="-51.06502" lon="-73.11141">
        <ele>117.8</ele>
      </trkpt>
      <trkpt lat="-51.06502" lon="-73.11148">
        <ele>118.56</ele>
      </trkpt>
      <trkpt lat="-51.06499" lon="-73.11158">
        <ele>119.03</ele>
      </trkpt>
      <trkpt lat="-51.065" lon="-73.1117">
        <ele>120.12</ele>
      </trkpt>
      <trkpt lat="-51.06498" lon="-73.1118">
        <ele>120.48</ele>
      </trkpt>
      <trkpt lat="-51.06497" lon="-73.11194">
        <ele>121.09</ele>
      </trkpt>
      <trkpt lat="-51.06494" lon="-73.11204">
        <ele>122.47</ele>
      </trkpt>
      <trkpt lat="-51.06487" lon="-73.11211">
        <ele>124.09</ele>
      </trkpt>
      <trkpt lat="-51.06483" lon="-73.11223">
        <ele>126.7</ele>
      </trkpt>
      <trkpt lat="-51.06476" lon="-73.11239">
        <ele>132.09</ele>
      </trkpt>
      <trkpt lat="-51.06464" lon="-73.11262">
        <ele>136.39</ele>
      </trkpt>
      <trkpt lat="-51.06457" lon="-73.11277">
        <ele>138.86</ele>
      </trkpt>
      <trkpt lat="-51.06451" lon="-73.11288">
        <ele>139.54</ele>
      </trkpt>
      <trkpt lat="-51.06445" lon="-73.11294">
        <ele>139.61</ele>
      </trkpt>
      <trkpt lat="-51.06439" lon="-73.11299">
        <ele>140.1</ele>
      </trkpt>
      <trkpt lat="-51.0643" lon="-73.11301">
        <ele>140.61</ele>
      </trkpt>
      <trkpt lat="-51.06424" lon="-73.113">
        <ele>140.98</ele>
      </trkpt>
      <trkpt lat="-51.06418" lon="-73.11304">
        <ele>141.06</ele>
      </trkpt>
      <trkpt lat="-51.06412" lon="-73.11304">
        <ele>142.63</ele>
      </trkpt>
      <trkpt lat="-51.06398" lon="-73.11305">
        <ele>147.1</ele>
      </trkpt>
      <trkpt lat="-51.06392" lon="-73.11306">
        <ele>149.01</ele>
      </trkpt>
      <trkpt lat="-51.06386" lon="-73.1131">
        <ele>150.96</ele>
      </trkpt>
      <trkpt lat="-51.06384" lon="-73.11311">
        <ele>151.54</ele>
      </trkpt>
      <trkpt lat="-51.0638" lon="-73.1131">
        <ele>152.62</ele>
      </trkpt>
      <trkpt lat="-51.06377" lon="-73.11313">
        <ele>153.46</ele>
      </trkpt>
      <trkpt lat="-51.06372" lon="-73.11314">
        <ele>154.8</ele>
      </trkpt>
      <trkpt lat="-51.06365" lon="-73.11318">
        <ele>156.56</ele>
      </trkpt>
      <trkpt lat="-51.06355" lon="-73.11317">
        <ele>158.03</ele>
      </trkpt>
      <trkpt lat="-51.06344" lon="-73.11304">
        <ele>159.27</ele>
      </trkpt>
      <trkpt lat="-51.06339" lon="-73.11304">
        <ele>159.64</ele>
      </trkpt>
      <trkpt lat="-51.06333" lon="-73.1131">
        <ele>159.87</ele>
      </trkpt>
      <trkpt lat="-51.06324" lon="-73.11312">
        <ele>160.67</ele>
      </trkpt>
      <trkpt lat="-51.06294" lon="-73.11327">
        <ele>164.79</ele>
      </trkpt>
      <trkpt lat="-51.06287" lon="-73.11331">
        <ele>165.84</ele>
      </trkpt>
      <trkpt lat="-51.06277" lon="-73.11331">
        <ele>166.75</ele>
      </trkpt>
      <trkpt lat="-51.0627" lon="-73.11331">
        <ele>165.99</ele>
      </trkpt>
      <trkpt lat="-51.06264" lon="-73.11333">
        <ele>165.49</ele>
      </trkpt>
      <trkpt lat="-51.06257" lon="-73.11332">
        <ele>164.66</ele>
      </trkpt>
      <trkpt lat="-51.06251" lon="-73.1133">
        <ele>163.87</ele>
      </trkpt>
      <trkpt lat="-51.06245" lon="-73.11326">
        <ele>163.47</ele>
      </trkpt>
      <trkpt lat="-51.06242" lon="-73.11329">
        <ele>163.69</ele>
      </trkpt>
      <trkpt lat="-51.06236" lon="-73.11334">
        <ele>164.07</ele>
      </trkpt>
      <trkpt lat="-51.06235" lon="-73.11338">
        <ele>164.49</ele>
      </trkpt>
      <trkpt lat="-51.06232" lon="-73.11341">
        <ele>164.75</ele>
      </trkpt>
      <trkpt lat="-51.0623" lon="-73.11342">
        <ele>164.8</ele>
      </trkpt>
      <trkpt lat="-51.06227" lon="-73.11346">
        <ele>165.07</ele>
      </trkpt>
      <trkpt lat="-51.06225" lon="-73.11348">
        <ele>165.16</ele>
      </trkpt>
      <trkpt lat="-51.0622" lon="-73.11355">
        <ele>165.84</ele>
      </trkpt>
      <trkpt lat="-51.06216" lon="-73.11357">
        <ele>166.44</ele>
      </trkpt>
      <trkpt lat="-51.06212" lon="-73.11359">
        <ele>167.01</ele>
      </trkpt>
      <trkpt lat="-51.06204" lon="-73.11362">
        <ele>167.99</ele>
      </trkpt>
      <trkpt lat="-51.062" lon="-73.11363">
        <ele>168.43</ele>
      </trkpt>
      <trkpt lat="-51.06195" lon="-73.11368">
        <ele>168.95</ele>
      </trkpt>
      <trkpt lat="-51.0619" lon="-73.1137">
        <ele>168.63</ele>
      </trkpt>
      <trkpt lat="-51.06184" lon="-73.11379">
        <ele>168.01</ele>
      </trkpt>
      <trkpt lat="-51.06181" lon="-73.1138">
        <ele>167.7</ele>
      </trkpt>
      <trkpt lat="-51.06177" lon="-73.1138">
        <ele>167.32</ele>
      </trkpt>
      <trkpt lat="-51.06174" lon="-73.1138">
        <ele>167.03</ele>
      </trkpt>
      <trkpt lat="-51.0617" lon="-73.11378">
        <ele>166.7</ele>
      </trkpt>
      <trkpt lat="-51.06166" lon="-73.11379">
        <ele>166.33</ele>
      </trkpt>
      <trkpt lat="-51.06162" lon="-73.11378">
        <ele>166.19</ele>
      </trkpt>
      <trkpt lat="-51.06158" lon="-73.11377">
        <ele>166.03</ele>
      </trkpt>
      <trkpt lat="-51.06149" lon="-73.11374">
        <ele>165.51</ele>
      </trkpt>
      <trkpt lat="-51.06144" lon="-73.1137">
        <ele>165.02</ele>
      </trkpt>
      <trkpt lat="-51.06135" lon="-73.11368">
        <ele>165.41</ele>
      </trkpt>
      <trkpt lat="-51.06125" lon="-73.11368">
        <ele>167.75</ele>
      </trkpt>
      <trkpt lat="-51.06113" lon="-73.11373">
        <ele>170.58</ele>
      </trkpt>
      <trkpt lat="-51.06104" lon="-73.11372">
        <ele>172.54</ele>
      </trkpt>
      <trkpt lat="-51.06099" lon="-73.11371">
        <ele>173.62</ele>
      </trkpt>
      <trkpt lat="-51.06093" lon="-73.11379">
        <ele>174.91</ele>
      </trkpt>
      <trkpt lat="-51.06082" lon="-73.11381">
        <ele>177.36</ele>
      </trkpt>
      <trkpt lat="-51.06078" lon="-73.11379">
        <ele>178.4</ele>
      </trkpt>
      <trkpt lat="-51.06069" lon="-73.11383">
        <ele>180.91</ele>
      </trkpt>
      <trkpt lat="-51.06057" lon="-73.11387">
        <ele>184.46</ele>
      </trkpt>
      <trkpt lat="-51.06047" lon="-73.11392">
        <ele>185.49</ele>
      </trkpt>
      <trkpt lat="-51.06033" lon="-73.114">
        <ele>186.86</ele>
      </trkpt>
      <trkpt lat="-51.06008" lon="-73.1143">
        <ele>190.37</ele>
      </trkpt>
      <trkpt lat="-51.05995" lon="-73.11441">
        <ele>193.04</ele>
      </trkpt>
      <trkpt lat="-51.05977" lon="-73.11451">
        <ele>196.11</ele>
      </trkpt>
      <trkpt lat="-51.05967" lon="-73.11464">
        <ele>198.24</ele>
      </trkpt>
      <trkpt lat="-51.05961" lon="-73.1148">
        <ele>200.69</ele>
      </trkpt>
      <trkpt lat="-51.05953" lon="-73.11498">
        <ele>202.33</ele>
      </trkpt>
      <trkpt lat="-51.05948" lon="-73.11516">
        <ele>204.37</ele>
      </trkpt>
      <trkpt lat="-51.05947" lon="-73.11537">
        <ele>205.67</ele>
      </trkpt>
      <trkpt lat="-51.0595" lon="-73.11549">
        <ele>205.38</ele>
      </trkpt>
      <trkpt lat="-51.05956" lon="-73.11563">
        <ele>205.92</ele>
      </trkpt>
      <trkpt lat="-51.05957" lon="-73.11584">
        <ele>205.73</ele>
      </trkpt>
      <trkpt lat="-51.05957" lon="-73.116">
        <ele>206.1</ele>
      </trkpt>
      <trkpt lat="-51.05956" lon="-73.11612">
        <ele>206.34</ele>
      </trkpt>
      <trkpt lat="-51.0596" lon="-73.11622">
        <ele>207.59</ele>
      </trkpt>
      <trkpt lat="-51.05964" lon="-73.11636">
        <ele>208.8</ele>
      </trkpt>
      <trkpt lat="-51.05967" lon="-73.11647">
        <ele>209.93</ele>
      </trkpt>
      <trkpt lat="-51.0597" lon="-73.1166">
        <ele>211.34</ele>
      </trkpt>
      <trkpt lat="-51.05973" lon="-73.11672">
        <ele>212.83</ele>
      </trkpt>
      <trkpt lat="-51.05976" lon="-73.11683">
        <ele>214.44</ele>
      </trkpt>
      <trkpt lat="-51.05976" lon="-73.11696">
        <ele>215.97</ele>
      </trkpt>
      <trkpt lat="-51.05976" lon="-73.11708">
        <ele>216.77</ele>
      </trkpt>
      <trkpt lat="-51.05974" lon="-73.11721">
        <ele>217.79</ele>
      </trkpt>
      <trkpt lat="-51.0597" lon="-73.11731">
        <ele>218.58</ele>
      </trkpt>
      <trkpt lat="-51.05966" lon="-73.11738">
        <ele>219.37</ele>
      </trkpt>
      <trkpt lat="-51.0596" lon="-73.11746">
        <ele>220.55</ele>
      </trkpt>
      <trkpt lat="-51.05957" lon="-73.11759">
        <ele>221.78</ele>
      </trkpt>
      <trkpt lat="-51.05956" lon="-73.11772">
        <ele>222.65</ele>
      </trkpt>
      <trkpt lat="-51.05956" lon="-73.11784">
        <ele>223.99</ele>
      </trkpt>
      <trkpt lat="-51.05957" lon="-73.11793">
        <ele>225.44</ele>
      </trkpt>
      <trkpt lat="-51.05962" lon="-73.118">
        <ele>226.71</ele>
      </trkpt>
      <trkpt lat="-51.05967" lon="-73.11806">
        <ele>227.84</ele>
      </trkpt>
      <trkpt lat="-51.0597" lon="-73.11816">
        <ele>228.64</ele>
      </trkpt>
      <trkpt lat="-51.05968" lon="-73.11824">
        <ele>229.08</ele>
      </trkpt>
      <trkpt lat="-51.05966" lon="-73.11834">
        <ele>229.5</ele>
      </trkpt>
      <trkpt lat="-51.05966" lon="-73.11839">
        <ele>229.1</ele>
      </trkpt>
      <trkpt lat="-51.05965" lon="-73.11848">
        <ele>228.29</ele>
      </trkpt>
      <trkpt lat="-51.05964" lon="-73.11856">
        <ele>227.53</ele>
      </trkpt>
      <trkpt lat="-51.05962" lon="-73.11861">
        <ele>226.91</ele>
      </trkpt>
      <trkpt lat="-51.05956" lon="-73.11867">
        <ele>225.58</ele>
      </trkpt>
      <trkpt lat="-51.05943" lon="-73.11878">
        <ele>222.42</ele>
      </trkpt>
      <trkpt lat="-51.05935" lon="-73.11885">
        <ele>220.34</ele>
      </trkpt>
      <trkpt lat="-51.05922" lon="-73.1189">
        <ele>217.62</ele>
      </trkpt>
      <trkpt lat="-51.0592" lon="-73.11887">
        <ele>217.93</ele>
      </trkpt>
      <trkpt lat="-51.05917" lon="-73.11885">
        <ele>218.02</ele>
      </trkpt>
      <trkpt lat="-51.05914" lon="-73.11887">
        <ele>218.03</ele>
      </trkpt>
      <trkpt lat="-51.05911" lon="-73.11891">
        <ele>217.98</ele>
      </trkpt>
      <trkpt lat="-51.05901" lon="-73.11901">
        <ele>218.83</ele>
      </trkpt>
      <trkpt lat="-51.05895" lon="-73.11907">
        <ele>219.22</ele>
      </trkpt>
      <trkpt lat="-51.05888" lon="-73.11921">
        <ele>218.91</ele>
      </trkpt>
      <trkpt lat="-51.05879" lon="-73.11929">
        <ele>220.6</ele>
      </trkpt>
      <trkpt lat="-51.05868" lon="-73.11935">
        <ele>222.94</ele>
      </trkpt>
      <trkpt lat="-51.05868" lon="-73.11935">
        <ele>222.94</ele>
      </trkpt>
      <trkpt lat="-51.05854" lon="-73.11934">
        <ele>225.23</ele>
      </trkpt>
      <trkpt lat="-51.05849" lon="-73.11942">
        <ele>224.37</ele>
      </trkpt>
      <trkpt lat="-51.05839" lon="-73.11944">
        <ele>224.1</ele>
      </trkpt>
      <trkpt lat="-51.05825" lon="-73.11946">
        <ele>225.97</ele>
      </trkpt>
      <trkpt lat="-51.05815" lon="-73.11945">
        <ele>228.59</ele>
      </trkpt>
      <trkpt lat="-51.05803" lon="-73.11951">
        <ele>230.44</ele>
      </trkpt>
      <trkpt lat="-51.05789" lon="-73.1195">
        <ele>228.65</ele>
      </trkpt>
      <trkpt lat="-51.05774" lon="-73.11954">
        <ele>226.51</ele>
      </trkpt>
      <trkpt lat="-51.05759" lon="-73.11955">
        <ele>223.04</ele>
      </trkpt>
      <trkpt lat="-51.05754" lon="-73.1196">
        <ele>220.68</ele>
      </trkpt>
      <trkpt lat="-51.05746" lon="-73.11967">
        <ele>216.52</ele>
      </trkpt>
      <trkpt lat="-51.05704" lon="-73.11988">
        <ele>213.96</ele>
      </trkpt>
      <trkpt lat="-51.05654" lon="-73.12047">
        <ele>211.1</ele>
      </trkpt>
      <trkpt lat="-51.05634" lon="-73.12069">
        <ele>210.49</ele>
      </trkpt>
      <trkpt lat="-51.05625" lon="-73.12081">
        <ele>208.38</ele>
      </trkpt>
      <trkpt lat="-51.05617" lon="-73.12089">
        <ele>206.99</ele>
      </trkpt>
      <trkpt lat="-51.05614" lon="-73.1209">
        <ele>206.68</ele>
      </trkpt>
      <trkpt lat="-51.05565" lon="-73.12153">
        <ele>206.27</ele>
      </trkpt>
      <trkpt lat="-51.05563" lon="-73.12208">
        <ele>211.75</ele>
      </trkpt>
      <trkpt lat="-51.05546" lon="-73.12273">
        <ele>212.06</ele>
      </trkpt>
      <trkpt lat="-51.05546" lon="-73.12275">
        <ele>211.92</ele>
      </trkpt>
      <trkpt lat="-51.05543" lon="-73.12291">
        <ele>210.83</ele>
      </trkpt>
      <trkpt lat="-51.05547" lon="-73.12309">
        <ele>208.09</ele>
      </trkpt>
      <trkpt lat="-51.05543" lon="-73.12325">
        <ele>206.53</ele>
      </trkpt>
      <trkpt lat="-51.05545" lon="-73.12349">
        <ele>205.57</ele>
      </trkpt>
      <trkpt lat="-51.05541" lon="-73.12377">
        <ele>207.46</ele>
      </trkpt>
      <trkpt lat="-51.05523" lon="-73.12406">
        <ele>211.26</ele>
      </trkpt>
      <trkpt lat="-51.05496" lon="-73.12434">
        <ele>215.17</ele>
      </trkpt>
      <trkpt lat="-51.05487" lon="-73.12462">
        <ele>215.8</ele>
      </trkpt>
      <trkpt lat="-51.05487" lon="-73.12462">
        <ele>215.8</ele>
      </trkpt>
      <trkpt lat="-51.05485" lon="-73.12468">
        <ele>215.49</ele>
      </trkpt>
      <trkpt lat="-51.0545" lon="-73.12534">
        <ele>218.07</ele>
      </trkpt>
      <trkpt lat="-51.0545" lon="-73.12572">
        <ele>220.07</ele>
      </trkpt>
      <trkpt lat="-51.05428" lon="-73.12614">
        <ele>228.84</ele>
      </trkpt>
      <trkpt lat="-51.05417" lon="-73.12633">
        <ele>231.33</ele>
      </trkpt>
      <trkpt lat="-51.05413" lon="-73.12651">
        <ele>229.59</ele>
      </trkpt>
      <trkpt lat="-51.05408" lon="-73.12662">
        <ele>228.35</ele>
      </trkpt>
      <trkpt lat="-51.05404" lon="-73.12671">
        <ele>227.27</ele>
      </trkpt>
      <trkpt lat="-51.05398" lon="-73.12687">
        <ele>225.67</ele>
      </trkpt>
      <trkpt lat="-51.05393" lon="-73.12698">
        <ele>225.02</ele>
      </trkpt>
      <trkpt lat="-51.05386" lon="-73.12707">
        <ele>225.21</ele>
      </trkpt>
      <trkpt lat="-51.05371" lon="-73.12721">
        <ele>226.97</ele>
      </trkpt>
      <trkpt lat="-51.05342" lon="-73.12764">
        <ele>221.08</ele>
      </trkpt>
      <trkpt lat="-51.05321" lon="-73.12834">
        <ele>206.63</ele>
      </trkpt>
      <trkpt lat="-51.05318" lon="-73.12857">
        <ele>205.02</ele>
      </trkpt>
      <trkpt lat="-51.05298" lon="-73.12899">
        <ele>201.19</ele>
      </trkpt>
      <trkpt lat="-51.05267" lon="-73.12936">
        <ele>203.04</ele>
      </trkpt>
      <trkpt lat="-51.05237" lon="-73.12993">
        <ele>204.31</ele>
      </trkpt>
      <trkpt lat="-51.05231" lon="-73.12998">
        <ele>204.49</ele>
      </trkpt>
      <trkpt lat="-51.05222" lon="-73.13003">
        <ele>204.58</ele>
      </trkpt>
      <trkpt lat="-51.05211" lon="-73.13019">
        <ele>202.94</ele>
      </trkpt>
      <trkpt lat="-51.052" lon="-73.13029">
        <ele>202.47</ele>
      </trkpt>
      <trkpt lat="-51.05175" lon="-73.13056">
        <ele>201.35</ele>
      </trkpt>
      <trkpt lat="-51.05132" lon="-73.13149">
        <ele>197.06</ele>
      </trkpt>
      <trkpt lat="-51.05123" lon="-73.13181">
        <ele>195.48</ele>
      </trkpt>
      <trkpt lat="-51.05104" lon="-73.13215">
        <ele>196.09</ele>
      </trkpt>
      <trkpt lat="-51.05033" lon="-73.13314">
        <ele>198.34</ele>
      </trkpt>
      <trkpt lat="-51.04961" lon="-73.13401">
        <ele>210.68</ele>
      </trkpt>
      <trkpt lat="-51.04926" lon="-73.13443">
        <ele>218.3</ele>
      </trkpt>
      <trkpt lat="-51.04875" lon="-73.13548">
        <ele>227.09</ele>
      </trkpt>
      <trkpt lat="-51.0487" lon="-73.13557">
        <ele>228.47</ele>
      </trkpt>
      <trkpt lat="-51.04864" lon="-73.13561">
        <ele>229.7</ele>
      </trkpt>
      <trkpt lat="-51.04849" lon="-73.13588">
        <ele>233.52</ele>
      </trkpt>
      <trkpt lat="-51.04845" lon="-73.13612">
        <ele>235.93</ele>
      </trkpt>
      <trkpt lat="-51.04843" lon="-73.1362">
        <ele>236.58</ele>
      </trkpt>
      <trkpt lat="-51.04841" lon="-73.13628">
        <ele>237.23</ele>
      </trkpt>
      <trkpt lat="-51.04839" lon="-73.13636">
        <ele>237.88</ele>
      </trkpt>
      <trkpt lat="-51.04837" lon="-73.13644">
        <ele>238.71</ele>
      </trkpt>
      <trkpt lat="-51.04836" lon="-73.13651">
        <ele>239.39</ele>
      </trkpt>
      <trkpt lat="-51.04834" lon="-73.1366">
        <ele>240.4</ele>
      </trkpt>
      <trkpt lat="-51.04834" lon="-73.13667">
        <ele>240.86</ele>
      </trkpt>
      <trkpt lat="-51.04831" lon="-73.13674">
        <ele>240.83</ele>
      </trkpt>
      <trkpt lat="-51.04827" lon="-73.13679">
        <ele>241.13</ele>
      </trkpt>
      <trkpt lat="-51.04822" lon="-73.13683">
        <ele>241.7</ele>
      </trkpt>
      <trkpt lat="-51.04818" lon="-73.13686">
        <ele>242.2</ele>
      </trkpt>
      <trkpt lat="-51.04813" lon="-73.13691">
        <ele>242.82</ele>
      </trkpt>
      <trkpt lat="-51.04806" lon="-73.13695">
        <ele>243.88</ele>
      </trkpt>
      <trkpt lat="-51.04802" lon="-73.13696">
        <ele>244.41</ele>
      </trkpt>
      <trkpt lat="-51.048" lon="-73.13696">
        <ele>244.7</ele>
      </trkpt>
      <trkpt lat="-51.04785" lon="-73.1373">
        <ele>245.21</ele>
      </trkpt>
      <trkpt lat="-51.04785" lon="-73.13731">
        <ele>245.15</ele>
      </trkpt>
      <trkpt lat="-51.04774" lon="-73.13764">
        <ele>245.18</ele>
      </trkpt>
      <trkpt lat="-51.04774" lon="-73.13771">
        <ele>244.92</ele>
      </trkpt>
      <trkpt lat="-51.04772" lon="-73.1378">
        <ele>244.96</ele>
      </trkpt>
      <trkpt lat="-51.0477" lon="-73.13786">
        <ele>245.1</ele>
      </trkpt>
      <trkpt lat="-51.04767" lon="-73.13792">
        <ele>245.43</ele>
      </trkpt>
      <trkpt lat="-51.04763" lon="-73.13799">
        <ele>245.9</ele>
      </trkpt>
      <trkpt lat="-51.0476" lon="-73.13805">
        <ele>246.22</ele>
      </trkpt>
      <trkpt lat="-51.04757" lon="-73.13812">
        <ele>246.51</ele>
      </trkpt>
      <trkpt lat="-51.04754" lon="-73.13818">
        <ele>246.83</ele>
      </trkpt>
      <trkpt lat="-51.04751" lon="-73.13827">
        <ele>247.05</ele>
      </trkpt>
      <trkpt lat="-51.04748" lon="-73.13833">
        <ele>247.23</ele>
      </trkpt>
      <trkpt lat="-51.04742" lon="-73.1384">
        <ele>247.14</ele>
      </trkpt>
      <trkpt lat="-51.04737" lon="-73.13847">
        <ele>246.93</ele>
      </trkpt>
      <trkpt lat="-51.04733" lon="-73.13851">
        <ele>246.93</ele>
      </trkpt>
      <trkpt lat="-51.04728" lon="-73.13855">
        <ele>247.04</ele>
      </trkpt>
      <trkpt lat="-51.04724" lon="-73.13859">
        <ele>247.04</ele>
      </trkpt>
      <trkpt lat="-51.04719" lon="-73.13863">
        <ele>247.15</ele>
      </trkpt>
      <trkpt lat="-51.04714" lon="-73.13866">
        <ele>247.41</ele>
      </trkpt>
      <trkpt lat="-51.0471" lon="-73.13871">
        <ele>247.41</ele>
      </trkpt>
      <trkpt lat="-51.0471" lon="-73.13871">
        <ele>247.41</ele>
      </trkpt>
      <trkpt lat="-51.04677" lon="-73.13908">
        <ele>248.25</ele>
      </trkpt>
      <trkpt lat="-51.04677" lon="-73.13908">
        <ele>248.25</ele>
      </trkpt>
      <trkpt lat="-51.04677" lon="-73.13908">
        <ele>248.25</ele>
      </trkpt>
      <trkpt lat="-51.04675" lon="-73.13912">
        <ele>248.19</ele>
      </trkpt>
      <trkpt lat="-51.04665" lon="-73.13928">
        <ele>248.48</ele>
      </trkpt>
      <trkpt lat="-51.04659" lon="-73.1394">
        <ele>248.7</ele>
      </trkpt>
      <trkpt lat="-51.0465" lon="-73.13955">
        <ele>249.24</ele>
      </trkpt>
      <trkpt lat="-51.04636" lon="-73.13969">
        <ele>250.75</ele>
      </trkpt>
      <trkpt lat="-51.04623" lon="-73.13981">
        <ele>252.23</ele>
      </trkpt>
      <trkpt lat="-51.0461" lon="-73.13993">
        <ele>253.7</ele>
      </trkpt>
      <trkpt lat="-51.04601" lon="-73.14007">
        <ele>254.57</ele>
      </trkpt>
      <trkpt lat="-51.04583" lon="-73.14023">
        <ele>257.23</ele>
      </trkpt>
      <trkpt lat="-51.04551" lon="-73.1407">
        <ele>259.62</ele>
      </trkpt>
      <trkpt lat="-51.04532" lon="-73.14094">
        <ele>260.36</ele>
      </trkpt>
      <trkpt lat="-51.04525" lon="-73.14118">
        <ele>258.75</ele>
      </trkpt>
      <trkpt lat="-51.04513" lon="-73.14132">
        <ele>258.29</ele>
      </trkpt>
      <trkpt lat="-51.04492" lon="-73.14158">
        <ele>257.66</ele>
      </trkpt>
      <trkpt lat="-51.04483" lon="-73.14167">
        <ele>258.64</ele>
      </trkpt>
      <trkpt lat="-51.04478" lon="-73.14177">
        <ele>258.71</ele>
      </trkpt>
      <trkpt lat="-51.04471" lon="-73.14185">
        <ele>259.27</ele>
      </trkpt>
      <trkpt lat="-51.04447" lon="-73.14221">
        <ele>260.67</ele>
      </trkpt>
      <trkpt lat="-51.04439" lon="-73.14237">
        <ele>261.01</ele>
      </trkpt>
      <trkpt lat="-51.04433" lon="-73.14248">
        <ele>261.23</ele>
      </trkpt>
      <trkpt lat="-51.04427" lon="-73.14266">
        <ele>260.77</ele>
      </trkpt>
      <trkpt lat="-51.0436" lon="-73.14337">
        <ele>256.74</ele>
      </trkpt>
      <trkpt lat="-51.04349" lon="-73.14356">
        <ele>255.37</ele>
      </trkpt>
      <trkpt lat="-51.04346" lon="-73.14364">
        <ele>254.85</ele>
      </trkpt>
      <trkpt lat="-51.04343" lon="-73.14371">
        <ele>254.52</ele>
      </trkpt>
      <trkpt lat="-51.0434" lon="-73.14376">
        <ele>254.34</ele>
      </trkpt>
      <trkpt lat="-51.04336" lon="-73.14382">
        <ele>254.18</ele>
      </trkpt>
      <trkpt lat="-51.04331" lon="-73.14386">
        <ele>254.29</ele>
      </trkpt>
      <trkpt lat="-51.04326" lon="-73.14389">
        <ele>254.52</ele>
      </trkpt>
      <trkpt lat="-51.04321" lon="-73.14393">
        <ele>254.59</ele>
      </trkpt>
      <trkpt lat="-51.04317" lon="-73.14397">
        <ele>254.59</ele>
      </trkpt>
      <trkpt lat="-51.04312" lon="-73.14402">
        <ele>254.59</ele>
      </trkpt>
      <trkpt lat="-51.04308" lon="-73.14406">
        <ele>254.59</ele>
      </trkpt>
      <trkpt lat="-51.04303" lon="-73.1441">
        <ele>254.62</ele>
      </trkpt>
      <trkpt lat="-51.04298" lon="-73.14413">
        <ele>254.61</ele>
      </trkpt>
      <trkpt lat="-51.04292" lon="-73.14417">
        <ele>254.45</ele>
      </trkpt>
      <trkpt lat="-51.04287" lon="-73.14421">
        <ele>254.2</ele>
      </trkpt>
      <trkpt lat="-51.04287" lon="-73.14421">
        <ele>254.2</ele>
      </trkpt>
      <trkpt lat="-51.04263" lon="-73.14447">
        <ele>252.21</ele>
      </trkpt>
      <trkpt lat="-51.04262" lon="-73.14447">
        <ele>252.24</ele>
      </trkpt>
      <trkpt lat="-51.04223" lon="-73.14496">
        <ele>249.6</ele>
      </trkpt>
      <trkpt lat="-51.04223" lon="-73.14496">
        <ele>249.6</ele>
      </trkpt>
      <trkpt lat="-51.04161" lon="-73.14547">
        <ele>251.05</ele>
      </trkpt>
      <trkpt lat="-51.04161" lon="-73.14547">
        <ele>251.05</ele>
      </trkpt>
      <trkpt lat="-51.04127" lon="-73.14567">
        <ele>253.06</ele>
      </trkpt>
      <trkpt lat="-51.04122" lon="-73.14567">
        <ele>253.78</ele>
      </trkpt>
      <trkpt lat="-51.04118" lon="-73.1457">
        <ele>253.93</ele>
      </trkpt>
      <trkpt lat="-51.04114" lon="-73.14575">
        <ele>253.78</ele>
      </trkpt>
      <trkpt lat="-51.04111" lon="-73.1458">
        <ele>253.5</ele>
      </trkpt>
      <trkpt lat="-51.04108" lon="-73.14587">
        <ele>252.92</ele>
      </trkpt>
      <trkpt lat="-51.04108" lon="-73.14587">
        <ele>252.92</ele>
      </trkpt>
      <trkpt lat="-51.04079" lon="-73.1461">
        <ele>253.32</ele>
      </trkpt>
      <trkpt lat="-51.04079" lon="-73.1461">
        <ele>253.32</ele>
      </trkpt>
      <trkpt lat="-51.0405" lon="-73.14639">
        <ele>247.98</ele>
      </trkpt>
      <trkpt lat="-51.0405" lon="-73.14639">
        <ele>247.98</ele>
      </trkpt>
      <trkpt lat="-51.03993" lon="-73.14683">
        <ele>234.21</ele>
      </trkpt>
      <trkpt lat="-51.03993" lon="-73.14683">
        <ele>234.21</ele>
      </trkpt>
      <trkpt lat="-51.03993" lon="-73.14683">
        <ele>234.21</ele>
      </trkpt>
      <trkpt lat="-51.0399" lon="-73.14682">
        <ele>234.75</ele>
      </trkpt>
      <trkpt lat="-51.03975" lon="-73.14683">
        <ele>235.51</ele>
      </trkpt>
      <trkpt lat="-51.03966" lon="-73.14684">
        <ele>235.69</ele>
      </trkpt>
      <trkpt lat="-51.03963" lon="-73.14682">
        <ele>236.51</ele>
      </trkpt>
      <trkpt lat="-51.03955" lon="-73.14685">
        <ele>235.89</ele>
      </trkpt>
      <trkpt lat="-51.03948" lon="-73.14687">
        <ele>235.52</ele>
      </trkpt>
      <trkpt lat="-51.03944" lon="-73.14686">
        <ele>236.07</ele>
      </trkpt>
      <trkpt lat="-51.03938" lon="-73.14686">
        <ele>236.5</ele>
      </trkpt>
      <trkpt lat="-51.03928" lon="-73.14694">
        <ele>234.34</ele>
      </trkpt>
      <trkpt lat="-51.03914" lon="-73.14699">
        <ele>233.28</ele>
      </trkpt>
      <trkpt lat="-51.03905" lon="-73.14698">
        <ele>233.96</ele>
      </trkpt>
      <trkpt lat="-51.03897" lon="-73.14701">
        <ele>232.94</ele>
      </trkpt>
      <trkpt lat="-51.03888" lon="-73.14702">
        <ele>232.76</ele>
      </trkpt>
      <trkpt lat="-51.03882" lon="-73.14705">
        <ele>231.59</ele>
      </trkpt>
      <trkpt lat="-51.03871" lon="-73.14712">
        <ele>228.65</ele>
      </trkpt>
      <trkpt lat="-51.03856" lon="-73.14719">
        <ele>225.53</ele>
      </trkpt>
      <trkpt lat="-51.03845" lon="-73.1472">
        <ele>225.09</ele>
      </trkpt>
      <trkpt lat="-51.03841" lon="-73.14719">
        <ele>225.59</ele>
      </trkpt>
      <trkpt lat="-51.03835" lon="-73.14714">
        <ele>228.13</ele>
      </trkpt>
      <trkpt lat="-51.03823" lon="-73.14714">
        <ele>229.15</ele>
      </trkpt>
      <trkpt lat="-51.03815" lon="-73.14716">
        <ele>228.97</ele>
      </trkpt>
      <trkpt lat="-51.0381" lon="-73.14716">
        <ele>229.47</ele>
      </trkpt>
      <trkpt lat="-51.038" lon="-73.1471">
        <ele>233.32</ele>
      </trkpt>
      <trkpt lat="-51.03794" lon="-73.14702">
        <ele>237.71</ele>
      </trkpt>
      <trkpt lat="-51.03789" lon="-73.14704">
        <ele>237.32</ele>
      </trkpt>
      <trkpt lat="-51.0377" lon="-73.14717">
        <ele>233.23</ele>
      </trkpt>
      <trkpt lat="-51.03761" lon="-73.14721">
        <ele>232.36</ele>
      </trkpt>
      <trkpt lat="-51.03753" lon="-73.14719">
        <ele>234.08</ele>
      </trkpt>
      <trkpt lat="-51.03747" lon="-73.14721">
        <ele>233.85</ele>
      </trkpt>
      <trkpt lat="-51.03738" lon="-73.14721">
        <ele>234.82</ele>
      </trkpt>
      <trkpt lat="-51.03729" lon="-73.14729">
        <ele>232.1</ele>
      </trkpt>
      <trkpt lat="-51.03721" lon="-73.14732">
        <ele>231.56</ele>
      </trkpt>
      <trkpt lat="-51.03709" lon="-73.14738">
        <ele>230.04</ele>
      </trkpt>
      <trkpt lat="-51.03704" lon="-73.1474">
        <ele>229.65</ele>
      </trkpt>
      <trkpt lat="-51.03696" lon="-73.14747">
        <ele>227.24</ele>
      </trkpt>
      <trkpt lat="-51.03685" lon="-73.14751">
        <ele>226.55</ele>
      </trkpt>
      <trkpt lat="-51.03672" lon="-73.14767">
        <ele>220.47</ele>
      </trkpt>
      <trkpt lat="-51.03668" lon="-73.1477">
        <ele>219.5</ele>
      </trkpt>
      <trkpt lat="-51.03663" lon="-73.14776">
        <ele>217.48</ele>
      </trkpt>
      <trkpt lat="-51.03658" lon="-73.14777">
        <ele>217.92</ele>
      </trkpt>
      <trkpt lat="-51.03655" lon="-73.14774">
        <ele>219.81</ele>
      </trkpt>
      <trkpt lat="-51.03649" lon="-73.14773">
        <ele>221.31</ele>
      </trkpt>
      <trkpt lat="-51.03639" lon="-73.14777">
        <ele>221.32</ele>
      </trkpt>
      <trkpt lat="-51.03628" lon="-73.14781">
        <ele>221.06</ele>
      </trkpt>
      <trkpt lat="-51.03623" lon="-73.14786">
        <ele>219.44</ele>
      </trkpt>
      <trkpt lat="-51.03619" lon="-73.14786">
        <ele>220.02</ele>
      </trkpt>
      <trkpt lat="-51.03613" lon="-73.14788">
        <ele>219.94</ele>
      </trkpt>
      <trkpt lat="-51.03604" lon="-73.14789">
        <ele>220.77</ele>
      </trkpt>
      <trkpt lat="-51.03598" lon="-73.14796">
        <ele>218.36</ele>
      </trkpt>
      <trkpt lat="-51.03588" lon="-73.14794">
        <ele>220.74</ele>
      </trkpt>
      <trkpt lat="-51.03564" lon="-73.14797">
        <ele>219.31</ele>
      </trkpt>
      <trkpt lat="-51.03556" lon="-73.14797">
        <ele>219.02</ele>
      </trkpt>
      <trkpt lat="-51.03549" lon="-73.14795">
        <ele>219.76</ele>
      </trkpt>
      <trkpt lat="-51.03542" lon="-73.14798">
        <ele>218.27</ele>
      </trkpt>
      <trkpt lat="-51.03531" lon="-73.14795">
        <ele>219.27</ele>
      </trkpt>
      <trkpt lat="-51.03526" lon="-73.14794">
        <ele>219.51</ele>
      </trkpt>
      <trkpt lat="-51.03519" lon="-73.14795">
        <ele>218.86</ele>
      </trkpt>
      <trkpt lat="-51.03508" lon="-73.14803">
        <ele>215.3</ele>
      </trkpt>
      <trkpt lat="-51.03506" lon="-73.14803">
        <ele>215.23</ele>
      </trkpt>
      <trkpt lat="-51.03506" lon="-73.14803">
        <ele>215.23</ele>
      </trkpt>
      <trkpt lat="-51.03501" lon="-73.14804">
        <ele>214.65</ele>
      </trkpt>
      <trkpt lat="-51.03493" lon="-73.14803">
        <ele>214.76</ele>
      </trkpt>
      <trkpt lat="-51.03485" lon="-73.14801">
        <ele>215.26</ele>
      </trkpt>
      <trkpt lat="-51.03477" lon="-73.14799">
        <ele>215.77</ele>
      </trkpt>
      <trkpt lat="-51.03466" lon="-73.148">
        <ele>214.98</ele>
      </trkpt>
      <trkpt lat="-51.03455" lon="-73.14806">
        <ele>212.22</ele>
      </trkpt>
      <trkpt lat="-51.0345" lon="-73.14802">
        <ele>213.61</ele>
      </trkpt>
      <trkpt lat="-51.03437" lon="-73.14792">
        <ele>217.11</ele>
      </trkpt>
      <trkpt lat="-51.03428" lon="-73.14784">
        <ele>219.62</ele>
      </trkpt>
      <trkpt lat="-51.03414" lon="-73.14791">
        <ele>216.76</ele>
      </trkpt>
      <trkpt lat="-51.03403" lon="-73.14792">
        <ele>216.64</ele>
      </trkpt>
      <trkpt lat="-51.03387" lon="-73.14794">
        <ele>216.37</ele>
      </trkpt>
      <trkpt lat="-51.03375" lon="-73.14798">
        <ele>215.54</ele>
      </trkpt>
      <trkpt lat="-51.03367" lon="-73.14798">
        <ele>215.75</ele>
      </trkpt>
      <trkpt lat="-51.03357" lon="-73.14808">
        <ele>213.55</ele>
      </trkpt>
      <trkpt lat="-51.03341" lon="-73.14818">
        <ele>211.91</ele>
      </trkpt>
      <trkpt lat="-51.03328" lon="-73.14832">
        <ele>208.71</ele>
      </trkpt>
      <trkpt lat="-51.03306" lon="-73.14841">
        <ele>203.01</ele>
      </trkpt>
      <trkpt lat="-51.03292" lon="-73.14849">
        <ele>198.12</ele>
      </trkpt>
      <trkpt lat="-51.03284" lon="-73.14857">
        <ele>194.19</ele>
      </trkpt>
      <trkpt lat="-51.03279" lon="-73.14865">
        <ele>190.72</ele>
      </trkpt>
      <trkpt lat="-51.03271" lon="-73.14873">
        <ele>187.23</ele>
      </trkpt>
      <trkpt lat="-51.03257" lon="-73.14872">
        <ele>186.58</ele>
      </trkpt>
      <trkpt lat="-51.03248" lon="-73.14874">
        <ele>185.43</ele>
      </trkpt>
      <trkpt lat="-51.03238" lon="-73.14885">
        <ele>181.83</ele>
      </trkpt>
      <trkpt lat="-51.03228" lon="-73.14893">
        <ele>179.34</ele>
      </trkpt>
      <trkpt lat="-51.03222" lon="-73.14898">
        <ele>177.72</ele>
      </trkpt>
      <trkpt lat="-51.03218" lon="-73.1491">
        <ele>173.4</ele>
      </trkpt>
      <trkpt lat="-51.03193" lon="-73.1491">
        <ele>173.41</ele>
      </trkpt>
      <trkpt lat="-51.03175" lon="-73.14914">
        <ele>172.03</ele>
      </trkpt>
      <trkpt lat="-51.03166" lon="-73.14923">
        <ele>168.76</ele>
      </trkpt>
      <trkpt lat="-51.03159" lon="-73.14927">
        <ele>167.73</ele>
      </trkpt>
      <trkpt lat="-51.03151" lon="-73.14934">
        <ele>165.54</ele>
      </trkpt>
      <trkpt lat="-51.03137" lon="-73.14948">
        <ele>160.66</ele>
      </trkpt>
      <trkpt lat="-51.03119" lon="-73.14963">
        <ele>155.37</ele>
      </trkpt>
      <trkpt lat="-51.03089" lon="-73.1498">
        <ele>149.72</ele>
      </trkpt>
      <trkpt lat="-51.03063" lon="-73.15008">
        <ele>137.31</ele>
      </trkpt>
      <trkpt lat="-51.03053" lon="-73.15006">
        <ele>138.62</ele>
      </trkpt>
      <trkpt lat="-51.0304" lon="-73.15019">
        <ele>131.23</ele>
      </trkpt>
      <trkpt lat="-51.03037" lon="-73.15021">
        <ele>130.07</ele>
      </trkpt>
      <trkpt lat="-51.03031" lon="-73.15014">
        <ele>134.37</ele>
      </trkpt>
      <trkpt lat="-51.03021" lon="-73.15032">
        <ele>124.78</ele>
      </trkpt>
      <trkpt lat="-51.03017" lon="-73.15036">
        <ele>123.63</ele>
      </trkpt>
      <trkpt lat="-51.03011" lon="-73.15035">
        <ele>123.92</ele>
      </trkpt>
      <trkpt lat="-51.02991" lon="-73.15049">
        <ele>119.89</ele>
      </trkpt>
      <trkpt lat="-51.02972" lon="-73.15061">
        <ele>118.0</ele>
      </trkpt>
      <trkpt lat="-51.02966" lon="-73.15073">
        <ele>118.0</ele>
      </trkpt>
      <trkpt lat="-51.02961" lon="-73.15093">
        <ele>118.0</ele>
      </trkpt>
      <trkpt lat="-51.02958" lon="-73.15104">
        <ele>118.0</ele>
      </trkpt>
      <trkpt lat="-51.02951" lon="-73.15104">
        <ele>118.0</ele>
      </trkpt>
      <trkpt lat="-51.02943" lon="-73.15135">
        <ele>117.73</ele>
      </trkpt>
      <trkpt lat="-51.02922" lon="-73.1515">
        <ele>111.26</ele>
      </trkpt>
      <trkpt lat="-51.02913" lon="-73.1515">
        <ele>110.8</ele>
      </trkpt>
      <trkpt lat="-51.02909" lon="-73.15147">
        <ele>110.97</ele>
      </trkpt>
      <trkpt lat="-51.02905" lon="-73.15153">
        <ele>110.7</ele>
      </trkpt>
      <trkpt lat="-51.029" lon="-73.15155">
        <ele>110.8</ele>
      </trkpt>
      <trkpt lat="-51.02893" lon="-73.15165">
        <ele>111.48</ele>
      </trkpt>
      <trkpt lat="-51.02885" lon="-73.15169">
        <ele>111.56</ele>
      </trkpt>
      <trkpt lat="-51.02875" lon="-73.15177">
        <ele>110.44</ele>
      </trkpt>
      <trkpt lat="-51.02866" lon="-73.15179">
        <ele>109.83</ele>
      </trkpt>
      <trkpt lat="-51.02856" lon="-73.15181">
        <ele>109.3</ele>
      </trkpt>
      <trkpt lat="-51.02842" lon="-73.15173">
        <ele>109.08</ele>
      </trkpt>
      <trkpt lat="-51.02836" lon="-73.1516">
        <ele>110.68</ele>
      </trkpt>
      <trkpt lat="-51.02828" lon="-73.15163">
        <ele>110.53</ele>
      </trkpt>
      <trkpt lat="-51.02814" lon="-73.1518">
        <ele>109.27</ele>
      </trkpt>
      <trkpt lat="-51.028" lon="-73.152">
        <ele>107.48</ele>
      </trkpt>
      <trkpt lat="-51.02784" lon="-73.15263">
        <ele>101.18</ele>
      </trkpt>
      <trkpt lat="-51.02783" lon="-73.15265">
        <ele>101.3</ele>
      </trkpt>
      <trkpt lat="-51.0273" lon="-73.15269">
        <ele>108.37</ele>
      </trkpt>
      <trkpt lat="-51.02723" lon="-73.15276">
        <ele>109.62</ele>
      </trkpt>
      <trkpt lat="-51.02719" lon="-73.1529">
        <ele>110.0</ele>
      </trkpt>
      <trkpt lat="-51.02718" lon="-73.15299">
        <ele>110.0</ele>
      </trkpt>
      <trkpt lat="-51.02716" lon="-73.15308">
        <ele>110.0</ele>
      </trkpt>
      <trkpt lat="-51.02712" lon="-73.1532">
        <ele>110.0</ele>
      </trkpt>
      <trkpt lat="-51.02706" lon="-73.15325">
        <ele>110.0</ele>
      </trkpt>
      <trkpt lat="-51.02702" lon="-73.15332">
        <ele>110.0</ele>
      </trkpt>
      <trkpt lat="-51.02693" lon="-73.15344">
        <ele>110.0</ele>
      </trkpt>
      <trkpt lat="-51.02685" lon="-73.15354">
        <ele>110.0</ele>
      </trkpt>
      <trkpt lat="-51.02678" lon="-73.15394">
        <ele>110.0</ele>
      </trkpt>
      <trkpt lat="-51.02662" lon="-73.15397">
        <ele>110.0</ele>
      </trkpt>
      <trkpt lat="-51.02657" lon="-73.15397">
        <ele>110.0</ele>
      </trkpt>
      <trkpt lat="-51.02606" lon="-73.15411">
        <ele>110.0</ele>
      </trkpt>
      <trkpt lat="-51.02604" lon="-73.15412">
        <ele>110.0</ele>
      </trkpt>
      <trkpt lat="-51.02527" lon="-73.15432">
        <ele>110.0</ele>
      </trkpt>
      <trkpt lat="-51.02492" lon="-73.15419">
        <ele>111.32</ele>
      </trkpt>
      <trkpt lat="-51.02486" lon="-73.15426">
        <ele>111.67</ele>
      </trkpt>
      <trkpt lat="-51.02486" lon="-73.15426">
        <ele>111.67</ele>
      </trkpt>
      <trkpt lat="-51.02438" lon="-73.15475">
        <ele>118.72</ele>
      </trkpt>
      <trkpt lat="-51.02435" lon="-73.155">
        <ele>113.74</ele>
      </trkpt>
      <trkpt lat="-51.02429" lon="-73.15512">
        <ele>114.67</ele>
      </trkpt>
      <trkpt lat="-51.02427" lon="-73.15514">
        <ele>115.01</ele>
      </trkpt>
      <trkpt lat="-51.02422" lon="-73.15518">
        <ele>115.75</ele>
      </trkpt>
      <trkpt lat="-51.02409" lon="-73.15529">
        <ele>119.93</ele>
      </trkpt>
      <trkpt lat="-51.02403" lon="-73.15536">
        <ele>121.7</ele>
      </trkpt>
      <trkpt lat="-51.02374" lon="-73.15614">
        <ele>115.67</ele>
      </trkpt>
      <trkpt lat="-51.02339" lon="-73.15691">
        <ele>117.65</ele>
      </trkpt>
      <trkpt lat="-51.02329" lon="-73.15722">
        <ele>109.49</ele>
      </trkpt>
      <trkpt lat="-51.02324" lon="-73.1573">
        <ele>107.2</ele>
      </trkpt>
      <trkpt lat="-51.02318" lon="-73.15732">
        <ele>108.47</ele>
      </trkpt>
      <trkpt lat="-51.02317" lon="-73.15735">
        <ele>107.47</ele>
      </trkpt>
      <trkpt lat="-51.02308" lon="-73.15753">
        <ele>103.05</ele>
      </trkpt>
      <trkpt lat="-51.02288" lon="-73.15791">
        <ele>92.25</ele>
      </trkpt>
      <trkpt lat="-51.02285" lon="-73.158">
        <ele>88.7</ele>
      </trkpt>
      <trkpt lat="-51.02272" lon="-73.15821">
        <ele>85.98</ele>
      </trkpt>
      <trkpt lat="-51.02261" lon="-73.15849">
        <ele>82.42</ele>
      </trkpt>
      <trkpt lat="-51.02251" lon="-73.15871">
        <ele>89.64</ele>
      </trkpt>
      <trkpt lat="-51.02252" lon="-73.15879">
        <ele>97.53</ele>
      </trkpt>
      <trkpt lat="-51.02252" lon="-73.15886">
        <ele>104.78</ele>
      </trkpt>
      <trkpt lat="-51.02253" lon="-73.15893">
        <ele>106.65</ele>
      </trkpt>
      <trkpt lat="-51.02252" lon="-73.15901">
        <ele>107.77</ele>
      </trkpt>
      <trkpt lat="-51.02248" lon="-73.15905">
        <ele>110.0</ele>
      </trkpt>
      <trkpt lat="-51.02244" lon="-73.15909">
        <ele>110.0</ele>
      </trkpt>
      <trkpt lat="-51.02239" lon="-73.15912">
        <ele>110.0</ele>
      </trkpt>
      <trkpt lat="-51.02234" lon="-73.15914">
        <ele>110.0</ele>
      </trkpt>
      <trkpt lat="-51.0223" lon="-73.15917">
        <ele>109.9</ele>
      </trkpt>
      <trkpt lat="-51.02224" lon="-73.15919">
        <ele>109.83</ele>
      </trkpt>
      <trkpt lat="-51.02223" lon="-73.15921">
        <ele>109.86</ele>
      </trkpt>
      <trkpt lat="-51.02189" lon="-73.15939">
        <ele>110.0</ele>
      </trkpt>
      <trkpt lat="-51.02187" lon="-73.15945">
        <ele>110.0</ele>
      </trkpt>
      <trkpt lat="-51.02184" lon="-73.15952">
        <ele>110.0</ele>
      </trkpt>
      <trkpt lat="-51.02183" lon="-73.15959">
        <ele>110.0</ele>
      </trkpt>
      <trkpt lat="-51.02181" lon="-73.15966">
        <ele>110.0</ele>
      </trkpt>
      <trkpt lat="-51.0218" lon="-73.15974">
        <ele>110.0</ele>
      </trkpt>
      <trkpt lat="-51.0218" lon="-73.15981">
        <ele>110.0</ele>
      </trkpt>
      <trkpt lat="-51.02184" lon="-73.15985">
        <ele>110.0</ele>
      </trkpt>
      <trkpt lat="-51.02188" lon="-73.15985">
        <ele>110.0</ele>
      </trkpt>
      <trkpt lat="-51.02192" lon="-73.15981">
        <ele>110.0</ele>
      </trkpt>
      <trkpt lat="-51.02197" lon="-73.15977">
        <ele>110.0</ele>
      </trkpt>
      <trkpt lat="-51.02201" lon="-73.15976">
        <ele>110.0</ele>
      </trkpt>
      <trkpt lat="-51.02206" lon="-73.15975">
        <ele>110.0</ele>
      </trkpt>
      <trkpt lat="-51.0221" lon="-73.15975">
        <ele>110.0</ele>
      </trkpt>
      <trkpt lat="-51.02215" lon="-73.15973">
        <ele>110.0</ele>
      </trkpt>
      <trkpt lat="-51.0222" lon="-73.15969">
        <ele>110.0</ele>
      </trkpt>
      <trkpt lat="-51.02224" lon="-73.15966">
        <ele>108.02</ele>
      </trkpt>
      <trkpt lat="-51.0223" lon="-73.15965">
        <ele>101.32</ele>
      </trkpt>
      <trkpt lat="-51.02235" lon="-73.15963">
        <ele>95.74</ele>
      </trkpt>
      <trkpt lat="-51.02239" lon="-73.1596">
        <ele>91.28</ele>
      </trkpt>
      <trkpt lat="-51.02244" lon="-73.15957">
        <ele>85.7</ele>
      </trkpt>
      <trkpt lat="-51.02249" lon="-73.15956">
        <ele>80.12</ele>
      </trkpt>
      <trkpt lat="-51.02255" lon="-73.15955">
        <ele>79.0</ele>
      </trkpt>
      <trkpt lat="-51.02259" lon="-73.15955">
        <ele>79.0</ele>
      </trkpt>
      <trkpt lat="-51.02263" lon="-73.1596">
        <ele>79.0</ele>
      </trkpt>
      <trkpt lat="-51.02264" lon="-73.15967">
        <ele>79.0</ele>
      </trkpt>
      <trkpt lat="-51.02264" lon="-73.15975">
        <ele>79.0</ele>
      </trkpt>
      <trkpt lat="-51.02262" lon="-73.15981">
        <ele>79.0</ele>
      </trkpt>
      <trkpt lat="-51.02258" lon="-73.15988">
        <ele>79.0</ele>
      </trkpt>
      <trkpt lat="-51.02254" lon="-73.15993">
        <ele>79.0</ele>
      </trkpt>
      <trkpt lat="-51.02251" lon="-73.15998">
        <ele>79.0</ele>
      </trkpt>
      <trkpt lat="-51.02247" lon="-73.16002">
        <ele>82.35</ele>
      </trkpt>
      <trkpt lat="-51.02244" lon="-73.16007">
        <ele>85.7</ele>
      </trkpt>
      <trkpt lat="-51.0224" lon="-73.16013">
        <ele>90.16</ele>
      </trkpt>
      <trkpt lat="-51.02236" lon="-73.16018">
        <ele>94.62</ele>
      </trkpt>
      <trkpt lat="-51.02236" lon="-73.16018">
        <ele>94.62</ele>
      </trkpt>
      <trkpt lat="-51.02202" lon="-73.1605">
        <ele>110.0</ele>
      </trkpt>
      <trkpt lat="-51.02202" lon="-73.1605">
        <ele>110.0</ele>
      </trkpt>
      <trkpt lat="-51.02192" lon="-73.16103">
        <ele>110.0</ele>
      </trkpt>
      <trkpt lat="-51.02192" lon="-73.16103">
        <ele>110.0</ele>
      </trkpt>
      <trkpt lat="-51.02173" lon="-73.1615">
        <ele>109.0</ele>
      </trkpt>
      <trkpt lat="-51.02173" lon="-73.16158">
        <ele>108.27</ele>
      </trkpt>
      <trkpt lat="-51.02174" lon="-73.16167">
        <ele>106.99</ele>
      </trkpt>
      <trkpt lat="-51.02176" lon="-73.16174">
        <ele>104.11</ele>
      </trkpt>
      <trkpt lat="-51.02176" lon="-73.16181">
        <ele>102.01</ele>
      </trkpt>
      <trkpt lat="-51.02176" lon="-73.16183">
        <ele>101.41</ele>
      </trkpt>
      <trkpt lat="-51.02148" lon="-73.16216">
        <ele>97.27</ele>
      </trkpt>
      <trkpt lat="-51.02144" lon="-73.16222">
        <ele>95.98</ele>
      </trkpt>
      <trkpt lat="-51.02139" lon="-73.16227">
        <ele>93.88</ele>
      </trkpt>
      <trkpt lat="-51.02134" lon="-73.16231">
        <ele>92.7</ele>
      </trkpt>
      <trkpt lat="-51.0213" lon="-73.16232">
        <ele>93.26</ele>
      </trkpt>
      <trkpt lat="-51.02124" lon="-73.16234">
        <ele>93.95</ele>
      </trkpt>
      <trkpt lat="-51.02118" lon="-73.16236">
        <ele>94.82</ele>
      </trkpt>
      <trkpt lat="-51.02116" lon="-73.16238">
        <ele>94.53</ele>
      </trkpt>
      <trkpt lat="-51.02114" lon="-73.16234">
        <ele>97.02</ele>
      </trkpt>
      <trkpt lat="-51.02071" lon="-73.16276">
        <ele>110.0</ele>
      </trkpt>
      <trkpt lat="-51.02064" lon="-73.16288">
        <ele>106.53</ele>
      </trkpt>
      <trkpt lat="-51.02057" lon="-73.16292">
        <ele>109.17</ele>
      </trkpt>
      <trkpt lat="-51.02043" lon="-73.16298">
        <ele>110.0</ele>
      </trkpt>
      <trkpt lat="-51.02012" lon="-73.16312">
        <ele>94.08</ele>
      </trkpt>
      <trkpt lat="-51.01978" lon="-73.16334">
        <ele>79.0</ele>
      </trkpt>
      <trkpt lat="-51.01971" lon="-73.16341">
        <ele>79.37</ele>
      </trkpt>
      <trkpt lat="-51.01953" lon="-73.16357">
        <ele>82.38</ele>
      </trkpt>
      <trkpt lat="-51.01939" lon="-73.16368">
        <ele>81.62</ele>
      </trkpt>
      <trkpt lat="-51.01918" lon="-73.1639">
        <ele>79.05</ele>
      </trkpt>
      <trkpt lat="-51.01898" lon="-73.16407">
        <ele>79.0</ele>
      </trkpt>
      <trkpt lat="-51.01885" lon="-73.16418">
        <ele>79.0</ele>
      </trkpt>
      <trkpt lat="-51.01859" lon="-73.16444">
        <ele>81.36</ele>
      </trkpt>
      <trkpt lat="-51.01807" lon="-73.16488">
        <ele>108.39</ele>
      </trkpt>
      <trkpt lat="-51.01807" lon="-73.16488">
        <ele>108.39</ele>
      </trkpt>
      <trkpt lat="-51.01798" lon="-73.16496">
        <ele>110.0</ele>
      </trkpt>
      <trkpt lat="-51.01773" lon="-73.16512">
        <ele>110.0</ele>
      </trkpt>
      <trkpt lat="-51.01745" lon="-73.16535">
        <ele>108.72</ele>
      </trkpt>
      <trkpt lat="-51.01694" lon="-73.16573">
        <ele>101.57</ele>
      </trkpt>
      <trkpt lat="-51.01577" lon="-73.16671">
        <ele>110.0</ele>
      </trkpt>
      <trkpt lat="-51.01531" lon="-73.16704">
        <ele>110.0</ele>
      </trkpt>
      <trkpt lat="-51.0153" lon="-73.16706">
        <ele>110.0</ele>
      </trkpt>
      <trkpt lat="-51.01518" lon="-73.16725">
        <ele>110.0</ele>
      </trkpt>
      <trkpt lat="-51.01509" lon="-73.16723">
        <ele>110.0</ele>
      </trkpt>
      <trkpt lat="-51.015" lon="-73.1673">
        <ele>110.0</ele>
      </trkpt>
      <trkpt lat="-51.01487" lon="-73.16744">
        <ele>110.0</ele>
      </trkpt>
      <trkpt lat="-51.01476" lon="-73.16768">
        <ele>110.0</ele>
      </trkpt>
      <trkpt lat="-51.01473" lon="-73.16774">
        <ele>110.0</ele>
      </trkpt>
      <trkpt lat="-51.01471" lon="-73.16781">
        <ele>110.0</ele>
      </trkpt>
      <trkpt lat="-51.01469" lon="-73.16787">
        <ele>110.0</ele>
      </trkpt>
      <trkpt lat="-51.01466" lon="-73.16794">
        <ele>110.0</ele>
      </trkpt>
      <trkpt lat="-51.01463" lon="-73.16799">
        <ele>110.0</ele>
      </trkpt>
      <trkpt lat="-51.01458" lon="-73.16806">
        <ele>110.0</ele>
      </trkpt>
      <trkpt lat="-51.01452" lon="-73.16812">
        <ele>110.0</ele>
      </trkpt>
      <trkpt lat="-51.01449" lon="-73.16817">
        <ele>110.0</ele>
      </trkpt>
      <trkpt lat="-51.01445" lon="-73.16823">
        <ele>110.0</ele>
      </trkpt>
      <trkpt lat="-51.01441" lon="-73.16826">
        <ele>110.0</ele>
      </trkpt>
      <trkpt lat="-51.0144" lon="-73.16828">
        <ele>110.0</ele>
      </trkpt>
      <trkpt lat="-51.014" lon="-73.16859">
        <ele>110.0</ele>
      </trkpt>
      <trkpt lat="-51.014" lon="-73.16859">
        <ele>110.0</ele>
      </trkpt>
      <trkpt lat="-51.01354" lon="-73.16885">
        <ele>110.0</ele>
      </trkpt>
      <trkpt lat="-51.01354" lon="-73.16885">
        <ele>110.0</ele>
      </trkpt>
      <trkpt lat="-51.01306" lon="-73.16933">
        <ele>110.0</ele>
      </trkpt>
      <trkpt lat="-51.01258" lon="-73.1698">
        <ele>110.0</ele>
      </trkpt>
      <trkpt lat="-51.01258" lon="-73.1698">
        <ele>110.0</ele>
      </trkpt>
      <trkpt lat="-51.01226" lon="-73.17021">
        <ele>110.0</ele>
      </trkpt>
      <trkpt lat="-51.01226" lon="-73.17021">
        <ele>110.0</ele>
      </trkpt>
      <trkpt lat="-51.01226" lon="-73.17021">
        <ele>110.0</ele>
      </trkpt>
      <trkpt lat="-51.01223" lon="-73.17024">
        <ele>110.0</ele>
      </trkpt>
      <trkpt lat="-51.01214" lon="-73.1705">
        <ele>110.0</ele>
      </trkpt>
      <trkpt lat="-51.01191" lon="-73.17115">
        <ele>110.0</ele>
      </trkpt>
      <trkpt lat="-51.01178" lon="-73.17148">
        <ele>110.0</ele>
      </trkpt>
      <trkpt lat="-51.01177" lon="-73.17155">
        <ele>110.0</ele>
      </trkpt>
      <trkpt lat="-51.0117" lon="-73.17178">
        <ele>110.0</ele>
      </trkpt>
      <trkpt lat="-51.01149" lon="-73.17228">
        <ele>110.0</ele>
      </trkpt>
      <trkpt lat="-51.01147" lon="-73.17249">
        <ele>110.0</ele>
      </trkpt>
      <trkpt lat="-51.01168" lon="-73.1725">
        <ele>110.0</ele>
      </trkpt>
      <trkpt lat="-51.0111" lon="-73.173">
        <ele>110.0</ele>
      </trkpt>
      <trkpt lat="-51.01" lon="-73.1742">
        <ele>110.0</ele>
      </trkpt>
      <trkpt lat="-51.01" lon="-73.17434">
        <ele>110.0</ele>
      </trkpt>
      <trkpt lat="-51.0098" lon="-73.17445">
        <ele>110.0</ele>
      </trkpt>
      <trkpt lat="-51.00963" lon="-73.17454">
        <ele>110.0</ele>
      </trkpt>
      <trkpt lat="-51.00949" lon="-73.17455">
        <ele>110.0</ele>
      </trkpt>
      <trkpt lat="-51.00927" lon="-73.17476">
        <ele>110.0</ele>
      </trkpt>
      <trkpt lat="-51.00917" lon="-73.17484">
        <ele>110.0</ele>
      </trkpt>
      <trkpt lat="-51.00905" lon="-73.17512">
        <ele>110.0</ele>
      </trkpt>
      <trkpt lat="-51.00883" lon="-73.17534">
        <ele>110.0</ele>
      </trkpt>
      <trkpt lat="-51.00876" lon="-73.17541">
        <ele>110.0</ele>
      </trkpt>
      <trkpt lat="-51.0087" lon="-73.17541">
        <ele>110.0</ele>
      </trkpt>
      <trkpt lat="-51.00856" lon="-73.17555">
        <ele>110.0</ele>
      </trkpt>
      <trkpt lat="-51.00841" lon="-73.1757">
        <ele>110.0</ele>
      </trkpt>
      <trkpt lat="-51.00835" lon="-73.17569">
        <ele>110.0</ele>
      </trkpt>
      <trkpt lat="-51.00826" lon="-73.17575">
        <ele>110.0</ele>
      </trkpt>
      <trkpt lat="-51.00816" lon="-73.17581">
        <ele>110.0</ele>
      </trkpt>
      <trkpt lat="-51.00815" lon="-73.17582">
        <ele>110.0</ele>
      </trkpt>
      <trkpt lat="-51.00811" lon="-73.17586">
        <ele>110.0</ele>
      </trkpt>
      <trkpt lat="-51.00807" lon="-73.17596">
        <ele>110.0</ele>
      </trkpt>
      <trkpt lat="-51.00801" lon="-73.17607">
        <ele>110.0</ele>
      </trkpt>
      <trkpt lat="-51.00784" lon="-73.17625">
        <ele>110.0</ele>
      </trkpt>
      <trkpt lat="-51.00693" lon="-73.1767">
        <ele>110.0</ele>
      </trkpt>
      <trkpt lat="-51.00678" lon="-73.17676">
        <ele>110.0</ele>
      </trkpt>
      <trkpt lat="-51.00678" lon="-73.17676">
        <ele>110.0</ele>
      </trkpt>
      <trkpt lat="-51.0062" lon="-73.17696">
        <ele>110.0</ele>
      </trkpt>
      <trkpt lat="-51.00617" lon="-73.17704">
        <ele>110.0</ele>
      </trkpt>
      <trkpt lat="-51.00617" lon="-73.17704">
        <ele>110.0</ele>
      </trkpt>
      <trkpt lat="-51.00585" lon="-73.17793">
        <ele>110.0</ele>
      </trkpt>
      <trkpt lat="-51.00585" lon="-73.17893">
        <ele>110.0</ele>
      </trkpt>
      <trkpt lat="-51.00585" lon="-73.17893">
        <ele>110.0</ele>
      </trkpt>
      <trkpt lat="-51.00585" lon="-73.17915">
        <ele>110.0</ele>
      </trkpt>
      <trkpt lat="-51.00548" lon="-73.17898">
        <ele>110.0</ele>
      </trkpt>
      <trkpt lat="-51.00545" lon="-73.17892">
        <ele>110.0</ele>
      </trkpt>
      <trkpt lat="-51.00541" lon="-73.17887">
        <ele>110.0</ele>
      </trkpt>
      <trkpt lat="-51.00533" lon="-73.17883">
        <ele>110.0</ele>
      </trkpt>
      <trkpt lat="-51.00516" lon="-73.17876">
        <ele>110.0</ele>
      </trkpt>
      <trkpt lat="-51.00503" lon="-73.17922">
        <ele>110.0</ele>
      </trkpt>
      <trkpt lat="-51.00459" lon="-73.17945">
        <ele>110.0</ele>
      </trkpt>
      <trkpt lat="-51.00441" lon="-73.17979">
        <ele>110.0</ele>
      </trkpt>
      <trkpt lat="-51.004" lon="-73.17981">
        <ele>110.0</ele>
      </trkpt>
      <trkpt lat="-51.00375" lon="-73.18002">
        <ele>110.0</ele>
      </trkpt>
      <trkpt lat="-51.00362" lon="-73.18015">
        <ele>110.0</ele>
      </trkpt>
      <trkpt lat="-51.00349" lon="-73.18043">
        <ele>110.0</ele>
      </trkpt>
      <trkpt lat="-51.00342" lon="-73.1805">
        <ele>110.0</ele>
      </trkpt>
      <trkpt lat="-51.0033" lon="-73.18066">
        <ele>110.0</ele>
      </trkpt>
      <trkpt lat="-51.00301" lon="-73.18098">
        <ele>110.0</ele>
      </trkpt>
      <trkpt lat="-51.00298" lon="-73.18152">
        <ele>110.0</ele>
      </trkpt>
      <trkpt lat="-51.00287" lon="-73.18191">
        <ele>110.0</ele>
      </trkpt>
      <trkpt lat="-51.00233" lon="-73.18237">
        <ele>110.0</ele>
      </trkpt>
      <trkpt lat="-51.00221" lon="-73.18248">
        <ele>109.96</ele>
      </trkpt>
      <trkpt lat="-51.00221" lon="-73.18248">
        <ele>109.96</ele>
      </trkpt>
      <trkpt lat="-51.00233" lon="-73.18237">
        <ele>110.0</ele>
      </trkpt>
      <trkpt lat="-51.00287" lon="-73.18191">
        <ele>110.0</ele>
      </trkpt>
      <trkpt lat="-51.00298" lon="-73.18152">
        <ele>110.0</ele>
      </trkpt>
      <trkpt lat="-51.00301" lon="-73.18098">
        <ele>110.0</ele>
      </trkpt>
      <trkpt lat="-51.0033" lon="-73.18066">
        <ele>110.0</ele>
      </trkpt>
      <trkpt lat="-51.00342" lon="-73.1805">
        <ele>110.0</ele>
      </trkpt>
      <trkpt lat="-51.00349" lon="-73.18043">
        <ele>110.0</ele>
      </trkpt>
      <trkpt lat="-51.00362" lon="-73.18015">
        <ele>110.0</ele>
      </trkpt>
      <trkpt lat="-51.00375" lon="-73.18002">
        <ele>110.0</ele>
      </trkpt>
      <trkpt lat="-51.004" lon="-73.17981">
        <ele>110.0</ele>
      </trkpt>
      <trkpt lat="-51.00441" lon="-73.17979">
        <ele>110.0</ele>
      </trkpt>
      <trkpt lat="-51.00459" lon="-73.17945">
        <ele>110.0</ele>
      </trkpt>
      <trkpt lat="-51.00503" lon="-73.17922">
        <ele>110.0</ele>
      </trkpt>
      <trkpt lat="-51.00516" lon="-73.17876">
        <ele>110.0</ele>
      </trkpt>
      <trkpt lat="-51.00533" lon="-73.17883">
        <ele>110.0</ele>
      </trkpt>
      <trkpt lat="-51.00541" lon="-73.17887">
        <ele>110.0</ele>
      </trkpt>
      <trkpt lat="-51.00545" lon="-73.17892">
        <ele>110.0</ele>
      </trkpt>
      <trkpt lat="-51.00548" lon="-73.17898">
        <ele>110.0</ele>
      </trkpt>
      <trkpt lat="-51.00585" lon="-73.17915">
        <ele>110.0</ele>
      </trkpt>
      <trkpt lat="-51.00585" lon="-73.17831">
        <ele>110.0</ele>
      </trkpt>
      <trkpt lat="-51.00585" lon="-73.17831">
        <ele>110.0</ele>
      </trkpt>
      <trkpt lat="-51.00585" lon="-73.17793">
        <ele>110.0</ele>
      </trkpt>
      <trkpt lat="-51.0062" lon="-73.17696">
        <ele>110.0</ele>
      </trkpt>
      <trkpt lat="-51.00693" lon="-73.1767">
        <ele>110.0</ele>
      </trkpt>
      <trkpt lat="-51.00754" lon="-73.1764">
        <ele>110.0</ele>
      </trkpt>
      <trkpt lat="-51.00754" lon="-73.1764">
        <ele>110.0</ele>
      </trkpt>
      <trkpt lat="-51.00784" lon="-73.17625">
        <ele>110.0</ele>
      </trkpt>
      <trkpt lat="-51.00801" lon="-73.17607">
        <ele>110.0</ele>
      </trkpt>
      <trkpt lat="-51.00807" lon="-73.17596">
        <ele>110.0</ele>
      </trkpt>
      <trkpt lat="-51.00811" lon="-73.17586">
        <ele>110.0</ele>
      </trkpt>
      <trkpt lat="-51.00815" lon="-73.17582">
        <ele>110.0</ele>
      </trkpt>
      <trkpt lat="-51.00816" lon="-73.17581">
        <ele>110.0</ele>
      </trkpt>
      <trkpt lat="-51.00826" lon="-73.17575">
        <ele>110.0</ele>
      </trkpt>
      <trkpt lat="-51.00835" lon="-73.17569">
        <ele>110.0</ele>
      </trkpt>
      <trkpt lat="-51.00841" lon="-73.1757">
        <ele>110.0</ele>
      </trkpt>
      <trkpt lat="-51.00856" lon="-73.17555">
        <ele>110.0</ele>
      </trkpt>
      <trkpt lat="-51.0087" lon="-73.17541">
        <ele>110.0</ele>
      </trkpt>
      <trkpt lat="-51.00876" lon="-73.17541">
        <ele>110.0</ele>
      </trkpt>
      <trkpt lat="-51.00883" lon="-73.17534">
        <ele>110.0</ele>
      </trkpt>
      <trkpt lat="-51.00905" lon="-73.17512">
        <ele>110.0</ele>
      </trkpt>
      <trkpt lat="-51.00917" lon="-73.17484">
        <ele>110.0</ele>
      </trkpt>
      <trkpt lat="-51.00927" lon="-73.17476">
        <ele>110.0</ele>
      </trkpt>
      <trkpt lat="-51.00949" lon="-73.17455">
        <ele>110.0</ele>
      </trkpt>
      <trkpt lat="-51.00963" lon="-73.17454">
        <ele>110.0</ele>
      </trkpt>
      <trkpt lat="-51.0098" lon="-73.17445">
        <ele>110.0</ele>
      </trkpt>
      <trkpt lat="-51.01" lon="-73.17434">
        <ele>110.0</ele>
      </trkpt>
      <trkpt lat="-51.01" lon="-73.1742">
        <ele>110.0</ele>
      </trkpt>
      <trkpt lat="-51.0111" lon="-73.173">
        <ele>110.0</ele>
      </trkpt>
      <trkpt lat="-51.0111" lon="-73.173">
        <ele>110.0</ele>
      </trkpt>
      <trkpt lat="-51.01168" lon="-73.1725">
        <ele>110.0</ele>
      </trkpt>
      <trkpt lat="-51.01147" lon="-73.17249">
        <ele>110.0</ele>
      </trkpt>
      <trkpt lat="-51.01149" lon="-73.17228">
        <ele>110.0</ele>
      </trkpt>
      <trkpt lat="-51.0117" lon="-73.17178">
        <ele>110.0</ele>
      </trkpt>
      <trkpt lat="-51.01177" lon="-73.17155">
        <ele>110.0</ele>
      </trkpt>
      <trkpt lat="-51.01178" lon="-73.17148">
        <ele>110.0</ele>
      </trkpt>
      <trkpt lat="-51.01191" lon="-73.17115">
        <ele>110.0</ele>
      </trkpt>
      <trkpt lat="-51.01214" lon="-73.1705">
        <ele>110.0</ele>
      </trkpt>
      <trkpt lat="-51.01223" lon="-73.17024">
        <ele>110.0</ele>
      </trkpt>
      <trkpt lat="-51.01369" lon="-73.16883">
        <ele>110.0</ele>
      </trkpt>
      <trkpt lat="-51.01445" lon="-73.16793">
        <ele>110.0</ele>
      </trkpt>
      <trkpt lat="-51.01488" lon="-73.16743">
        <ele>110.0</ele>
      </trkpt>
      <trkpt lat="-51.015" lon="-73.1673">
        <ele>110.0</ele>
      </trkpt>
      <trkpt lat="-51.01509" lon="-73.16723">
        <ele>110.0</ele>
      </trkpt>
      <trkpt lat="-51.01518" lon="-73.16725">
        <ele>110.0</ele>
      </trkpt>
      <trkpt lat="-51.0153" lon="-73.16706">
        <ele>110.0</ele>
      </trkpt>
      <trkpt lat="-51.01531" lon="-73.16704">
        <ele>110.0</ele>
      </trkpt>
      <trkpt lat="-51.01577" lon="-73.16671">
        <ele>110.0</ele>
      </trkpt>
      <trkpt lat="-51.01694" lon="-73.16573">
        <ele>101.57</ele>
      </trkpt>
      <trkpt lat="-51.01745" lon="-73.16535">
        <ele>108.72</ele>
      </trkpt>
      <trkpt lat="-51.01773" lon="-73.16512">
        <ele>110.0</ele>
      </trkpt>
      <trkpt lat="-51.01798" lon="-73.16496">
        <ele>110.0</ele>
      </trkpt>
      <trkpt lat="-51.01859" lon="-73.16444">
        <ele>81.36</ele>
      </trkpt>
      <trkpt lat="-51.01885" lon="-73.16418">
        <ele>79.0</ele>
      </trkpt>
      <trkpt lat="-51.01898" lon="-73.16407">
        <ele>79.0</ele>
      </trkpt>
      <trkpt lat="-51.01918" lon="-73.1639">
        <ele>79.05</ele>
      </trkpt>
      <trkpt lat="-51.01939" lon="-73.16368">
        <ele>81.62</ele>
      </trkpt>
      <trkpt lat="-51.01953" lon="-73.16357">
        <ele>82.38</ele>
      </trkpt>
      <trkpt lat="-51.01971" lon="-73.16341">
        <ele>79.37</ele>
      </trkpt>
      <trkpt lat="-51.01978" lon="-73.16334">
        <ele>79.0</ele>
      </trkpt>
      <trkpt lat="-51.02012" lon="-73.16312">
        <ele>94.08</ele>
      </trkpt>
      <trkpt lat="-51.02043" lon="-73.16298">
        <ele>110.0</ele>
      </trkpt>
      <trkpt lat="-51.02057" lon="-73.16292">
        <ele>109.17</ele>
      </trkpt>
      <trkpt lat="-51.02064" lon="-73.16288">
        <ele>106.53</ele>
      </trkpt>
      <trkpt lat="-51.02071" lon="-73.16276">
        <ele>110.0</ele>
      </trkpt>
      <trkpt lat="-51.02143" lon="-73.16206">
        <ele>101.95</ele>
      </trkpt>
      <trkpt lat="-51.02154" lon="-73.16199">
        <ele>102.1</ele>
      </trkpt>
      <trkpt lat="-51.02165" lon="-73.16194">
        <ele>101.5</ele>
      </trkpt>
      <trkpt lat="-51.02172" lon="-73.16188">
        <ele>101.27</ele>
      </trkpt>
      <trkpt lat="-51.02173" lon="-73.16185">
        <ele>101.85</ele>
      </trkpt>
      <trkpt lat="-51.02167" lon="-73.16169">
        <ele>109.11</ele>
      </trkpt>
      <trkpt lat="-51.02167" lon="-73.16159">
        <ele>109.9</ele>
      </trkpt>
      <trkpt lat="-51.0217" lon="-73.1615">
        <ele>109.47</ele>
      </trkpt>
      <trkpt lat="-51.02182" lon="-73.16084">
        <ele>110.0</ele>
      </trkpt>
      <trkpt lat="-51.02194" lon="-73.16071">
        <ele>110.0</ele>
      </trkpt>
      <trkpt lat="-51.02197" lon="-73.16057">
        <ele>110.0</ele>
      </trkpt>
      <trkpt lat="-51.02203" lon="-73.16048">
        <ele>110.0</ele>
      </trkpt>
      <trkpt lat="-51.02215" lon="-73.16037">
        <ele>110.0</ele>
      </trkpt>
      <trkpt lat="-51.02231" lon="-73.16017">
        <ele>100.2</ele>
      </trkpt>
      <trkpt lat="-51.0224" lon="-73.16007">
        <ele>90.16</ele>
      </trkpt>
      <trkpt lat="-51.02245" lon="-73.15997">
        <ele>84.58</ele>
      </trkpt>
      <trkpt lat="-51.02259" lon="-73.15977">
        <ele>79.0</ele>
      </trkpt>
      <trkpt lat="-51.02265" lon="-73.1596">
        <ele>79.0</ele>
      </trkpt>
      <trkpt lat="-51.02266" lon="-73.15951">
        <ele>79.0</ele>
      </trkpt>
      <trkpt lat="-51.02259" lon="-73.15949">
        <ele>79.0</ele>
      </trkpt>
      <trkpt lat="-51.02253" lon="-73.1595">
        <ele>79.0</ele>
      </trkpt>
      <trkpt lat="-51.02243" lon="-73.15953">
        <ele>86.81</ele>
      </trkpt>
      <trkpt lat="-51.02216" lon="-73.15967">
        <ele>110.0</ele>
      </trkpt>
      <trkpt lat="-51.02214" lon="-73.15969">
        <ele>110.0</ele>
      </trkpt>
      <trkpt lat="-51.02191" lon="-73.15968">
        <ele>110.0</ele>
      </trkpt>
      <trkpt lat="-51.02185" lon="-73.15973">
        <ele>110.0</ele>
      </trkpt>
      <trkpt lat="-51.02178" lon="-73.15979">
        <ele>110.0</ele>
      </trkpt>
      <trkpt lat="-51.0218" lon="-73.15951">
        <ele>110.0</ele>
      </trkpt>
      <trkpt lat="-51.02186" lon="-73.15947">
        <ele>110.0</ele>
      </trkpt>
      <trkpt lat="-51.02244" lon="-73.15919">
        <ele>107.96</ele>
      </trkpt>
      <trkpt lat="-51.02284" lon="-73.15859">
        <ele>79.0</ele>
      </trkpt>
      <trkpt lat="-51.02259" lon="-73.15855">
        <ele>80.93</ele>
      </trkpt>
      <trkpt lat="-51.02272" lon="-73.15821">
        <ele>85.98</ele>
      </trkpt>
      <trkpt lat="-51.02285" lon="-73.158">
        <ele>88.7</ele>
      </trkpt>
      <trkpt lat="-51.02288" lon="-73.15791">
        <ele>92.25</ele>
      </trkpt>
      <trkpt lat="-51.02305" lon="-73.15759">
        <ele>100.73</ele>
      </trkpt>
      <trkpt lat="-51.02305" lon="-73.15759">
        <ele>100.73</ele>
      </trkpt>
      <trkpt lat="-51.02308" lon="-73.15753">
        <ele>103.05</ele>
      </trkpt>
      <trkpt lat="-51.02317" lon="-73.15735">
        <ele>107.47</ele>
      </trkpt>
      <trkpt lat="-51.02318" lon="-73.15732">
        <ele>108.47</ele>
      </trkpt>
      <trkpt lat="-51.02324" lon="-73.1573">
        <ele>107.2</ele>
      </trkpt>
      <trkpt lat="-51.02329" lon="-73.15722">
        <ele>109.49</ele>
      </trkpt>
      <trkpt lat="-51.02339" lon="-73.15691">
        <ele>117.65</ele>
      </trkpt>
      <trkpt lat="-51.02374" lon="-73.15614">
        <ele>115.67</ele>
      </trkpt>
      <trkpt lat="-51.02403" lon="-73.15536">
        <ele>121.7</ele>
      </trkpt>
      <trkpt lat="-51.02409" lon="-73.15529">
        <ele>119.93</ele>
      </trkpt>
      <trkpt lat="-51.02422" lon="-73.15518">
        <ele>115.75</ele>
      </trkpt>
      <trkpt lat="-51.02427" lon="-73.15514">
        <ele>115.01</ele>
      </trkpt>
      <trkpt lat="-51.02429" lon="-73.15512">
        <ele>114.67</ele>
      </trkpt>
      <trkpt lat="-51.02435" lon="-73.155">
        <ele>113.74</ele>
      </trkpt>
      <trkpt lat="-51.02438" lon="-73.15475">
        <ele>118.72</ele>
      </trkpt>
      <trkpt lat="-51.02492" lon="-73.15419">
        <ele>111.32</ele>
      </trkpt>
      <trkpt lat="-51.02527" lon="-73.15432">
        <ele>110.0</ele>
      </trkpt>
      <trkpt lat="-51.02604" lon="-73.15412">
        <ele>110.0</ele>
      </trkpt>
      <trkpt lat="-51.02606" lon="-73.15411">
        <ele>110.0</ele>
      </trkpt>
      <trkpt lat="-51.02657" lon="-73.15397">
        <ele>110.0</ele>
      </trkpt>
      <trkpt lat="-51.02662" lon="-73.15397">
        <ele>110.0</ele>
      </trkpt>
      <trkpt lat="-51.02678" lon="-73.15394">
        <ele>110.0</ele>
      </trkpt>
      <trkpt lat="-51.02685" lon="-73.15354">
        <ele>110.0</ele>
      </trkpt>
      <trkpt lat="-51.02693" lon="-73.15344">
        <ele>110.0</ele>
      </trkpt>
      <trkpt lat="-51.02702" lon="-73.15332">
        <ele>110.0</ele>
      </trkpt>
      <trkpt lat="-51.02706" lon="-73.15325">
        <ele>110.0</ele>
      </trkpt>
      <trkpt lat="-51.02712" lon="-73.1532">
        <ele>110.0</ele>
      </trkpt>
      <trkpt lat="-51.02716" lon="-73.15308">
        <ele>110.0</ele>
      </trkpt>
      <trkpt lat="-51.02718" lon="-73.15299">
        <ele>110.0</ele>
      </trkpt>
      <trkpt lat="-51.02719" lon="-73.1529">
        <ele>110.0</ele>
      </trkpt>
      <trkpt lat="-51.02723" lon="-73.15276">
        <ele>109.62</ele>
      </trkpt>
      <trkpt lat="-51.0273" lon="-73.15269">
        <ele>108.37</ele>
      </trkpt>
      <trkpt lat="-51.02783" lon="-73.15265">
        <ele>101.3</ele>
      </trkpt>
      <trkpt lat="-51.02784" lon="-73.15263">
        <ele>101.18</ele>
      </trkpt>
      <trkpt lat="-51.028" lon="-73.152">
        <ele>107.48</ele>
      </trkpt>
      <trkpt lat="-51.02814" lon="-73.1518">
        <ele>109.27</ele>
      </trkpt>
      <trkpt lat="-51.02828" lon="-73.15163">
        <ele>110.53</ele>
      </trkpt>
      <trkpt lat="-51.02836" lon="-73.1516">
        <ele>110.68</ele>
      </trkpt>
      <trkpt lat="-51.02842" lon="-73.15173">
        <ele>109.08</ele>
      </trkpt>
      <trkpt lat="-51.02856" lon="-73.15181">
        <ele>109.3</ele>
      </trkpt>
      <trkpt lat="-51.02866" lon="-73.15179">
        <ele>109.83</ele>
      </trkpt>
      <trkpt lat="-51.02875" lon="-73.15177">
        <ele>110.44</ele>
      </trkpt>
      <trkpt lat="-51.02885" lon="-73.15169">
        <ele>111.56</ele>
      </trkpt>
      <trkpt lat="-51.02893" lon="-73.15165">
        <ele>111.48</ele>
      </trkpt>
      <trkpt lat="-51.029" lon="-73.15155">
        <ele>110.8</ele>
      </trkpt>
      <trkpt lat="-51.02905" lon="-73.15153">
        <ele>110.7</ele>
      </trkpt>
      <trkpt lat="-51.02909" lon="-73.15147">
        <ele>110.97</ele>
      </trkpt>
      <trkpt lat="-51.02913" lon="-73.1515">
        <ele>110.8</ele>
      </trkpt>
      <trkpt lat="-51.02922" lon="-73.1515">
        <ele>111.26</ele>
      </trkpt>
      <trkpt lat="-51.02943" lon="-73.15135">
        <ele>117.73</ele>
      </trkpt>
      <trkpt lat="-51.02951" lon="-73.15104">
        <ele>118.0</ele>
      </trkpt>
      <trkpt lat="-51.02958" lon="-73.15104">
        <ele>118.0</ele>
      </trkpt>
      <trkpt lat="-51.02961" lon="-73.15093">
        <ele>118.0</ele>
      </trkpt>
      <trkpt lat="-51.02966" lon="-73.15073">
        <ele>118.0</ele>
      </trkpt>
      <trkpt lat="-51.02972" lon="-73.15061">
        <ele>118.0</ele>
      </trkpt>
      <trkpt lat="-51.02991" lon="-73.15049">
        <ele>119.89</ele>
      </trkpt>
      <trkpt lat="-51.03011" lon="-73.15035">
        <ele>123.92</ele>
      </trkpt>
      <trkpt lat="-51.03017" lon="-73.15036">
        <ele>123.63</ele>
      </trkpt>
      <trkpt lat="-51.03021" lon="-73.15032">
        <ele>124.78</ele>
      </trkpt>
      <trkpt lat="-51.03031" lon="-73.15014">
        <ele>134.37</ele>
      </trkpt>
      <trkpt lat="-51.03037" lon="-73.15021">
        <ele>130.07</ele>
      </trkpt>
      <trkpt lat="-51.0304" lon="-73.15019">
        <ele>131.23</ele>
      </trkpt>
      <trkpt lat="-51.03053" lon="-73.15006">
        <ele>138.62</ele>
      </trkpt>
      <trkpt lat="-51.03063" lon="-73.15008">
        <ele>137.31</ele>
      </trkpt>
      <trkpt lat="-51.03089" lon="-73.1498">
        <ele>149.72</ele>
      </trkpt>
      <trkpt lat="-51.03119" lon="-73.14963">
        <ele>155.37</ele>
      </trkpt>
      <trkpt lat="-51.03137" lon="-73.14948">
        <ele>160.66</ele>
      </trkpt>
      <trkpt lat="-51.03151" lon="-73.14934">
        <ele>165.54</ele>
      </trkpt>
      <trkpt lat="-51.03159" lon="-73.14927">
        <ele>167.73</ele>
      </trkpt>
      <trkpt lat="-51.03166" lon="-73.14923">
        <ele>168.76</ele>
      </trkpt>
      <trkpt lat="-51.03175" lon="-73.14914">
        <ele>172.03</ele>
      </trkpt>
      <trkpt lat="-51.03193" lon="-73.1491">
        <ele>173.41</ele>
      </trkpt>
      <trkpt lat="-51.03218" lon="-73.1491">
        <ele>173.4</ele>
      </trkpt>
      <trkpt lat="-51.03222" lon="-73.14898">
        <ele>177.72</ele>
      </trkpt>
      <trkpt lat="-51.03228" lon="-73.14893">
        <ele>179.34</ele>
      </trkpt>
      <trkpt lat="-51.03238" lon="-73.14885">
        <ele>181.83</ele>
      </trkpt>
      <trkpt lat="-51.03248" lon="-73.14874">
        <ele>185.43</ele>
      </trkpt>
      <trkpt lat="-51.03257" lon="-73.14872">
        <ele>186.58</ele>
      </trkpt>
      <trkpt lat="-51.03271" lon="-73.14873">
        <ele>187.23</ele>
      </trkpt>
      <trkpt lat="-51.03279" lon="-73.14865">
        <ele>190.72</ele>
      </trkpt>
      <trkpt lat="-51.03284" lon="-73.14857">
        <ele>194.19</ele>
      </trkpt>
      <trkpt lat="-51.03292" lon="-73.14849">
        <ele>198.12</ele>
      </trkpt>
      <trkpt lat="-51.03306" lon="-73.14841">
        <ele>203.01</ele>
      </trkpt>
      <trkpt lat="-51.03328" lon="-73.14832">
        <ele>208.71</ele>
      </trkpt>
      <trkpt lat="-51.03341" lon="-73.14818">
        <ele>211.91</ele>
      </trkpt>
      <trkpt lat="-51.03357" lon="-73.14808">
        <ele>213.55</ele>
      </trkpt>
      <trkpt lat="-51.03367" lon="-73.14798">
        <ele>215.75</ele>
      </trkpt>
      <trkpt lat="-51.03375" lon="-73.14798">
        <ele>215.54</ele>
      </trkpt>
      <trkpt lat="-51.03387" lon="-73.14794">
        <ele>216.37</ele>
      </trkpt>
      <trkpt lat="-51.03403" lon="-73.14792">
        <ele>216.64</ele>
      </trkpt>
      <trkpt lat="-51.03414" lon="-73.14791">
        <ele>216.76</ele>
      </trkpt>
      <trkpt lat="-51.03428" lon="-73.14784">
        <ele>219.62</ele>
      </trkpt>
      <trkpt lat="-51.03437" lon="-73.14792">
        <ele>217.11</ele>
      </trkpt>
      <trkpt lat="-51.0345" lon="-73.14802">
        <ele>213.61</ele>
      </trkpt>
      <trkpt lat="-51.03455" lon="-73.14806">
        <ele>212.22</ele>
      </trkpt>
      <trkpt lat="-51.03466" lon="-73.148">
        <ele>214.98</ele>
      </trkpt>
      <trkpt lat="-51.03477" lon="-73.14799">
        <ele>215.77</ele>
      </trkpt>
      <trkpt lat="-51.03485" lon="-73.14801">
        <ele>215.26</ele>
      </trkpt>
      <trkpt lat="-51.03493" lon="-73.14803">
        <ele>214.76</ele>
      </trkpt>
      <trkpt lat="-51.03501" lon="-73.14804">
        <ele>214.65</ele>
      </trkpt>
      <trkpt lat="-51.03508" lon="-73.14803">
        <ele>215.3</ele>
      </trkpt>
      <trkpt lat="-51.03519" lon="-73.14795">
        <ele>218.86</ele>
      </trkpt>
      <trkpt lat="-51.03526" lon="-73.14794">
        <ele>219.51</ele>
      </trkpt>
      <trkpt lat="-51.03531" lon="-73.14795">
        <ele>219.27</ele>
      </trkpt>
      <trkpt lat="-51.03542" lon="-73.14798">
        <ele>218.27</ele>
      </trkpt>
      <trkpt lat="-51.03549" lon="-73.14795">
        <ele>219.76</ele>
      </trkpt>
      <trkpt lat="-51.03556" lon="-73.14797">
        <ele>219.02</ele>
      </trkpt>
      <trkpt lat="-51.03564" lon="-73.14797">
        <ele>219.31</ele>
      </trkpt>
      <trkpt lat="-51.03588" lon="-73.14794">
        <ele>220.74</ele>
      </trkpt>
      <trkpt lat="-51.03598" lon="-73.14796">
        <ele>218.36</ele>
      </trkpt>
      <trkpt lat="-51.03604" lon="-73.14789">
        <ele>220.77</ele>
      </trkpt>
      <trkpt lat="-51.03613" lon="-73.14788">
        <ele>219.94</ele>
      </trkpt>
      <trkpt lat="-51.03619" lon="-73.14786">
        <ele>220.02</ele>
      </trkpt>
      <trkpt lat="-51.03623" lon="-73.14786">
        <ele>219.44</ele>
      </trkpt>
      <trkpt lat="-51.03628" lon="-73.14781">
        <ele>221.06</ele>
      </trkpt>
      <trkpt lat="-51.03639" lon="-73.14777">
        <ele>221.32</ele>
      </trkpt>
      <trkpt lat="-51.03649" lon="-73.14773">
        <ele>221.31</ele>
      </trkpt>
      <trkpt lat="-51.03655" lon="-73.14774">
        <ele>219.81</ele>
      </trkpt>
      <trkpt lat="-51.03658" lon="-73.14777">
        <ele>217.92</ele>
      </trkpt>
      <trkpt lat="-51.03663" lon="-73.14776">
        <ele>217.48</ele>
      </trkpt>
      <trkpt lat="-51.03668" lon="-73.1477">
        <ele>219.5</ele>
      </trkpt>
      <trkpt lat="-51.03672" lon="-73.14767">
        <ele>220.47</ele>
      </trkpt>
      <trkpt lat="-51.03685" lon="-73.14751">
        <ele>226.55</ele>
      </trkpt>
      <trkpt lat="-51.03696" lon="-73.14747">
        <ele>227.24</ele>
      </trkpt>
      <trkpt lat="-51.03704" lon="-73.1474">
        <ele>229.65</ele>
      </trkpt>
      <trkpt lat="-51.03709" lon="-73.14738">
        <ele>230.04</ele>
      </trkpt>
      <trkpt lat="-51.03721" lon="-73.14732">
        <ele>231.56</ele>
      </trkpt>
      <trkpt lat="-51.03729" lon="-73.14729">
        <ele>232.1</ele>
      </trkpt>
      <trkpt lat="-51.03738" lon="-73.14721">
        <ele>234.82</ele>
      </trkpt>
      <trkpt lat="-51.03747" lon="-73.14721">
        <ele>233.85</ele>
      </trkpt>
      <trkpt lat="-51.03753" lon="-73.14719">
        <ele>234.08</ele>
      </trkpt>
      <trkpt lat="-51.03761" lon="-73.14721">
        <ele>232.36</ele>
      </trkpt>
      <trkpt lat="-51.0377" lon="-73.14717">
        <ele>233.23</ele>
      </trkpt>
      <trkpt lat="-51.03789" lon="-73.14704">
        <ele>237.32</ele>
      </trkpt>
      <trkpt lat="-51.03794" lon="-73.14702">
        <ele>237.71</ele>
      </trkpt>
      <trkpt lat="-51.038" lon="-73.1471">
        <ele>233.32</ele>
      </trkpt>
      <trkpt lat="-51.0381" lon="-73.14716">
        <ele>229.47</ele>
      </trkpt>
      <trkpt lat="-51.03815" lon="-73.14716">
        <ele>228.97</ele>
      </trkpt>
      <trkpt lat="-51.03823" lon="-73.14714">
        <ele>229.15</ele>
      </trkpt>
      <trkpt lat="-51.03835" lon="-73.14714">
        <ele>228.13</ele>
      </trkpt>
      <trkpt lat="-51.03841" lon="-73.14719">
        <ele>225.59</ele>
      </trkpt>
      <trkpt lat="-51.03845" lon="-73.1472">
        <ele>225.09</ele>
      </trkpt>
      <trkpt lat="-51.03856" lon="-73.14719">
        <ele>225.53</ele>
      </trkpt>
      <trkpt lat="-51.03871" lon="-73.14712">
        <ele>228.65</ele>
      </trkpt>
      <trkpt lat="-51.03882" lon="-73.14705">
        <ele>231.59</ele>
      </trkpt>
      <trkpt lat="-51.03888" lon="-73.14702">
        <ele>232.76</ele>
      </trkpt>
      <trkpt lat="-51.03897" lon="-73.14701">
        <ele>232.94</ele>
      </trkpt>
      <trkpt lat="-51.03905" lon="-73.14698">
        <ele>233.96</ele>
      </trkpt>
      <trkpt lat="-51.03914" lon="-73.14699">
        <ele>233.28</ele>
      </trkpt>
      <trkpt lat="-51.03928" lon="-73.14694">
        <ele>234.34</ele>
      </trkpt>
      <trkpt lat="-51.03938" lon="-73.14686">
        <ele>236.5</ele>
      </trkpt>
      <trkpt lat="-51.03944" lon="-73.14686">
        <ele>236.07</ele>
      </trkpt>
      <trkpt lat="-51.03948" lon="-73.14687">
        <ele>235.52</ele>
      </trkpt>
      <trkpt lat="-51.03955" lon="-73.14685">
        <ele>235.89</ele>
      </trkpt>
      <trkpt lat="-51.03963" lon="-73.14682">
        <ele>236.51</ele>
      </trkpt>
      <trkpt lat="-51.03966" lon="-73.14684">
        <ele>235.69</ele>
      </trkpt>
      <trkpt lat="-51.03975" lon="-73.14683">
        <ele>235.51</ele>
      </trkpt>
      <trkpt lat="-51.0399" lon="-73.14682">
        <ele>234.75</ele>
      </trkpt>
      <trkpt lat="-51.03995" lon="-73.14684">
        <ele>233.74</ele>
      </trkpt>
      <trkpt lat="-51.04" lon="-73.1468">
        <ele>234.68</ele>
      </trkpt>
      <trkpt lat="-51.04015" lon="-73.14671">
        <ele>238.68</ele>
      </trkpt>
      <trkpt lat="-51.04049" lon="-73.14643">
        <ele>247.19</ele>
      </trkpt>
      <trkpt lat="-51.04053" lon="-73.14634">
        <ele>249.07</ele>
      </trkpt>
      <trkpt lat="-51.04065" lon="-73.14627">
        <ele>250.62</ele>
      </trkpt>
      <trkpt lat="-51.04088" lon="-73.1461">
        <ele>252.49</ele>
      </trkpt>
      <trkpt lat="-51.04135" lon="-73.14566">
        <ele>252.06</ele>
      </trkpt>
      <trkpt lat="-51.04141" lon="-73.14567">
        <ele>251.05</ele>
      </trkpt>
      <trkpt lat="-51.04146" lon="-73.14562">
        <ele>251.05</ele>
      </trkpt>
      <trkpt lat="-51.04151" lon="-73.14552">
        <ele>251.77</ele>
      </trkpt>
      <trkpt lat="-51.0416" lon="-73.14546">
        <ele>251.34</ele>
      </trkpt>
      <trkpt lat="-51.04185" lon="-73.14532">
        <ele>250.41</ele>
      </trkpt>
      <trkpt lat="-51.04185" lon="-73.14532">
        <ele>250.41</ele>
      </trkpt>
      <trkpt lat="-51.04192" lon="-73.14528">
        <ele>250.23</ele>
      </trkpt>
      <trkpt lat="-51.04222" lon="-73.14502">
        <ele>248.82</ele>
      </trkpt>
      <trkpt lat="-51.04235" lon="-73.14491">
        <ele>248.63</ele>
      </trkpt>
      <trkpt lat="-51.04246" lon="-73.14475">
        <ele>249.31</ele>
      </trkpt>
      <trkpt lat="-51.04257" lon="-73.14455">
        <ele>251.32</ele>
      </trkpt>
      <trkpt lat="-51.04266" lon="-73.14442">
        <ele>252.73</ele>
      </trkpt>
      <trkpt lat="-51.04341" lon="-73.14357">
        <ele>255.3</ele>
      </trkpt>
      <trkpt lat="-51.04427" lon="-73.14266">
        <ele>260.77</ele>
      </trkpt>
      <trkpt lat="-51.04433" lon="-73.14248">
        <ele>261.23</ele>
      </trkpt>
      <trkpt lat="-51.04439" lon="-73.14237">
        <ele>261.01</ele>
      </trkpt>
      <trkpt lat="-51.04447" lon="-73.14221">
        <ele>260.67</ele>
      </trkpt>
      <trkpt lat="-51.04471" lon="-73.14185">
        <ele>259.27</ele>
      </trkpt>
      <trkpt lat="-51.04478" lon="-73.14177">
        <ele>258.71</ele>
      </trkpt>
      <trkpt lat="-51.04483" lon="-73.14167">
        <ele>258.64</ele>
      </trkpt>
      <trkpt lat="-51.04492" lon="-73.14158">
        <ele>257.66</ele>
      </trkpt>
      <trkpt lat="-51.04513" lon="-73.14132">
        <ele>258.29</ele>
      </trkpt>
      <trkpt lat="-51.04525" lon="-73.14118">
        <ele>258.75</ele>
      </trkpt>
      <trkpt lat="-51.04532" lon="-73.14094">
        <ele>260.36</ele>
      </trkpt>
      <trkpt lat="-51.04551" lon="-73.1407">
        <ele>259.62</ele>
      </trkpt>
      <trkpt lat="-51.04583" lon="-73.14023">
        <ele>257.23</ele>
      </trkpt>
      <trkpt lat="-51.04601" lon="-73.14007">
        <ele>254.57</ele>
      </trkpt>
      <trkpt lat="-51.0461" lon="-73.13993">
        <ele>253.7</ele>
      </trkpt>
      <trkpt lat="-51.04623" lon="-73.13981">
        <ele>252.23</ele>
      </trkpt>
      <trkpt lat="-51.04636" lon="-73.13969">
        <ele>250.75</ele>
      </trkpt>
      <trkpt lat="-51.0465" lon="-73.13955">
        <ele>249.24</ele>
      </trkpt>
      <trkpt lat="-51.04659" lon="-73.1394">
        <ele>248.7</ele>
      </trkpt>
      <trkpt lat="-51.04665" lon="-73.13928">
        <ele>248.48</ele>
      </trkpt>
      <trkpt lat="-51.04675" lon="-73.13912">
        <ele>248.19</ele>
      </trkpt>
      <trkpt lat="-51.04685" lon="-73.13898">
        <ele>248.15</ele>
      </trkpt>
      <trkpt lat="-51.04702" lon="-73.13882">
        <ele>247.48</ele>
      </trkpt>
      <trkpt lat="-51.04717" lon="-73.13864">
        <ele>247.27</ele>
      </trkpt>
      <trkpt lat="-51.0474" lon="-73.1384">
        <ele>247.36</ele>
      </trkpt>
      <trkpt lat="-51.04765" lon="-73.13792">
        <ele>245.79</ele>
      </trkpt>
      <trkpt lat="-51.04772" lon="-73.13767">
        <ele>245.43</ele>
      </trkpt>
      <trkpt lat="-51.04774" lon="-73.13752">
        <ele>245.61</ele>
      </trkpt>
      <trkpt lat="-51.04774" lon="-73.13748">
        <ele>245.81</ele>
      </trkpt>
      <trkpt lat="-51.04782" lon="-73.13732">
        <ele>245.59</ele>
      </trkpt>
      <trkpt lat="-51.04783" lon="-73.13719">
        <ele>246.2</ele>
      </trkpt>
      <trkpt lat="-51.04784" lon="-73.13707">
        <ele>246.55</ele>
      </trkpt>
      <trkpt lat="-51.04793" lon="-73.13702">
        <ele>245.39</ele>
      </trkpt>
      <trkpt lat="-51.04809" lon="-73.13691">
        <ele>243.52</ele>
      </trkpt>
      <trkpt lat="-51.04814" lon="-73.13689">
        <ele>242.74</ele>
      </trkpt>
      <trkpt lat="-51.04818" lon="-73.13685">
        <ele>242.25</ele>
      </trkpt>
      <trkpt lat="-51.04822" lon="-73.13681">
        <ele>241.81</ele>
      </trkpt>
      <trkpt lat="-51.04826" lon="-73.13679">
        <ele>241.29</ele>
      </trkpt>
      <trkpt lat="-51.04831" lon="-73.13676">
        <ele>240.69</ele>
      </trkpt>
      <trkpt lat="-51.04834" lon="-73.13672">
        <ele>240.5</ele>
      </trkpt>
      <trkpt lat="-51.04836" lon="-73.13664">
        <ele>240.33</ele>
      </trkpt>
      <trkpt lat="-51.04836" lon="-73.13657">
        <ele>239.82</ele>
      </trkpt>
      <trkpt lat="-51.04837" lon="-73.13649">
        <ele>239.07</ele>
      </trkpt>
      <trkpt lat="-51.04838" lon="-73.13647">
        <ele>238.74</ele>
      </trkpt>
      <trkpt lat="-51.04852" lon="-73.13588">
        <ele>232.98</ele>
      </trkpt>
      <trkpt lat="-51.04852" lon="-73.13588">
        <ele>232.98</ele>
      </trkpt>
      <trkpt lat="-51.04851" lon="-73.13586">
        <ele>233.01</ele>
      </trkpt>
      <trkpt lat="-51.04864" lon="-73.13561">
        <ele>229.7</ele>
      </trkpt>
      <trkpt lat="-51.0487" lon="-73.13557">
        <ele>228.47</ele>
      </trkpt>
      <trkpt lat="-51.04875" lon="-73.13548">
        <ele>227.09</ele>
      </trkpt>
      <trkpt lat="-51.04926" lon="-73.13443">
        <ele>218.3</ele>
      </trkpt>
      <trkpt lat="-51.04961" lon="-73.13401">
        <ele>210.68</ele>
      </trkpt>
      <trkpt lat="-51.05033" lon="-73.13314">
        <ele>198.34</ele>
      </trkpt>
      <trkpt lat="-51.05104" lon="-73.13215">
        <ele>196.09</ele>
      </trkpt>
      <trkpt lat="-51.05123" lon="-73.13181">
        <ele>195.48</ele>
      </trkpt>
      <trkpt lat="-51.05132" lon="-73.13149">
        <ele>197.06</ele>
      </trkpt>
      <trkpt lat="-51.05175" lon="-73.13056">
        <ele>201.35</ele>
      </trkpt>
      <trkpt lat="-51.052" lon="-73.13029">
        <ele>202.47</ele>
      </trkpt>
      <trkpt lat="-51.05211" lon="-73.13019">
        <ele>202.94</ele>
      </trkpt>
      <trkpt lat="-51.05222" lon="-73.13003">
        <ele>204.58</ele>
      </trkpt>
      <trkpt lat="-51.05231" lon="-73.12998">
        <ele>204.49</ele>
      </trkpt>
      <trkpt lat="-51.05237" lon="-73.12993">
        <ele>204.31</ele>
      </trkpt>
      <trkpt lat="-51.05267" lon="-73.12936">
        <ele>203.04</ele>
      </trkpt>
      <trkpt lat="-51.05298" lon="-73.12899">
        <ele>201.19</ele>
      </trkpt>
      <trkpt lat="-51.05318" lon="-73.12857">
        <ele>205.02</ele>
      </trkpt>
      <trkpt lat="-51.05321" lon="-73.12834">
        <ele>206.63</ele>
      </trkpt>
      <trkpt lat="-51.05342" lon="-73.12764">
        <ele>221.08</ele>
      </trkpt>
      <trkpt lat="-51.05371" lon="-73.12721">
        <ele>226.97</ele>
      </trkpt>
      <trkpt lat="-51.05386" lon="-73.12707">
        <ele>225.21</ele>
      </trkpt>
      <trkpt lat="-51.05393" lon="-73.12698">
        <ele>225.02</ele>
      </trkpt>
      <trkpt lat="-51.05398" lon="-73.12687">
        <ele>225.67</ele>
      </trkpt>
      <trkpt lat="-51.05404" lon="-73.12671">
        <ele>227.27</ele>
      </trkpt>
      <trkpt lat="-51.05408" lon="-73.12662">
        <ele>228.35</ele>
      </trkpt>
      <trkpt lat="-51.05413" lon="-73.12651">
        <ele>229.59</ele>
      </trkpt>
      <trkpt lat="-51.05417" lon="-73.12633">
        <ele>231.33</ele>
      </trkpt>
      <trkpt lat="-51.05428" lon="-73.12614">
        <ele>228.84</ele>
      </trkpt>
      <trkpt lat="-51.0545" lon="-73.12572">
        <ele>220.07</ele>
      </trkpt>
      <trkpt lat="-51.0545" lon="-73.12534">
        <ele>218.07</ele>
      </trkpt>
      <trkpt lat="-51.05485" lon="-73.12468">
        <ele>215.49</ele>
      </trkpt>
      <trkpt lat="-51.05496" lon="-73.12434">
        <ele>215.17</ele>
      </trkpt>
      <trkpt lat="-51.05523" lon="-73.12406">
        <ele>211.26</ele>
      </trkpt>
      <trkpt lat="-51.05541" lon="-73.12377">
        <ele>207.46</ele>
      </trkpt>
      <trkpt lat="-51.05545" lon="-73.12349">
        <ele>205.57</ele>
      </trkpt>
      <trkpt lat="-51.05543" lon="-73.12325">
        <ele>206.53</ele>
      </trkpt>
      <trkpt lat="-51.05547" lon="-73.12309">
        <ele>208.09</ele>
      </trkpt>
      <trkpt lat="-51.05543" lon="-73.12291">
        <ele>210.83</ele>
      </trkpt>
      <trkpt lat="-51.05546" lon="-73.12275">
        <ele>211.92</ele>
      </trkpt>
      <trkpt lat="-51.05546" lon="-73.12273">
        <ele>212.06</ele>
      </trkpt>
      <trkpt lat="-51.05563" lon="-73.12208">
        <ele>211.75</ele>
      </trkpt>
      <trkpt lat="-51.05565" lon="-73.12153">
        <ele>206.27</ele>
      </trkpt>
      <trkpt lat="-51.05614" lon="-73.1209">
        <ele>206.68</ele>
      </trkpt>
      <trkpt lat="-51.05617" lon="-73.12089">
        <ele>206.99</ele>
      </trkpt>
      <trkpt lat="-51.05625" lon="-73.12081">
        <ele>208.38</ele>
      </trkpt>
      <trkpt lat="-51.05634" lon="-73.12069">
        <ele>210.49</ele>
      </trkpt>
      <trkpt lat="-51.05654" lon="-73.12047">
        <ele>211.1</ele>
      </trkpt>
      <trkpt lat="-51.05704" lon="-73.11988">
        <ele>213.96</ele>
      </trkpt>
      <trkpt lat="-51.05746" lon="-73.11967">
        <ele>216.52</ele>
      </trkpt>
      <trkpt lat="-51.05754" lon="-73.1196">
        <ele>220.68</ele>
      </trkpt>
      <trkpt lat="-51.05759" lon="-73.11955">
        <ele>223.04</ele>
      </trkpt>
      <trkpt lat="-51.05774" lon="-73.11954">
        <ele>226.51</ele>
      </trkpt>
      <trkpt lat="-51.05789" lon="-73.1195">
        <ele>228.65</ele>
      </trkpt>
      <trkpt lat="-51.05803" lon="-73.11951">
        <ele>230.44</ele>
      </trkpt>
      <trkpt lat="-51.05815" lon="-73.11945">
        <ele>228.59</ele>
      </trkpt>
      <trkpt lat="-51.05825" lon="-73.11946">
        <ele>225.97</ele>
      </trkpt>
      <trkpt lat="-51.05839" lon="-73.11944">
        <ele>224.1</ele>
      </trkpt>
      <trkpt lat="-51.05849" lon="-73.11942">
        <ele>224.37</ele>
      </trkpt>
      <trkpt lat="-51.05854" lon="-73.11934">
        <ele>225.23</ele>
      </trkpt>
      <trkpt lat="-51.05867" lon="-73.11935">
        <ele>223.2</ele>
      </trkpt>
      <trkpt lat="-51.05879" lon="-73.11929">
        <ele>220.6</ele>
      </trkpt>
      <trkpt lat="-51.05888" lon="-73.11921">
        <ele>218.91</ele>
      </trkpt>
      <trkpt lat="-51.05895" lon="-73.11907">
        <ele>219.22</ele>
      </trkpt>
      <trkpt lat="-51.05901" lon="-73.11901">
        <ele>218.83</ele>
      </trkpt>
      <trkpt lat="-51.05911" lon="-73.11891">
        <ele>217.98</ele>
      </trkpt>
      <trkpt lat="-51.05914" lon="-73.11887">
        <ele>218.03</ele>
      </trkpt>
      <trkpt lat="-51.05917" lon="-73.11885">
        <ele>218.02</ele>
      </trkpt>
      <trkpt lat="-51.0592" lon="-73.11887">
        <ele>217.93</ele>
      </trkpt>
      <trkpt lat="-51.05922" lon="-73.1189">
        <ele>217.62</ele>
      </trkpt>
      <trkpt lat="-51.05935" lon="-73.11885">
        <ele>220.34</ele>
      </trkpt>
      <trkpt lat="-51.05943" lon="-73.11878">
        <ele>222.42</ele>
      </trkpt>
      <trkpt lat="-51.05956" lon="-73.11867">
        <ele>225.58</ele>
      </trkpt>
      <trkpt lat="-51.05962" lon="-73.11861">
        <ele>226.91</ele>
      </trkpt>
      <trkpt lat="-51.05964" lon="-73.11856">
        <ele>227.53</ele>
      </trkpt>
      <trkpt lat="-51.05965" lon="-73.11848">
        <ele>228.29</ele>
      </trkpt>
      <trkpt lat="-51.05966" lon="-73.11839">
        <ele>229.1</ele>
      </trkpt>
      <trkpt lat="-51.05966" lon="-73.11834">
        <ele>229.5</ele>
      </trkpt>
      <trkpt lat="-51.05968" lon="-73.11824">
        <ele>229.08</ele>
      </trkpt>
      <trkpt lat="-51.0597" lon="-73.11816">
        <ele>228.64</ele>
      </trkpt>
      <trkpt lat="-51.05967" lon="-73.11806">
        <ele>227.84</ele>
      </trkpt>
      <trkpt lat="-51.05962" lon="-73.118">
        <ele>226.71</ele>
      </trkpt>
      <trkpt lat="-51.05957" lon="-73.11793">
        <ele>225.44</ele>
      </trkpt>
      <trkpt lat="-51.05956" lon="-73.11784">
        <ele>223.99</ele>
      </trkpt>
      <trkpt lat="-51.05956" lon="-73.11772">
        <ele>222.65</ele>
      </trkpt>
      <trkpt lat="-51.05958" lon="-73.11757">
        <ele>221.54</ele>
      </trkpt>
      <trkpt lat="-51.05958" lon="-73.11757">
        <ele>221.54</ele>
      </trkpt>
      <trkpt lat="-51.0596" lon="-73.11746">
        <ele>220.55</ele>
      </trkpt>
      <trkpt lat="-51.05966" lon="-73.11738">
        <ele>219.37</ele>
      </trkpt>
      <trkpt lat="-51.0597" lon="-73.11731">
        <ele>218.58</ele>
      </trkpt>
      <trkpt lat="-51.05974" lon="-73.11721">
        <ele>217.79</ele>
      </trkpt>
      <trkpt lat="-51.05976" lon="-73.11708">
        <ele>216.77</ele>
      </trkpt>
      <trkpt lat="-51.05976" lon="-73.11696">
        <ele>215.97</ele>
      </trkpt>
      <trkpt lat="-51.05976" lon="-73.11683">
        <ele>214.44</ele>
      </trkpt>
      <trkpt lat="-51.05973" lon="-73.11672">
        <ele>212.83</ele>
      </trkpt>
      <trkpt lat="-51.0597" lon="-73.1166">
        <ele>211.34</ele>
      </trkpt>
      <trkpt lat="-51.05967" lon="-73.11647">
        <ele>209.93</ele>
      </trkpt>
      <trkpt lat="-51.05964" lon="-73.11636">
        <ele>208.8</ele>
      </trkpt>
      <trkpt lat="-51.0596" lon="-73.11622">
        <ele>207.59</ele>
      </trkpt>
      <trkpt lat="-51.05956" lon="-73.11612">
        <ele>206.34</ele>
      </trkpt>
      <trkpt lat="-51.05957" lon="-73.116">
        <ele>206.1</ele>
      </trkpt>
      <trkpt lat="-51.05957" lon="-73.11584">
        <ele>205.73</ele>
      </trkpt>
      <trkpt lat="-51.05956" lon="-73.11563">
        <ele>205.92</ele>
      </trkpt>
      <trkpt lat="-51.0595" lon="-73.11549">
        <ele>205.38</ele>
      </trkpt>
      <trkpt lat="-51.05947" lon="-73.11537">
        <ele>205.67</ele>
      </trkpt>
      <trkpt lat="-51.05948" lon="-73.11516">
        <ele>204.37</ele>
      </trkpt>
      <trkpt lat="-51.05953" lon="-73.11498">
        <ele>202.33</ele>
      </trkpt>
      <trkpt lat="-51.05961" lon="-73.1148">
        <ele>200.69</ele>
      </trkpt>
      <trkpt lat="-51.05967" lon="-73.11464">
        <ele>198.24</ele>
      </trkpt>
      <trkpt lat="-51.05977" lon="-73.11451">
        <ele>196.11</ele>
      </trkpt>
      <trkpt lat="-51.05995" lon="-73.11441">
        <ele>193.04</ele>
      </trkpt>
      <trkpt lat="-51.06008" lon="-73.1143">
        <ele>190.37</ele>
      </trkpt>
      <trkpt lat="-51.06033" lon="-73.114">
        <ele>186.86</ele>
      </trkpt>
      <trkpt lat="-51.06047" lon="-73.11392">
        <ele>185.49</ele>
      </trkpt>
      <trkpt lat="-51.06057" lon="-73.11387">
        <ele>184.46</ele>
      </trkpt>
      <trkpt lat="-51.06069" lon="-73.11383">
        <ele>180.91</ele>
      </trkpt>
      <trkpt lat="-51.06078" lon="-73.11379">
        <ele>178.4</ele>
      </trkpt>
      <trkpt lat="-51.06082" lon="-73.11381">
        <ele>177.36</ele>
      </trkpt>
      <trkpt lat="-51.06093" lon="-73.11379">
        <ele>174.91</ele>
      </trkpt>
      <trkpt lat="-51.06099" lon="-73.11371">
        <ele>173.62</ele>
      </trkpt>
      <trkpt lat="-51.06104" lon="-73.11372">
        <ele>172.54</ele>
      </trkpt>
      <trkpt lat="-51.06113" lon="-73.11373">
        <ele>170.58</ele>
      </trkpt>
      <trkpt lat="-51.06125" lon="-73.11368">
        <ele>167.75</ele>
      </trkpt>
      <trkpt lat="-51.06135" lon="-73.11368">
        <ele>165.41</ele>
      </trkpt>
      <trkpt lat="-51.06144" lon="-73.1137">
        <ele>165.02</ele>
      </trkpt>
      <trkpt lat="-51.06149" lon="-73.11374">
        <ele>165.51</ele>
      </trkpt>
      <trkpt lat="-51.06158" lon="-73.11377">
        <ele>166.03</ele>
      </trkpt>
      <trkpt lat="-51.06162" lon="-73.11378">
        <ele>166.19</ele>
      </trkpt>
      <trkpt lat="-51.06166" lon="-73.11379">
        <ele>166.33</ele>
      </trkpt>
      <trkpt lat="-51.0617" lon="-73.11378">
        <ele>166.7</ele>
      </trkpt>
      <trkpt lat="-51.06174" lon="-73.1138">
        <ele>167.03</ele>
      </trkpt>
      <trkpt lat="-51.06177" lon="-73.1138">
        <ele>167.32</ele>
      </trkpt>
      <trkpt lat="-51.06181" lon="-73.1138">
        <ele>167.7</ele>
      </trkpt>
      <trkpt lat="-51.06184" lon="-73.11379">
        <ele>168.01</ele>
      </trkpt>
      <trkpt lat="-51.0619" lon="-73.1137">
        <ele>168.63</ele>
      </trkpt>
      <trkpt lat="-51.06195" lon="-73.11368">
        <ele>168.95</ele>
      </trkpt>
      <trkpt lat="-51.062" lon="-73.11363">
        <ele>168.43</ele>
      </trkpt>
      <trkpt lat="-51.06204" lon="-73.11362">
        <ele>167.99</ele>
      </trkpt>
      <trkpt lat="-51.06212" lon="-73.11359">
        <ele>167.01</ele>
      </trkpt>
      <trkpt lat="-51.06216" lon="-73.11357">
        <ele>166.44</ele>
      </trkpt>
      <trkpt lat="-51.0622" lon="-73.11355">
        <ele>165.84</ele>
      </trkpt>
      <trkpt lat="-51.06225" lon="-73.11348">
        <ele>165.16</ele>
      </trkpt>
      <trkpt lat="-51.06227" lon="-73.11346">
        <ele>165.07</ele>
      </trkpt>
      <trkpt lat="-51.0623" lon="-73.11342">
        <ele>164.8</ele>
      </trkpt>
      <trkpt lat="-51.06232" lon="-73.11341">
        <ele>164.75</ele>
      </trkpt>
      <trkpt lat="-51.06235" lon="-73.11338">
        <ele>164.49</ele>
      </trkpt>
      <trkpt lat="-51.06236" lon="-73.11334">
        <ele>164.07</ele>
      </trkpt>
      <trkpt lat="-51.06242" lon="-73.11329">
        <ele>163.69</ele>
      </trkpt>
      <trkpt lat="-51.06245" lon="-73.11326">
        <ele>163.47</ele>
      </trkpt>
      <trkpt lat="-51.06251" lon="-73.1133">
        <ele>163.87</ele>
      </trkpt>
      <trkpt lat="-51.06257" lon="-73.11332">
        <ele>164.66</ele>
      </trkpt>
      <trkpt lat="-51.06264" lon="-73.11333">
        <ele>165.49</ele>
      </trkpt>
      <trkpt lat="-51.0627" lon="-73.11331">
        <ele>165.99</ele>
      </trkpt>
      <trkpt lat="-51.06277" lon="-73.11331">
        <ele>166.75</ele>
      </trkpt>
      <trkpt lat="-51.06287" lon="-73.11331">
        <ele>165.84</ele>
      </trkpt>
      <trkpt lat="-51.06294" lon="-73.11327">
        <ele>164.79</ele>
      </trkpt>
      <trkpt lat="-51.06324" lon="-73.11312">
        <ele>160.67</ele>
      </trkpt>
      <trkpt lat="-51.06333" lon="-73.1131">
        <ele>159.87</ele>
      </trkpt>
      <trkpt lat="-51.06339" lon="-73.11304">
        <ele>159.64</ele>
      </trkpt>
      <trkpt lat="-51.06344" lon="-73.11304">
        <ele>159.27</ele>
      </trkpt>
      <trkpt lat="-51.06355" lon="-73.11317">
        <ele>158.03</ele>
      </trkpt>
      <trkpt lat="-51.06365" lon="-73.11318">
        <ele>156.56</ele>
      </trkpt>
      <trkpt lat="-51.06372" lon="-73.11314">
        <ele>154.8</ele>
      </trkpt>
      <trkpt lat="-51.06377" lon="-73.11313">
        <ele>153.46</ele>
      </trkpt>
      <trkpt lat="-51.0638" lon="-73.1131">
        <ele>152.62</ele>
      </trkpt>
      <trkpt lat="-51.06384" lon="-73.11311">
        <ele>151.54</ele>
      </trkpt>
      <trkpt lat="-51.06386" lon="-73.1131">
        <ele>150.96</ele>
      </trkpt>
      <trkpt lat="-51.06392" lon="-73.11306">
        <ele>149.01</ele>
      </trkpt>
      <trkpt lat="-51.06398" lon="-73.11305">
        <ele>147.1</ele>
      </trkpt>
      <trkpt lat="-51.06412" lon="-73.11304">
        <ele>142.63</ele>
      </trkpt>
      <trkpt lat="-51.06418" lon="-73.11304">
        <ele>141.06</ele>
      </trkpt>
      <trkpt lat="-51.06424" lon="-73.113">
        <ele>140.98</ele>
      </trkpt>
      <trkpt lat="-51.0643" lon="-73.11301">
        <ele>140.61</ele>
      </trkpt>
      <trkpt lat="-51.06439" lon="-73.11299">
        <ele>140.1</ele>
      </trkpt>
      <trkpt lat="-51.06445" lon="-73.11294">
        <ele>139.61</ele>
      </trkpt>
      <trkpt lat="-51.06451" lon="-73.11288">
        <ele>139.54</ele>
      </trkpt>
      <trkpt lat="-51.06457" lon="-73.11277">
        <ele>138.86</ele>
      </trkpt>
      <trkpt lat="-51.06464" lon="-73.11262">
        <ele>136.39</ele>
      </trkpt>
      <trkpt lat="-51.06476" lon="-73.11239">
        <ele>132.09</ele>
      </trkpt>
      <trkpt lat="-51.06483" lon="-73.11223">
        <ele>126.7</ele>
      </trkpt>
      <trkpt lat="-51.06487" lon="-73.11211">
        <ele>124.09</ele>
      </trkpt>
      <trkpt lat="-51.06494" lon="-73.11204">
        <ele>122.47</ele>
      </trkpt>
      <trkpt lat="-51.06497" lon="-73.11194">
        <ele>121.09</ele>
      </trkpt>
      <trkpt lat="-51.06498" lon="-73.1118">
        <ele>120.48</ele>
      </trkpt>
      <trkpt lat="-51.065" lon="-73.1117">
        <ele>120.12</ele>
      </trkpt>
      <trkpt lat="-51.06499" lon="-73.11158">
        <ele>119.03</ele>
      </trkpt>
      <trkpt lat="-51.06502" lon="-73.11148">
        <ele>118.56</ele>
      </trkpt>
      <trkpt lat="-51.06502" lon="-73.11141">
        <ele>117.8</ele>
      </trkpt>
      <trkpt lat="-51.06502" lon="-73.11131">
        <ele>116.72</ele>
      </trkpt>
      <trkpt lat="-51.06508" lon="-73.11114">
        <ele>116.62</ele>
      </trkpt>
      <trkpt lat="-51.06514" lon="-73.11104">
        <ele>117.39</ele>
      </trkpt>
      <trkpt lat="-51.06516" lon="-73.11095">
        <ele>117.03</ele>
      </trkpt>
      <trkpt lat="-51.06518" lon="-73.11088">
        <ele>116.73</ele>
      </trkpt>
      <trkpt lat="-51.06521" lon="-73.11076">
        <ele>116.05</ele>
      </trkpt>
      <trkpt lat="-51.06525" lon="-73.11065">
        <ele>115.59</ele>
      </trkpt>
      <trkpt lat="-51.06527" lon="-73.11053">
        <ele>114.43</ele>
      </trkpt>
      <trkpt lat="-51.06524" lon="-73.11042">
        <ele>112.15</ele>
      </trkpt>
      <trkpt lat="-51.06524" lon="-73.11037">
        <ele>111.3</ele>
      </trkpt>
      <trkpt lat="-51.06525" lon="-73.11034">
        <ele>110.88</ele>
      </trkpt>
      <trkpt lat="-51.06529" lon="-73.1103">
        <ele>110.61</ele>
      </trkpt>
      <trkpt lat="-51.06532" lon="-73.11025">
        <ele>110.13</ele>
      </trkpt>
      <trkpt lat="-51.06532" lon="-73.1102">
        <ele>108.99</ele>
      </trkpt>
      <trkpt lat="-51.06533" lon="-73.11014">
        <ele>107.78</ele>
      </trkpt>
      <trkpt lat="-51.06531" lon="-73.11009">
        <ele>106.37</ele>
      </trkpt>
      <trkpt lat="-51.06531" lon="-73.11004">
        <ele>105.25</ele>
      </trkpt>
      <trkpt lat="-51.06535" lon="-73.11002">
        <ele>105.25</ele>
      </trkpt>
      <trkpt lat="-51.0654" lon="-73.10994">
        <ele>103.86</ele>
      </trkpt>
      <trkpt lat="-51.06546" lon="-73.10996">
        <ele>104.87</ele>
      </trkpt>
      <trkpt lat="-51.06551" lon="-73.10984">
        <ele>101.7</ele>
      </trkpt>
      <trkpt lat="-51.06559" lon="-73.10975">
        <ele>100.12</ele>
      </trkpt>
      <trkpt lat="-51.06564" lon="-73.10958">
        <ele>97.66</ele>
      </trkpt>
      <trkpt lat="-51.06564" lon="-73.10939">
        <ele>93.74</ele>
      </trkpt>
      <trkpt lat="-51.06566" lon="-73.10928">
        <ele>92.71</ele>
      </trkpt>
      <trkpt lat="-51.06566" lon="-73.10914">
        <ele>90.77</ele>
      </trkpt>
      <trkpt lat="-51.06566" lon="-73.10896">
        <ele>88.34</ele>
      </trkpt>
      <trkpt lat="-51.06567" lon="-73.10884">
        <ele>86.96</ele>
      </trkpt>
      <trkpt lat="-51.06571" lon="-73.10862">
        <ele>85.19</ele>
      </trkpt>
      <trkpt lat="-51.06572" lon="-73.1085">
        <ele>84.07</ele>
      </trkpt>
      <trkpt lat="-51.06573" lon="-73.10833">
        <ele>82.36</ele>
      </trkpt>
      <trkpt lat="-51.06576" lon="-73.10808">
        <ele>81.16</ele>
      </trkpt>
      <trkpt lat="-51.06579" lon="-73.10783">
        <ele>80.75</ele>
      </trkpt>
      <trkpt lat="-51.06581" lon="-73.10765">
        <ele>80.42</ele>
      </trkpt>
      <trkpt lat="-51.06581" lon="-73.10765">
        <ele>80.42</ele>
      </trkpt>
      <trkpt lat="-51.06584" lon="-73.10749">
        <ele>80.06</ele>
      </trkpt>
      <trkpt lat="-51.06592" lon="-73.10702">
        <ele>77.9</ele>
      </trkpt>
      <trkpt lat="-51.06597" lon="-73.10677">
        <ele>74.5</ele>
      </trkpt>
      <trkpt lat="-51.06605" lon="-73.10651">
        <ele>71.88</ele>
      </trkpt>
      <trkpt lat="-51.06611" lon="-73.10618">
        <ele>71.76</ele>
      </trkpt>
      <trkpt lat="-51.06614" lon="-73.10597">
        <ele>73.53</ele>
      </trkpt>
      <trkpt lat="-51.06614" lon="-73.10583">
        <ele>74.41</ele>
      </trkpt>
      <trkpt lat="-51.06614" lon="-73.10566">
        <ele>74.35</ele>
      </trkpt>
      <trkpt lat="-51.06616" lon="-73.10547">
        <ele>74.17</ele>
      </trkpt>
      <trkpt lat="-51.06617" lon="-73.10519">
        <ele>73.49</ele>
      </trkpt>
      <trkpt lat="-51.06618" lon="-73.10502">
        <ele>73.73</ele>
      </trkpt>
      <trkpt lat="-51.0662" lon="-73.10483">
        <ele>73.35</ele>
      </trkpt>
      <trkpt lat="-51.06621" lon="-73.10465">
        <ele>72.72</ele>
      </trkpt>
      <trkpt lat="-51.06624" lon="-73.10451">
        <ele>72.27</ele>
      </trkpt>
      <trkpt lat="-51.06626" lon="-73.10442">
        <ele>72.11</ele>
      </trkpt>
      <trkpt lat="-51.06628" lon="-73.10432">
        <ele>72.29</ele>
      </trkpt>
      <trkpt lat="-51.06629" lon="-73.10422">
        <ele>72.34</ele>
      </trkpt>
      <trkpt lat="-51.06635" lon="-73.10408">
        <ele>72.5</ele>
      </trkpt>
      <trkpt lat="-51.0664" lon="-73.10391">
        <ele>73.09</ele>
      </trkpt>
      <trkpt lat="-51.06643" lon="-73.10378">
        <ele>73.48</ele>
      </trkpt>
      <trkpt lat="-51.06645" lon="-73.10362">
        <ele>73.45</ele>
      </trkpt>
      <trkpt lat="-51.06651" lon="-73.10332">
        <ele>72.54</ele>
      </trkpt>
      <trkpt lat="-51.06662" lon="-73.10306">
        <ele>71.35</ele>
      </trkpt>
      <trkpt lat="-51.06672" lon="-73.10284">
        <ele>70.01</ele>
      </trkpt>
      <trkpt lat="-51.06679" lon="-73.10276">
        <ele>69.15</ele>
      </trkpt>
      <trkpt lat="-51.06688" lon="-73.10253">
        <ele>68.19</ele>
      </trkpt>
      <trkpt lat="-51.06695" lon="-73.1024">
        <ele>68.36</ele>
      </trkpt>
      <trkpt lat="-51.06698" lon="-73.10227">
        <ele>72.29</ele>
      </trkpt>
      <trkpt lat="-51.06704" lon="-73.1022">
        <ele>77.73</ele>
      </trkpt>
      <trkpt lat="-51.06713" lon="-73.10205">
        <ele>76.89</ele>
      </trkpt>
      <trkpt lat="-51.06722" lon="-73.10187">
        <ele>69.49</ele>
      </trkpt>
      <trkpt lat="-51.06726" lon="-73.10171">
        <ele>70.64</ele>
      </trkpt>
      <trkpt lat="-51.06729" lon="-73.10149">
        <ele>73.52</ele>
      </trkpt>
      <trkpt lat="-51.06727" lon="-73.10126">
        <ele>74.25</ele>
      </trkpt>
      <trkpt lat="-51.06727" lon="-73.10108">
        <ele>74.67</ele>
      </trkpt>
      <trkpt lat="-51.06729" lon="-73.10088">
        <ele>73.58</ele>
      </trkpt>
      <trkpt lat="-51.06732" lon="-73.10069">
        <ele>71.41</ele>
      </trkpt>
      <trkpt lat="-51.0673" lon="-73.10054">
        <ele>69.66</ele>
      </trkpt>
      <trkpt lat="-51.06732" lon="-73.10041">
        <ele>67.5</ele>
      </trkpt>
      <trkpt lat="-51.06736" lon="-73.10027">
        <ele>64.95</ele>
      </trkpt>
      <trkpt lat="-51.0674" lon="-73.10009">
        <ele>62.84</ele>
      </trkpt>
      <trkpt lat="-51.06745" lon="-73.09994">
        <ele>61.76</ele>
      </trkpt>
      <trkpt lat="-51.06747" lon="-73.09984">
        <ele>61.9</ele>
      </trkpt>
      <trkpt lat="-51.06749" lon="-73.09976">
        <ele>61.97</ele>
      </trkpt>
      <trkpt lat="-51.06755" lon="-73.09964">
        <ele>62.86</ele>
      </trkpt>
      <trkpt lat="-51.06759" lon="-73.09952">
        <ele>63.32</ele>
      </trkpt>
      <trkpt lat="-51.06763" lon="-73.09941">
        <ele>63.55</ele>
      </trkpt>
      <trkpt lat="-51.06768" lon="-73.09933">
        <ele>63.55</ele>
      </trkpt>
      <trkpt lat="-51.0677" lon="-73.0992">
        <ele>63.19</ele>
      </trkpt>
      <trkpt lat="-51.06775" lon="-73.09898">
        <ele>63.95</ele>
      </trkpt>
      <trkpt lat="-51.06789" lon="-73.09882">
        <ele>64.34</ele>
      </trkpt>
      <trkpt lat="-51.068" lon="-73.09868">
        <ele>63.95</ele>
      </trkpt>
      <trkpt lat="-51.0681" lon="-73.09854">
        <ele>62.84</ele>
      </trkpt>
      <trkpt lat="-51.06816" lon="-73.09842">
        <ele>62.62</ele>
      </trkpt>
      <trkpt lat="-51.06821" lon="-73.09833">
        <ele>62.45</ele>
      </trkpt>
      <trkpt lat="-51.06823" lon="-73.09825">
        <ele>62.41</ele>
      </trkpt>
      <trkpt lat="-51.06826" lon="-73.09822">
        <ele>62.18</ele>
      </trkpt>
      <trkpt lat="-51.0683" lon="-73.09811">
        <ele>61.61</ele>
      </trkpt>
      <trkpt lat="-51.06835" lon="-73.09802">
        <ele>60.64</ele>
      </trkpt>
      <trkpt lat="-51.06842" lon="-73.09791">
        <ele>59.65</ele>
      </trkpt>
      <trkpt lat="-51.06844" lon="-73.09785">
        <ele>59.32</ele>
      </trkpt>
      <trkpt lat="-51.06845" lon="-73.09784">
        <ele>59.26</ele>
      </trkpt>
      <trkpt lat="-51.0685" lon="-73.09775">
        <ele>59.02</ele>
      </trkpt>
      <trkpt lat="-51.06853" lon="-73.09766">
        <ele>58.95</ele>
      </trkpt>
      <trkpt lat="-51.06855" lon="-73.09757">
        <ele>58.75</ele>
      </trkpt>
      <trkpt lat="-51.0686" lon="-73.09749">
        <ele>58.13</ele>
      </trkpt>
      <trkpt lat="-51.06867" lon="-73.09734">
        <ele>58.0</ele>
      </trkpt>
      <trkpt lat="-51.0687" lon="-73.09725">
        <ele>58.0</ele>
      </trkpt>
      <trkpt lat="-51.06875" lon="-73.09714">
        <ele>58.15</ele>
      </trkpt>
      <trkpt lat="-51.06885" lon="-73.09699">
        <ele>57.52</ele>
      </trkpt>
      <trkpt lat="-51.0689" lon="-73.09691">
        <ele>56.85</ele>
      </trkpt>
      <trkpt lat="-51.06894" lon="-73.09683">
        <ele>56.42</ele>
      </trkpt>
      <trkpt lat="-51.06896" lon="-73.09679">
        <ele>56.26</ele>
      </trkpt>
      <trkpt lat="-51.06897" lon="-73.09673">
        <ele>56.28</ele>
      </trkpt>
      <trkpt lat="-51.06898" lon="-73.09668">
        <ele>56.31</ele>
      </trkpt>
      <trkpt lat="-51.06903" lon="-73.09662">
        <ele>56.07</ele>
      </trkpt>
      <trkpt lat="-51.06905" lon="-73.09653">
        <ele>56.05</ele>
      </trkpt>
      <trkpt lat="-51.06908" lon="-73.09643">
        <ele>55.89</ele>
      </trkpt>
      <trkpt lat="-51.06908" lon="-73.09635">
        <ele>55.93</ele>
      </trkpt>
      <trkpt lat="-51.06912" lon="-73.09631">
        <ele>55.36</ele>
      </trkpt>
      <trkpt lat="-51.06914" lon="-73.09626">
        <ele>54.96</ele>
      </trkpt>
      <trkpt lat="-51.06918" lon="-73.09619">
        <ele>54.21</ele>
      </trkpt>
      <trkpt lat="-51.0692" lon="-73.09616">
        <ele>54.01</ele>
      </trkpt>
      <trkpt lat="-51.06926" lon="-73.09607">
        <ele>53.57</ele>
      </trkpt>
      <trkpt lat="-51.06928" lon="-73.09599">
        <ele>53.33</ele>
      </trkpt>
      <trkpt lat="-51.06931" lon="-73.09591">
        <ele>53.13</ele>
      </trkpt>
      <trkpt lat="-51.06934" lon="-73.09585">
        <ele>53.02</ele>
      </trkpt>
      <trkpt lat="-51.0694" lon="-73.0958">
        <ele>53.02</ele>
      </trkpt>
      <trkpt lat="-51.06943" lon="-73.09574">
        <ele>53.02</ele>
      </trkpt>
      <trkpt lat="-51.06947" lon="-73.09567">
        <ele>52.91</ele>
      </trkpt>
      <trkpt lat="-51.06952" lon="-73.09559">
        <ele>52.73</ele>
      </trkpt>
      <trkpt lat="-51.06955" lon="-73.09555">
        <ele>52.55</ele>
      </trkpt>
      <trkpt lat="-51.0696" lon="-73.09551">
        <ele>51.86</ele>
      </trkpt>
      <trkpt lat="-51.06963" lon="-73.09548">
        <ele>51.33</ele>
      </trkpt>
      <trkpt lat="-51.0697" lon="-73.09544">
        <ele>50.45</ele>
      </trkpt>
      <trkpt lat="-51.06975" lon="-73.0954">
        <ele>49.82</ele>
      </trkpt>
      <trkpt lat="-51.06981" lon="-73.09535">
        <ele>49.27</ele>
      </trkpt>
      <trkpt lat="-51.06984" lon="-73.0953">
        <ele>48.71</ele>
      </trkpt>
      <trkpt lat="-51.06988" lon="-73.09524">
        <ele>48.1</ele>
      </trkpt>
      <trkpt lat="-51.06992" lon="-73.09516">
        <ele>47.32</ele>
      </trkpt>
      <trkpt lat="-51.06996" lon="-73.09502">
        <ele>45.94</ele>
      </trkpt>
      <trkpt lat="-51.06998" lon="-73.09494">
        <ele>45.99</ele>
      </trkpt>
      <trkpt lat="-51.07003" lon="-73.09466">
        <ele>47.46</ele>
      </trkpt>
      <trkpt lat="-51.07006" lon="-73.09459">
        <ele>47.97</ele>
      </trkpt>
      <trkpt lat="-51.07011" lon="-73.09452">
        <ele>48.87</ele>
      </trkpt>
      <trkpt lat="-51.07017" lon="-73.09442">
        <ele>49.8</ele>
      </trkpt>
      <trkpt lat="-51.07021" lon="-73.09436">
        <ele>49.87</ele>
      </trkpt>
      <trkpt lat="-51.07024" lon="-73.0943">
        <ele>49.76</ele>
      </trkpt>
      <trkpt lat="-51.07027" lon="-73.09426">
        <ele>49.87</ele>
      </trkpt>
      <trkpt lat="-51.07031" lon="-73.09419">
        <ele>48.58</ele>
      </trkpt>
      <trkpt lat="-51.07034" lon="-73.09411">
        <ele>47.02</ele>
      </trkpt>
      <trkpt lat="-51.07039" lon="-73.09402">
        <ele>45.32</ele>
      </trkpt>
      <trkpt lat="-51.07042" lon="-73.09394">
        <ele>44.34</ele>
      </trkpt>
      <trkpt lat="-51.07045" lon="-73.09387">
        <ele>43.71</ele>
      </trkpt>
      <trkpt lat="-51.07049" lon="-73.09374">
        <ele>43.22</ele>
      </trkpt>
      <trkpt lat="-51.07052" lon="-73.09363">
        <ele>43.02</ele>
      </trkpt>
      <trkpt lat="-51.07053" lon="-73.09357">
        <ele>42.95</ele>
      </trkpt>
      <trkpt lat="-51.07057" lon="-73.09345">
        <ele>43.04</ele>
      </trkpt>
      <trkpt lat="-51.0706" lon="-73.0934">
        <ele>43.2</ele>
      </trkpt>
      <trkpt lat="-51.07064" lon="-73.09335">
        <ele>43.55</ele>
      </trkpt>
      <trkpt lat="-51.07071" lon="-73.09331">
        <ele>44.07</ele>
      </trkpt>
      <trkpt lat="-51.07075" lon="-73.09327">
        <ele>44.33</ele>
      </trkpt>
      <trkpt lat="-51.07081" lon="-73.0932">
        <ele>44.79</ele>
      </trkpt>
      <trkpt lat="-51.07087" lon="-73.09328">
        <ele>44.65</ele>
      </trkpt>
      <trkpt lat="-51.07095" lon="-73.09336">
        <ele>43.41</ele>
      </trkpt>
      <trkpt lat="-51.07101" lon="-73.09337">
        <ele>42.61</ele>
      </trkpt>
      <trkpt lat="-51.07107" lon="-73.09334">
        <ele>42.35</ele>
      </trkpt>
      <trkpt lat="-51.07115" lon="-73.09332">
        <ele>41.53</ele>
      </trkpt>
      <trkpt lat="-51.07124" lon="-73.09332">
        <ele>40.22</ele>
      </trkpt>
      <trkpt lat="-51.07127" lon="-73.09334">
        <ele>39.63</ele>
      </trkpt>
      <trkpt lat="-51.07127" lon="-73.09334">
        <ele>39.63</ele>
      </trkpt>
      <trkpt lat="-51.07131" lon="-73.09336">
        <ele>38.82</ele>
      </trkpt>
      <trkpt lat="-51.07137" lon="-73.09337">
        <ele>37.87</ele>
      </trkpt>
      <trkpt lat="-51.07145" lon="-73.09333">
        <ele>36.7</ele>
      </trkpt>
      <trkpt lat="-51.07152" lon="-73.0933">
        <ele>35.46</ele>
      </trkpt>
      <trkpt lat="-51.0716" lon="-73.09322">
        <ele>34.78</ele>
      </trkpt>
      <trkpt lat="-51.07167" lon="-73.09314">
        <ele>34.77</ele>
      </trkpt>
      <trkpt lat="-51.07175" lon="-73.093">
        <ele>34.52</ele>
      </trkpt>
      <trkpt lat="-51.07182" lon="-73.09287">
        <ele>32.29</ele>
      </trkpt>
      <trkpt lat="-51.0719" lon="-73.09278">
        <ele>31.03</ele>
      </trkpt>
      <trkpt lat="-51.07196" lon="-73.09279">
        <ele>31.12</ele>
      </trkpt>
      <trkpt lat="-51.07202" lon="-73.0928">
        <ele>31.17</ele>
      </trkpt>
      <trkpt lat="-51.07207" lon="-73.09279">
        <ele>31.07</ele>
      </trkpt>
      <trkpt lat="-51.07212" lon="-73.09278">
        <ele>31.01</ele>
      </trkpt>
      <trkpt lat="-51.07217" lon="-73.09277">
        <ele>31.0</ele>
      </trkpt>
      <trkpt lat="-51.07223" lon="-73.09277">
        <ele>31.0</ele>
      </trkpt>
      <trkpt lat="-51.07226" lon="-73.09279">
        <ele>31.0</ele>
      </trkpt>
      <trkpt lat="-51.07226" lon="-73.09279">
        <ele>31.0</ele>
      </trkpt>
      <trkpt lat="-51.07232" lon="-73.0928">
        <ele>31.0</ele>
      </trkpt>
      <trkpt lat="-51.07244" lon="-73.09286">
        <ele>31.0</ele>
      </trkpt>
      <trkpt lat="-51.07257" lon="-73.09294">
        <ele>31.0</ele>
      </trkpt>
      <trkpt lat="-51.07278" lon="-73.09301">
        <ele>31.0</ele>
      </trkpt>
      <trkpt lat="-51.07289" lon="-73.09303">
        <ele>31.0</ele>
      </trkpt>
      <trkpt lat="-51.07299" lon="-73.09308">
        <ele>31.02</ele>
      </trkpt>
      <trkpt lat="-51.07317" lon="-73.09319">
        <ele>34.08</ele>
      </trkpt>
      <trkpt lat="-51.07335" lon="-73.09328">
        <ele>38.77</ele>
      </trkpt>
      <trkpt lat="-51.07339" lon="-73.09331">
        <ele>38.86</ele>
      </trkpt>
      <trkpt lat="-51.07343" lon="-73.09324">
        <ele>38.31</ele>
      </trkpt>
      <trkpt lat="-51.07349" lon="-73.09318">
        <ele>37.51</ele>
      </trkpt>
      <trkpt lat="-51.07356" lon="-73.09312">
        <ele>36.35</ele>
      </trkpt>
      <trkpt lat="-51.0736" lon="-73.09311">
        <ele>35.88</ele>
      </trkpt>
      <trkpt lat="-51.07363" lon="-73.09309">
        <ele>35.87</ele>
      </trkpt>
      <trkpt lat="-51.07367" lon="-73.09306">
        <ele>36.14</ele>
      </trkpt>
      <trkpt lat="-51.07369" lon="-73.09304">
        <ele>36.34</ele>
      </trkpt>
    </trkseg>
  </trk>
</gpx>
